ISO-10303-21;
HEADER;
FILE_DESCRIPTION (( 'STEP AP214' ),
    '1' );
FILE_NAME ('零件7.STEP',
    '2021-12-24T08:08:22',
    ( '' ),
    ( '' ),
    'SwSTEP 2.0',
    'SolidWorks 2020',
    '' );
FILE_SCHEMA (( 'AUTOMOTIVE_DESIGN' ));
ENDSEC;

DATA;
#1 = DIRECTION ( 'NONE',  ( 0.000000000000000000, -1.000000000000000000, 0.000000000000000000 ) ) ;
#2 = CARTESIAN_POINT ( 'NONE',  ( 0.1960081949287527936, 1.092422398780480419, 0.01000000000000000021 ) ) ;
#3 = CARTESIAN_POINT ( 'NONE',  ( 0.1076439632037863581, 0.8742665042886144100, 0.01000000000000000021 ) ) ;
#4 = CARTESIAN_POINT ( 'NONE',  ( 0.3485940335330202089, 1.054089396695076175, 0.01000000000000000021 ) ) ;
#5 = EDGE_CURVE ( 'NONE', #2587, #37, #1044, .T. ) ;
#6 = DIRECTION ( 'NONE',  ( -0.000000000000000000, -0.000000000000000000, -1.000000000000000000 ) ) ;
#7 = CARTESIAN_POINT ( 'NONE',  ( -0.3301418599669453391, 0.9443884555081265564, 0.01000000000000000021 ) ) ;
#8 = AXIS2_PLACEMENT_3D ( 'NONE', #1353, #3884, #2651 ) ;
#9 = PRESENTATION_STYLE_ASSIGNMENT (( #30 ) ) ;
#10 = CARTESIAN_POINT ( 'NONE',  ( 0.3424000607647620376, 0.9691597969715411987, 6.776263578034402713E-18 ) ) ;
#11 = CARTESIAN_POINT ( 'NONE',  ( -0.2079908932877030936, 0.9520487734707119287, 0.000000000000000000 ) ) ;
#12 =( NAMED_UNIT ( * ) SI_UNIT ( $, .STERADIAN. ) SOLID_ANGLE_UNIT ( ) );
#13 = DIRECTION ( 'NONE',  ( -0.000000000000000000, -0.000000000000000000, -1.000000000000000000 ) ) ;
#14 = CARTESIAN_POINT ( 'NONE',  ( 0.3620993375300652350, 1.032803609774773257, 6.776263578034402713E-18 ) ) ;
#15 = EDGE_CURVE ( 'NONE', #1254, #2688, #346, .T. ) ;
#16 = COLOUR_RGB ( '',0.2235294117647058654, 0.2235294117647058654, 0.2235294117647058654 ) ;
#17 = CARTESIAN_POINT ( 'NONE',  ( -0.1601626729159338625, 1.060215933971813351, 6.776263578034402713E-18 ) ) ;
#18 =( NAMED_UNIT ( * ) SI_UNIT ( $, .STERADIAN. ) SOLID_ANGLE_UNIT ( ) );
#19 = COLOUR_RGB ( '',0.2235294117647058654, 0.2235294117647058654, 0.2235294117647058654 ) ;
#20 = VERTEX_POINT ( 'NONE', #1730 ) ;
#21 = CARTESIAN_POINT ( 'NONE',  ( -0.1962499841298030456, 1.071614850069672054, 6.776263578034402713E-18 ) ) ;
#22 = CARTESIAN_POINT ( 'NONE',  ( -0.4868682319181649176, 0.8468274798983704832, 0.000000000000000000 ) ) ;
#23 = CARTESIAN_POINT ( 'NONE',  ( -0.2059403239481887027, 0.9418166826653522339, 0.01000000000000000021 ) ) ;
#24 = CARTESIAN_POINT ( 'NONE',  ( 0.3711416811695319451, 1.008612101708975306, 0.01000000000000000021 ) ) ;
#25 = EDGE_CURVE ( 'NONE', #1770, #1697, #2511, .T. ) ;
#26 = CARTESIAN_POINT ( 'NONE',  ( -0.1121540550888966009, 1.069388455508126556, 0.01000000000000000021 ) ) ;
#27 = CARTESIAN_POINT ( 'NONE',  ( 0.1921811327814578196, 1.057721181682825362, 6.776263578034402713E-18 ) ) ;
#28 = COLOUR_RGB ( '',0.2235294117647058654, 0.2235294117647058654, 0.2235294117647058654 ) ;
#29 = CARTESIAN_POINT ( 'NONE',  ( -0.1121540550888966009, 1.069388455508126556, 0.000000000000000000 ) ) ;
#30 = SURFACE_STYLE_USAGE ( .BOTH. , #2706 ) ;
#31 = CARTESIAN_POINT ( 'NONE',  ( -0.4868682319181649176, 0.8468274798983704832, 0.01000000000000000021 ) ) ;
#32 = FACE_OUTER_BOUND ( 'NONE', #165, .T. ) ;
#33 = COLOUR_RGB ( '',0.2235294117647058654, 0.2235294117647058654, 0.2235294117647058654 ) ;
#34 = SURFACE_STYLE_FILL_AREA ( #74 ) ;
#35 = CARTESIAN_POINT ( 'NONE',  ( 0.3559426088267618193, 1.043829069248255026, 0.01000000000000000021 ) ) ;
#36 = ADVANCED_FACE ( 'NONE', ( #648 ), #665, .T. ) ;
#37 = VERTEX_POINT ( 'NONE', #288 ) ;
#38 = UNCERTAINTY_MEASURE_WITH_UNIT (LENGTH_MEASURE( 1.000000000000000082E-05 ), #1246, 'distance_accuracy_value', 'NONE');
#39 = COLOUR_RGB ( '',0.2235294117647058654, 0.2235294117647058654, 0.2235294117647058654 ) ;
#40 = CARTESIAN_POINT ( 'NONE',  ( -0.1682352177976658425, 1.056105523884113939, 0.01000000000000000021 ) ) ;
#41 = LINE ( 'NONE', #2521, #3307 ) ;
#42 = ORIENTED_EDGE ( 'NONE', *, *, #3797, .F. ) ;
#43 = CARTESIAN_POINT ( 'NONE',  ( -0.2286636264483078718, 1.035853824810253565, 0.01000000000000000021 ) ) ;
#44 = FILL_AREA_STYLE ('',( #1859 ) ) ;
#45 = CARTESIAN_POINT ( 'NONE',  ( -0.2079908932877030936, 0.9520487734707119287, 0.01000000000000000021 ) ) ;
#46 =( NAMED_UNIT ( * ) PLANE_ANGLE_UNIT ( ) SI_UNIT ( $, .RADIAN. ) );
#47 = CARTESIAN_POINT ( 'NONE',  ( -0.2058220122467381286, 1.063894257998703852, 0.000000000000000000 ) ) ;
#48 = ADVANCED_FACE ( 'NONE', ( #630 ), #3324, .T. ) ;
#49 = CARTESIAN_POINT ( 'NONE',  ( 0.2587491461306156704, 0.8437786994105656024, 0.000000000000000000 ) ) ;
#50 = VECTOR ( 'NONE', #2974, 1000.000000000000000 ) ;
#51 = AXIS2_PLACEMENT_3D ( 'NONE', #1221, #3633, #1165 ) ;
#52 = CARTESIAN_POINT ( 'NONE',  ( -0.1121540550888966009, 1.069388455508126556, 0.000000000000000000 ) ) ;
#53 = DIRECTION ( 'NONE',  ( -0.3363908276654489216, 0.9417224702971433992, 0.000000000000000000 ) ) ;
#54 = FACE_OUTER_BOUND ( 'NONE', #1849, .T. ) ;
#55 =( NAMED_UNIT ( * ) PLANE_ANGLE_UNIT ( ) SI_UNIT ( $, .RADIAN. ) );
#56 = CARTESIAN_POINT ( 'NONE',  ( -0.3696714587861327783, 1.056484218212418114, 6.776263578034402713E-18 ) ) ;
#57 = PRESENTATION_LAYER_ASSIGNMENT (  '', '', ( #1744 ) ) ;
#58 = ORIENTED_EDGE ( 'NONE', *, *, #3137, .T. ) ;
#59 = ORIENTED_EDGE ( 'NONE', *, *, #1031, .F. ) ;
#60 = FILL_AREA_STYLE_COLOUR ( '', #569 ) ;
#61 = DIRECTION ( 'NONE',  ( 0.000000000000000000, -0.000000000000000000, -1.000000000000000000 ) ) ;
#62 = STYLED_ITEM ( 'NONE', ( #1205 ), #2837 ) ;
#63 = PRESENTATION_LAYER_ASSIGNMENT (  '', '', ( #3471 ) ) ;
#64 = VERTEX_POINT ( 'NONE', #972 ) ;
#65 = STYLED_ITEM ( 'NONE', ( #185 ), #2712 ) ;
#66 = SURFACE_STYLE_USAGE ( .BOTH. , #1200 ) ;
#67 = ORIENTED_EDGE ( 'NONE', *, *, #1956, .T. ) ;
#68 = CARTESIAN_POINT ( 'NONE',  ( -0.1521269350385348329, 0.8806315031339861932, 0.01000000000000000021 ) ) ;
#69 = DIRECTION ( 'NONE',  ( 1.000000000000000000, 0.000000000000000000, -0.000000000000000000 ) ) ;
#70 = AXIS2_PLACEMENT_3D ( 'NONE', #515, #2315, #3261 ) ;
#71 = CARTESIAN_POINT ( 'NONE',  ( -0.4502828660645063485, 0.8468274798983704832, 0.000000000000000000 ) ) ;
#72 =( NAMED_UNIT ( * ) PLANE_ANGLE_UNIT ( ) SI_UNIT ( $, .RADIAN. ) );
#73 =( NAMED_UNIT ( * ) SI_UNIT ( $, .STERADIAN. ) SOLID_ANGLE_UNIT ( ) );
#74 = FILL_AREA_STYLE ('',( #3621 ) ) ;
#75 = CARTESIAN_POINT ( 'NONE',  ( -0.3686364236388478544, 1.052411765406575883, 0.01000000000000000021 ) ) ;
#76 = ADVANCED_FACE ( 'NONE', ( #54 ), #342, .T. ) ;
#77 = VERTEX_POINT ( 'NONE', #2207 ) ;
#78 = MECHANICAL_DESIGN_GEOMETRIC_PRESENTATION_REPRESENTATION (  '', ( #463 ), #1712 ) ;
#79 = AXIS2_PLACEMENT_3D ( 'NONE', #798, #1088, #200 ) ;
#80 = DIRECTION ( 'NONE',  ( -0.000000000000000000, -0.000000000000000000, -1.000000000000000000 ) ) ;
#81 = CARTESIAN_POINT ( 'NONE',  ( 0.3358937810084001163, 0.8695961947086827681, 0.01000000000000000021 ) ) ;
#82 = ORIENTED_EDGE ( 'NONE', *, *, #3468, .F. ) ;
#83 =( LENGTH_UNIT ( ) NAMED_UNIT ( * ) SI_UNIT ( .MILLI., .METRE. ) );
#84 = ORIENTED_EDGE ( 'NONE', *, *, #1064, .F. ) ;
#85 = CARTESIAN_POINT ( 'NONE',  ( 0.3582056334958333421, 0.8958022654365432880, 0.01000000000000000021 ) ) ;
#86 = CARTESIAN_POINT ( 'NONE',  ( -0.1325970905954773349, 0.8757682307984514525, 0.01000000000000000021 ) ) ;
#87 = CARTESIAN_POINT ( 'NONE',  ( -0.3722531404547502754, 1.066339675020321565, 6.776263578034402713E-18 ) ) ;
#88 = CARTESIAN_POINT ( 'NONE',  ( 0.3424000607647620376, 0.9691597969715411987, 0.000000000000000000 ) ) ;
#89 = FILL_AREA_STYLE_COLOUR ( '', #3209 ) ;
#90 = EDGE_CURVE ( 'NONE', #3076, #2795, #3596, .T. ) ;
#91 = CARTESIAN_POINT ( 'NONE',  ( 0.2816046200114739051, 0.8747622395750354052, 0.000000000000000000 ) ) ;
#92 = FACE_OUTER_BOUND ( 'NONE', #96, .T. ) ;
#93 = PLANE ( 'NONE',  #3430 ) ;
#94 = COLOUR_RGB ( '',0.9686274509803921573, 0.8784313725490195957, 0.5999999999999999778 ) ;
#95 = CARTESIAN_POINT ( 'NONE',  ( -0.4249875154547502198, 0.9169494311178827406, 0.01000000000000000021 ) ) ;
#96 = EDGE_LOOP ( 'NONE', ( #3091, #1984, #3889, #3386 ) ) ;
#97 = SURFACE_STYLE_FILL_AREA ( #3161 ) ;
#98 = PLANE ( 'NONE',  #1966 ) ;
#99 = ORIENTED_EDGE ( 'NONE', *, *, #2232, .F. ) ;
#100 = STYLED_ITEM ( 'NONE', ( #2001 ), #1649 ) ;
#101 = CARTESIAN_POINT ( 'NONE',  ( 0.2945468330027430359, 1.061686429507519458, 6.776263578034402713E-18 ) ) ;
#102 = ORIENTED_EDGE ( 'NONE', *, *, #1523, .F. ) ;
#103 = SURFACE_STYLE_FILL_AREA ( #1927 ) ;
#104 = DIRECTION ( 'NONE',  ( -0.000000000000000000, -0.000000000000000000, 1.000000000000000000 ) ) ;
#105 = FILL_AREA_STYLE_COLOUR ( '', #2658 ) ;
#106 = STYLED_ITEM ( 'NONE', ( #9 ), #442 ) ;
#107 =( LENGTH_UNIT ( ) NAMED_UNIT ( * ) SI_UNIT ( .MILLI., .METRE. ) );
#108 = EDGE_LOOP ( 'NONE', ( #574, #1300, #1486, #692, #3493, #1757 ) ) ;
#109 = DIRECTION ( 'NONE',  ( 0.3222024856061133646, -0.9466707760722532505, 0.000000000000000000 ) ) ;
#110 = DIRECTION ( 'NONE',  ( 1.224646799147353207E-16, 1.000000000000000000, 0.000000000000000000 ) ) ;
#111 =( NAMED_UNIT ( * ) SI_UNIT ( $, .STERADIAN. ) SOLID_ANGLE_UNIT ( ) );
#112 = ORIENTED_EDGE ( 'NONE', *, *, #778, .T. ) ;
#113 = AXIS2_PLACEMENT_3D ( 'NONE', #1488, #2422, #1530 ) ;
#114 = SURFACE_STYLE_FILL_AREA ( #707 ) ;
#115 = PRESENTATION_STYLE_ASSIGNMENT (( #2566 ) ) ;
#116 = APPLICATION_PROTOCOL_DEFINITION ( 'draft international standard', 'automotive_design', 1998, #775 ) ;
#117 = CARTESIAN_POINT ( 'NONE',  ( 0.2682431692609442142, 1.070819101221609282, 0.01000000000000000021 ) ) ;
#118 = EDGE_LOOP ( 'NONE', ( #1033, #2871, #2234, #2050 ) ) ;
#119 = CARTESIAN_POINT ( 'NONE',  ( 0.3681950260150038678, 0.9169297560152052107, 0.01000000000000000021 ) ) ;
#120 = FILL_AREA_STYLE_COLOUR ( '', #1474 ) ;
#121 = CARTESIAN_POINT ( 'NONE',  ( 0.3423306058022302922, 0.9655044955475984292, 0.01000000000000000021 ) ) ;
#122 = CARTESIAN_POINT ( 'NONE',  ( -0.1757344664106557375, 1.051210081346251046, 0.01000000000000000021 ) ) ;
#123 = ORIENTED_EDGE ( 'NONE', *, *, #2978, .T. ) ;
#124 = ADVANCED_FACE ( 'NONE', ( #2583 ), #2259, .T. ) ;
#125 = FACE_OUTER_BOUND ( 'NONE', #3105, .T. ) ;
#126 = CARTESIAN_POINT ( 'NONE',  ( -0.3714433081376771195, 1.066339675020321565, 0.01000000000000000021 ) ) ;
#127 = ORIENTED_EDGE ( 'NONE', *, *, #1956, .F. ) ;
#128 = CARTESIAN_POINT ( 'NONE',  ( 0.1919510672521815842, 1.090775521208527943, -0.000000000000000000 ) ) ;
#129 = DIRECTION ( 'NONE',  ( 1.000000000000000000, 0.000000000000000000, 0.000000000000000000 ) ) ;
#130 = DIRECTION ( 'NONE',  ( 1.000000000000000000, 0.000000000000000000, 0.000000000000000000 ) ) ;
#131 = CARTESIAN_POINT ( 'NONE',  ( -0.1218879514593515234, 0.8745067803952164542, 0.01000000000000000021 ) ) ;
#132 = EDGE_CURVE ( 'NONE', #2476, #2463, #210, .T. ) ;
#133 = UNCERTAINTY_MEASURE_WITH_UNIT (LENGTH_MEASURE( 1.000000000000000082E-05 ), #1601, 'distance_accuracy_value', 'NONE');
#134 = MECHANICAL_DESIGN_GEOMETRIC_PRESENTATION_REPRESENTATION (  '', ( #2528 ), #3666 ) ;
#135 = VECTOR ( 'NONE', #968, 1000.000000000000000 ) ;
#136 = CARTESIAN_POINT ( 'NONE',  ( 0.2585377998330688487, 1.072221558642970640, 0.01000000000000000021 ) ) ;
#137 = ORIENTED_EDGE ( 'NONE', *, *, #468, .F. ) ;
#138 = CARTESIAN_POINT ( 'NONE',  ( 0.2278765607831168549, 0.8733445576514463626, 6.776263578034402713E-18 ) ) ;
#139 = CARTESIAN_POINT ( 'NONE',  ( 0.2485071491793961196, 1.072437235995931326, 0.01000000000000000021 ) ) ;
#140 = PRODUCT ( '零件7', '零件7', '', ( #1965 ) ) ;
#141 = CIRCLE ( 'NONE', #1774, 0.5999999999999999778 ) ;
#142 = PRESENTATION_STYLE_ASSIGNMENT (( #2555 ) ) ;
#143 =( GEOMETRIC_REPRESENTATION_CONTEXT ( 3 ) GLOBAL_UNCERTAINTY_ASSIGNED_CONTEXT ( ( #3145 ) ) GLOBAL_UNIT_ASSIGNED_CONTEXT ( ( #1424, #2940, #2294 ) ) REPRESENTATION_CONTEXT ( 'NONE', 'WORKASPACE' ) );
#144 = B_SPLINE_CURVE_WITH_KNOTS ( 'NONE', 3,
 ( #3187, #1676, #3733, #772, #2875, #2819, #2857, #2198, #3461, #712, #1660 ),
 .UNSPECIFIED., .F., .F.,
 ( 4, 1, 1, 1, 1, 1, 1, 1, 4 ),
 ( 0.000000000000000000, 0.1124483899088009053, 0.2265276752126773319, 0.3444019493260274678, 0.4658649724874581732, 0.5916594493521163400, 0.7221684870248874510, 0.8586063875549265756, 1.000000000000000000 ),
 .UNSPECIFIED. ) ;
#145 = VECTOR ( 'NONE', #2112, 1000.000000000000000 ) ;
#146 = ORIENTED_EDGE ( 'NONE', *, *, #627, .T. ) ;
#147 = CARTESIAN_POINT ( 'NONE',  ( -0.2612584758206039637, 0.8468274798983704832, 0.000000000000000000 ) ) ;
#148 = CARTESIAN_POINT ( 'NONE',  ( 0.1968750467154573025, 0.8833295244179203420, 0.000000000000000000 ) ) ;
#149 = ORIENTED_EDGE ( 'NONE', *, *, #2421, .F. ) ;
#150 = CARTESIAN_POINT ( 'NONE',  ( 0.000000000000000000, 0.000000000000000000, 7.900000000000002132 ) ) ;
#151 = CARTESIAN_POINT ( 'NONE',  ( 0.3364886687578518831, 0.9288194203623929557, 0.01000000000000000021 ) ) ;
#152 = VERTEX_POINT ( 'NONE', #768 ) ;
#153 = CARTESIAN_POINT ( 'NONE',  ( 0.000000000000000000, 0.000000000000000000, 0.01000000000000000021 ) ) ;
#154 = CARTESIAN_POINT ( 'NONE',  ( -0.1766179429954099211, 0.8942782627334830980, 1.355252715606880543E-17 ) ) ;
#155 = EDGE_CURVE ( 'NONE', #285, #3175, #402, .T. ) ;
#156 = SURFACE_SIDE_STYLE ('',( #2798 ) ) ;
#157 = ORIENTED_EDGE ( 'NONE', *, *, #2605, .F. ) ;
#158 = SURFACE_STYLE_FILL_AREA ( #1641 ) ;
#159 = CARTESIAN_POINT ( 'NONE',  ( -0.4137451374059697984, 0.9443884555081265564, 0.01000000000000000021 ) ) ;
#160 =( LENGTH_UNIT ( ) NAMED_UNIT ( * ) SI_UNIT ( .MILLI., .METRE. ) );
#161 = CARTESIAN_POINT ( 'NONE',  ( 0.3421949618989236774, 0.9583657780991637898, 0.01000000000000000021 ) ) ;
#162 = UNCERTAINTY_MEASURE_WITH_UNIT (LENGTH_MEASURE( 1.000000000000000082E-05 ), #1735, 'distance_accuracy_value', 'NONE');
#163 = VERTEX_POINT ( 'NONE', #3749 ) ;
#164 = DIRECTION ( 'NONE',  ( -0.3536223923290755522, 0.9353882635801357148, 0.000000000000000000 ) ) ;
#165 = EDGE_LOOP ( 'NONE', ( #1056, #923, #2271, #3779 ) ) ;
#166 = VERTEX_POINT ( 'NONE', #1296 ) ;
#167 = CARTESIAN_POINT ( 'NONE',  ( 0.2485071491793961196, 1.072437235995931326, 0.000000000000000000 ) ) ;
#168 = SURFACE_STYLE_FILL_AREA ( #1674 ) ;
#169 = CARTESIAN_POINT ( 'NONE',  ( -0.2428648260931134395, 0.9702496386498319358, -0.000000000000000000 ) ) ;
#170 = CARTESIAN_POINT ( 'NONE',  ( 0.5253268900330546609, 0.8468274798983704832, 0.000000000000000000 ) ) ;
#171 = AXIS2_PLACEMENT_3D ( 'NONE', #1310, #2272, #2326 ) ;
#172 = AXIS2_PLACEMENT_3D ( 'NONE', #1132, #1019, #1317 ) ;
#173 = MECHANICAL_DESIGN_GEOMETRIC_PRESENTATION_REPRESENTATION (  '', ( #1861 ), #624 ) ;
#174 = ORIENTED_EDGE ( 'NONE', *, *, #3110, .F. ) ;
#175 = SURFACE_STYLE_USAGE ( .BOTH. , #2589 ) ;
#176 = PRESENTATION_LAYER_ASSIGNMENT (  '', '', ( #2440 ) ) ;
#177 =( NAMED_UNIT ( * ) PLANE_ANGLE_UNIT ( ) SI_UNIT ( $, .RADIAN. ) );
#178 = LINE ( 'NONE', #777, #2330 ) ;
#179 = UNCERTAINTY_MEASURE_WITH_UNIT (LENGTH_MEASURE( 1.000000000000000082E-05 ), #1611, 'distance_accuracy_value', 'NONE');
#180 = FILL_AREA_STYLE_COLOUR ( '', #2573 ) ;
#181 = VECTOR ( 'NONE', #812, 1000.000000000000000 ) ;
#182 = UNCERTAINTY_MEASURE_WITH_UNIT (LENGTH_MEASURE( 1.000000000000000082E-05 ), #2864, 'distance_accuracy_value', 'NONE');
#183 = MECHANICAL_DESIGN_GEOMETRIC_PRESENTATION_REPRESENTATION (  '', ( #1698 ), #2830 ) ;
#184 = FILL_AREA_STYLE ('',( #1669 ) ) ;
#185 = PRESENTATION_STYLE_ASSIGNMENT (( #3744 ) ) ;
#186 = PRESENTATION_LAYER_ASSIGNMENT (  '', '', ( #3781 ) ) ;
#187 = VERTEX_POINT ( 'NONE', #1898 ) ;
#188 = CARTESIAN_POINT ( 'NONE',  ( 0.007034207106225345146, 0.8742665042886144100, 0.000000000000000000 ) ) ;
#189 = VERTEX_POINT ( 'NONE', #748 ) ;
#190 = VERTEX_POINT ( 'NONE', #2494 ) ;
#191 = MECHANICAL_DESIGN_GEOMETRIC_PRESENTATION_REPRESENTATION (  '', ( #3292 ), #143 ) ;
#192 = DIRECTION ( 'NONE',  ( -0.000000000000000000, -0.000000000000000000, 1.000000000000000000 ) ) ;
#193 = ADVANCED_FACE ( 'NONE', ( #3707 ), #3498, .T. ) ;
#194 = LINE ( 'NONE', #3582, #1250 ) ;
#195 = EDGE_CURVE ( 'NONE', #1391, #667, #2260, .T. ) ;
#196 = ORIENTED_EDGE ( 'NONE', *, *, #2048, .F. ) ;
#197 =( LENGTH_UNIT ( ) NAMED_UNIT ( * ) SI_UNIT ( .MILLI., .METRE. ) );
#198 = CARTESIAN_POINT ( 'NONE',  ( 0.3759366461306156704, 0.9671113975812972718, 0.000000000000000000 ) ) ;
#199 = LINE ( 'NONE', #1700, #3213 ) ;
#200 = DIRECTION ( 'NONE',  ( -1.000000000000000000, 0.000000000000000000, -0.000000000000000000 ) ) ;
#201 = CARTESIAN_POINT ( 'NONE',  ( 0.2402115914821734421, 1.099814746761103246, 0.01000000000000000021 ) ) ;
#202 = DIRECTION ( 'NONE',  ( -1.000000000000000000, 0.000000000000000000, 0.000000000000000000 ) ) ;
#203 = VECTOR ( 'NONE', #80, 1000.000000000000000 ) ;
#204 = SURFACE_STYLE_USAGE ( .BOTH. , #2653 ) ;
#205 = DIRECTION ( 'NONE',  ( -0.000000000000000000, -0.000000000000000000, -1.000000000000000000 ) ) ;
#206 = ORIENTED_EDGE ( 'NONE', *, *, #826, .F. ) ;
#207 = CARTESIAN_POINT ( 'NONE',  ( 0.000000000000000000, 0.000000000000000000, 0.000000000000000000 ) ) ;
#208 = ADVANCED_FACE ( 'NONE', ( #2873 ), #1062, .T. ) ;
#209 = AXIS2_PLACEMENT_3D ( 'NONE', #1630, #110, #457 ) ;
#210 = B_SPLINE_CURVE_WITH_KNOTS ( 'NONE', 3,
 ( #3456, #3479, #1919, #415, #479, #1061, #3141, #1978, #439, #1673, #167 ),
 .UNSPECIFIED., .F., .F.,
 ( 4, 1, 1, 1, 1, 1, 1, 1, 4 ),
 ( 0.000000000000000000, 0.1252796967356260283, 0.2494199707420506618, 0.3733567994928190803, 0.4966812787822856845, 0.6202029157439821194, 0.7450863201614559284, 0.8712691950190976087, 1.000000000000000000 ),
 .UNSPECIFIED. ) ;
#211 = EDGE_CURVE ( 'NONE', #3734, #1362, #804, .T. ) ;
#212 = EDGE_LOOP ( 'NONE', ( #1584, #1077, #146, #1890 ) ) ;
#213 = CARTESIAN_POINT ( 'NONE',  ( 0.000000000000000000, 0.000000000000000000, 0.000000000000000000 ) ) ;
#214 = CARTESIAN_POINT ( 'NONE',  ( -0.1122969666742624634, 1.096827479898370372, 0.000000000000000000 ) ) ;
#215 = FILL_AREA_STYLE_COLOUR ( '', #797 ) ;
#216 = ADVANCED_FACE ( 'NONE', ( #823 ), #533, .T. ) ;
#217 = ORIENTED_EDGE ( 'NONE', *, *, #432, .F. ) ;
#218 = CARTESIAN_POINT ( 'NONE',  ( 0.3620993375300652350, 1.032803609774773257, 0.000000000000000000 ) ) ;
#219 = CARTESIAN_POINT ( 'NONE',  ( 0.2587491461306156704, 0.8437786994105656024, 0.01000000000000000021 ) ) ;
#220 = CARTESIAN_POINT ( 'NONE',  ( -0.3217100764303599814, 0.9169494311178827406, 0.01000000000000000021 ) ) ;
#221 =( LENGTH_UNIT ( ) NAMED_UNIT ( * ) SI_UNIT ( .MILLI., .METRE. ) );
#222 = LINE ( 'NONE', #3211, #1743 ) ;
#223 =( GEOMETRIC_REPRESENTATION_CONTEXT ( 3 ) GLOBAL_UNCERTAINTY_ASSIGNED_CONTEXT ( ( #3732 ) ) GLOBAL_UNIT_ASSIGNED_CONTEXT ( ( #3892, #915, #2149 ) ) REPRESENTATION_CONTEXT ( 'NONE', 'WORKASPACE' ) );
#224 =( LENGTH_UNIT ( ) NAMED_UNIT ( * ) SI_UNIT ( .MILLI., .METRE. ) );
#225 =( GEOMETRIC_REPRESENTATION_CONTEXT ( 3 ) GLOBAL_UNCERTAINTY_ASSIGNED_CONTEXT ( ( #2029 ) ) GLOBAL_UNIT_ASSIGNED_CONTEXT ( ( #1447, #2628, #2987 ) ) REPRESENTATION_CONTEXT ( 'NONE', 'WORKASPACE' ) );
#226 = CARTESIAN_POINT ( 'NONE',  ( -0.04174628069865263941, 0.8468274798983704832, 0.000000000000000000 ) ) ;
#227 = CARTESIAN_POINT ( 'NONE',  ( -0.3714433081376771195, 1.066339675020321565, 0.000000000000000000 ) ) ;
#228 = UNCERTAINTY_MEASURE_WITH_UNIT (LENGTH_MEASURE( 1.000000000000000082E-05 ), #1709, 'distance_accuracy_value', 'NONE');
#229 = SURFACE_STYLE_USAGE ( .BOTH. , #2347 ) ;
#230 =( GEOMETRIC_REPRESENTATION_CONTEXT ( 3 ) GLOBAL_UNCERTAINTY_ASSIGNED_CONTEXT ( ( #2842 ) ) GLOBAL_UNIT_ASSIGNED_CONTEXT ( ( #2759, #1574, #3405 ) ) REPRESENTATION_CONTEXT ( 'NONE', 'WORKASPACE' ) );
#231 = VERTEX_POINT ( 'NONE', #897 ) ;
#232 = COLOUR_RGB ( '',0.2235294117647058654, 0.2235294117647058654, 0.2235294117647058654 ) ;
#233 = CARTESIAN_POINT ( 'NONE',  ( -0.1145394686232532461, 0.8743479315178117606, -0.000000000000000000 ) ) ;
#234 = CARTESIAN_POINT ( 'NONE',  ( 0.007034207106225345146, 0.8468274798983704832, 0.01000000000000000021 ) ) ;
#235 = CARTESIAN_POINT ( 'NONE',  ( -0.1895587276817769506, 0.9073823855911877789, 1.355252715606880543E-17 ) ) ;
#236 = CARTESIAN_POINT ( 'NONE',  ( 0.01313176808183510666, 1.096827479898370372, 0.01000000000000000021 ) ) ;
#237 = DIRECTION ( 'NONE',  ( 0.000000000000000000, -1.000000000000000000, 0.000000000000000000 ) ) ;
#238 = FILL_AREA_STYLE ('',( #3227 ) ) ;
#239 = B_SPLINE_CURVE_WITH_KNOTS ( 'NONE', 3,
 ( #3675, #926, #3390, #86, #1531, #68, #2720, #2122, #621, #966, #675, #1806, #2447, #313, #23, #45, #1860, #2700, #3057 ),
 .UNSPECIFIED., .F., .F.,
 ( 4, 1, 1, 1, 1, 1, 1, 1, 1, 1, 1, 1, 1, 1, 1, 1, 4 ),
 ( 0.000000000000000000, 0.07082657255516276729, 0.1381690332797997633, 0.2024753315338425341, 0.2639737544135196123, 0.3233803205980368967, 0.3817976227131850142, 0.4393900745193888291, 0.4969027245459972097, 0.5546621696093698706, 0.6127418784921973005, 0.6715388363911717340, 0.7316557220901976910, 0.7942978116139528533, 0.8594822049793582330, 0.9276813254527898067, 1.000000000000000000 ),
 .UNSPECIFIED. ) ;
#240 = STYLED_ITEM ( 'NONE', ( #1667 ), #3310 ) ;
#241 = CARTESIAN_POINT ( 'NONE',  ( -0.3761117532596285340, 1.048809187215443695, 0.000000000000000000 ) ) ;
#242 = MECHANICAL_DESIGN_GEOMETRIC_PRESENTATION_REPRESENTATION (  '', ( #2639 ), #868 ) ;
#243 = PRESENTATION_STYLE_ASSIGNMENT (( #2593 ) ) ;
#244 = LINE ( 'NONE', #1108, #3798 ) ;
#245 = FILL_AREA_STYLE_COLOUR ( '', #3273 ) ;
#246 = DIRECTION ( 'NONE',  ( -1.000000000000000000, 0.000000000000000000, 0.000000000000000000 ) ) ;
#247 = MECHANICAL_DESIGN_GEOMETRIC_PRESENTATION_REPRESENTATION (  '', ( #62 ), #3406 ) ;
#248 =( NAMED_UNIT ( * ) SI_UNIT ( $, .STERADIAN. ) SOLID_ANGLE_UNIT ( ) );
#249 = ORIENTED_EDGE ( 'NONE', *, *, #1198, .T. ) ;
#250 = AXIS2_PLACEMENT_3D ( 'NONE', #3492, #2617, #2229 ) ;
#251 = EDGE_CURVE ( 'NONE', #3491, #421, #343, .T. ) ;
#252 = ORIENTED_EDGE ( 'NONE', *, *, #944, .F. ) ;
#253 = LINE ( 'NONE', #2295, #327 ) ;
#254 = FILL_AREA_STYLE ('',( #1693 ) ) ;
#255 = AXIS2_PLACEMENT_3D ( 'NONE', #682, #2785, #1893 ) ;
#256 = PLANE ( 'NONE',  #472 ) ;
#257 = SURFACE_STYLE_USAGE ( .BOTH. , #2302 ) ;
#258 = CARTESIAN_POINT ( 'NONE',  ( 0.2839739256511142895, 0.8456569090379154607, 6.776263578034402713E-18 ) ) ;
#259 = ORIENTED_EDGE ( 'NONE', *, *, #1012, .F. ) ;
#260 = CARTESIAN_POINT ( 'NONE',  ( -0.3722531404547502754, 1.066339675020321565, 0.000000000000000000 ) ) ;
#261 = CARTESIAN_POINT ( 'NONE',  ( -0.2094292075279209631, 0.9742569768495900062, 0.01000000000000000021 ) ) ;
#262 = CARTESIAN_POINT ( 'NONE',  ( 0.3049883499779963980, 0.8859605028013567418, 6.776263578034402713E-18 ) ) ;
#263 = FILL_AREA_STYLE_COLOUR ( '', #1244 ) ;
#264 = LINE ( 'NONE', #3358, #1141 ) ;
#265 = AXIS2_PLACEMENT_3D ( 'NONE', #3523, #1411, #2896 ) ;
#266 = LINE ( 'NONE', #3297, #1174 ) ;
#267 = CARTESIAN_POINT ( 'NONE',  ( -0.1757344664106557375, 1.051210081346251046, 0.000000000000000000 ) ) ;
#268 = ORIENTED_EDGE ( 'NONE', *, *, #899, .F. ) ;
#269 = DIRECTION ( 'NONE',  ( 1.000000000000000000, 0.000000000000000000, -0.000000000000000000 ) ) ;
#270 = VERTEX_POINT ( 'NONE', #3585 ) ;
#271 = CIRCLE ( 'NONE', #1090, 1.099999999999998979 ) ;
#272 = FILL_AREA_STYLE ('',( #2316 ) ) ;
#273 = CARTESIAN_POINT ( 'NONE',  ( 0.3739208957703958891, 0.9954136028451766594, 6.776263578034402713E-18 ) ) ;
#274 = STYLED_ITEM ( 'NONE', ( #1374 ), #216 ) ;
#275 = CARTESIAN_POINT ( 'NONE',  ( 0.3401706399103564538, 1.063514853200157040, 0.000000000000000000 ) ) ;
#276 =( LENGTH_UNIT ( ) NAMED_UNIT ( * ) SI_UNIT ( .MILLI., .METRE. ) );
#277 = VERTEX_POINT ( 'NONE', #3283 ) ;
#278 = PRESENTATION_STYLE_ASSIGNMENT (( #581 ) ) ;
#279 = VECTOR ( 'NONE', #1578, 1000.000000000000000 ) ;
#280 = DIRECTION ( 'NONE',  ( -1.000000000000000000, 0.000000000000000000, 0.000000000000000000 ) ) ;
#281 = SURFACE_STYLE_FILL_AREA ( #3335 ) ;
#282 = SURFACE_STYLE_FILL_AREA ( #1128 ) ;
#283 =( NAMED_UNIT ( * ) SI_UNIT ( $, .STERADIAN. ) SOLID_ANGLE_UNIT ( ) );
#284 = CARTESIAN_POINT ( 'NONE',  ( -0.3761117532596283120, 1.048809187215443695, 0.01000000000000000021 ) ) ;
#285 = VERTEX_POINT ( 'NONE', #322 ) ;
#286 = EDGE_CURVE ( 'NONE', #498, #1960, #1762, .T. ) ;
#287 = CARTESIAN_POINT ( 'NONE',  ( 0.3324006034746514460, 1.020864756638684812, 0.01000000000000000021 ) ) ;
#288 = CARTESIAN_POINT ( 'NONE',  ( -1.099999999999999201, 1.653273178848925634E-16, 6.000000000000000000 ) ) ;
#289 = CARTESIAN_POINT ( 'NONE',  ( -0.1376027808853419743, 0.8488283428765425187, 0.01000000000000000021 ) ) ;
#290 = LINE ( 'NONE', #1543, #1021 ) ;
#291 = CARTESIAN_POINT ( 'NONE',  ( -1.600000000000000089, 1.959434878635765230E-16, 0.000000000000000000 ) ) ;
#292 = AXIS2_PLACEMENT_3D ( 'NONE', #2846, #1034, #3725 ) ;
#293 = ADVANCED_FACE ( 'NONE', ( #32 ), #2756, .T. ) ;
#294 = PRESENTATION_STYLE_ASSIGNMENT (( #2966 ) ) ;
#295 = LINE ( 'NONE', #3331, #2937 ) ;
#296 = ORIENTED_EDGE ( 'NONE', *, *, #2501, .T. ) ;
#297 = CARTESIAN_POINT ( 'NONE',  ( -0.2379724296334134181, 1.013503224741680864, 6.776263578034402713E-18 ) ) ;
#298 = LINE ( 'NONE', #261, #2882 ) ;
#299 = CARTESIAN_POINT ( 'NONE',  ( 0.2541283382037863858, 0.8712177238008095292, 0.01000000000000000021 ) ) ;
#300 =( NAMED_UNIT ( * ) SI_UNIT ( $, .STERADIAN. ) SOLID_ANGLE_UNIT ( ) );
#301 = CARTESIAN_POINT ( 'NONE',  ( 0.3409572637740852508, 0.9915251144465776489, 0.000000000000000000 ) ) ;
#302 = LINE ( 'NONE', #26, #1017 ) ;
#303 = FILL_AREA_STYLE ('',( #3887 ) ) ;
#304 = LINE ( 'NONE', #284, #3835 ) ;
#305 = CARTESIAN_POINT ( 'NONE',  ( -0.1895587276817769506, 0.9073823855911877789, 0.000000000000000000 ) ) ;
#306 = CARTESIAN_POINT ( 'NONE',  ( -0.2058464166045996246, 0.8816607481773121036, 6.776263578034402713E-18 ) ) ;
#307 = CARTESIAN_POINT ( 'NONE',  ( 0.3104472669585207623, 1.085813522749777382, 6.776263578034402713E-18 ) ) ;
#308 = VECTOR ( 'NONE', #859, 1000.000000000000000 ) ;
#309 = EDGE_CURVE ( 'NONE', #3745, #2328, #683, .T. ) ;
#310 = ORIENTED_EDGE ( 'NONE', *, *, #3317, .F. ) ;
#311 = CARTESIAN_POINT ( 'NONE',  ( -0.1258954490961600448, 1.096524382232342054, 0.01000000000000000021 ) ) ;
#312 = CARTESIAN_POINT ( 'NONE',  ( 0.1076439632037863581, 0.9596323579471509602, 0.000000000000000000 ) ) ;
#313 = CARTESIAN_POINT ( 'NONE',  ( -0.2031115692413860141, 0.9322144926397518683, 0.01000000000000000021 ) ) ;
#314 = CARTESIAN_POINT ( 'NONE',  ( 0.007034207106225345146, 0.8468274798983704832, 0.000000000000000000 ) ) ;
#315 =( NAMED_UNIT ( * ) SI_UNIT ( $, .STERADIAN. ) SOLID_ANGLE_UNIT ( ) );
#316 = FILL_AREA_STYLE_COLOUR ( '', #1771 ) ;
#317 = CARTESIAN_POINT ( 'NONE',  ( 0.2045900185825241802, 0.8526630578771958735, 0.000000000000000000 ) ) ;
#318 = PRESENTATION_LAYER_ASSIGNMENT (  '', '', ( #1331 ) ) ;
#319 = VECTOR ( 'NONE', #2105, 1000.000000000000000 ) ;
#320 = FILL_AREA_STYLE ('',( #663 ) ) ;
#321 = PLANE ( 'NONE',  #936 ) ;
#322 = CARTESIAN_POINT ( 'NONE',  ( 0.2487929723501278445, 1.099876260386175364, 0.000000000000000000 ) ) ;
#323 = FILL_AREA_STYLE_COLOUR ( '', #2081 ) ;
#324 = CARTESIAN_POINT ( 'NONE',  ( 0.3485940335330202089, 1.054089396695076175, 0.01000000000000000021 ) ) ;
#325 = ADVANCED_FACE ( 'NONE', ( #92 ), #973, .T. ) ;
#326 = ORIENTED_EDGE ( 'NONE', *, *, #413, .F. ) ;
#327 = VECTOR ( 'NONE', #2941, 1000.000000000000000 ) ;
#328 = CARTESIAN_POINT ( 'NONE',  ( -0.2058724696246997943, 1.006397413561560095, 6.776263578034402713E-18 ) ) ;
#329 = CARTESIAN_POINT ( 'NONE',  ( 0.3759366461306156704, 0.9671113975812972718, 0.000000000000000000 ) ) ;
#330 = ADVANCED_FACE ( 'NONE', ( #1273 ), #3680, .F. ) ;
#331 = ADVANCED_FACE ( 'NONE', ( #391 ), #1334, .T. ) ;
#332 =( LENGTH_UNIT ( ) NAMED_UNIT ( * ) SI_UNIT ( .MILLI., .METRE. ) );
#333 = ORIENTED_EDGE ( 'NONE', *, *, #1887, .T. ) ;
#334 = CARTESIAN_POINT ( 'NONE',  ( -0.1122969666742624634, 1.096827479898370372, 6.776263578034402713E-18 ) ) ;
#335 = SURFACE_STYLE_USAGE ( .BOTH. , #3354 ) ;
#336 = CARTESIAN_POINT ( 'NONE',  ( 0.2573400069565905945, 0.8713004983217803590, 0.01000000000000000021 ) ) ;
#337 = DIRECTION ( 'NONE',  ( 1.000000000000000000, 0.000000000000000000, 0.000000000000000000 ) ) ;
#338 = CARTESIAN_POINT ( 'NONE',  ( -0.1517004458951517198, 1.092353725969403389, 0.000000000000000000 ) ) ;
#339 = SURFACE_STYLE_FILL_AREA ( #1514 ) ;
#340 = CARTESIAN_POINT ( 'NONE',  ( 0.5253268900330546609, 1.096827479898370372, 0.000000000000000000 ) ) ;
#341 = CARTESIAN_POINT ( 'NONE',  ( -0.3674417837474331927, 1.048809187215443695, 0.01000000000000000021 ) ) ;
#342 = PLANE ( 'NONE',  #255 ) ;
#343 = LINE ( 'NONE', #2093, #1828 ) ;
#344 = PLANE ( 'NONE',  #2213 ) ;
#345 = SURFACE_STYLE_USAGE ( .BOTH. , #2094 ) ;
#346 = B_SPLINE_CURVE_WITH_KNOTS ( 'NONE', 3,
 ( #2018, #514, #2053, #1386, #3241, #493, #1134, #1690, #2924, #1710, #2891 ),
 .UNSPECIFIED., .F., .F.,
 ( 4, 1, 1, 1, 1, 1, 1, 1, 4 ),
 ( 0.000000000000000000, 0.1451868664724693114, 0.2834426109197296095, 0.4165243659288290767, 0.5431811235350831879, 0.6651530826377139993, 0.7813602063127160768, 0.8927566556418089494, 0.9999999999999998890 ),
 .UNSPECIFIED. ) ;
#347 = ORIENTED_EDGE ( 'NONE', *, *, #745, .F. ) ;
#348 = UNCERTAINTY_MEASURE_WITH_UNIT (LENGTH_MEASURE( 1.000000000000000082E-05 ), #3046, 'distance_accuracy_value', 'NONE');
#349 = AXIS2_PLACEMENT_3D ( 'NONE', #558, #2058, #1766 ) ;
#350 = DIRECTION ( 'NONE',  ( -0.000000000000000000, -0.000000000000000000, -1.000000000000000000 ) ) ;
#351 = CARTESIAN_POINT ( 'NONE',  ( 0.1076439632037863581, 0.9870713823373947760, 0.01000000000000000021 ) ) ;
#352 = COLOUR_RGB ( '',0.9686274509803921573, 0.8784313725490195957, 0.5999999999999999778 ) ;
#353 = EDGE_LOOP ( 'NONE', ( #475, #743, #456, #3584 ) ) ;
#354 = CARTESIAN_POINT ( 'NONE',  ( -0.2145465811363540254, 1.055309719376742228, 6.776263578034402713E-18 ) ) ;
#355 = CARTESIAN_POINT ( 'NONE',  ( 1.099999999999999201, 0.000000000000000000, 5.500000000000000888 ) ) ;
#356 = CARTESIAN_POINT ( 'NONE',  ( 0.000000000000000000, 0.000000000000000000, 5.500000000000000888 ) ) ;
#357 = CARTESIAN_POINT ( 'NONE',  ( 0.2518944896455237448, 1.072364401974437165, -0.000000000000000000 ) ) ;
#358 =( NAMED_UNIT ( * ) SI_UNIT ( $, .STERADIAN. ) SOLID_ANGLE_UNIT ( ) );
#359 = VECTOR ( 'NONE', #2087, 1000.000000000000000 ) ;
#360 = ADVANCED_FACE ( 'NONE', ( #749 ), #2772, .T. ) ;
#361 = COLOUR_RGB ( '',0.2235294117647058654, 0.2235294117647058654, 0.2235294117647058654 ) ;
#362 = FACE_OUTER_BOUND ( 'NONE', #1854, .T. ) ;
#363 = EDGE_CURVE ( 'NONE', #3734, #190, #680, .T. ) ;
#364 = CARTESIAN_POINT ( 'NONE',  ( 0.2898653747745625897, 0.8776684458733118310, 0.000000000000000000 ) ) ;
#365 = CARTESIAN_POINT ( 'NONE',  ( -0.2093429285228218251, 0.9704113414735918708, -0.000000000000000000 ) ) ;
#366 = CARTESIAN_POINT ( 'NONE',  ( 0.000000000000000000, 0.000000000000000000, 0.000000000000000000 ) ) ;
#367 =( GEOMETRIC_REPRESENTATION_CONTEXT ( 3 ) GLOBAL_UNCERTAINTY_ASSIGNED_CONTEXT ( ( #1721 ) ) GLOBAL_UNIT_ASSIGNED_CONTEXT ( ( #987, #46, #2183 ) ) REPRESENTATION_CONTEXT ( 'NONE', 'WORKASPACE' ) );
#368 = ORIENTED_EDGE ( 'NONE', *, *, #3638, .T. ) ;
#369 = FILL_AREA_STYLE_COLOUR ( '', #3320 ) ;
#370 = CARTESIAN_POINT ( 'NONE',  ( -0.1226604180165603297, 1.069172271551051212, 0.01000000000000000021 ) ) ;
#371 = DIRECTION ( 'NONE',  ( -0.000000000000000000, -0.000000000000000000, -1.000000000000000000 ) ) ;
#372 = PRESENTATION_LAYER_ASSIGNMENT (  '', '', ( #2761 ) ) ;
#373 = COLOUR_RGB ( '',0.2235294117647058654, 0.2235294117647058654, 0.2235294117647058654 ) ;
#374 = CARTESIAN_POINT ( 'NONE',  ( 0.3759366461306156704, 0.9671113975812972718, 0.01000000000000000021 ) ) ;
#375 = EDGE_LOOP ( 'NONE', ( #1550, #2853, #3368, #3282 ) ) ;
#376 = VECTOR ( 'NONE', #1829, 1000.000000000000000 ) ;
#377 =( NAMED_UNIT ( * ) SI_UNIT ( $, .STERADIAN. ) SOLID_ANGLE_UNIT ( ) );
#378 = EDGE_LOOP ( 'NONE', ( #532, #894, #1609, #996 ) ) ;
#379 = EDGE_CURVE ( 'NONE', #3140, #1616, #3085, .T. ) ;
#380 = CARTESIAN_POINT ( 'NONE',  ( -0.3732394872739302483, 1.060871701613713247, 0.01000000000000000021 ) ) ;
#381 = CARTESIAN_POINT ( 'NONE',  ( -0.2379724296334134181, 1.013503224741680864, 0.000000000000000000 ) ) ;
#382 = STYLED_ITEM ( 'NONE', ( #2518 ), #124 ) ;
#383 = FILL_AREA_STYLE ('',( #89 ) ) ;
#384 = SURFACE_STYLE_FILL_AREA ( #2765 ) ;
#385 = CARTESIAN_POINT ( 'NONE',  ( 0.3364886687578518831, 0.9288194203623929557, 0.000000000000000000 ) ) ;
#386 = CARTESIAN_POINT ( 'NONE',  ( -0.2286688315223909529, 0.9112449130245741102, 0.01000000000000000021 ) ) ;
#387 = CARTESIAN_POINT ( 'NONE',  ( -0.1145097373824291026, 0.8469140562424094520, 6.776263578034402713E-18 ) ) ;
#388 = CARTESIAN_POINT ( 'NONE',  ( -0.3686364236388478544, 1.052411765406575883, 6.776263578034402713E-18 ) ) ;
#389 = ORIENTED_EDGE ( 'NONE', *, *, #2949, .T. ) ;
#390 = COLOUR_RGB ( '',0.2235294117647058654, 0.2235294117647058654, 0.2235294117647058654 ) ;
#391 = FACE_OUTER_BOUND ( 'NONE', #2729, .T. ) ;
#392 = CARTESIAN_POINT ( 'NONE',  ( -0.2091880194365755286, 0.9855304178108086344, 6.776263578034402713E-18 ) ) ;
#393 = LINE ( 'NONE', #1878, #203 ) ;
#394 = ORIENTED_EDGE ( 'NONE', *, *, #1319, .F. ) ;
#395 = PRESENTATION_LAYER_ASSIGNMENT (  '', '', ( #1582 ) ) ;
#396 = CARTESIAN_POINT ( 'NONE',  ( 0.2518944896455237448, 1.072364401974437165, 6.776263578034402713E-18 ) ) ;
#397 = ORIENTED_EDGE ( 'NONE', *, *, #543, .F. ) ;
#398 = FILL_AREA_STYLE_COLOUR ( '', #361 ) ;
#399 = AXIS2_PLACEMENT_3D ( 'NONE', #3783, #3159, #766 ) ;
#400 = SURFACE_STYLE_USAGE ( .BOTH. , #1642 ) ;
#401 = CARTESIAN_POINT ( 'NONE',  ( -0.3761117532596283120, 1.048809187215443695, 6.776263578034402713E-18 ) ) ;
#402 = B_SPLINE_CURVE_WITH_KNOTS ( 'NONE', 3,
 ( #1333, #3184, #2872, #3199, #2791, #2541, #1633, #1942, #2834, #128, #2854 ),
 .UNSPECIFIED., .F., .F.,
 ( 4, 1, 1, 1, 1, 1, 1, 1, 4 ),
 ( 0.000000000000000000, 0.1451868664724693114, 0.2834426109197296095, 0.4165243659288290767, 0.5431811235350831879, 0.6651530826377139993, 0.7813602063127160768, 0.8927566556418089494, 0.9999999999999998890 ),
 .UNSPECIFIED. ) ;
#403 = DIRECTION ( 'NONE',  ( 0.000000000000000000, -0.000000000000000000, -1.000000000000000000 ) ) ;
#404 = VERTEX_POINT ( 'NONE', #2186 ) ;
#405 =( GEOMETRIC_REPRESENTATION_CONTEXT ( 3 ) GLOBAL_UNCERTAINTY_ASSIGNED_CONTEXT ( ( #3665 ) ) GLOBAL_UNIT_ASSIGNED_CONTEXT ( ( #2150, #2768, #73 ) ) REPRESENTATION_CONTEXT ( 'NONE', 'WORKASPACE' ) );
#406 =( NAMED_UNIT ( * ) PLANE_ANGLE_UNIT ( ) SI_UNIT ( $, .RADIAN. ) );
#407 = CARTESIAN_POINT ( 'NONE',  ( 0.2117804745752954187, 0.8773452370444321247, 0.01000000000000000021 ) ) ;
#408 = CARTESIAN_POINT ( 'NONE',  ( -0.2408579675358473171, 0.9474857863071971531, 0.01000000000000000021 ) ) ;
#409 = CARTESIAN_POINT ( 'NONE',  ( 0.4917903046672009726, 1.096827479898370372, 0.01000000000000000021 ) ) ;
#410 = VECTOR ( 'NONE', #3639, 1000.000000000000000 ) ;
#411 = CARTESIAN_POINT ( 'NONE',  ( 0.2487929723501278445, 1.099876260386175364, 6.776263578034402713E-18 ) ) ;
#412 = ORIENTED_EDGE ( 'NONE', *, *, #1972, .F. ) ;
#413 = EDGE_CURVE ( 'NONE', #3403, #3650, #912, .T. ) ;
#414 = ORIENTED_EDGE ( 'NONE', *, *, #195, .F. ) ;
#415 = CARTESIAN_POINT ( 'NONE',  ( 0.2035529916530770811, 1.063500482551720472, 0.000000000000000000 ) ) ;
#416 = SURFACE_STYLE_FILL_AREA ( #2495 ) ;
#417 = CARTESIAN_POINT ( 'NONE',  ( -0.1226604180165603297, 1.069172271551051212, 6.776263578034402713E-18 ) ) ;
#418 = DIRECTION ( 'NONE',  ( -0.000000000000000000, -0.000000000000000000, -1.000000000000000000 ) ) ;
#419 = PRESENTATION_LAYER_ASSIGNMENT (  '', '', ( #2559 ) ) ;
#420 = FILL_AREA_STYLE ('',( #2159 ) ) ;
#421 = VERTEX_POINT ( 'NONE', #71 ) ;
#422 = MECHANICAL_DESIGN_GEOMETRIC_PRESENTATION_REPRESENTATION (  '', ( #2563 ), #3056 ) ;
#423 = ADVANCED_FACE ( 'NONE', ( #1867 ), #2096, .T. ) ;
#424 = CARTESIAN_POINT ( 'NONE',  ( 0.2485071491793961196, 1.072437235995931326, 0.01000000000000000021 ) ) ;
#425 = ORIENTED_EDGE ( 'NONE', *, *, #1734, .F. ) ;
#426 = CARTESIAN_POINT ( 'NONE',  ( 0.3067589439054567713, 0.8520498063400854249, 0.01000000000000000021 ) ) ;
#427 = DIRECTION ( 'NONE',  ( 0.3635424856527064152, 0.9315776194850602376, 0.000000000000000000 ) ) ;
#428 = CARTESIAN_POINT ( 'NONE',  ( -0.3741544332607776857, 1.056013288618910417, 0.01000000000000000021 ) ) ;
#429 = CARTESIAN_POINT ( 'NONE',  ( -0.1945121764911790785, 1.032188817357970301, 0.01000000000000000021 ) ) ;
#430 = VERTEX_POINT ( 'NONE', #3411 ) ;
#431 = B_SPLINE_SURFACE_WITH_KNOTS ( 'NONE', 3, 1, ( 
 ( #3009, #2098 ),
 ( #2039, #3311 ),
 ( #3267, #2968 ),
 ( #559, #258 ),
 ( #2378, #3590 ),
 ( #2357, #3573 ),
 ( #2678, #597 ),
 ( #2989, #2696 ),
 ( #81, #1549 ),
 ( #3032, #2775 ),
 ( #1853, #3649 ),
 ( #3670, #3385 ),
 ( #3711, #2196 ),
 ( #710, #1003 ),
 ( #654, #1568 ),
 ( #1237, #2117 ),
 ( #1879, #670 ),
 ( #2137, #2732 ),
 ( #3073, #1282 ) ),
 .UNSPECIFIED., .F., .F., .F.,
 ( 4, 1, 1, 1, 1, 1, 1, 1, 1, 1, 1, 1, 1, 1, 1, 1, 4 ),
 ( 2, 2 ),
 ( 0.000000000000000000, 0.06783324845577336226, 0.1326555365079040150, 0.1950508840508277664, 0.2555829330687772183, 0.3147998341472900141, 0.3736004728263746522, 0.4325455953267436926, 0.4924306292835655685, 0.5526712559629696209, 0.6125130441881164733, 0.6726102503570066116, 0.7338383693139461927, 0.7965942385677736715, 0.8614497992905730817, 0.9291989423509053880, 0.9999999999999998890 ),
 ( 0.000000000000000000, 1.000000000000000000 ),
 .UNSPECIFIED. ) ;
#432 = EDGE_CURVE ( 'NONE', #1528, #3599, #1271, .T. ) ;
#433 =( NAMED_UNIT ( * ) PLANE_ANGLE_UNIT ( ) SI_UNIT ( $, .RADIAN. ) );
#434 = CARTESIAN_POINT ( 'NONE',  ( 0.3410295652430981317, 0.9479463586184582180, 0.000000000000000000 ) ) ;
#435 = CARTESIAN_POINT ( 'NONE',  ( -0.2221620666064753058, 0.9006527687687503336, 0.01000000000000000021 ) ) ;
#436 = CARTESIAN_POINT ( 'NONE',  ( 0.3389074727667102938, 1.001899768113092337, 0.01000000000000000021 ) ) ;
#437 = VECTOR ( 'NONE', #876, 1000.000000000000000 ) ;
#438 = ORIENTED_EDGE ( 'NONE', *, *, #792, .F. ) ;
#439 = CARTESIAN_POINT ( 'NONE',  ( 0.2406452656801049139, 1.072318369983442876, 0.000000000000000000 ) ) ;
#440 = CARTESIAN_POINT ( 'NONE',  ( -0.2429657928937746514, 0.9749715347764192908, 0.01000000000000000021 ) ) ;
#441 = CARTESIAN_POINT ( 'NONE',  ( -0.2426669121938541673, 0.9609938350768792992, 0.000000000000000000 ) ) ;
#442 = ADVANCED_FACE ( 'NONE', ( #2169 ), #700, .T. ) ;
#443 = CARTESIAN_POINT ( 'NONE',  ( 0.2945468330027430359, 1.061686429507519458, 0.01000000000000000021 ) ) ;
#444 = CIRCLE ( 'NONE', #3155, 0.5999999999999999778 ) ;
#445 = ORIENTED_EDGE ( 'NONE', *, *, #1866, .F. ) ;
#446 = CARTESIAN_POINT ( 'NONE',  ( 0.2511094830623472052, 0.8712573589376646499, 6.776263578034402713E-18 ) ) ;
#447 = CARTESIAN_POINT ( 'NONE',  ( 0.3759366461306156704, 0.9671113975812972718, 0.01000000000000000021 ) ) ;
#448 = CARTESIAN_POINT ( 'NONE',  ( 0.3972781095452497802, 0.8742665042886144100, 0.01000000000000000021 ) ) ;
#449 = CARTESIAN_POINT ( 'NONE',  ( 0.3972781095452500577, 0.8742665042886144100, 0.000000000000000000 ) ) ;
#450 = PLANE ( 'NONE',  #79 ) ;
#451 = UNCERTAINTY_MEASURE_WITH_UNIT (LENGTH_MEASURE( 1.000000000000000082E-05 ), #2064, 'distance_accuracy_value', 'NONE');
#452 = SURFACE_SIDE_STYLE ('',( #1556 ) ) ;
#453 = ORIENTED_EDGE ( 'NONE', *, *, #2640, .T. ) ;
#454 = FACE_OUTER_BOUND ( 'NONE', #3729, .T. ) ;
#455 = ADVANCED_FACE ( 'NONE', ( #362 ), #1558, .T. ) ;
#456 = ORIENTED_EDGE ( 'NONE', *, *, #1319, .T. ) ;
#457 = DIRECTION ( 'NONE',  ( -1.000000000000000000, 1.224646799147353454E-16, 0.000000000000000000 ) ) ;
#458 = FILL_AREA_STYLE ('',( #2538 ) ) ;
#459 = ORIENTED_EDGE ( 'NONE', *, *, #907, .F. ) ;
#460 = CARTESIAN_POINT ( 'NONE',  ( 0.007034207106225345146, 0.8742665042886144100, 0.01000000000000000021 ) ) ;
#461 = FILL_AREA_STYLE_COLOUR ( '', #1338 ) ;
#462 = SHAPE_DEFINITION_REPRESENTATION ( #1053, #2552 ) ;
#463 = STYLED_ITEM ( 'NONE', ( #1015 ), #1321 ) ;
#464 = STYLED_ITEM ( 'NONE', ( #3739 ), #983 ) ;
#465 = CARTESIAN_POINT ( 'NONE',  ( 0.3278214284194119199, 1.029371301660630511, 6.776263578034402713E-18 ) ) ;
#466 = ORIENTED_EDGE ( 'NONE', *, *, #1029, .F. ) ;
#467 = DIRECTION ( 'NONE',  ( -1.000000000000000000, 0.000000000000000000, 0.000000000000000000 ) ) ;
#468 = EDGE_CURVE ( 'NONE', #808, #3118, #1954, .T. ) ;
#469 = CARTESIAN_POINT ( 'NONE',  ( 0.2390643788201745612, 0.8446890635503164768, 0.01000000000000000021 ) ) ;
#470 = FILL_AREA_STYLE_COLOUR ( '', #390 ) ;
#471 = UNCERTAINTY_MEASURE_WITH_UNIT (LENGTH_MEASURE( 1.000000000000000082E-05 ), #1707, 'distance_accuracy_value', 'NONE');
#472 = AXIS2_PLACEMENT_3D ( 'NONE', #3052, #653, #1281 ) ;
#473 = CARTESIAN_POINT ( 'NONE',  ( -0.4868682319181649176, 0.8468274798983704832, 0.01000000000000000021 ) ) ;
#474 = AXIS2_PLACEMENT_3D ( 'NONE', #1962, #3024, #592 ) ;
#475 = ORIENTED_EDGE ( 'NONE', *, *, #2544, .F. ) ;
#476 = EDGE_LOOP ( 'NONE', ( #2663, #2163, #1371, #249 ) ) ;
#477 = CARTESIAN_POINT ( 'NONE',  ( -0.3714433081376771195, 1.066339675020321565, 0.01000000000000000021 ) ) ;
#478 = ORIENTED_EDGE ( 'NONE', *, *, #1930, .T. ) ;
#479 = CARTESIAN_POINT ( 'NONE',  ( 0.2106388024408153981, 1.066285517095242552, 0.000000000000000000 ) ) ;
#480 = FILL_AREA_STYLE ('',( #215 ) ) ;
#481 = CARTESIAN_POINT ( 'NONE',  ( -0.2428660009203311432, 0.9795032764191653474, 6.776263578034402713E-18 ) ) ;
#482 = ORIENTED_EDGE ( 'NONE', *, *, #3704, .F. ) ;
#483 =( NAMED_UNIT ( * ) PLANE_ANGLE_UNIT ( ) SI_UNIT ( $, .RADIAN. ) );
#484 = DIRECTION ( 'NONE',  ( 0.000000000000000000, 1.000000000000000000, 0.000000000000000000 ) ) ;
#485 = DIRECTION ( 'NONE',  ( 0.000000000000000000, 0.000000000000000000, 1.000000000000000000 ) ) ;
#486 = DIRECTION ( 'NONE',  ( 0.000000000000000000, -0.000000000000000000, 1.000000000000000000 ) ) ;
#487 = ORIENTED_EDGE ( 'NONE', *, *, #2421, .T. ) ;
#488 = LINE ( 'NONE', #3176, #919 ) ;
#489 = EDGE_CURVE ( 'NONE', #163, #3745, #488, .T. ) ;
#490 = CARTESIAN_POINT ( 'NONE',  ( -0.1097245581376770918, 0.8468274798983704832, 0.01000000000000000021 ) ) ;
#491 = ORIENTED_EDGE ( 'NONE', *, *, #3790, .T. ) ;
#492 = ORIENTED_EDGE ( 'NONE', *, *, #1658, .F. ) ;
#493 = CARTESIAN_POINT ( 'NONE',  ( 0.2163896481228529123, 1.097459564331133786, 0.01000000000000000021 ) ) ;
#494 = SURFACE_STYLE_USAGE ( .BOTH. , #553 ) ;
#495 = CARTESIAN_POINT ( 'NONE',  ( -0.1218879514593515234, 0.8745067803952164542, 1.355252715606880543E-17 ) ) ;
#496 = DIRECTION ( 'NONE',  ( -0.000000000000000000, 0.000000000000000000, -1.000000000000000000 ) ) ;
#497 = FILL_AREA_STYLE_COLOUR ( '', #1068 ) ;
#498 = VERTEX_POINT ( 'NONE', #1382 ) ;
#499 =( LENGTH_UNIT ( ) NAMED_UNIT ( * ) SI_UNIT ( .MILLI., .METRE. ) );
#500 = FILL_AREA_STYLE_COLOUR ( '', #1472 ) ;
#501 = CARTESIAN_POINT ( 'NONE',  ( 0.1899610363745180830, 0.8597847969715411987, 0.01000000000000000021 ) ) ;
#502 = DIRECTION ( 'NONE',  ( 0.3222024856061133646, -0.9466707760722532505, 0.000000000000000000 ) ) ;
#503 = EDGE_CURVE ( 'NONE', #1650, #1463, #1014, .T. ) ;
#504 = CARTESIAN_POINT ( 'NONE',  ( 0.1076439632037863581, 0.9870713823373947760, 0.01000000000000000021 ) ) ;
#505 = UNCERTAINTY_MEASURE_WITH_UNIT (LENGTH_MEASURE( 1.000000000000000082E-05 ), #1807, 'distance_accuracy_value', 'NONE');
#506 = EDGE_CURVE ( 'NONE', #64, #981, #1421, .T. ) ;
#507 = CARTESIAN_POINT ( 'NONE',  ( -0.2429657928937746514, 0.9749715347764192908, 0.01000000000000000021 ) ) ;
#508 = CARTESIAN_POINT ( 'NONE',  ( 0.000000000000000000, 0.000000000000000000, 5.500000000000000888 ) ) ;
#509 = VECTOR ( 'NONE', #1914, 1000.000000000000000 ) ;
#510 = ADVANCED_FACE ( 'NONE', ( #3432 ), #3473, .F. ) ;
#511 = PRESENTATION_STYLE_ASSIGNMENT (( #2901 ) ) ;
#512 = ORIENTED_EDGE ( 'NONE', *, *, #195, .T. ) ;
#513 = DIRECTION ( 'NONE',  ( -0.000000000000000000, 0.000000000000000000, 1.000000000000000000 ) ) ;
#514 = CARTESIAN_POINT ( 'NONE',  ( 0.2458862571941725361, 1.099855424277273341, 0.01000000000000000021 ) ) ;
#515 = CARTESIAN_POINT ( 'NONE',  ( 0.1411805485696399909, 1.096827479898370372, 0.01000000000000000021 ) ) ;
#516 =( LENGTH_UNIT ( ) NAMED_UNIT ( * ) SI_UNIT ( .MILLI., .METRE. ) );
#517 = FACE_OUTER_BOUND ( 'NONE', #3158, .T. ) ;
#518 = ORIENTED_EDGE ( 'NONE', *, *, #2867, .F. ) ;
#519 = SURFACE_SIDE_STYLE ('',( #2569 ) ) ;
#520 = VECTOR ( 'NONE', #2413, 1000.000000000000000 ) ;
#521 = DIRECTION ( 'NONE',  ( -0.000000000000000000, -0.000000000000000000, -1.000000000000000000 ) ) ;
#522 = CARTESIAN_POINT ( 'NONE',  ( 0.2485071491793961196, 1.072437235995931326, 6.776263578034402713E-18 ) ) ;
#523 = CARTESIAN_POINT ( 'NONE',  ( -0.3217100764303599814, 0.9169494311178827406, 0.01000000000000000021 ) ) ;
#524 = SURFACE_STYLE_FILL_AREA ( #2388 ) ;
#525 = CARTESIAN_POINT ( 'NONE',  ( -0.2426708700966863919, 0.9883645349831620130, 0.01000000000000000021 ) ) ;
#526 = FILL_AREA_STYLE ('',( #1368 ) ) ;
#527 = B_SPLINE_CURVE_WITH_KNOTS ( 'NONE', 3,
 ( #1915, #1873, #2810, #1671, #2832, #1602, #2491, #1057, #722, #3494, #3135, #2561, #3702, #2254, #436, #2231, #3453, #3477, #744 ),
 .UNSPECIFIED., .F., .F.,
 ( 4, 1, 1, 1, 1, 1, 1, 1, 1, 1, 1, 1, 1, 1, 1, 1, 4 ),
 ( 0.000000000000000000, 0.06460397028839216793, 0.1267024139629469304, 0.1867568140356180018, 0.2455056873654371807, 0.3036520244499752441, 0.3615030739706253105, 0.4202402229284674662, 0.4800333407766964045, 0.5406781347755161837, 0.6011918063807818458, 0.6623335024774424928, 0.7247395102972320480, 0.7894677361728869025, 0.8565048600438311954, 0.9263120958391893867, 1.000000000000000000 ),
 .UNSPECIFIED. ) ;
#528 = FACE_OUTER_BOUND ( 'NONE', #375, .T. ) ;
#529 = EDGE_LOOP ( 'NONE', ( #1935, #1957, #1924, #2600 ) ) ;
#530 = CARTESIAN_POINT ( 'NONE',  ( 0.1899610363745180830, 0.8872238213617851255, 5.082197683525802034E-18 ) ) ;
#531 = COLOUR_RGB ( '',0.2235294117647058654, 0.2235294117647058654, 0.2235294117647058654 ) ;
#532 = ORIENTED_EDGE ( 'NONE', *, *, #3178, .F. ) ;
#533 = PLANE ( 'NONE',  #474 ) ;
#534 = CARTESIAN_POINT ( 'NONE',  ( -0.1994096966875787136, 0.9232806703035012497, 1.355252715606880543E-17 ) ) ;
#535 = FACE_OUTER_BOUND ( 'NONE', #2465, .T. ) ;
#536 = DIRECTION ( 'NONE',  ( -1.000000000000000000, 0.000000000000000000, 0.000000000000000000 ) ) ;
#537 = LINE ( 'NONE', #220, #587 ) ;
#538 = FILL_AREA_STYLE ('',( #2062 ) ) ;
#539 = STYLED_ITEM ( 'NONE', ( #3225 ), #2552 ) ;
#540 = CARTESIAN_POINT ( 'NONE',  ( 0.3181499265515457808, 0.8975752809095230988, 6.776263578034402713E-18 ) ) ;
#541 = CLOSED_SHELL ( 'NONE', ( #2818, #2797, #3043, #423, #3294, #1152, #208, #2712, #3653, #2341, #1715, #325, #1512, #3310, #2085, #442, #3296, #1545, #2789, #360, #3660, #76, #2597, #1239, #3090, #3690, #1533, #2999, #3836, #3409, #2426, #293, #1175, #3898, #2938, #1884, #1321, #829, #124, #331, #1597, #193, #1649, #455, #48, #1816, #2108, #3612, #1889, #3531, #2298, #2509, #3757, #3863, #1234, #3359, #1606, #2837, #2464, #1397, #2363, #990, #1753, #216, #1759, #36, #2286, #983, #330, #1583, #510 ) ) ;
#542 = SURFACE_SIDE_STYLE ('',( #524 ) ) ;
#543 = EDGE_CURVE ( 'NONE', #1640, #3397, #266, .T. ) ;
#544 = MANIFOLD_SOLID_BREP ( '切除-拉伸1', #541 ) ;
#545 =( GEOMETRIC_REPRESENTATION_CONTEXT ( 3 ) GLOBAL_UNCERTAINTY_ASSIGNED_CONTEXT ( ( #162 ) ) GLOBAL_UNIT_ASSIGNED_CONTEXT ( ( #1735, #866, #1139 ) ) REPRESENTATION_CONTEXT ( 'NONE', 'WORKASPACE' ) );
#546 = FILL_AREA_STYLE ('',( #245 ) ) ;
#547 = FILL_AREA_STYLE ('',( #3761 ) ) ;
#548 = UNCERTAINTY_MEASURE_WITH_UNIT (LENGTH_MEASURE( 1.000000000000000082E-05 ), #1197, 'distance_accuracy_value', 'NONE');
#549 = PRESENTATION_LAYER_ASSIGNMENT (  '', '', ( #2486 ) ) ;
#550 = ORIENTED_EDGE ( 'NONE', *, *, #3831, .T. ) ;
#551 = EDGE_CURVE ( 'NONE', #37, #2587, #556, .T. ) ;
#552 = CARTESIAN_POINT ( 'NONE',  ( -0.1690904350158116409, 0.8889068079303414915, 0.000000000000000000 ) ) ;
#553 = SURFACE_SIDE_STYLE ('',( #1444 ) ) ;
#554 = CARTESIAN_POINT ( 'NONE',  ( -0.3674417837474331927, 1.048809187215443695, 0.01000000000000000021 ) ) ;
#555 = SURFACE_SIDE_STYLE ('',( #1980 ) ) ;
#556 = CIRCLE ( 'NONE', #3395, 1.099999999999999201 ) ;
#557 = FILL_AREA_STYLE ('',( #2320 ) ) ;
#558 = CARTESIAN_POINT ( 'NONE',  ( 0.1411805485696399909, 0.8468274798983704832, 0.01000000000000000021 ) ) ;
#559 = CARTESIAN_POINT ( 'NONE',  ( 0.2839739256511142895, 0.8456569090379154607, 0.01000000000000000021 ) ) ;
#560 = ORIENTED_EDGE ( 'NONE', *, *, #2660, .T. ) ;
#561 = CARTESIAN_POINT ( 'NONE',  ( -0.07528286606450632079, 1.069388455508126556, 0.01000000000000000021 ) ) ;
#562 = PRESENTATION_LAYER_ASSIGNMENT (  '', '', ( #2638 ) ) ;
#563 = MECHANICAL_DESIGN_GEOMETRIC_PRESENTATION_REPRESENTATION (  '', ( #2694 ), #367 ) ;
#564 = CARTESIAN_POINT ( 'NONE',  ( -0.3711517875195629590, 1.064559451948266622, -0.000000000000000000 ) ) ;
#565 = FACE_OUTER_BOUND ( 'NONE', #3724, .T. ) ;
#566 = FACE_BOUND ( 'NONE', #3205, .T. ) ;
#567 = CARTESIAN_POINT ( 'NONE',  ( -0.1517004458951517198, 1.092353725969403389, 0.01000000000000000021 ) ) ;
#568 = FACE_OUTER_BOUND ( 'NONE', #827, .T. ) ;
#569 = COLOUR_RGB ( '',0.2235294117647058654, 0.2235294117647058654, 0.2235294117647058654 ) ;
#570 = VERTEX_POINT ( 'NONE', #853 ) ;
#571 = AXIS2_PLACEMENT_3D ( 'NONE', #2548, #2219, #467 ) ;
#572 = EDGE_CURVE ( 'NONE', #3076, #1023, #1439, .T. ) ;
#573 = SURFACE_STYLE_USAGE ( .BOTH. , #3001 ) ;
#574 = ORIENTED_EDGE ( 'NONE', *, *, #1734, .T. ) ;
#575 = PRESENTATION_STYLE_ASSIGNMENT (( #1797 ) ) ;
#576 = CARTESIAN_POINT ( 'NONE',  ( -0.2079908932877030936, 0.9520487734707119287, 0.01000000000000000021 ) ) ;
#577 = CARTESIAN_POINT ( 'NONE',  ( 0.3210033619355603385, 1.079513335527364726, 6.776263578034402713E-18 ) ) ;
#578 =( NAMED_UNIT ( * ) PLANE_ANGLE_UNIT ( ) SI_UNIT ( $, .RADIAN. ) );
#579 = FACE_OUTER_BOUND ( 'NONE', #1688, .T. ) ;
#580 = ORIENTED_EDGE ( 'NONE', *, *, #3067, .T. ) ;
#581 = SURFACE_STYLE_USAGE ( .BOTH. , #2307 ) ;
#582 = DIRECTION ( 'NONE',  ( -0.000000000000000000, -0.000000000000000000, -1.000000000000000000 ) ) ;
#583 = CARTESIAN_POINT ( 'NONE',  ( -0.3714433081376771195, 1.066339675020321565, 0.000000000000000000 ) ) ;
#584 = CARTESIAN_POINT ( 'NONE',  ( -0.04174628069865263941, 0.8468274798983704832, 0.01000000000000000021 ) ) ;
#585 = CARTESIAN_POINT ( 'NONE',  ( -1.599999999999999867, 0.000000000000000000, 0.000000000000000000 ) ) ;
#586 = EDGE_CURVE ( 'NONE', #1565, #570, #2067, .T. ) ;
#587 = VECTOR ( 'NONE', #502, 1000.000000000000000 ) ;
#588 = SURFACE_SIDE_STYLE ('',( #3549 ) ) ;
#589 = CARTESIAN_POINT ( 'NONE',  ( -0.1827254726210620350, 1.045647389648702186, 0.000000000000000000 ) ) ;
#590 = ORIENTED_EDGE ( 'NONE', *, *, #1422, .F. ) ;
#591 = CARTESIAN_POINT ( 'NONE',  ( 0.5253268900330546609, 0.8468274798983704832, 0.01000000000000000021 ) ) ;
#592 = DIRECTION ( 'NONE',  ( 0.000000000000000000, -0.000000000000000000, 1.000000000000000000 ) ) ;
#593 = PRESENTATION_LAYER_ASSIGNMENT (  '', '', ( #3799 ) ) ;
#594 = CARTESIAN_POINT ( 'NONE',  ( -0.3686364236388478544, 1.052411765406575883, 0.01000000000000000021 ) ) ;
#595 = CARTESIAN_POINT ( 'NONE',  ( 0.3485940335330202089, 1.054089396695076175, 6.776263578034402713E-18 ) ) ;
#596 =( LENGTH_UNIT ( ) NAMED_UNIT ( * ) SI_UNIT ( .MILLI., .METRE. ) );
#597 = CARTESIAN_POINT ( 'NONE',  ( 0.3171804517201757823, 0.8567690757649718547, 6.776263578034402713E-18 ) ) ;
#598 = EDGE_LOOP ( 'NONE', ( #773, #1912, #942, #1857 ) ) ;
#599 = AXIS2_PLACEMENT_3D ( 'NONE', #153, #3142, #129 ) ;
#600 =( NAMED_UNIT ( * ) PLANE_ANGLE_UNIT ( ) SI_UNIT ( $, .RADIAN. ) );
#601 = VECTOR ( 'NONE', #2743, 1000.000000000000000 ) ;
#602 = SURFACE_SIDE_STYLE ('',( #281 ) ) ;
#603 = LINE ( 'NONE', #3318, #135 ) ;
#604 = LINE ( 'NONE', #1536, #3547 ) ;
#605 = PRESENTATION_STYLE_ASSIGNMENT (( #2365 ) ) ;
#606 = CARTESIAN_POINT ( 'NONE',  ( -0.1515800649450500803, 1.063593665480750072, 0.000000000000000000 ) ) ;
#607 = ORIENTED_EDGE ( 'NONE', *, *, #2586, .F. ) ;
#608 = EDGE_CURVE ( 'NONE', #2858, #1770, #3565, .T. ) ;
#609 = PRESENTATION_LAYER_ASSIGNMENT (  '', '', ( #1608 ) ) ;
#610 = CARTESIAN_POINT ( 'NONE',  ( 0.01922932905744486817, 0.9596323579471509602, 0.01000000000000000021 ) ) ;
#611 = SURFACE_STYLE_FILL_AREA ( #3302 ) ;
#612 = CARTESIAN_POINT ( 'NONE',  ( 1.599999999999999645, 0.000000000000000000, 0.000000000000000000 ) ) ;
#613 = CARTESIAN_POINT ( 'NONE',  ( -0.4502828660645063485, 0.8468274798983704832, 0.01000000000000000021 ) ) ;
#614 = CARTESIAN_POINT ( 'NONE',  ( 0.3401706399103564538, 1.063514853200157040, 6.776263578034402713E-18 ) ) ;
#615 = MECHANICAL_DESIGN_GEOMETRIC_PRESENTATION_REPRESENTATION (  '', ( #106 ), #2299 ) ;
#616 = CARTESIAN_POINT ( 'NONE',  ( 0.3171804517201757823, 0.8567690757649718547, 0.000000000000000000 ) ) ;
#617 = SURFACE_STYLE_USAGE ( .BOTH. , #885 ) ;
#618 = EDGE_LOOP ( 'NONE', ( #425, #1285, #787, #1074 ) ) ;
#619 = DIRECTION ( 'NONE',  ( -0.000000000000000000, -0.000000000000000000, -1.000000000000000000 ) ) ;
#620 = CARTESIAN_POINT ( 'NONE',  ( 0.1919510672521815842, 1.090775521208527943, 6.776263578034402713E-18 ) ) ;
#621 = CARTESIAN_POINT ( 'NONE',  ( -0.1766179429954099211, 0.8942782627334830980, 0.01000000000000000021 ) ) ;
#622 = CARTESIAN_POINT ( 'NONE',  ( 0.2621661446237801840, 1.099565110038219995, 0.01000000000000000021 ) ) ;
#623 = MECHANICAL_DESIGN_GEOMETRIC_PRESENTATION_REPRESENTATION (  '', ( #2821 ), #1995 ) ;
#624 =( GEOMETRIC_REPRESENTATION_CONTEXT ( 3 ) GLOBAL_UNCERTAINTY_ASSIGNED_CONTEXT ( ( #2309 ) ) GLOBAL_UNIT_ASSIGNED_CONTEXT ( ( #2549, #1342, #2065 ) ) REPRESENTATION_CONTEXT ( 'NONE', 'WORKASPACE' ) );
#625 = CARTESIAN_POINT ( 'NONE',  ( -0.3557706709425551561, 1.096827479898370372, 0.01000000000000000021 ) ) ;
#626 = LINE ( 'NONE', #1495, #2637 ) ;
#627 = EDGE_CURVE ( 'NONE', #2795, #3627, #2685, .T. ) ;
#628 = CARTESIAN_POINT ( 'NONE',  ( 0.1899610363745180830, 1.056431138434955841, 0.000000000000000000 ) ) ;
#629 = EDGE_CURVE ( 'NONE', #1646, #3076, #1505, .T. ) ;
#630 = FACE_OUTER_BOUND ( 'NONE', #1977, .T. ) ;
#631 = CARTESIAN_POINT ( 'NONE',  ( -0.2145719289966923904, 0.8907461374943344001, 6.776263578034402713E-18 ) ) ;
#632 = DIRECTION ( 'NONE',  ( 1.000000000000000000, 0.000000000000000000, 0.000000000000000000 ) ) ;
#633 = COLOUR_RGB ( '',0.2235294117647058654, 0.2235294117647058654, 0.2235294117647058654 ) ;
#634 = CARTESIAN_POINT ( 'NONE',  ( -0.1515800649450500803, 1.063593665480750072, 0.01000000000000000021 ) ) ;
#635 = CARTESIAN_POINT ( 'NONE',  ( 0.3716821843697138972, 0.9285140349133265136, 0.000000000000000000 ) ) ;
#636 = DIRECTION ( 'NONE',  ( 0.000000000000000000, -0.000000000000000000, 1.000000000000000000 ) ) ;
#637 = ORIENTED_EDGE ( 'NONE', *, *, #2978, .F. ) ;
#638 = CARTESIAN_POINT ( 'NONE',  ( -0.2221521113636414912, 1.045921050960990195, 6.776263578034402713E-18 ) ) ;
#639 = FILL_AREA_STYLE ('',( #3610 ) ) ;
#640 = PRESENTATION_STYLE_ASSIGNMENT (( #3316 ) ) ;
#641 = CARTESIAN_POINT ( 'NONE',  ( -0.07528286606450632079, 1.069388455508126556, 0.01000000000000000021 ) ) ;
#642 = LINE ( 'NONE', #1791, #2277 ) ;
#643 = CARTESIAN_POINT ( 'NONE',  ( 0.3972781095452497802, 0.8468274798983704832, 0.000000000000000000 ) ) ;
#644 = MECHANICAL_DESIGN_GEOMETRIC_PRESENTATION_REPRESENTATION (  '', ( #1331 ), #2467 ) ;
#645 = VECTOR ( 'NONE', #1909, 1000.000000000000000 ) ;
#646 =( NAMED_UNIT ( * ) SI_UNIT ( $, .STERADIAN. ) SOLID_ANGLE_UNIT ( ) );
#647 = FACE_OUTER_BOUND ( 'NONE', #3534, .T. ) ;
#648 = FACE_OUTER_BOUND ( 'NONE', #2733, .T. ) ;
#649 =( NAMED_UNIT ( * ) SI_UNIT ( $, .STERADIAN. ) SOLID_ANGLE_UNIT ( ) );
#650 = ORIENTED_EDGE ( 'NONE', *, *, #608, .F. ) ;
#651 = COLOUR_RGB ( '',0.2235294117647058654, 0.2235294117647058654, 0.2235294117647058654 ) ;
#652 = CARTESIAN_POINT ( 'NONE',  ( -0.1945121764911790785, 1.032188817357970301, 6.776263578034402713E-18 ) ) ;
#653 = DIRECTION ( 'NONE',  ( -1.000000000000000000, 0.000000000000000000, 0.000000000000000000 ) ) ;
#654 = CARTESIAN_POINT ( 'NONE',  ( 0.3716821843697138972, 0.9285140349133265136, 0.01000000000000000021 ) ) ;
#655 = ORIENTED_EDGE ( 'NONE', *, *, #903, .T. ) ;
#656 = CARTESIAN_POINT ( 'NONE',  ( -0.1859965081161424894, 1.078356172219399056, 6.776263578034402713E-18 ) ) ;
#657 =( NAMED_UNIT ( * ) SI_UNIT ( $, .STERADIAN. ) SOLID_ANGLE_UNIT ( ) );
#658 = SURFACE_STYLE_USAGE ( .BOTH. , #1823 ) ;
#659 = SURFACE_STYLE_USAGE ( .BOTH. , #1622 ) ;
#660 = CARTESIAN_POINT ( 'NONE',  ( 0.3421448844446992599, 0.9805410035917899725, 0.000000000000000000 ) ) ;
#661 = FACE_OUTER_BOUND ( 'NONE', #3518, .T. ) ;
#662 = EDGE_CURVE ( 'NONE', #3421, #2077, #1723, .T. ) ;
#663 = FILL_AREA_STYLE_COLOUR ( '', #2991 ) ;
#664 = CARTESIAN_POINT ( 'NONE',  ( 0.1899610363745181107, 1.089967723800809640, 0.01000000000000000021 ) ) ;
#665 = PLANE ( 'NONE',  #729 ) ;
#666 = LINE ( 'NONE', #1253, #1269 ) ;
#667 = VERTEX_POINT ( 'NONE', #1129 ) ;
#668 = UNCERTAINTY_MEASURE_WITH_UNIT (LENGTH_MEASURE( 1.000000000000000082E-05 ), #3708, 'distance_accuracy_value', 'NONE');
#669 = SURFACE_STYLE_FILL_AREA ( #3731 ) ;
#670 = CARTESIAN_POINT ( 'NONE',  ( 0.3757056029010727438, 0.9537155819928488931, 6.776263578034402713E-18 ) ) ;
#671 = ORIENTED_EDGE ( 'NONE', *, *, #572, .T. ) ;
#672 = FILL_AREA_STYLE ('',( #3352 ) ) ;
#673 = VERTEX_POINT ( 'NONE', #838 ) ;
#674 = DIRECTION ( 'NONE',  ( 0.000000000000000000, 0.000000000000000000, -1.000000000000000000 ) ) ;
#675 = CARTESIAN_POINT ( 'NONE',  ( -0.1895587276817769506, 0.9073823855911877789, 0.01000000000000000021 ) ) ;
#676 = CARTESIAN_POINT ( 'NONE',  ( -0.3725998144553485658, 1.064417831527573410, 6.776263578034402713E-18 ) ) ;
#677 = CARTESIAN_POINT ( 'NONE',  ( -0.2339036825210797643, 1.025028440346926750, 0.000000000000000000 ) ) ;
#678 = CARTESIAN_POINT ( 'NONE',  ( -0.1157138741405065452, 1.069315206965853138, 0.01000000000000000021 ) ) ;
#679 = STYLED_ITEM ( 'NONE', ( #3631 ), #3409 ) ;
#680 = LINE ( 'NONE', #3658, #601 ) ;
#681 = CARTESIAN_POINT ( 'NONE',  ( 0.3423306058022302922, 0.9655044955475984292, -0.000000000000000000 ) ) ;
#682 = CARTESIAN_POINT ( 'NONE',  ( -0.3301418599669453391, 0.9443884555081265564, 0.01000000000000000021 ) ) ;
#683 = LINE ( 'NONE', #3662, #1218 ) ;
#684 = DIRECTION ( 'NONE',  ( -0.000000000000000000, 0.000000000000000000, -1.000000000000000000 ) ) ;
#685 = SURFACE_STYLE_FILL_AREA ( #458 ) ;
#686 = VECTOR ( 'NONE', #3038, 1000.000000000000000 ) ;
#687 = ORIENTED_EDGE ( 'NONE', *, *, #3513, .T. ) ;
#688 = CARTESIAN_POINT ( 'NONE',  ( -0.2093472623823182110, 0.9780871981339732679, 0.01000000000000000021 ) ) ;
#689 = MECHANICAL_DESIGN_GEOMETRIC_PRESENTATION_REPRESENTATION (  '', ( #3895 ), #3777 ) ;
#690 = VECTOR ( 'NONE', #1384, 1000.000000000000000 ) ;
#691 = DIRECTION ( 'NONE',  ( -0.000000000000000000, -0.000000000000000000, -1.000000000000000000 ) ) ;
#692 = ORIENTED_EDGE ( 'NONE', *, *, #1433, .T. ) ;
#693 = PRESENTATION_LAYER_ASSIGNMENT (  '', '', ( #3897 ) ) ;
#694 = ORIENTED_EDGE ( 'NONE', *, *, #3253, .F. ) ;
#695 = PLANE ( 'NONE',  #1934 ) ;
#696 = DIRECTION ( 'NONE',  ( 0.000000000000000000, -0.000000000000000000, 1.000000000000000000 ) ) ;
#697 = CARTESIAN_POINT ( 'NONE',  ( 0.5999999999999999778, 0.000000000000000000, 0.000000000000000000 ) ) ;
#698 = EDGE_CURVE ( 'NONE', #3449, #77, #2028, .T. ) ;
#699 = ORIENTED_EDGE ( 'NONE', *, *, #3815, .T. ) ;
#700 = PLANE ( 'NONE',  #2808 ) ;
#701 = CARTESIAN_POINT ( 'NONE',  ( 0.2363791179785710017, 0.8721375028226889814, 0.01000000000000000021 ) ) ;
#702 = CARTESIAN_POINT ( 'NONE',  ( -0.1858779196425166536, 0.8662976540751842203, 0.01000000000000000021 ) ) ;
#703 =( LENGTH_UNIT ( ) NAMED_UNIT ( * ) SI_UNIT ( .MILLI., .METRE. ) );
#704 = DIRECTION ( 'NONE',  ( -0.000000000000000000, -0.000000000000000000, 1.000000000000000000 ) ) ;
#705 = EDGE_CURVE ( 'NONE', #2284, #2748, #2723, .T. ) ;
#706 = EDGE_LOOP ( 'NONE', ( #3435, #1677, #478, #58 ) ) ;
#707 = FILL_AREA_STYLE ('',( #2193 ) ) ;
#708 = CARTESIAN_POINT ( 'NONE',  ( -0.1991521343662285004, 1.024335685250696626, 6.776263578034402713E-18 ) ) ;
#709 = FILL_AREA_STYLE ('',( #461 ) ) ;
#710 = CARTESIAN_POINT ( 'NONE',  ( 0.3681950260150038678, 0.9169297560152052107, 0.01000000000000000021 ) ) ;
#711 = ORIENTED_EDGE ( 'NONE', *, *, #3864, .F. ) ;
#712 = CARTESIAN_POINT ( 'NONE',  ( 0.2553811477222176496, 0.8438182003631637951, 0.01000000000000000021 ) ) ;
#713 = ORIENTED_EDGE ( 'NONE', *, *, #3831, .F. ) ;
#714 = CARTESIAN_POINT ( 'NONE',  ( 0.2117804745752954187, 0.8773452370444321247, 0.01000000000000000021 ) ) ;
#715 = AXIS2_PLACEMENT_3D ( 'NONE', #150, #1313, #3415 ) ;
#716 = CARTESIAN_POINT ( 'NONE',  ( -0.3761117532596283120, 1.048809187215443695, 0.01000000000000000021 ) ) ;
#717 = CARTESIAN_POINT ( 'NONE',  ( 0.2976482299436423173, 0.8814274210936628995, 0.01000000000000000021 ) ) ;
#718 = ORIENTED_EDGE ( 'NONE', *, *, #1836, .F. ) ;
#719 = COLOUR_RGB ( '',0.9686274509803921573, 0.8784313725490195957, 0.5999999999999999778 ) ;
#720 = CARTESIAN_POINT ( 'NONE',  ( 0.3181499265515457808, 0.8975752809095230988, 0.000000000000000000 ) ) ;
#721 = CARTESIAN_POINT ( 'NONE',  ( -0.2379702935149738685, 0.9346865280716299962, 0.01000000000000000021 ) ) ;
#722 = CARTESIAN_POINT ( 'NONE',  ( 0.3096374542666875396, 1.051141514585854697, 0.01000000000000000021 ) ) ;
#723 = PRESENTATION_STYLE_ASSIGNMENT (( #1631 ) ) ;
#724 = EDGE_CURVE ( 'NONE', #2090, #1052, #2408, .T. ) ;
#725 = VERTEX_POINT ( 'NONE', #3635 ) ;
#726 =( NAMED_UNIT ( * ) SI_UNIT ( $, .STERADIAN. ) SOLID_ANGLE_UNIT ( ) );
#727 =( NAMED_UNIT ( * ) SI_UNIT ( $, .STERADIAN. ) SOLID_ANGLE_UNIT ( ) );
#728 = UNCERTAINTY_MEASURE_WITH_UNIT (LENGTH_MEASURE( 1.000000000000000082E-05 ), #1741, 'distance_accuracy_value', 'NONE');
#729 = AXIS2_PLACEMENT_3D ( 'NONE', #3601, #1780, #3343 ) ;
#730 = CARTESIAN_POINT ( 'NONE',  ( 0.3023196640024234938, 1.056815477679491799, 6.776263578034402713E-18 ) ) ;
#731 =( GEOMETRIC_REPRESENTATION_CONTEXT ( 3 ) GLOBAL_UNCERTAINTY_ASSIGNED_CONTEXT ( ( #1666 ) ) GLOBAL_UNIT_ASSIGNED_CONTEXT ( ( #1069, #2841, #2504 ) ) REPRESENTATION_CONTEXT ( 'NONE', 'WORKASPACE' ) );
#732 = ORIENTED_EDGE ( 'NONE', *, *, #3049, .F. ) ;
#733 = CARTESIAN_POINT ( 'NONE',  ( 0.1922591189067271999, 0.8859294328172758748, 6.776263578034402713E-18 ) ) ;
#734 = CARTESIAN_POINT ( 'NONE',  ( 0.2957029948461330493, 0.8483150377621022642, 0.01000000000000000021 ) ) ;
#735 = FILL_AREA_STYLE ('',( #3125 ) ) ;
#736 = CARTESIAN_POINT ( 'NONE',  ( 0.000000000000000000, 0.000000000000000000, 0.000000000000000000 ) ) ;
#737 =( LENGTH_UNIT ( ) NAMED_UNIT ( * ) SI_UNIT ( .MILLI., .METRE. ) );
#738 = EDGE_CURVE ( 'NONE', #1650, #1661, #604, .T. ) ;
#739 = ORIENTED_EDGE ( 'NONE', *, *, #251, .T. ) ;
#740 = B_SPLINE_SURFACE_WITH_KNOTS ( 'NONE', 3, 1, ( 
 ( #126, #1652 ),
 ( #1916, #3663 ),
 ( #975, #1564 ),
 ( #3728, #56 ),
 ( #75, #388 ),
 ( #956, #3454 ),
 ( #2190, #1314 ) ),
 .UNSPECIFIED., .F., .F., .F.,
 ( 4, 1, 1, 1, 4 ),
 ( 2, 2 ),
 ( 0.000000000000000000, 0.3005411131585096762, 0.5677471464835994741, 0.8000336137369805645, 1.000000000000000000 ),
 ( 0.000000000000000000, 1.000000000000000000 ),
 .UNSPECIFIED. ) ;
#741 = CARTESIAN_POINT ( 'NONE',  ( 0.2179081703295452921, 1.068508767302663198, 0.01000000000000000021 ) ) ;
#742 = FILL_AREA_STYLE_COLOUR ( '', #3286 ) ;
#743 = ORIENTED_EDGE ( 'NONE', *, *, #551, .T. ) ;
#744 = CARTESIAN_POINT ( 'NONE',  ( 0.3424000607647620376, 0.9691597969715411987, 0.01000000000000000021 ) ) ;
#745 = EDGE_CURVE ( 'NONE', #2312, #20, #642, .T. ) ;
#746 = VERTEX_POINT ( 'NONE', #2126 ) ;
#747 = VECTOR ( 'NONE', #2076, 1000.000000000000000 ) ;
#748 = CARTESIAN_POINT ( 'NONE',  ( -0.4249875154547502198, 0.9169494311178827406, 0.01000000000000000021 ) ) ;
#749 = FACE_OUTER_BOUND ( 'NONE', #2003, .T. ) ;
#750 = DIRECTION ( 'NONE',  ( -0.000000000000000000, -0.000000000000000000, 1.000000000000000000 ) ) ;
#751 = CARTESIAN_POINT ( 'NONE',  ( -0.1690904350158116409, 0.8889068079303414915, 0.01000000000000000021 ) ) ;
#752 = SURFACE_STYLE_FILL_AREA ( #1360 ) ;
#753 = CARTESIAN_POINT ( 'NONE',  ( 0.2862712253860429379, 1.065649937093817723, 0.01000000000000000021 ) ) ;
#754 = AXIS2_PLACEMENT_3D ( 'NONE', #3856, #2654, #2327 ) ;
#755 = EDGE_LOOP ( 'NONE', ( #2958, #964, #99, #394 ) ) ;
#756 = STYLED_ITEM ( 'NONE', ( #3147 ), #2464 ) ;
#757 =( NAMED_UNIT ( * ) SI_UNIT ( $, .STERADIAN. ) SOLID_ANGLE_UNIT ( ) );
#758 = PRESENTATION_STYLE_ASSIGNMENT (( #175 ) ) ;
#759 = LINE ( 'NONE', #139, #1689 ) ;
#760 = PRESENTATION_LAYER_ASSIGNMENT (  '', '', ( #3410 ) ) ;
#761 = UNCERTAINTY_MEASURE_WITH_UNIT (LENGTH_MEASURE( 1.000000000000000082E-05 ), #224, 'distance_accuracy_value', 'NONE');
#762 = ORIENTED_EDGE ( 'NONE', *, *, #155, .F. ) ;
#763 =( GEOMETRIC_REPRESENTATION_CONTEXT ( 3 ) GLOBAL_UNCERTAINTY_ASSIGNED_CONTEXT ( ( #2216 ) ) GLOBAL_UNIT_ASSIGNED_CONTEXT ( ( #3730, #3785, #3112 ) ) REPRESENTATION_CONTEXT ( 'NONE', 'WORKASPACE' ) );
#764 = LINE ( 'NONE', #2900, #3224 ) ;
#765 = ORIENTED_EDGE ( 'NONE', *, *, #1887, .F. ) ;
#766 = DIRECTION ( 'NONE',  ( 1.000000000000000000, 0.000000000000000000, 0.000000000000000000 ) ) ;
#767 = ORIENTED_EDGE ( 'NONE', *, *, #1301, .F. ) ;
#768 = CARTESIAN_POINT ( 'NONE',  ( -0.07528286606450632079, 0.8742665042886144100, 0.01000000000000000021 ) ) ;
#769 = DIRECTION ( 'NONE',  ( -0.000000000000000000, 0.000000000000000000, -1.000000000000000000 ) ) ;
#770 = AXIS2_PLACEMENT_3D ( 'NONE', #3564, #2047, #2955 ) ;
#771 = VECTOR ( 'NONE', #521, 1000.000000000000000 ) ;
#772 = CARTESIAN_POINT ( 'NONE',  ( 0.2045900185825241802, 0.8526630578771958735, 0.01000000000000000021 ) ) ;
#773 = ORIENTED_EDGE ( 'NONE', *, *, #1110, .F. ) ;
#774 = PRESENTATION_STYLE_ASSIGNMENT (( #2839 ) ) ;
#775 = APPLICATION_CONTEXT ( 'automotive_design' ) ;
#776 = CARTESIAN_POINT ( 'NONE',  ( 0.5253268900330546609, 0.8468274798983704832, 0.01000000000000000021 ) ) ;
#777 = CARTESIAN_POINT ( 'NONE',  ( 0.4917903046672009726, 0.8742665042886144100, 0.01000000000000000021 ) ) ;
#778 = EDGE_CURVE ( 'NONE', #1309, #3118, #3319, .T. ) ;
#779 = UNCERTAINTY_MEASURE_WITH_UNIT (LENGTH_MEASURE( 1.000000000000000082E-05 ), #1418, 'distance_accuracy_value', 'NONE');
#780 =( GEOMETRIC_REPRESENTATION_CONTEXT ( 3 ) GLOBAL_UNCERTAINTY_ASSIGNED_CONTEXT ( ( #2346 ) ) GLOBAL_UNIT_ASSIGNED_CONTEXT ( ( #596, #578, #1120 ) ) REPRESENTATION_CONTEXT ( 'NONE', 'WORKASPACE' ) );
#781 = FILL_AREA_STYLE ('',( #2308 ) ) ;
#782 = PRESENTATION_LAYER_ASSIGNMENT (  '', '', ( #274 ) ) ;
#783 = EDGE_LOOP ( 'NONE', ( #762, #1998, #3759, #1685 ) ) ;
#784 = CARTESIAN_POINT ( 'NONE',  ( 0.2253153440780914785, 1.070304058907975087, 0.01000000000000000021 ) ) ;
#785 = ORIENTED_EDGE ( 'NONE', *, *, #25, .T. ) ;
#786 = SURFACE_STYLE_USAGE ( .BOTH. , #802 ) ;
#787 = ORIENTED_EDGE ( 'NONE', *, *, #432, .T. ) ;
#788 = DIRECTION ( 'NONE',  ( 1.000000000000000000, 0.000000000000000000, -0.000000000000000000 ) ) ;
#789 = SURFACE_SIDE_STYLE ('',( #3201 ) ) ;
#790 = DIRECTION ( 'NONE',  ( 1.000000000000000000, 0.000000000000000000, -0.000000000000000000 ) ) ;
#791 = PRODUCT_DEFINITION_CONTEXT ( 'detailed design', #3671, 'design' ) ;
#792 = EDGE_CURVE ( 'NONE', #2419, #2902, #302, .T. ) ;
#793 = CARTESIAN_POINT ( 'NONE',  ( 0.2862712253860429379, 1.065649937093817723, 6.776263578034402713E-18 ) ) ;
#794 = VERTEX_POINT ( 'NONE', #3337 ) ;
#795 = CARTESIAN_POINT ( 'NONE',  ( 0.2533082665925562860, 1.099771204132812041, -0.000000000000000000 ) ) ;
#796 = FILL_AREA_STYLE ('',( #1643 ) ) ;
#797 = COLOUR_RGB ( '',0.9686274509803921573, 0.8784313725490195957, 0.5999999999999999778 ) ;
#798 = CARTESIAN_POINT ( 'NONE',  ( 0.2232580472717865250, 0.8472468660221416092, 0.01000000000000000021 ) ) ;
#799 = MECHANICAL_DESIGN_GEOMETRIC_PRESENTATION_REPRESENTATION (  '', ( #2564 ), #3196 ) ;
#800 = CARTESIAN_POINT ( 'NONE',  ( 0.2042036863291784576, 0.8801387523212749198, 0.000000000000000000 ) ) ;
#801 = ORIENTED_EDGE ( 'NONE', *, *, #363, .T. ) ;
#802 = SURFACE_SIDE_STYLE ('',( #2888 ) ) ;
#803 = ORIENTED_EDGE ( 'NONE', *, *, #3353, .T. ) ;
#804 = LINE ( 'NONE', #3220, #1967 ) ;
#805 = CARTESIAN_POINT ( 'NONE',  ( 0.01922932905744486817, 0.9870713823373947760, 0.01000000000000000021 ) ) ;
#806 = AXIS2_PLACEMENT_3D ( 'NONE', #2168, #2805, #1865 ) ;
#807 = STYLED_ITEM ( 'NONE', ( #243 ), #3359 ) ;
#808 = VERTEX_POINT ( 'NONE', #3613 ) ;
#809 =( NAMED_UNIT ( * ) PLANE_ANGLE_UNIT ( ) SI_UNIT ( $, .RADIAN. ) );
#810 = PRESENTATION_STYLE_ASSIGNMENT (( #257 ) ) ;
#811 = DIRECTION ( 'NONE',  ( -0.3635424856527063597, -0.9315776194850602376, 0.000000000000000000 ) ) ;
#812 = DIRECTION ( 'NONE',  ( 0.000000000000000000, -1.000000000000000000, 0.000000000000000000 ) ) ;
#813 =( NAMED_UNIT ( * ) PLANE_ANGLE_UNIT ( ) SI_UNIT ( $, .RADIAN. ) );
#814 = CARTESIAN_POINT ( 'NONE',  ( -0.3674417837474331927, 1.048809187215443695, 0.000000000000000000 ) ) ;
#815 = UNCERTAINTY_MEASURE_WITH_UNIT (LENGTH_MEASURE( 1.000000000000000082E-05 ), #3426, 'distance_accuracy_value', 'NONE');
#816 = FACE_BOUND ( 'NONE', #3388, .T. ) ;
#817 = CARTESIAN_POINT ( 'NONE',  ( -0.1258954490961600448, 1.096524382232342054, 0.01000000000000000021 ) ) ;
#818 = FACE_OUTER_BOUND ( 'NONE', #1460, .T. ) ;
#819 = FACE_OUTER_BOUND ( 'NONE', #755, .T. ) ;
#820 = ORIENTED_EDGE ( 'NONE', *, *, #2303, .T. ) ;
#821 = DIRECTION ( 'NONE',  ( -0.000000000000000000, -0.000000000000000000, 1.000000000000000000 ) ) ;
#822 = ORIENTED_EDGE ( 'NONE', *, *, #1658, .T. ) ;
#823 = FACE_OUTER_BOUND ( 'NONE', #2576, .T. ) ;
#824 = CARTESIAN_POINT ( 'NONE',  ( -0.2031115692413860141, 0.9322144926397518683, 0.01000000000000000021 ) ) ;
#825 = PRESENTATION_STYLE_ASSIGNMENT (( #2317 ) ) ;
#826 = EDGE_CURVE ( 'NONE', #570, #1059, #1204, .T. ) ;
#827 = EDGE_LOOP ( 'NONE', ( #2656, #59, #957, #3705 ) ) ;
#828 = DIRECTION ( 'NONE',  ( 0.000000000000000000, 1.000000000000000000, 0.000000000000000000 ) ) ;
#829 = ADVANCED_FACE ( 'NONE', ( #3018 ), #3357, .T. ) ;
#830 = CARTESIAN_POINT ( 'NONE',  ( 0.2487929723501278445, 1.099876260386175364, 0.000000000000000000 ) ) ;
#831 = MECHANICAL_DESIGN_GEOMETRIC_PRESENTATION_REPRESENTATION (  '', ( #2962 ), #3365 ) ;
#832 = VECTOR ( 'NONE', #6, 1000.000000000000000 ) ;
#833 = LINE ( 'NONE', #3814, #3173 ) ;
#834 = CARTESIAN_POINT ( 'NONE',  ( 0.01922932905744486817, 0.9870713823373947760, 0.01000000000000000021 ) ) ;
#835 = FILL_AREA_STYLE ('',( #3593 ) ) ;
#836 = EDGE_CURVE ( 'NONE', #1451, #189, #948, .T. ) ;
#837 = VECTOR ( 'NONE', #371, 1000.000000000000000 ) ;
#838 = CARTESIAN_POINT ( 'NONE',  ( 0.2587491461306156704, 0.8437786994105656024, 0.01000000000000000021 ) ) ;
#839 =( NAMED_UNIT ( * ) SI_UNIT ( $, .STERADIAN. ) SOLID_ANGLE_UNIT ( ) );
#840 = CARTESIAN_POINT ( 'NONE',  ( 0.000000000000000000, 0.000000000000000000, 0.000000000000000000 ) ) ;
#841 = VERTEX_POINT ( 'NONE', #2470 ) ;
#842 = CARTESIAN_POINT ( 'NONE',  ( -0.1521269350385348329, 0.8806315031339861932, 0.000000000000000000 ) ) ;
#843 = CARTESIAN_POINT ( 'NONE',  ( 0.1076439632037863581, 0.9596323579471509602, 0.000000000000000000 ) ) ;
#844 = SURFACE_STYLE_USAGE ( .BOTH. , #3308 ) ;
#845 =( NAMED_UNIT ( * ) PLANE_ANGLE_UNIT ( ) SI_UNIT ( $, .RADIAN. ) );
#846 = PRESENTATION_LAYER_ASSIGNMENT (  '', '', ( #3465 ) ) ;
#847 = ORIENTED_EDGE ( 'NONE', *, *, #745, .T. ) ;
#848 = FACE_OUTER_BOUND ( 'NONE', #378, .T. ) ;
#849 =( LENGTH_UNIT ( ) NAMED_UNIT ( * ) SI_UNIT ( .MILLI., .METRE. ) );
#850 = CARTESIAN_POINT ( 'NONE',  ( 0.3238536515008966221, 0.9044711207212462467, 0.01000000000000000021 ) ) ;
#851 = EDGE_CURVE ( 'NONE', #2463, #187, #1328, .T. ) ;
#852 = PRESENTATION_LAYER_ASSIGNMENT (  '', '', ( #2563 ) ) ;
#853 = CARTESIAN_POINT ( 'NONE',  ( -0.3301418599669453391, 0.9443884555081265564, 0.000000000000000000 ) ) ;
#854 = SURFACE_STYLE_FILL_AREA ( #303 ) ;
#855 = UNCERTAINTY_MEASURE_WITH_UNIT (LENGTH_MEASURE( 1.000000000000000082E-05 ), #2280, 'distance_accuracy_value', 'NONE');
#856 = DIRECTION ( 'NONE',  ( -0.000000000000000000, -0.000000000000000000, -1.000000000000000000 ) ) ;
#857 =( GEOMETRIC_REPRESENTATION_CONTEXT ( 3 ) GLOBAL_UNCERTAINTY_ASSIGNED_CONTEXT ( ( #3171 ) ) GLOBAL_UNIT_ASSIGNED_CONTEXT ( ( #3464, #3794, #3168 ) ) REPRESENTATION_CONTEXT ( 'NONE', 'WORKASPACE' ) );
#858 = ORIENTED_EDGE ( 'NONE', *, *, #851, .F. ) ;
#859 = DIRECTION ( 'NONE',  ( -0.000000000000000000, -0.000000000000000000, -1.000000000000000000 ) ) ;
#860 = ORIENTED_EDGE ( 'NONE', *, *, #949, .F. ) ;
#861 = FILL_AREA_STYLE_COLOUR ( '', #651 ) ;
#862 = CARTESIAN_POINT ( 'NONE',  ( -0.2093429285228218251, 0.9704113414735918708, 1.355252715606880543E-17 ) ) ;
#863 = CARTESIAN_POINT ( 'NONE',  ( 0.3671642600847050963, 1.021069824878836574, 0.01000000000000000021 ) ) ;
#864 = MECHANICAL_DESIGN_GEOMETRIC_PRESENTATION_REPRESENTATION (  '', ( #2368 ), #1551 ) ;
#865 = DIRECTION ( 'NONE',  ( 0.000000000000000000, -0.000000000000000000, 1.000000000000000000 ) ) ;
#866 =( NAMED_UNIT ( * ) PLANE_ANGLE_UNIT ( ) SI_UNIT ( $, .RADIAN. ) );
#867 = ORIENTED_EDGE ( 'NONE', *, *, #2923, .T. ) ;
#868 =( GEOMETRIC_REPRESENTATION_CONTEXT ( 3 ) GLOBAL_UNCERTAINTY_ASSIGNED_CONTEXT ( ( #505 ) ) GLOBAL_UNIT_ASSIGNED_CONTEXT ( ( #1807, #2683, #300 ) ) REPRESENTATION_CONTEXT ( 'NONE', 'WORKASPACE' ) );
#869 = CARTESIAN_POINT ( 'NONE',  ( 0.2035529916530770811, 1.063500482551720472, 6.776263578034402713E-18 ) ) ;
#870 =( GEOMETRIC_REPRESENTATION_CONTEXT ( 3 ) GLOBAL_UNCERTAINTY_ASSIGNED_CONTEXT ( ( #2594 ) ) GLOBAL_UNIT_ASSIGNED_CONTEXT ( ( #160, #177, #3832 ) ) REPRESENTATION_CONTEXT ( 'NONE', 'WORKASPACE' ) );
#871 = CARTESIAN_POINT ( 'NONE',  ( 0.01313176808183510666, 1.096827479898370372, 0.000000000000000000 ) ) ;
#872 = CARTESIAN_POINT ( 'NONE',  ( 0.2487929723501278445, 1.099876260386175364, 0.01000000000000000021 ) ) ;
#873 = SURFACE_SIDE_STYLE ('',( #282 ) ) ;
#874 = DIRECTION ( 'NONE',  ( -0.000000000000000000, -0.000000000000000000, -1.000000000000000000 ) ) ;
#875 = AXIS2_PLACEMENT_3D ( 'NONE', #3257, #1150, #3458 ) ;
#876 = DIRECTION ( 'NONE',  ( -1.000000000000000000, 0.000000000000000000, 0.000000000000000000 ) ) ;
#877 = ORIENTED_EDGE ( 'NONE', *, *, #15, .F. ) ;
#878 = VECTOR ( 'NONE', #1760, 1000.000000000000000 ) ;
#879 =( GEOMETRIC_REPRESENTATION_CONTEXT ( 3 ) GLOBAL_UNCERTAINTY_ASSIGNED_CONTEXT ( ( #3193 ) ) GLOBAL_UNIT_ASSIGNED_CONTEXT ( ( #2345, #1168, #3338 ) ) REPRESENTATION_CONTEXT ( 'NONE', 'WORKASPACE' ) );
#880 = LINE ( 'NONE', #2369, #1432 ) ;
#881 = ORIENTED_EDGE ( 'NONE', *, *, #2303, .F. ) ;
#882 = CARTESIAN_POINT ( 'NONE',  ( -0.2408579675358473171, 0.9474857863071971531, 6.776263578034402713E-18 ) ) ;
#883 = CARTESIAN_POINT ( 'NONE',  ( 0.1076439632037863581, 0.9596323579471509602, 0.01000000000000000021 ) ) ;
#884 = FILL_AREA_STYLE ('',( #500 ) ) ;
#885 = SURFACE_SIDE_STYLE ('',( #1140 ) ) ;
#886 = EDGE_LOOP ( 'NONE', ( #2844, #1975, #2960, #2154 ) ) ;
#887 = CARTESIAN_POINT ( 'NONE',  ( -0.3725998144553485658, 1.064417831527573410, -0.000000000000000000 ) ) ;
#888 = CARTESIAN_POINT ( 'NONE',  ( -0.4137451374059697984, 0.9443884555081265564, 0.01000000000000000021 ) ) ;
#889 = CARTESIAN_POINT ( 'NONE',  ( -0.3678196397298850173, 1.049948656717134110, -0.000000000000000000 ) ) ;
#890 = EDGE_CURVE ( 'NONE', #1254, #285, #603, .T. ) ;
#891 = VECTOR ( 'NONE', #1513, 1000.000000000000114 ) ;
#892 = CARTESIAN_POINT ( 'NONE',  ( -0.2379724296334134181, 1.013503224741680864, 0.01000000000000000021 ) ) ;
#893 = CARTESIAN_POINT ( 'NONE',  ( -0.3893072563084088444, 1.096827479898370372, 0.01000000000000000021 ) ) ;
#894 = ORIENTED_EDGE ( 'NONE', *, *, #3376, .F. ) ;
#895 = MECHANICAL_DESIGN_GEOMETRIC_PRESENTATION_REPRESENTATION (  '', ( #1582 ), #2337 ) ;
#896 =( NAMED_UNIT ( * ) PLANE_ANGLE_UNIT ( ) SI_UNIT ( $, .RADIAN. ) );
#897 = CARTESIAN_POINT ( 'NONE',  ( 0.1899610363745180830, 0.8597847969715411987, 0.01000000000000000021 ) ) ;
#898 = STYLED_ITEM ( 'NONE', ( #2436 ), #2108 ) ;
#899 = EDGE_CURVE ( 'NONE', #2199, #2328, #3336, .T. ) ;
#900 =( NAMED_UNIT ( * ) SI_UNIT ( $, .STERADIAN. ) SOLID_ANGLE_UNIT ( ) );
#901 = ORIENTED_EDGE ( 'NONE', *, *, #1180, .F. ) ;
#902 = CARTESIAN_POINT ( 'NONE',  ( -0.1637269776527710552, 1.088744101286999832, 6.776263578034402713E-18 ) ) ;
#903 = EDGE_CURVE ( 'NONE', #1994, #1023, #3684, .T. ) ;
#904 = CARTESIAN_POINT ( 'NONE',  ( 0.1076439632037863581, 1.069388455508126556, 0.000000000000000000 ) ) ;
#905 = FACE_OUTER_BOUND ( 'NONE', #3289, .T. ) ;
#906 = CARTESIAN_POINT ( 'NONE',  ( 0.3104472669585207623, 1.085813522749777382, 0.01000000000000000021 ) ) ;
#907 = EDGE_CURVE ( 'NONE', #2264, #746, #2407, .T. ) ;
#908 = CARTESIAN_POINT ( 'NONE',  ( -0.3301418599669453391, 0.9443884555081265564, 0.000000000000000000 ) ) ;
#909 = CARTESIAN_POINT ( 'NONE',  ( -0.1945121764911790785, 1.032188817357970301, 0.000000000000000000 ) ) ;
#910 = MECHANICAL_DESIGN_GEOMETRIC_PRESENTATION_REPRESENTATION (  '', ( #2559 ), #223 ) ;
#911 = STYLED_ITEM ( 'NONE', ( #2022 ), #1753 ) ;
#912 = LINE ( 'NONE', #52, #410 ) ;
#913 =( GEOMETRIC_REPRESENTATION_CONTEXT ( 3 ) GLOBAL_UNCERTAINTY_ASSIGNED_CONTEXT ( ( #451 ) ) GLOBAL_UNIT_ASSIGNED_CONTEXT ( ( #2064, #1415, #3850 ) ) REPRESENTATION_CONTEXT ( 'NONE', 'WORKASPACE' ) );
#914 = FILL_AREA_STYLE ('',( #497 ) ) ;
#915 =( NAMED_UNIT ( * ) PLANE_ANGLE_UNIT ( ) SI_UNIT ( $, .RADIAN. ) );
#916 = CARTESIAN_POINT ( 'NONE',  ( -0.1858779196425166536, 0.8662976540751842203, 0.01000000000000000021 ) ) ;
#917 = CARTESIAN_POINT ( 'NONE',  ( -0.3557706709425551561, 1.096827479898370372, 0.000000000000000000 ) ) ;
#918 = CARTESIAN_POINT ( 'NONE',  ( 0.3758277652668249869, 0.9719752753587468375, 6.776263578034402713E-18 ) ) ;
#919 = VECTOR ( 'NONE', #1682, 1000.000000000000000 ) ;
#920 = CARTESIAN_POINT ( 'NONE',  ( 0.1076439632037863581, 1.069388455508126556, 0.01000000000000000021 ) ) ;
#921 = CARTESIAN_POINT ( 'NONE',  ( 0.3582056334958333421, 0.8958022654365432880, 0.000000000000000000 ) ) ;
#922 =( NAMED_UNIT ( * ) SI_UNIT ( $, .STERADIAN. ) SOLID_ANGLE_UNIT ( ) );
#923 = ORIENTED_EDGE ( 'NONE', *, *, #572, .F. ) ;
#924 = LINE ( 'NONE', #2699, #3651 ) ;
#925 = LINE ( 'NONE', #3291, #3460 ) ;
#926 = CARTESIAN_POINT ( 'NONE',  ( -0.1145394686232532461, 0.8743479315178117606, 0.01000000000000000021 ) ) ;
#927 = CARTESIAN_POINT ( 'NONE',  ( 0.3671642600847050963, 1.021069824878836574, 0.01000000000000000021 ) ) ;
#928 = CARTESIAN_POINT ( 'NONE',  ( 0.3360675979556171922, 1.011684099080376598, 0.000000000000000000 ) ) ;
#929 = STYLED_ITEM ( 'NONE', ( #3726 ), #76 ) ;
#930 = PRESENTATION_LAYER_ASSIGNMENT (  '', '', ( #2639 ) ) ;
#931 = DIRECTION ( 'NONE',  ( -0.000000000000000000, -0.000000000000000000, -1.000000000000000000 ) ) ;
#932 = LINE ( 'NONE', #1600, #1945 ) ;
#933 = CARTESIAN_POINT ( 'NONE',  ( -0.1748016253275325449, 0.8602890726596484905, 0.01000000000000000021 ) ) ;
#934 = SURFACE_STYLE_FILL_AREA ( #3893 ) ;
#935 = PRESENTATION_STYLE_ASSIGNMENT (( #345 ) ) ;
#936 = AXIS2_PLACEMENT_3D ( 'NONE', #3808, #269, #1209 ) ;
#937 = ORIENTED_EDGE ( 'NONE', *, *, #3376, .T. ) ;
#938 = UNCERTAINTY_MEASURE_WITH_UNIT (LENGTH_MEASURE( 1.000000000000000082E-05 ), #3255, 'distance_accuracy_value', 'NONE');
#939 = B_SPLINE_CURVE_WITH_KNOTS ( 'NONE', 3,
 ( #583, #564, #2082, #3545, #2931, #889, #814 ),
 .UNSPECIFIED., .F., .F.,
 ( 4, 1, 1, 1, 4 ),
 ( 0.000000000000000000, 0.3005411131585096762, 0.5677471464835994741, 0.8000336137369805645, 1.000000000000000000 ),
 .UNSPECIFIED. ) ;
#940 = CARTESIAN_POINT ( 'NONE',  ( -0.1757344664106557375, 1.051210081346251046, 0.01000000000000000021 ) ) ;
#941 = SURFACE_SIDE_STYLE ('',( #3008 ) ) ;
#942 = ORIENTED_EDGE ( 'NONE', *, *, #3774, .T. ) ;
#943 = CARTESIAN_POINT ( 'NONE',  ( -0.1121540550888966009, 1.069388455508126556, 0.01000000000000000021 ) ) ;
#944 = EDGE_CURVE ( 'NONE', #841, #1528, #178, .T. ) ;
#945 = SURFACE_STYLE_FILL_AREA ( #44 ) ;
#946 = DIRECTION ( 'NONE',  ( -1.000000000000000000, 0.000000000000000000, 0.000000000000000000 ) ) ;
#947 = CARTESIAN_POINT ( 'NONE',  ( -0.2978438416742624217, 0.8468274798983704832, 0.000000000000000000 ) ) ;
#948 = LINE ( 'NONE', #2103, #891 ) ;
#949 = EDGE_CURVE ( 'NONE', #1761, #430, #2507, .T. ) ;
#950 = CARTESIAN_POINT ( 'NONE',  ( -0.2029202669562472916, 1.015722100263804606, 0.000000000000000000 ) ) ;
#951 = COLOUR_RGB ( '',0.9686274509803921573, 0.8784313725490195957, 0.5999999999999999778 ) ;
#952 = CIRCLE ( 'NONE', #265, 1.599999999999999423 ) ;
#953 = CARTESIAN_POINT ( 'NONE',  ( 0.2042036863291784576, 0.8801387523212749198, 0.01000000000000000021 ) ) ;
#954 = CARTESIAN_POINT ( 'NONE',  ( -0.2091752853016342339, 0.9629391331280712230, 0.000000000000000000 ) ) ;
#955 = PRESENTATION_STYLE_ASSIGNMENT (( #3414 ) ) ;
#956 = CARTESIAN_POINT ( 'NONE',  ( -0.3678196397298850173, 1.049948656717134110, 0.01000000000000000021 ) ) ;
#957 = ORIENTED_EDGE ( 'NONE', *, *, #506, .T. ) ;
#958 = VECTOR ( 'NONE', #3603, 1000.000000000000000 ) ;
#959 =( GEOMETRIC_REPRESENTATION_CONTEXT ( 3 ) GLOBAL_UNCERTAINTY_ASSIGNED_CONTEXT ( ( #1834 ) ) GLOBAL_UNIT_ASSIGNED_CONTEXT ( ( #1080, #2601, #2622 ) ) REPRESENTATION_CONTEXT ( 'NONE', 'WORKASPACE' ) );
#960 = CARTESIAN_POINT ( 'NONE',  ( -0.2094292075279209631, 0.9742569768495900062, 0.01000000000000000021 ) ) ;
#961 = CARTESIAN_POINT ( 'NONE',  ( 0.3358937810084001163, 0.8695961947086827681, 0.000000000000000000 ) ) ;
#962 = ORIENTED_EDGE ( 'NONE', *, *, #2429, .F. ) ;
#963 = DIRECTION ( 'NONE',  ( -0.3536223923290755522, 0.9353882635801357148, 0.000000000000000000 ) ) ;
#964 = ORIENTED_EDGE ( 'NONE', *, *, #2544, .T. ) ;
#965 = CARTESIAN_POINT ( 'NONE',  ( 0.2587491461306156704, 0.8437786994105656024, 0.01000000000000000021 ) ) ;
#966 = CARTESIAN_POINT ( 'NONE',  ( -0.1834600417085764934, 0.9004470279115119880, 0.01000000000000000021 ) ) ;
#967 = DIRECTION ( 'NONE',  ( 1.000000000000000000, 0.000000000000000000, 0.000000000000000000 ) ) ;
#968 = DIRECTION ( 'NONE',  ( -0.000000000000000000, -0.000000000000000000, -1.000000000000000000 ) ) ;
#969 = PRESENTATION_STYLE_ASSIGNMENT (( #3676 ) ) ;
#970 = CARTESIAN_POINT ( 'NONE',  ( -0.4249875154547502198, 0.9169494311178827406, 0.01000000000000000021 ) ) ;
#971 = CARTESIAN_POINT ( 'NONE',  ( 0.1899610363745180830, 0.8872238213617851255, 0.01000000000000000021 ) ) ;
#972 = CARTESIAN_POINT ( 'NONE',  ( 0.1899610363745180830, 1.056431138434955841, 0.01000000000000000021 ) ) ;
#973 = CYLINDRICAL_SURFACE ( 'NONE', #2794, 0.5999999999999999778 ) ;
#974 = FACE_OUTER_BOUND ( 'NONE', #2212, .T. ) ;
#975 = CARTESIAN_POINT ( 'NONE',  ( -0.3706010808380842958, 1.061196462576724064, 0.01000000000000000021 ) ) ;
#976 = PRESENTATION_LAYER_ASSIGNMENT (  '', '', ( #1917 ) ) ;
#977 = EDGE_LOOP ( 'NONE', ( #3569, #607, #820, #1419 ) ) ;
#978 =( NAMED_UNIT ( * ) SI_UNIT ( $, .STERADIAN. ) SOLID_ANGLE_UNIT ( ) );
#979 = CARTESIAN_POINT ( 'NONE',  ( -0.1827254726210620350, 1.045647389648702186, 0.01000000000000000021 ) ) ;
#980 =( LENGTH_UNIT ( ) NAMED_UNIT ( * ) SI_UNIT ( .MILLI., .METRE. ) );
#981 = VERTEX_POINT ( 'NONE', #3443 ) ;
#982 = CARTESIAN_POINT ( 'NONE',  ( -0.1258954490961600448, 1.096524382232342054, 6.776263578034402713E-18 ) ) ;
#983 = ADVANCED_FACE ( 'NONE', ( #1071 ), #2268, .T. ) ;
#984 = EDGE_LOOP ( 'NONE', ( #765, #1004, #459, #1151, #3792, #881, #877, #1263, #2655, #962 ) ) ;
#985 = CARTESIAN_POINT ( 'NONE',  ( -1.099999999999998979, 1.347111479062087271E-16, 7.900000000000002132 ) ) ;
#986 = CARTESIAN_POINT ( 'NONE',  ( -0.3722531404547502754, 1.066339675020321565, 0.000000000000000000 ) ) ;
#987 =( LENGTH_UNIT ( ) NAMED_UNIT ( * ) SI_UNIT ( .MILLI., .METRE. ) );
#988 =( NAMED_UNIT ( * ) SI_UNIT ( $, .STERADIAN. ) SOLID_ANGLE_UNIT ( ) );
#989 = CARTESIAN_POINT ( 'NONE',  ( 0.3972781095452497802, 0.8742665042886144100, 0.01000000000000000021 ) ) ;
#990 = ADVANCED_FACE ( 'NONE', ( #2804 ), #450, .T. ) ;
#991 = MECHANICAL_DESIGN_GEOMETRIC_PRESENTATION_REPRESENTATION (  '', ( #807 ), #2374 ) ;
#992 = CARTESIAN_POINT ( 'NONE',  ( 0.3330291424606175443, 0.9201291688432601257, 0.000000000000000000 ) ) ;
#993 = CARTESIAN_POINT ( 'NONE',  ( -0.2058464166045996246, 0.8816607481773121036, 0.01000000000000000021 ) ) ;
#994 = SURFACE_STYLE_FILL_AREA ( #2490 ) ;
#995 = LINE ( 'NONE', #3416, #1769 ) ;
#996 = ORIENTED_EDGE ( 'NONE', *, *, #3000, .T. ) ;
#997 = DIRECTION ( 'NONE',  ( 0.000000000000000000, -1.000000000000000000, 0.000000000000000000 ) ) ;
#998 = CARTESIAN_POINT ( 'NONE',  ( -0.3557706709425551561, 1.096827479898370372, 0.01000000000000000021 ) ) ;
#999 = CARTESIAN_POINT ( 'NONE',  ( -0.1121540550888966009, 1.069388455508126556, 0.01000000000000000021 ) ) ;
#1000 = CARTESIAN_POINT ( 'NONE',  ( -0.1145394686232532461, 0.8743479315178117606, 1.355252715606880543E-17 ) ) ;
#1001 = STYLED_ITEM ( 'NONE', ( #278 ), #2938 ) ;
#1002 = PRESENTATION_LAYER_ASSIGNMENT (  '', '', ( #756 ) ) ;
#1003 = CARTESIAN_POINT ( 'NONE',  ( 0.3681950260150038678, 0.9169297560152052107, 6.776263578034402713E-18 ) ) ;
#1004 = ORIENTED_EDGE ( 'NONE', *, *, #2660, .F. ) ;
#1005 =( GEOMETRIC_REPRESENTATION_CONTEXT ( 3 ) GLOBAL_UNCERTAINTY_ASSIGNED_CONTEXT ( ( #2592 ) ) GLOBAL_UNIT_ASSIGNED_CONTEXT ( ( #2273, #1055, #1706 ) ) REPRESENTATION_CONTEXT ( 'NONE', 'WORKASPACE' ) );
#1006 = CARTESIAN_POINT ( 'NONE',  ( -0.2426708700966863919, 0.9883645349831620130, 0.01000000000000000021 ) ) ;
#1007 = EDGE_LOOP ( 'NONE', ( #217, #252, #1618, #2218, #102, #1170 ) ) ;
#1008 = CARTESIAN_POINT ( 'NONE',  ( 0.3757056029010727438, 0.9537155819928488931, 0.01000000000000000021 ) ) ;
#1009 = FILL_AREA_STYLE ('',( #3079 ) ) ;
#1010 = SURFACE_SIDE_STYLE ('',( #1305 ) ) ;
#1011 = FACE_OUTER_BOUND ( 'NONE', #886, .T. ) ;
#1012 = EDGE_CURVE ( 'NONE', #1960, #1670, #952, .T. ) ;
#1013 = ORIENTED_EDGE ( 'NONE', *, *, #551, .F. ) ;
#1014 = LINE ( 'NONE', #3760, #2626 ) ;
#1015 = PRESENTATION_STYLE_ASSIGNMENT (( #3066 ) ) ;
#1016 = PRESENTATION_LAYER_ASSIGNMENT (  '', '', ( #1201 ) ) ;
#1017 = VECTOR ( 'NONE', #2703, 1000.000000000000000 ) ;
#1018 = ORIENTED_EDGE ( 'NONE', *, *, #3215, .T. ) ;
#1019 = DIRECTION ( 'NONE',  ( 0.000000000000000000, 1.000000000000000000, 0.000000000000000000 ) ) ;
#1020 = FACE_OUTER_BOUND ( 'NONE', #2517, .T. ) ;
#1021 = VECTOR ( 'NONE', #632, 1000.000000000000000 ) ;
#1022 = CARTESIAN_POINT ( 'NONE',  ( 0.3023196640024234938, 1.056815477679491799, 0.01000000000000000021 ) ) ;
#1023 = VERTEX_POINT ( 'NONE', #2629 ) ;
#1024 = CARTESIAN_POINT ( 'NONE',  ( 0.1968750467154573025, 0.8833295244179203420, 6.776263578034402713E-18 ) ) ;
#1025 = CARTESIAN_POINT ( 'NONE',  ( 0.3358937810084001163, 0.8695961947086827681, 0.01000000000000000021 ) ) ;
#1026 = PRESENTATION_LAYER_ASSIGNMENT (  '', '', ( #2086 ) ) ;
#1027 = FACE_OUTER_BOUND ( 'NONE', #2547, .T. ) ;
#1028 = CARTESIAN_POINT ( 'NONE',  ( -0.3732394872739302483, 1.060871701613713247, 6.776263578034402713E-18 ) ) ;
#1029 = EDGE_CURVE ( 'NONE', #3452, #3491, #833, .T. ) ;
#1030 = CARTESIAN_POINT ( 'NONE',  ( -0.2093472623823182110, 0.9780871981339732679, 0.01000000000000000021 ) ) ;
#1031 = EDGE_CURVE ( 'NONE', #64, #2476, #1701, .T. ) ;
#1032 = EDGE_CURVE ( 'NONE', #3801, #3074, #2008, .T. ) ;
#1033 = ORIENTED_EDGE ( 'NONE', *, *, #1012, .T. ) ;
#1034 = DIRECTION ( 'NONE',  ( 0.000000000000000000, 1.000000000000000000, 0.000000000000000000 ) ) ;
#1035 = PLANE ( 'NONE',  #250 ) ;
#1036 = ORIENTED_EDGE ( 'NONE', *, *, #1193, .T. ) ;
#1037 = FILL_AREA_STYLE ('',( #1329 ) ) ;
#1038 = FILL_AREA_STYLE_COLOUR ( '', #3853 ) ;
#1039 = B_SPLINE_CURVE_WITH_KNOTS ( 'NONE', 3,
 ( #3263, #1731, #3242, #2926, #594, #1115, #554 ),
 .UNSPECIFIED., .F., .F.,
 ( 4, 1, 1, 1, 4 ),
 ( 0.000000000000000000, 0.3005411131585096762, 0.5677471464835994741, 0.8000336137369805645, 1.000000000000000000 ),
 .UNSPECIFIED. ) ;
#1040 = EDGE_LOOP ( 'NONE', ( #157, #3742, #3568, #3053 ) ) ;
#1041 = SURFACE_SIDE_STYLE ('',( #114 ) ) ;
#1042 = DIRECTION ( 'NONE',  ( -0.000000000000000000, -0.000000000000000000, -1.000000000000000000 ) ) ;
#1043 = CARTESIAN_POINT ( 'NONE',  ( -0.1521269350385348329, 0.8806315031339861932, 0.01000000000000000021 ) ) ;
#1044 = CIRCLE ( 'NONE', #3128, 1.099999999999999201 ) ;
#1045 = AXIS2_PLACEMENT_3D ( 'NONE', #1717, #865, #2037 ) ;
#1046 = CARTESIAN_POINT ( 'NONE',  ( 0.3163885733915866583, 1.044593755272328561, 0.01000000000000000021 ) ) ;
#1047 = ORIENTED_EDGE ( 'NONE', *, *, #2929, .T. ) ;
#1048 = CARTESIAN_POINT ( 'NONE',  ( 0.2541283382037863858, 0.8712177238008095292, 0.01000000000000000021 ) ) ;
#1049 = DIRECTION ( 'NONE',  ( 0.9315776194850603487, -0.3635424856527064708, 0.000000000000000000 ) ) ;
#1050 = CARTESIAN_POINT ( 'NONE',  ( -0.3732394872739302483, 1.060871701613713247, 0.01000000000000000021 ) ) ;
#1051 = DIRECTION ( 'NONE',  ( -1.000000000000000000, 0.000000000000000000, 0.000000000000000000 ) ) ;
#1052 = VERTEX_POINT ( 'NONE', #3229 ) ;
#1053 = PRODUCT_DEFINITION_SHAPE ( 'NONE', 'NONE',  #2461 ) ;
#1054 = VECTOR ( 'NONE', #2344, 1000.000000000000000 ) ;
#1055 =( NAMED_UNIT ( * ) PLANE_ANGLE_UNIT ( ) SI_UNIT ( $, .RADIAN. ) );
#1056 = ORIENTED_EDGE ( 'NONE', *, *, #1868, .F. ) ;
#1057 = CARTESIAN_POINT ( 'NONE',  ( 0.3023196640024234938, 1.056815477679491799, 0.01000000000000000021 ) ) ;
#1058 = STYLED_ITEM ( 'NONE', ( #2482 ), #3531 ) ;
#1059 = VERTEX_POINT ( 'NONE', #1396 ) ;
#1060 = MECHANICAL_DESIGN_GEOMETRIC_PRESENTATION_REPRESENTATION (  '', ( #2638 ), #2445 ) ;
#1061 = CARTESIAN_POINT ( 'NONE',  ( 0.2179081703295452921, 1.068508767302663198, 0.000000000000000000 ) ) ;
#1062 = CYLINDRICAL_SURFACE ( 'NONE', #3496, 1.599999999999999645 ) ;
#1063 = CARTESIAN_POINT ( 'NONE',  ( -0.2379702935149738685, 0.9346865280716299962, 0.000000000000000000 ) ) ;
#1064 = EDGE_CURVE ( 'NONE', #1646, #1994, #1123, .T. ) ;
#1065 = CARTESIAN_POINT ( 'NONE',  ( 0.2518944896455237448, 1.072364401974437165, 0.01000000000000000021 ) ) ;
#1066 = MECHANICAL_DESIGN_GEOMETRIC_PRESENTATION_REPRESENTATION (  '', ( #3410 ), #3470 ) ;
#1067 = ORIENTED_EDGE ( 'NONE', *, *, #1604, .T. ) ;
#1068 = COLOUR_RGB ( '',0.2235294117647058654, 0.2235294117647058654, 0.2235294117647058654 ) ;
#1069 =( LENGTH_UNIT ( ) NAMED_UNIT ( * ) SI_UNIT ( .MILLI., .METRE. ) );
#1070 = CARTESIAN_POINT ( 'NONE',  ( 0.2297840265113375302, 0.8458941143970081233, 6.776263578034402713E-18 ) ) ;
#1071 = FACE_OUTER_BOUND ( 'NONE', #2493, .T. ) ;
#1072 =( GEOMETRIC_REPRESENTATION_CONTEXT ( 3 ) GLOBAL_UNCERTAINTY_ASSIGNED_CONTEXT ( ( #779 ) ) GLOBAL_UNIT_ASSIGNED_CONTEXT ( ( #1418, #3237, #2868 ) ) REPRESENTATION_CONTEXT ( 'NONE', 'WORKASPACE' ) );
#1073 = UNCERTAINTY_MEASURE_WITH_UNIT (LENGTH_MEASURE( 1.000000000000000082E-05 ), #3274, 'distance_accuracy_value', 'NONE');
#1074 = ORIENTED_EDGE ( 'NONE', *, *, #3049, .T. ) ;
#1075 = COLOUR_RGB ( '',0.9686274509803921573, 0.8784313725490195957, 0.5999999999999999778 ) ;
#1076 = CARTESIAN_POINT ( 'NONE',  ( 0.2485071491793961196, 1.072437235995931326, 0.01000000000000000021 ) ) ;
#1077 = ORIENTED_EDGE ( 'NONE', *, *, #2257, .F. ) ;
#1078 = EDGE_CURVE ( 'NONE', #3397, #2444, #3249, .T. ) ;
#1079 = ORIENTED_EDGE ( 'NONE', *, *, #724, .F. ) ;
#1080 =( LENGTH_UNIT ( ) NAMED_UNIT ( * ) SI_UNIT ( .MILLI., .METRE. ) );
#1081 = CARTESIAN_POINT ( 'NONE',  ( -0.2429657928937746514, 0.9749715347764192908, 0.000000000000000000 ) ) ;
#1082 = CARTESIAN_POINT ( 'NONE',  ( 0.1899610363745180830, 1.089967723800809418, 0.01000000000000000021 ) ) ;
#1083 = VECTOR ( 'NONE', #2633, 1000.000000000000000 ) ;
#1084 = CARTESIAN_POINT ( 'NONE',  ( 0.2682431692609442142, 1.070819101221609282, 6.776263578034402713E-18 ) ) ;
#1085 = ORIENTED_EDGE ( 'NONE', *, *, #543, .T. ) ;
#1086 = SURFACE_SIDE_STYLE ('',( #3754 ) ) ;
#1087 = CARTESIAN_POINT ( 'NONE',  ( -0.3757997769787806419, 1.049806645828721408, 0.01000000000000000021 ) ) ;
#1088 = DIRECTION ( 'NONE',  ( 0.000000000000000000, 0.000000000000000000, -1.000000000000000000 ) ) ;
#1089 = UNCERTAINTY_MEASURE_WITH_UNIT (LENGTH_MEASURE( 1.000000000000000082E-05 ), #2106, 'distance_accuracy_value', 'NONE');
#1090 = AXIS2_PLACEMENT_3D ( 'NONE', #1502, #2478, #3094 ) ;
#1091 = CARTESIAN_POINT ( 'NONE',  ( 0.2487929723501278445, 1.099876260386175364, 0.01000000000000000021 ) ) ;
#1092 = UNCERTAINTY_MEASURE_WITH_UNIT (LENGTH_MEASURE( 1.000000000000000082E-05 ), #276, 'distance_accuracy_value', 'NONE');
#1093 = CARTESIAN_POINT ( 'NONE',  ( 0.2196863730697126982, 0.8751212363319335052, 0.000000000000000000 ) ) ;
#1094 = B_SPLINE_CURVE_WITH_KNOTS ( 'NONE', 3,
 ( #2551, #1087, #2242, #3208, #1050, #3169, #3466 ),
 .UNSPECIFIED., .F., .F.,
 ( 4, 1, 1, 1, 4 ),
 ( 0.000000000000000000, 0.1744817153170497570, 0.3982857591281127596, 0.6738978473986663165, 1.000000000000000000 ),
 .UNSPECIFIED. ) ;
#1095 = ORIENTED_EDGE ( 'NONE', *, *, #468, .T. ) ;
#1096 =( NAMED_UNIT ( * ) SI_UNIT ( $, .STERADIAN. ) SOLID_ANGLE_UNIT ( ) );
#1097 = PRESENTATION_LAYER_ASSIGNMENT (  '', '', ( #1728 ) ) ;
#1098 = ORIENTED_EDGE ( 'NONE', *, *, #1767, .T. ) ;
#1099 =( GEOMETRIC_REPRESENTATION_CONTEXT ( 3 ) GLOBAL_UNCERTAINTY_ASSIGNED_CONTEXT ( ( #668 ) ) GLOBAL_UNIT_ASSIGNED_CONTEXT ( ( #3708, #2156, #978 ) ) REPRESENTATION_CONTEXT ( 'NONE', 'WORKASPACE' ) );
#1100 = CARTESIAN_POINT ( 'NONE',  ( 0.000000000000000000, 0.000000000000000000, 6.000000000000000000 ) ) ;
#1101 = DIRECTION ( 'NONE',  ( -0.000000000000000000, -0.000000000000000000, -1.000000000000000000 ) ) ;
#1102 = STYLED_ITEM ( 'NONE', ( #2816 ), #3898 ) ;
#1103 = ORIENTED_EDGE ( 'NONE', *, *, #2334, .F. ) ;
#1104 = CARTESIAN_POINT ( 'NONE',  ( -1.599999999999999867, 0.000000000000000000, 0.000000000000000000 ) ) ;
#1105 = VECTOR ( 'NONE', #828, 1000.000000000000000 ) ;
#1106 = CARTESIAN_POINT ( 'NONE',  ( 0.01922932905744486817, 0.9870713823373947760, 0.000000000000000000 ) ) ;
#1107 = EDGE_CURVE ( 'NONE', #1627, #1708, #537, .T. ) ;
#1108 = CARTESIAN_POINT ( 'NONE',  ( 0.01922932905744486817, 0.9596323579471509602, 0.01000000000000000021 ) ) ;
#1109 =( NAMED_UNIT ( * ) PLANE_ANGLE_UNIT ( ) SI_UNIT ( $, .RADIAN. ) );
#1110 = EDGE_CURVE ( 'NONE', #3717, #808, #3796, .T. ) ;
#1111 = CARTESIAN_POINT ( 'NONE',  ( 0.01922932905744486817, 0.9596323579471509602, 0.000000000000000000 ) ) ;
#1112 = ORIENTED_EDGE ( 'NONE', *, *, #3752, .F. ) ;
#1113 = CARTESIAN_POINT ( 'NONE',  ( 0.000000000000000000, 0.000000000000000000, 0.01000000000000000021 ) ) ;
#1114 = ORIENTED_EDGE ( 'NONE', *, *, #211, .F. ) ;
#1115 = CARTESIAN_POINT ( 'NONE',  ( -0.3678196397298850173, 1.049948656717134110, 0.01000000000000000021 ) ) ;
#1116 = VECTOR ( 'NONE', #2782, 1000.000000000000000 ) ;
#1117 =( GEOMETRIC_REPRESENTATION_CONTEXT ( 3 ) GLOBAL_UNCERTAINTY_ASSIGNED_CONTEXT ( ( #1990 ) ) GLOBAL_UNIT_ASSIGNED_CONTEXT ( ( #3441, #3404, #657 ) ) REPRESENTATION_CONTEXT ( 'NONE', 'WORKASPACE' ) );
#1118 = EDGE_CURVE ( 'NONE', #1362, #2118, #3885, .T. ) ;
#1119 = ORIENTED_EDGE ( 'NONE', *, *, #1684, .T. ) ;
#1120 =( NAMED_UNIT ( * ) SI_UNIT ( $, .STERADIAN. ) SOLID_ANGLE_UNIT ( ) );
#1121 = CARTESIAN_POINT ( 'NONE',  ( 0.3485940335330202089, 1.054089396695076175, 0.000000000000000000 ) ) ;
#1122 = CARTESIAN_POINT ( 'NONE',  ( 0.2587491461306156704, 0.8437786994105656024, 6.776263578034402713E-18 ) ) ;
#1123 = LINE ( 'NONE', #2610, #771 ) ;
#1124 = CARTESIAN_POINT ( 'NONE',  ( 0.2106388024408153981, 1.066285517095242552, 6.776263578034402713E-18 ) ) ;
#1125 = CARTESIAN_POINT ( 'NONE',  ( 0.2458862571941725361, 1.099855424277273341, 0.01000000000000000021 ) ) ;
#1126 = CARTESIAN_POINT ( 'NONE',  ( 0.3288501559391815987, 0.9120008336298426332, 6.776263578034402713E-18 ) ) ;
#1127 = VECTOR ( 'NONE', #963, 1000.000000000000114 ) ;
#1128 = FILL_AREA_STYLE ('',( #2898 ) ) ;
#1129 = CARTESIAN_POINT ( 'NONE',  ( 0.007034207106225345146, 0.8468274798983704832, 0.000000000000000000 ) ) ;
#1130 = EDGE_CURVE ( 'NONE', #2557, #3074, #244, .T. ) ;
#1131 = UNCERTAINTY_MEASURE_WITH_UNIT (LENGTH_MEASURE( 1.000000000000000082E-05 ), #197, 'distance_accuracy_value', 'NONE');
#1132 = CARTESIAN_POINT ( 'NONE',  ( -0.1097245581376770918, 0.8468274798983704832, 0.01000000000000000021 ) ) ;
#1133 = ORIENTED_EDGE ( 'NONE', *, *, #1794, .T. ) ;
#1134 = CARTESIAN_POINT ( 'NONE',  ( 0.2092062307526433851, 1.096121374483163713, 0.01000000000000000021 ) ) ;
#1135 = CARTESIAN_POINT ( 'NONE',  ( -0.1994096966875787136, 0.9232806703035012497, 0.01000000000000000021 ) ) ;
#1136 =( NAMED_UNIT ( * ) SI_UNIT ( $, .STERADIAN. ) SOLID_ANGLE_UNIT ( ) );
#1137 = CARTESIAN_POINT ( 'NONE',  ( 0.3972781095452497802, 0.8742665042886144100, 0.01000000000000000021 ) ) ;
#1138 = EDGE_CURVE ( 'NONE', #1463, #2350, #1186, .T. ) ;
#1139 =( NAMED_UNIT ( * ) SI_UNIT ( $, .STERADIAN. ) SOLID_ANGLE_UNIT ( ) );
#1140 = SURFACE_STYLE_FILL_AREA ( #1768 ) ;
#1141 = VECTOR ( 'NONE', #3006, 1000.000000000000000 ) ;
#1142 =( GEOMETRIC_REPRESENTATION_CONTEXT ( 3 ) GLOBAL_UNCERTAINTY_ASSIGNED_CONTEXT ( ( #3364 ) ) GLOBAL_UNIT_ASSIGNED_CONTEXT ( ( #737, #2553, #988 ) ) REPRESENTATION_CONTEXT ( 'NONE', 'WORKASPACE' ) );
#1143 = CARTESIAN_POINT ( 'NONE',  ( 0.2406452656801049139, 1.072318369983442876, 0.01000000000000000021 ) ) ;
#1144 = CARTESIAN_POINT ( 'NONE',  ( 0.2092062307526433851, 1.096121374483163713, 0.01000000000000000021 ) ) ;
#1145 = CARTESIAN_POINT ( 'NONE',  ( 0.3423306058022302922, 0.9655044955475984292, 0.01000000000000000021 ) ) ;
#1146 = LINE ( 'NONE', #3295, #2247 ) ;
#1147 = AXIS2_PLACEMENT_3D ( 'NONE', #613, #2744, #1798 ) ;
#1148 = DIRECTION ( 'NONE',  ( 0.3363908276654489216, -0.9417224702971433992, 0.000000000000000000 ) ) ;
#1149 = PRESENTATION_LAYER_ASSIGNMENT (  '', '', ( #2852 ) ) ;
#1150 = DIRECTION ( 'NONE',  ( -1.224646799147353207E-16, -1.000000000000000000, -0.000000000000000000 ) ) ;
#1151 = ORIENTED_EDGE ( 'NONE', *, *, #2161, .F. ) ;
#1152 = ADVANCED_FACE ( 'NONE', ( #1438, #566, #1704, #1400, #2919, #2973, #1457 ), #2684, .F. ) ;
#1153 =( GEOMETRIC_REPRESENTATION_CONTEXT ( 3 ) GLOBAL_UNCERTAINTY_ASSIGNED_CONTEXT ( ( #228 ) ) GLOBAL_UNIT_ASSIGNED_CONTEXT ( ( #1709, #1727, #1096 ) ) REPRESENTATION_CONTEXT ( 'NONE', 'WORKASPACE' ) );
#1154 = FILL_AREA_STYLE_COLOUR ( '', #2645 ) ;
#1155 = EDGE_LOOP ( 'NONE', ( #3497, #3826, #1598, #2481, #1969, #2627, #3462, #310, #2498, #196, #3417, #2348 ) ) ;
#1156 = CARTESIAN_POINT ( 'NONE',  ( -0.1506806203185396542, 0.8514820874905619785, 0.01000000000000000021 ) ) ;
#1157 = LINE ( 'NONE', #2907, #2282 ) ;
#1158 = CARTESIAN_POINT ( 'NONE',  ( 0.3620993375300652350, 1.032803609774773257, 0.01000000000000000021 ) ) ;
#1159 = PRESENTATION_STYLE_ASSIGNMENT (( #3865 ) ) ;
#1160 = PRESENTATION_LAYER_ASSIGNMENT (  '', '', ( #539 ) ) ;
#1161 = ORIENTED_EDGE ( 'NONE', *, *, #3317, .T. ) ;
#1162 = LINE ( 'NONE', #834, #2449 ) ;
#1163 = CARTESIAN_POINT ( 'NONE',  ( 0.2092062307526433851, 1.096121374483163713, 6.776263578034402713E-18 ) ) ;
#1164 = CARTESIAN_POINT ( 'NONE',  ( -0.4502828660645063485, 0.8468274798983704832, 0.01000000000000000021 ) ) ;
#1165 = DIRECTION ( 'NONE',  ( 0.000000000000000000, -0.000000000000000000, 1.000000000000000000 ) ) ;
#1166 =( NAMED_UNIT ( * ) PLANE_ANGLE_UNIT ( ) SI_UNIT ( $, .RADIAN. ) );
#1167 = SURFACE_STYLE_FILL_AREA ( #546 ) ;
#1168 =( NAMED_UNIT ( * ) PLANE_ANGLE_UNIT ( ) SI_UNIT ( $, .RADIAN. ) );
#1169 = DIRECTION ( 'NONE',  ( -0.000000000000000000, -0.000000000000000000, -1.000000000000000000 ) ) ;
#1170 = ORIENTED_EDGE ( 'NONE', *, *, #1684, .F. ) ;
#1171 = ORIENTED_EDGE ( 'NONE', *, *, #3244, .F. ) ;
#1172 = CARTESIAN_POINT ( 'NONE',  ( -0.2379702935149738685, 0.9346865280716299962, 6.776263578034402713E-18 ) ) ;
#1173 = SURFACE_SIDE_STYLE ('',( #1465 ) ) ;
#1174 = VECTOR ( 'NONE', #3841, 1000.000000000000000 ) ;
#1175 = ADVANCED_FACE ( 'NONE', ( #816, #1722 ), #3212, .T. ) ;
#1176 = CARTESIAN_POINT ( 'NONE',  ( 0.2751509691548712500, 1.097803127940393697, 0.000000000000000000 ) ) ;
#1177 = COLOUR_RGB ( '',0.9686274509803921573, 0.8784313725490195957, 0.5999999999999999778 ) ;
#1178 = ORIENTED_EDGE ( 'NONE', *, *, #1733, .T. ) ;
#1179 = VECTOR ( 'NONE', #2401, 1000.000000000000000 ) ;
#1180 = EDGE_CURVE ( 'NONE', #152, #3439, #264, .T. ) ;
#1181 = CARTESIAN_POINT ( 'NONE',  ( 0.2253153440780914785, 1.070304058907975087, 6.776263578034402713E-18 ) ) ;
#1182 = CIRCLE ( 'NONE', #2575, 1.599999999999999423 ) ;
#1183 = CARTESIAN_POINT ( 'NONE',  ( 0.1899610363745180830, 0.8872238213617851255, 0.01000000000000000021 ) ) ;
#1184 = PRESENTATION_STYLE_ASSIGNMENT (( #3764 ) ) ;
#1185 = CARTESIAN_POINT ( 'NONE',  ( 0.3401706399103564538, 1.063514853200157040, 0.01000000000000000021 ) ) ;
#1186 = LINE ( 'NONE', #3840, #2078 ) ;
#1187 = CARTESIAN_POINT ( 'NONE',  ( -0.1859965081161424894, 1.078356172219399056, 0.01000000000000000021 ) ) ;
#1188 = CARTESIAN_POINT ( 'NONE',  ( -0.3674417837474331927, 1.048809187215443695, 0.01000000000000000021 ) ) ;
#1189 = VERTEX_POINT ( 'NONE', #291 ) ;
#1190 = VECTOR ( 'NONE', #1, 1000.000000000000000 ) ;
#1191 = AXIS2_PLACEMENT_3D ( 'NONE', #3256, #2049, #246 ) ;
#1192 = CARTESIAN_POINT ( 'NONE',  ( 0.3409572637740852508, 0.9915251144465776489, 6.776263578034402713E-18 ) ) ;
#1193 = EDGE_CURVE ( 'NONE', #2328, #1362, #3047, .T. ) ;
#1194 = DIRECTION ( 'NONE',  ( -0.000000000000000000, 0.000000000000000000, -1.000000000000000000 ) ) ;
#1195 = CARTESIAN_POINT ( 'NONE',  ( -0.2426669121938541673, 0.9609938350768792992, 6.776263578034402713E-18 ) ) ;
#1196 = FACE_OUTER_BOUND ( 'NONE', #2776, .T. ) ;
#1197 =( LENGTH_UNIT ( ) NAMED_UNIT ( * ) SI_UNIT ( .MILLI., .METRE. ) );
#1198 = EDGE_CURVE ( 'NONE', #3400, #404, #1782, .T. ) ;
#1199 = ORIENTED_EDGE ( 'NONE', *, *, #309, .F. ) ;
#1200 = SURFACE_SIDE_STYLE ('',( #2400 ) ) ;
#1201 = STYLED_ITEM ( 'NONE', ( #2666 ), #1175 ) ;
#1202 = LINE ( 'NONE', #3355, #1982 ) ;
#1203 = CARTESIAN_POINT ( 'NONE',  ( -0.1122969666742624634, 1.096827479898370372, 0.000000000000000000 ) ) ;
#1204 = LINE ( 'NONE', #908, #319 ) ;
#1205 = PRESENTATION_STYLE_ASSIGNMENT (( #2704 ) ) ;
#1206 = CARTESIAN_POINT ( 'NONE',  ( 0.1923068840682653768, 0.8584899845540681085, -0.000000000000000000 ) ) ;
#1207 = MECHANICAL_DESIGN_GEOMETRIC_PRESENTATION_REPRESENTATION (  '', ( #2471 ), #2969 ) ;
#1208 =( NAMED_UNIT ( * ) PLANE_ANGLE_UNIT ( ) SI_UNIT ( $, .RADIAN. ) );
#1209 = DIRECTION ( 'NONE',  ( -0.000000000000000000, 0.000000000000000000, -1.000000000000000000 ) ) ;
#1210 = PRESENTATION_STYLE_ASSIGNMENT (( #2709 ) ) ;
#1211 = CARTESIAN_POINT ( 'NONE',  ( -0.2428648260931134395, 0.9702496386498319358, 0.01000000000000000021 ) ) ;
#1212 =( GEOMETRIC_REPRESENTATION_CONTEXT ( 3 ) GLOBAL_UNCERTAINTY_ASSIGNED_CONTEXT ( ( #1724 ) ) GLOBAL_UNIT_ASSIGNED_CONTEXT ( ( #703, #2579, #2275 ) ) REPRESENTATION_CONTEXT ( 'NONE', 'WORKASPACE' ) );
#1213 = CARTESIAN_POINT ( 'NONE',  ( 0.4917903046672009726, 0.8742665042886144100, 0.000000000000000000 ) ) ;
#1214 = CARTESIAN_POINT ( 'NONE',  ( 0.2875139976001169217, 1.094959652568477049, 6.776263578034402713E-18 ) ) ;
#1215 = CARTESIAN_POINT ( 'NONE',  ( -0.1682352177976658425, 1.056105523884113939, 6.776263578034402713E-18 ) ) ;
#1216 = PLANE ( 'NONE',  #1911 ) ;
#1217 = ORIENTED_EDGE ( 'NONE', *, *, #2501, .F. ) ;
#1218 = VECTOR ( 'NONE', #1580, 1000.000000000000000 ) ;
#1219 = PLANE ( 'NONE',  #113 ) ;
#1220 = LINE ( 'NONE', #3655, #2233 ) ;
#1221 = CARTESIAN_POINT ( 'NONE',  ( 0.01922932905744486817, 0.9596323579471509602, 0.01000000000000000021 ) ) ;
#1222 = CARTESIAN_POINT ( 'NONE',  ( 0.2775000175563877014, 1.068720866413541914, 0.000000000000000000 ) ) ;
#1223 = DIRECTION ( 'NONE',  ( -0.000000000000000000, -0.000000000000000000, -1.000000000000000000 ) ) ;
#1224 = CARTESIAN_POINT ( 'NONE',  ( 0.1966011337496272604, 1.060289535195196198, 0.01000000000000000021 ) ) ;
#1225 = CARTESIAN_POINT ( 'NONE',  ( 0.2390643788201745612, 0.8446890635503164768, 0.000000000000000000 ) ) ;
#1226 = COLOUR_RGB ( '',0.2235294117647058654, 0.2235294117647058654, 0.2235294117647058654 ) ;
#1227 = AXIS2_PLACEMENT_3D ( 'NONE', #2005, #3246, #1765 ) ;
#1228 = AXIS2_PLACEMENT_3D ( 'NONE', #159, #1621, #1325 ) ;
#1229 = CARTESIAN_POINT ( 'NONE',  ( 0.3324006034746514460, 1.020864756638684812, 6.776263578034402713E-18 ) ) ;
#1230 =( LENGTH_UNIT ( ) NAMED_UNIT ( * ) SI_UNIT ( .MILLI., .METRE. ) );
#1231 = CARTESIAN_POINT ( 'NONE',  ( -0.2286688315223909529, 0.9112449130245741102, 0.01000000000000000021 ) ) ;
#1232 = CARTESIAN_POINT ( 'NONE',  ( 0.1076439632037863581, 0.8742665042886144100, 0.000000000000000000 ) ) ;
#1233 = CARTESIAN_POINT ( 'NONE',  ( 0.2621661446237801840, 1.099565110038219995, 6.776263578034402713E-18 ) ) ;
#1234 = ADVANCED_FACE ( 'NONE', ( #1196 ), #2153, .T. ) ;
#1235 = ORIENTED_EDGE ( 'NONE', *, *, #1475, .T. ) ;
#1236 = CARTESIAN_POINT ( 'NONE',  ( -0.2029202669562472916, 1.015722100263804606, 6.776263578034402713E-18 ) ) ;
#1237 = CARTESIAN_POINT ( 'NONE',  ( 0.3741208185760241389, 0.9407817140214607132, 0.01000000000000000021 ) ) ;
#1238 = ORIENTED_EDGE ( 'NONE', *, *, #2556, .T. ) ;
#1239 = ADVANCED_FACE ( 'NONE', ( #2209 ), #740, .T. ) ;
#1240 = PRESENTATION_LAYER_ASSIGNMENT (  '', '', ( #2368 ) ) ;
#1241 = DIRECTION ( 'NONE',  ( -0.000000000000000000, -0.000000000000000000, -1.000000000000000000 ) ) ;
#1242 = SURFACE_SIDE_STYLE ('',( #2758 ) ) ;
#1243 = CARTESIAN_POINT ( 'NONE',  ( 0.2636449009122893150, 0.8714629947113908814, 0.01000000000000000021 ) ) ;
#1244 = COLOUR_RGB ( '',0.2235294117647058654, 0.2235294117647058654, 0.2235294117647058654 ) ;
#1245 = LINE ( 'NONE', #1532, #2884 ) ;
#1246 =( LENGTH_UNIT ( ) NAMED_UNIT ( * ) SI_UNIT ( .MILLI., .METRE. ) );
#1247 =( GEOMETRIC_REPRESENTATION_CONTEXT ( 3 ) GLOBAL_UNCERTAINTY_ASSIGNED_CONTEXT ( ( #2897 ) ) GLOBAL_UNIT_ASSIGNED_CONTEXT ( ( #1347, #2485, #358 ) ) REPRESENTATION_CONTEXT ( 'NONE', 'WORKASPACE' ) );
#1248 = COLOUR_RGB ( '',0.2235294117647058654, 0.2235294117647058654, 0.2235294117647058654 ) ;
#1249 = LINE ( 'NONE', #3579, #437 ) ;
#1250 = VECTOR ( 'NONE', #1695, 1000.000000000000000 ) ;
#1251 = SURFACE_STYLE_FILL_AREA ( #2981 ) ;
#1252 = SURFACE_STYLE_USAGE ( .BOTH. , #1847 ) ;
#1253 = CARTESIAN_POINT ( 'NONE',  ( 0.1899610363745180830, 0.8872238213617851255, 0.01000000000000000021 ) ) ;
#1254 = VERTEX_POINT ( 'NONE', #1581 ) ;
#1255 = UNCERTAINTY_MEASURE_WITH_UNIT (LENGTH_MEASURE( 1.000000000000000082E-05 ), #1357, 'distance_accuracy_value', 'NONE');
#1256 = SURFACE_STYLE_USAGE ( .BOTH. , #3668 ) ;
#1257 = CARTESIAN_POINT ( 'NONE',  ( 0.2715758101847459138, 0.8440647709731807780, 0.000000000000000000 ) ) ;
#1258 = SURFACE_STYLE_FILL_AREA ( #420 ) ;
#1259 = ORIENTED_EDGE ( 'NONE', *, *, #3572, .T. ) ;
#1260 = AXIS2_PLACEMENT_3D ( 'NONE', #460, #788, #3436 ) ;
#1261 = LINE ( 'NONE', #1506, #1127 ) ;
#1262 = EDGE_CURVE ( 'NONE', #3455, #2314, #666, .T. ) ;
#1263 = ORIENTED_EDGE ( 'NONE', *, *, #3628, .F. ) ;
#1264 = FILL_AREA_STYLE ('',( #398 ) ) ;
#1265 = LINE ( 'NONE', #1286, #2104 ) ;
#1266 = CARTESIAN_POINT ( 'NONE',  ( -0.3722531404547502754, 1.066339675020321565, 0.01000000000000000021 ) ) ;
#1267 = CARTESIAN_POINT ( 'NONE',  ( 0.3324006034746514460, 1.020864756638684812, 0.000000000000000000 ) ) ;
#1268 = CARTESIAN_POINT ( 'NONE',  ( -0.1682352177976658425, 1.056105523884113939, 0.01000000000000000021 ) ) ;
#1269 = VECTOR ( 'NONE', #2788, 1000.000000000000000 ) ;
#1270 = VECTOR ( 'NONE', #1987, 999.9999999999998863 ) ;
#1271 = LINE ( 'NONE', #3340, #3517 ) ;
#1272 = CARTESIAN_POINT ( 'NONE',  ( 0.1076439632037863581, 1.069388455508126556, 0.01000000000000000021 ) ) ;
#1273 = FACE_OUTER_BOUND ( 'NONE', #1007, .T. ) ;
#1274 = LINE ( 'NONE', #1213, #3605 ) ;
#1275 = CARTESIAN_POINT ( 'NONE',  ( -0.3557706709425551561, 1.096827479898370372, 0.01000000000000000021 ) ) ;
#1276 = EDGE_CURVE ( 'NONE', #1309, #2887, #1292, .T. ) ;
#1277 = ORIENTED_EDGE ( 'NONE', *, *, #1032, .F. ) ;
#1278 = COLOUR_RGB ( '',0.2235294117647058654, 0.2235294117647058654, 0.2235294117647058654 ) ;
#1279 = FILL_AREA_STYLE ('',( #1943 ) ) ;
#1280 =( LENGTH_UNIT ( ) NAMED_UNIT ( * ) SI_UNIT ( .MILLI., .METRE. ) );
#1281 = DIRECTION ( 'NONE',  ( 0.000000000000000000, 0.000000000000000000, 1.000000000000000000 ) ) ;
#1282 = CARTESIAN_POINT ( 'NONE',  ( 0.3759366461306156704, 0.9671113975812972718, 6.776263578034402713E-18 ) ) ;
#1283 = ORIENTED_EDGE ( 'NONE', *, *, #3424, .T. ) ;
#1284 = CARTESIAN_POINT ( 'NONE',  ( -0.07528286606450632079, 1.069388455508126556, 0.000000000000000000 ) ) ;
#1285 = ORIENTED_EDGE ( 'NONE', *, *, #3265, .F. ) ;
#1286 = CARTESIAN_POINT ( 'NONE',  ( -0.3722531404547502754, 1.066339675020321565, 0.01000000000000000021 ) ) ;
#1287 = SURFACE_STYLE_FILL_AREA ( #1009 ) ;
#1288 = CARTESIAN_POINT ( 'NONE',  ( -0.1751950111649394903, 1.084132845150709734, 0.000000000000000000 ) ) ;
#1289 = LINE ( 'NONE', #2454, #2191 ) ;
#1290 = FILL_AREA_STYLE_COLOUR ( '', #719 ) ;
#1291 = DIRECTION ( 'NONE',  ( 1.000000000000000000, 0.000000000000000000, -0.000000000000000000 ) ) ;
#1292 = LINE ( 'NONE', #1275, #1653 ) ;
#1293 = AXIS2_PLACEMENT_3D ( 'NONE', #1104, #2038, #3811 ) ;
#1294 = STYLED_ITEM ( 'NONE', ( #758 ), #1545 ) ;
#1295 = ORIENTED_EDGE ( 'NONE', *, *, #1193, .F. ) ;
#1296 = CARTESIAN_POINT ( 'NONE',  ( -0.1097245581376770918, 0.8468274798983704832, 5.082197683525802034E-18 ) ) ;
#1297 = CARTESIAN_POINT ( 'NONE',  ( -0.1890363597276377983, 1.039319996549262992, 6.776263578034402713E-18 ) ) ;
#1298 = CARTESIAN_POINT ( 'NONE',  ( -0.1426763068809414614, 0.8777938794275665924, 1.355252715606880543E-17 ) ) ;
#1299 = PRESENTATION_LAYER_ASSIGNMENT (  '', '', ( #3133 ) ) ;
#1300 = ORIENTED_EDGE ( 'NONE', *, *, #379, .T. ) ;
#1301 = EDGE_CURVE ( 'NONE', #189, #2312, #3747, .T. ) ;
#1302 = CARTESIAN_POINT ( 'NONE',  ( 0.2775000175563877014, 1.068720866413541914, 0.01000000000000000021 ) ) ;
#1303 = ORIENTED_EDGE ( 'NONE', *, *, #907, .T. ) ;
#1304 = CARTESIAN_POINT ( 'NONE',  ( 0.2715758101847459138, 0.8440647709731807780, 0.01000000000000000021 ) ) ;
#1305 = SURFACE_STYLE_FILL_AREA ( #1644 ) ;
#1306 = CARTESIAN_POINT ( 'NONE',  ( -0.1515800649450500803, 1.063593665480750072, 0.01000000000000000021 ) ) ;
#1307 = COLOUR_RGB ( '',0.2235294117647058654, 0.2235294117647058654, 0.2235294117647058654 ) ;
#1308 = VECTOR ( 'NONE', #1885, 1000.000000000000000 ) ;
#1309 = VERTEX_POINT ( 'NONE', #2492 ) ;
#1310 = CARTESIAN_POINT ( 'NONE',  ( -1.599999999999999867, 0.000000000000000000, 0.000000000000000000 ) ) ;
#1311 = CARTESIAN_POINT ( 'NONE',  ( 0.2541283382037863858, 0.8712177238008095292, 0.000000000000000000 ) ) ;
#1312 =( NAMED_UNIT ( * ) SI_UNIT ( $, .STERADIAN. ) SOLID_ANGLE_UNIT ( ) );
#1313 = DIRECTION ( 'NONE',  ( -0.000000000000000000, -0.000000000000000000, 1.000000000000000000 ) ) ;
#1314 = CARTESIAN_POINT ( 'NONE',  ( -0.3674417837474331927, 1.048809187215443695, 6.776263578034402713E-18 ) ) ;
#1315 = ORIENTED_EDGE ( 'NONE', *, *, #586, .T. ) ;
#1316 = CARTESIAN_POINT ( 'NONE',  ( -0.1145097373824291026, 0.8469140562424094520, 0.01000000000000000021 ) ) ;
#1317 = DIRECTION ( 'NONE',  ( 0.000000000000000000, -0.000000000000000000, 1.000000000000000000 ) ) ;
#1318 =( NAMED_UNIT ( * ) SI_UNIT ( $, .STERADIAN. ) SOLID_ANGLE_UNIT ( ) );
#1319 = EDGE_CURVE ( 'NONE', #2587, #2621, #995, .T. ) ;
#1321 = ADVANCED_FACE ( 'NONE', ( #1894 ), #3109, .T. ) ;
#1320 = CARTESIAN_POINT ( 'NONE',  ( 0.2587491461306156704, 0.8437786994105656024, 0.000000000000000000 ) ) ;
#1322 = EDGE_LOOP ( 'NONE', ( #397, #1804, #1941, #590, #1112, #2099 ) ) ;
#1323 = CARTESIAN_POINT ( 'NONE',  ( 0.2042036863291784576, 0.8801387523212749198, 6.776263578034402713E-18 ) ) ;
#1324 = CARTESIAN_POINT ( 'NONE',  ( 0.3741208185760241389, 0.9407817140214607132, 0.01000000000000000021 ) ) ;
#1325 = DIRECTION ( 'NONE',  ( -0.3390537954853692915, -0.9407669869669987861, 0.000000000000000000 ) ) ;
#1326 = CARTESIAN_POINT ( 'NONE',  ( -0.1226604180165603297, 1.069172271551051212, 0.01000000000000000021 ) ) ;
#1327 = ORIENTED_EDGE ( 'NONE', *, *, #1461, .T. ) ;
#1328 = B_SPLINE_CURVE_WITH_KNOTS ( 'NONE', 3,
 ( #1808, #357, #1491, #1789, #1222, #2427, #1863, #2762, #2143, #2781, #3634, #2702, #1267, #928, #3374, #301, #660, #1824, #88 ),
 .UNSPECIFIED., .F., .F.,
 ( 4, 1, 1, 1, 1, 1, 1, 1, 1, 1, 1, 1, 1, 1, 1, 1, 4 ),
 ( 0.000000000000000000, 0.06460397028839216793, 0.1267024139629469304, 0.1867568140356180018, 0.2455056873654371807, 0.3036520244499752441, 0.3615030739706253105, 0.4202402229284674662, 0.4800333407766964045, 0.5406781347755161837, 0.6011918063807818458, 0.6623335024774424928, 0.7247395102972320480, 0.7894677361728869025, 0.8565048600438311954, 0.9263120958391893867, 1.000000000000000000 ),
 .UNSPECIFIED. ) ;
#1329 = FILL_AREA_STYLE_COLOUR ( '', #1897 ) ;
#1330 =( NAMED_UNIT ( * ) PLANE_ANGLE_UNIT ( ) SI_UNIT ( $, .RADIAN. ) );
#1331 = STYLED_ITEM ( 'NONE', ( #935 ), #1234 ) ;
#1332 = ORIENTED_EDGE ( 'NONE', *, *, #2429, .T. ) ;
#1333 = CARTESIAN_POINT ( 'NONE',  ( 0.2487929723501278445, 1.099876260386175364, 0.000000000000000000 ) ) ;
#1334 = PLANE ( 'NONE',  #2977 ) ;
#1335 = SURFACE_STYLE_FILL_AREA ( #1402 ) ;
#1336 = B_SPLINE_SURFACE_WITH_KNOTS ( 'NONE', 3, 1, ( 
 ( #1091, #2287 ),
 ( #1125, #3490 ),
 ( #201, #1435 ),
 ( #2650, #3849 ),
 ( #2248, #3469 ),
 ( #1952, #2681 ),
 ( #1144, #1163 ),
 ( #3270, #2993 ),
 ( #2, #3592 ),
 ( #2340, #620 ),
 ( #3561, #1786 ) ),
 .UNSPECIFIED., .F., .F., .F.,
 ( 4, 1, 1, 1, 1, 1, 1, 1, 4 ),
 ( 2, 2 ),
 ( 0.000000000000000000, 0.1451868664724693114, 0.2834426109197296095, 0.4165243659288290767, 0.5431811235350831879, 0.6651530826377139993, 0.7813602063127160768, 0.8927566556418089494, 0.9999999999999998890 ),
 ( 0.000000000000000000, 1.000000000000000000 ),
 .UNSPECIFIED. ) ;
#1337 = CARTESIAN_POINT ( 'NONE',  ( -0.2339168530499518284, 0.9226033318619366597, 0.000000000000000000 ) ) ;
#1338 = COLOUR_RGB ( '',0.2235294117647058654, 0.2235294117647058654, 0.2235294117647058654 ) ;
#1339 = CARTESIAN_POINT ( 'NONE',  ( 0.3163885733915866583, 1.044593755272328561, 6.776263578034402713E-18 ) ) ;
#1340 = ORIENTED_EDGE ( 'NONE', *, *, #1936, .F. ) ;
#1341 = SPHERICAL_SURFACE ( 'NONE', #571, 1.099999999999999423 ) ;
#1342 =( NAMED_UNIT ( * ) PLANE_ANGLE_UNIT ( ) SI_UNIT ( $, .RADIAN. ) );
#1343 = VECTOR ( 'NONE', #3089, 1000.000000000000000 ) ;
#1344 = CARTESIAN_POINT ( 'NONE',  ( 1.401151840320611180E-15, 0.000000000000000000, 7.900000000000002132 ) ) ;
#1345 =( NAMED_UNIT ( * ) PLANE_ANGLE_UNIT ( ) SI_UNIT ( $, .RADIAN. ) );
#1346 = UNCERTAINTY_MEASURE_WITH_UNIT (LENGTH_MEASURE( 1.000000000000000082E-05 ), #2356, 'distance_accuracy_value', 'NONE');
#1347 =( LENGTH_UNIT ( ) NAMED_UNIT ( * ) SI_UNIT ( .MILLI., .METRE. ) );
#1348 = ORIENTED_EDGE ( 'NONE', *, *, #2091, .T. ) ;
#1349 = CARTESIAN_POINT ( 'NONE',  ( 0.1899610363745180830, 1.056431138434955841, 0.01000000000000000021 ) ) ;
#1350 = CARTESIAN_POINT ( 'NONE',  ( 0.2117804745752954187, 0.8773452370444321247, 0.000000000000000000 ) ) ;
#1351 = ORIENTED_EDGE ( 'NONE', *, *, #2531, .F. ) ;
#1352 = CARTESIAN_POINT ( 'NONE',  ( -0.1097245581376770918, 0.8468274798983704832, 0.01000000000000000021 ) ) ;
#1353 = CARTESIAN_POINT ( 'NONE',  ( -0.07528286606450632079, 0.8742665042886144100, 0.01000000000000000021 ) ) ;
#1354 =( GEOMETRIC_REPRESENTATION_CONTEXT ( 3 ) GLOBAL_UNCERTAINTY_ASSIGNED_CONTEXT ( ( #1092 ) ) GLOBAL_UNIT_ASSIGNED_CONTEXT ( ( #276, #2648, #1803 ) ) REPRESENTATION_CONTEXT ( 'NONE', 'WORKASPACE' ) );
#1355 = ORIENTED_EDGE ( 'NONE', *, *, #1991, .F. ) ;
#1356 = CARTESIAN_POINT ( 'NONE',  ( -0.1097245581376770918, 0.8468274798983704832, 0.01000000000000000021 ) ) ;
#1357 =( LENGTH_UNIT ( ) NAMED_UNIT ( * ) SI_UNIT ( .MILLI., .METRE. ) );
#1358 = CARTESIAN_POINT ( 'NONE',  ( -0.2058464166045996246, 0.8816607481773121036, 0.000000000000000000 ) ) ;
#1359 = EDGE_CURVE ( 'NONE', #1451, #421, #2632, .T. ) ;
#1360 = FILL_AREA_STYLE ('',( #3164 ) ) ;
#1361 = PRESENTATION_LAYER_ASSIGNMENT (  '', '', ( #2564 ) ) ;
#1362 = VERTEX_POINT ( 'NONE', #871 ) ;
#1363 = CARTESIAN_POINT ( 'NONE',  ( 0.2636449009122893150, 0.8714629947113908814, 0.01000000000000000021 ) ) ;
#1364 = UNCERTAINTY_MEASURE_WITH_UNIT (LENGTH_MEASURE( 1.000000000000000082E-05 ), #3438, 'distance_accuracy_value', 'NONE');
#1365 = EDGE_LOOP ( 'NONE', ( #1351, #2869, #333, #2175 ) ) ;
#1366 = CARTESIAN_POINT ( 'NONE',  ( 0.2328991654131474243, 1.071508211586178483, 0.01000000000000000021 ) ) ;
#1367 =( GEOMETRIC_REPRESENTATION_CONTEXT ( 3 ) GLOBAL_UNCERTAINTY_ASSIGNED_CONTEXT ( ( #2749 ) ) GLOBAL_UNIT_ASSIGNED_CONTEXT ( ( #1647, #406, #1599 ) ) REPRESENTATION_CONTEXT ( 'NONE', 'WORKASPACE' ) );
#1368 = FILL_AREA_STYLE_COLOUR ( '', #2701 ) ;
#1369 = ORIENTED_EDGE ( 'NONE', *, *, #1836, .T. ) ;
#1370 = VECTOR ( 'NONE', #1507, 1000.000000000000000 ) ;
#1371 = ORIENTED_EDGE ( 'NONE', *, *, #3752, .T. ) ;
#1372 = CIRCLE ( 'NONE', #3401, 1.599999999999999867 ) ;
#1373 = CARTESIAN_POINT ( 'NONE',  ( -0.1238882657514953356, 0.8470837382244480462, 0.01000000000000000021 ) ) ;
#1374 = PRESENTATION_STYLE_ASSIGNMENT (( #3200 ) ) ;
#1375 = CARTESIAN_POINT ( 'NONE',  ( -0.1376027808853419743, 0.8488283428765425187, 0.000000000000000000 ) ) ;
#1376 =( NAMED_UNIT ( * ) PLANE_ANGLE_UNIT ( ) SI_UNIT ( $, .RADIAN. ) );
#1377 = VERTEX_POINT ( 'NONE', #2953 ) ;
#1378 =( NAMED_UNIT ( * ) SI_UNIT ( $, .STERADIAN. ) SOLID_ANGLE_UNIT ( ) );
#1379 = CARTESIAN_POINT ( 'NONE',  ( 0.2553811477222176496, 0.8438182003631637951, 6.776263578034402713E-18 ) ) ;
#1380 = PLANE ( 'NONE',  #2825 ) ;
#1381 = COLOUR_RGB ( '',0.2235294117647058654, 0.2235294117647058654, 0.2235294117647058654 ) ;
#1382 = CARTESIAN_POINT ( 'NONE',  ( 1.599999999999999867, 0.000000000000000000, 0.000000000000000000 ) ) ;
#1383 = ORIENTED_EDGE ( 'NONE', *, *, #836, .T. ) ;
#1384 = DIRECTION ( 'NONE',  ( 0.000000000000000000, -1.000000000000000000, 0.000000000000000000 ) ) ;
#1385 = ORIENTED_EDGE ( 'NONE', *, *, #2716, .F. ) ;
#1386 = CARTESIAN_POINT ( 'NONE',  ( 0.2318867802400057243, 1.099304646944655239, 0.01000000000000000021 ) ) ;
#1387 = DIRECTION ( 'NONE',  ( -0.000000000000000000, -0.000000000000000000, -1.000000000000000000 ) ) ;
#1388 = CARTESIAN_POINT ( 'NONE',  ( 0.1076439632037863581, 0.9596323579471509602, 0.01000000000000000021 ) ) ;
#1389 = EDGE_CURVE ( 'NONE', #2748, #1565, #939, .T. ) ;
#1390 = CARTESIAN_POINT ( 'NONE',  ( 0.3360675979556171922, 1.011684099080376598, 0.01000000000000000021 ) ) ;
#1391 = VERTEX_POINT ( 'NONE', #3252 ) ;
#1392 = FILL_AREA_STYLE ('',( #3810 ) ) ;
#1393 = SURFACE_STYLE_FILL_AREA ( #735 ) ;
#1394 = CARTESIAN_POINT ( 'NONE',  ( 0.1411805485696399909, 1.096827479898370372, 0.01000000000000000021 ) ) ;
#1395 = VECTOR ( 'NONE', #2964, 1000.000000000000000 ) ;
#1396 = CARTESIAN_POINT ( 'NONE',  ( -0.4137451374059697984, 0.9443884555081264454, 0.000000000000000000 ) ) ;
#1397 = ADVANCED_FACE ( 'NONE', ( #3315 ), #1929, .T. ) ;
#1398 = LINE ( 'NONE', #2883, #3210 ) ;
#1399 = UNCERTAINTY_MEASURE_WITH_UNIT (LENGTH_MEASURE( 1.000000000000000082E-05 ), #107, 'distance_accuracy_value', 'NONE');
#1400 = FACE_OUTER_BOUND ( 'NONE', #2670, .T. ) ;
#1401 = CARTESIAN_POINT ( 'NONE',  ( 0.2541283382037863858, 0.8712177238008095292, 0.000000000000000000 ) ) ;
#1402 = FILL_AREA_STYLE ('',( #2015 ) ) ;
#1403 = ORIENTED_EDGE ( 'NONE', *, *, #2404, .F. ) ;
#1404 = AXIS2_PLACEMENT_3D ( 'NONE', #998, #997, #3377 ) ;
#1405 = ORIENTED_EDGE ( 'NONE', *, *, #3429, .T. ) ;
#1406 = CARTESIAN_POINT ( 'NONE',  ( -0.1949393191479332488, 0.9149758464307173877, 0.01000000000000000021 ) ) ;
#1407 = SURFACE_SIDE_STYLE ('',( #1675 ) ) ;
#1408 = ORIENTED_EDGE ( 'NONE', *, *, #2640, .F. ) ;
#1409 = CARTESIAN_POINT ( 'NONE',  ( 0.3559426088267618193, 1.043829069248255026, 0.000000000000000000 ) ) ;
#1410 = PRESENTATION_STYLE_ASSIGNMENT (( #2304 ) ) ;
#1411 = DIRECTION ( 'NONE',  ( -0.000000000000000000, -0.000000000000000000, 1.000000000000000000 ) ) ;
#1412 = EDGE_CURVE ( 'NONE', #3439, #725, #239, .T. ) ;
#1413 = COLOUR_RGB ( '',0.2235294117647058654, 0.2235294117647058654, 0.2235294117647058654 ) ;
#1414 = LINE ( 'NONE', #3837, #2943 ) ;
#1415 =( NAMED_UNIT ( * ) PLANE_ANGLE_UNIT ( ) SI_UNIT ( $, .RADIAN. ) );
#1416 = DIRECTION ( 'NONE',  ( -0.000000000000000000, -0.000000000000000000, -1.000000000000000000 ) ) ;
#1417 = DIRECTION ( 'NONE',  ( 1.000000000000000000, 0.000000000000000000, 0.000000000000000000 ) ) ;
#1418 =( LENGTH_UNIT ( ) NAMED_UNIT ( * ) SI_UNIT ( .MILLI., .METRE. ) );
#1419 = ORIENTED_EDGE ( 'NONE', *, *, #1031, .T. ) ;
#1420 = CARTESIAN_POINT ( 'NONE',  ( 0.1411805485696399909, 1.096827479898370372, 0.000000000000000000 ) ) ;
#1421 = B_SPLINE_CURVE_WITH_KNOTS ( 'NONE', 3,
 ( #1349, #1628, #2885, #1913, #2807, #741, #784, #1366, #2289, #2577, #1076 ),
 .UNSPECIFIED., .F., .F.,
 ( 4, 1, 1, 1, 1, 1, 1, 1, 4 ),
 ( 0.000000000000000000, 0.1252796967356260283, 0.2494199707420506618, 0.3733567994928190803, 0.4966812787822856845, 0.6202029157439821194, 0.7450863201614559284, 0.8712691950190976087, 1.000000000000000000 ),
 .UNSPECIFIED. ) ;
#1422 = EDGE_CURVE ( 'NONE', #3400, #2284, #1265, .T. ) ;
#1423 = CARTESIAN_POINT ( 'NONE',  ( -0.1325970905954773349, 0.8757682307984514525, 0.000000000000000000 ) ) ;
#1424 =( LENGTH_UNIT ( ) NAMED_UNIT ( * ) SI_UNIT ( .MILLI., .METRE. ) );
#1425 = CARTESIAN_POINT ( 'NONE',  ( -0.2059403239481887027, 0.9418166826653522339, 1.355252715606880543E-17 ) ) ;
#1426 = CARTESIAN_POINT ( 'NONE',  ( -0.4137451374059697984, 0.9443884555081265564, 0.01000000000000000021 ) ) ;
#1427 = PRESENTATION_LAYER_ASSIGNMENT (  '', '', ( #3002 ) ) ;
#1428 = PRESENTATION_LAYER_ASSIGNMENT (  '', '', ( #929 ) ) ;
#1429 = PRESENTATION_LAYER_ASSIGNMENT (  '', '', ( #679 ) ) ;
#1430 = FILL_AREA_STYLE_COLOUR ( '', #1248 ) ;
#1431 = COLOUR_RGB ( '',0.2235294117647058654, 0.2235294117647058654, 0.2235294117647058654 ) ;
#1432 = VECTOR ( 'NONE', #3323, 1000.000000000000000 ) ;
#1433 = EDGE_CURVE ( 'NONE', #3197, #2970, #1220, .T. ) ;
#1434 = CARTESIAN_POINT ( 'NONE',  ( -0.3732394872739302483, 1.060871701613713247, 0.000000000000000000 ) ) ;
#1435 = CARTESIAN_POINT ( 'NONE',  ( 0.2402115914821734421, 1.099814746761103246, 6.776263578034402713E-18 ) ) ;
#1436 = CARTESIAN_POINT ( 'NONE',  ( 0.3423306058022302922, 0.9655044955475984292, 6.776263578034402713E-18 ) ) ;
#1437 = DIRECTION ( 'NONE',  ( -0.000000000000000000, -0.000000000000000000, 1.000000000000000000 ) ) ;
#1438 = FACE_BOUND ( 'NONE', #2069, .T. ) ;
#1439 = LINE ( 'NONE', #2616, #2746 ) ;
#1440 = UNCERTAINTY_MEASURE_WITH_UNIT (LENGTH_MEASURE( 1.000000000000000082E-05 ), #2604, 'distance_accuracy_value', 'NONE');
#1441 =( NAMED_UNIT ( * ) PLANE_ANGLE_UNIT ( ) SI_UNIT ( $, .RADIAN. ) );
#1442 = ORIENTED_EDGE ( 'NONE', *, *, #286, .F. ) ;
#1443 = CARTESIAN_POINT ( 'NONE',  ( -0.1218879514593515234, 0.8745067803952164542, 0.000000000000000000 ) ) ;
#1444 = SURFACE_STYLE_FILL_AREA ( #2905 ) ;
#1445 = DIRECTION ( 'NONE',  ( -0.000000000000000000, 0.000000000000000000, -1.000000000000000000 ) ) ;
#1446 = CARTESIAN_POINT ( 'NONE',  ( -0.3301418599669453391, 0.9443884555081265564, 0.01000000000000000021 ) ) ;
#1447 =( LENGTH_UNIT ( ) NAMED_UNIT ( * ) SI_UNIT ( .MILLI., .METRE. ) );
#1448 = SURFACE_SIDE_STYLE ('',( #1393 ) ) ;
#1449 = DIRECTION ( 'NONE',  ( 0.000000000000000000, 0.000000000000000000, 1.000000000000000000 ) ) ;
#1450 = COLOUR_RGB ( '',0.2235294117647058654, 0.2235294117647058654, 0.2235294117647058654 ) ;
#1451 = VERTEX_POINT ( 'NONE', #3694 ) ;
#1452 = VECTOR ( 'NONE', #2322, 1000.000000000000000 ) ;
#1453 = CARTESIAN_POINT ( 'NONE',  ( -0.04174628069865263941, 1.096827479898370372, 0.01000000000000000021 ) ) ;
#1454 = CARTESIAN_POINT ( 'NONE',  ( -0.3722531404547502754, 1.066339675020321565, 0.01000000000000000021 ) ) ;
#1455 = CARTESIAN_POINT ( 'NONE',  ( 0.3181499265515457808, 0.8975752809095230988, 0.01000000000000000021 ) ) ;
#1456 = FILL_AREA_STYLE ('',( #263 ) ) ;
#1457 = FACE_BOUND ( 'NONE', #108, .T. ) ;
#1458 = CARTESIAN_POINT ( 'NONE',  ( -0.2339036825210797643, 1.025028440346926750, 0.01000000000000000021 ) ) ;
#1459 = CARTESIAN_POINT ( 'NONE',  ( -0.2094292075279209631, 0.9742569768495900062, 0.000000000000000000 ) ) ;
#1460 = EDGE_LOOP ( 'NONE', ( #137, #1918, #2539, #112 ) ) ;
#1461 = EDGE_CURVE ( 'NONE', #404, #2748, #2483, .T. ) ;
#1462 = CARTESIAN_POINT ( 'NONE',  ( 0.3389074727667102938, 1.001899768113092337, 6.776263578034402713E-18 ) ) ;
#1463 = VERTEX_POINT ( 'NONE', #3 ) ;
#1464 = CARTESIAN_POINT ( 'NONE',  ( -0.2058464166045996246, 0.8816607481773121036, 0.01000000000000000021 ) ) ;
#1465 = SURFACE_STYLE_FILL_AREA ( #272 ) ;
#1466 = CARTESIAN_POINT ( 'NONE',  ( 0.2751509691548712500, 1.097803127940393697, 6.776263578034402713E-18 ) ) ;
#1467 = PLANE ( 'NONE',  #1045 ) ;
#1468 = CARTESIAN_POINT ( 'NONE',  ( -0.04174628069865263941, 0.8468274798983704832, 0.01000000000000000021 ) ) ;
#1469 = EDGE_LOOP ( 'NONE', ( #2876, #2753, #3748, #785, #1820 ) ) ;
#1470 = CARTESIAN_POINT ( 'NONE',  ( 0.2179081703295452921, 1.068508767302663198, 6.776263578034402713E-18 ) ) ;
#1471 = LINE ( 'NONE', #1822, #2505 ) ;
#1472 = COLOUR_RGB ( '',0.2235294117647058654, 0.2235294117647058654, 0.2235294117647058654 ) ;
#1473 = CARTESIAN_POINT ( 'NONE',  ( 0.3210033619355603385, 1.079513335527364726, 0.01000000000000000021 ) ) ;
#1474 = COLOUR_RGB ( '',0.2235294117647058654, 0.2235294117647058654, 0.2235294117647058654 ) ;
#1475 = EDGE_CURVE ( 'NONE', #3175, #2476, #1202, .T. ) ;
#1476 = CARTESIAN_POINT ( 'NONE',  ( -0.1751950111649394903, 1.084132845150709734, 0.01000000000000000021 ) ) ;
#1477 = CARTESIAN_POINT ( 'NONE',  ( 0.1899610363745181107, 1.089967723800809640, 0.000000000000000000 ) ) ;
#1478 = ORIENTED_EDGE ( 'NONE', *, *, #2306, .T. ) ;
#1479 = CARTESIAN_POINT ( 'NONE',  ( 0.3423134821449008158, 0.9730213197072457021, 0.01000000000000000021 ) ) ;
#1480 = SURFACE_SIDE_STYLE ('',( #2392 ) ) ;
#1481 =( NAMED_UNIT ( * ) PLANE_ANGLE_UNIT ( ) SI_UNIT ( $, .RADIAN. ) );
#1482 = CARTESIAN_POINT ( 'NONE',  ( 0.2751509691548712500, 1.097803127940393697, 0.01000000000000000021 ) ) ;
#1483 = SURFACE_STYLE_FILL_AREA ( #557 ) ;
#1484 = COLOUR_RGB ( '',0.2235294117647058654, 0.2235294117647058654, 0.2235294117647058654 ) ;
#1485 = PRESENTATION_STYLE_ASSIGNMENT (( #3248 ) ) ;
#1486 = ORIENTED_EDGE ( 'NONE', *, *, #3617, .T. ) ;
#1487 = LINE ( 'NONE', #3387, #1870 ) ;
#1488 = CARTESIAN_POINT ( 'NONE',  ( -0.04174628069865263941, 1.096827479898370372, 0.01000000000000000021 ) ) ;
#1489 = CARTESIAN_POINT ( 'NONE',  ( 0.2541283382037863858, 0.8712177238008095292, 6.776263578034402713E-18 ) ) ;
#1490 = CARTESIAN_POINT ( 'NONE',  ( 0.3758277652668249869, 0.9719752753587468375, 0.01000000000000000021 ) ) ;
#1491 = CARTESIAN_POINT ( 'NONE',  ( 0.2585377998330688487, 1.072221558642970640, 0.000000000000000000 ) ) ;
#1492 = CARTESIAN_POINT ( 'NONE',  ( 0.1076439632037863581, 0.8742665042886144100, 0.000000000000000000 ) ) ;
#1493 = SURFACE_STYLE_USAGE ( .BOTH. , #588 ) ;
#1494 = VECTOR ( 'NONE', #2649, 1000.000000000000000 ) ;
#1495 = CARTESIAN_POINT ( 'NONE',  ( -0.3674417837474331927, 1.048809187215443695, 0.01000000000000000021 ) ) ;
#1496 = LINE ( 'NONE', #2707, #308 ) ;
#1497 = SURFACE_SIDE_STYLE ('',( #1251 ) ) ;
#1498 = CARTESIAN_POINT ( 'NONE',  ( -0.2429657928937746514, 0.9749715347764192908, 6.776263578034402713E-18 ) ) ;
#1499 = CARTESIAN_POINT ( 'NONE',  ( 0.01313176808183510666, 1.069388455508126556, 0.000000000000000000 ) ) ;
#1500 = CARTESIAN_POINT ( 'NONE',  ( -0.3722531404547502754, 1.066339675020321565, 0.01000000000000000021 ) ) ;
#1501 = B_SPLINE_CURVE_WITH_KNOTS ( 'NONE', 3,
 ( #1459, #1811, #3615, #2451, #3299, #950, #3321, #909, #2957, #589, #267, #2669, #2107, #606, #3339, #2998, #2687, #3873, #29 ),
 .UNSPECIFIED., .F., .F.,
 ( 4, 1, 1, 1, 1, 1, 1, 1, 1, 1, 1, 1, 1, 1, 1, 1, 4 ),
 ( 0.000000000000000000, 0.07430379644281526197, 0.1443936103644173352, 0.2104994961032792822, 0.2735426065034676224, 0.3338247445790732404, 0.3925296724085025057, 0.4500874545995854348, 0.5078206115557879485, 0.5654649127768466288, 0.6231487223336199532, 0.6812971927909355907, 0.7409134981565802525, 0.8018557521958574741, 0.8652412377209429684, 0.9309416570467439200, 0.9999999999999998890 ),
 .UNSPECIFIED. ) ;
#1502 = CARTESIAN_POINT ( 'NONE',  ( 0.000000000000000000, 0.000000000000000000, 7.900000000000002132 ) ) ;
#1503 = FILL_AREA_STYLE ('',( #1430 ) ) ;
#1504 = ORIENTED_EDGE ( 'NONE', *, *, #698, .T. ) ;
#1505 = B_SPLINE_CURVE_WITH_KNOTS ( 'NONE', 3,
 ( #3530, #3276, #817, #3214, #567, #2013, #1476, #1187, #2389, #3236, #3548, #1754, #2956, #1458, #892, #1705, #525, #2667, #507 ),
 .UNSPECIFIED., .F., .F.,
 ( 4, 1, 1, 1, 1, 1, 1, 1, 1, 1, 1, 1, 1, 1, 1, 1, 4 ),
 ( 0.000000000000000000, 0.06863117867660126215, 0.1345664660386773903, 0.1983281540108813579, 0.2607897666408448556, 0.3219991514841582525, 0.3827217465030195997, 0.4435374740357287404, 0.5051334294849250117, 0.5662138747646718873, 0.6261058646175458042, 0.6853493221605168051, 0.7449958703477975730, 0.8054158418145630494, 0.8676362663459535884, 0.9323077823023288024, 1.000000000000000000 ),
 .UNSPECIFIED. ) ;
#1506 = CARTESIAN_POINT ( 'NONE',  ( -0.2612584758206039637, 0.8468274798983704832, 0.01000000000000000021 ) ) ;
#1507 = DIRECTION ( 'NONE',  ( -0.000000000000000000, -0.000000000000000000, -1.000000000000000000 ) ) ;
#1508 = AXIS2_PLACEMENT_3D ( 'NONE', #585, #2325, #3529 ) ;
#1509 = CARTESIAN_POINT ( 'NONE',  ( 0.2816046200114739051, 0.8747622395750354052, 0.01000000000000000021 ) ) ;
#1510 = AXIS2_PLACEMENT_3D ( 'NONE', #641, #69, #3017 ) ;
#1511 = CARTESIAN_POINT ( 'NONE',  ( 0.2875139976001169217, 1.094959652568477049, 0.01000000000000000021 ) ) ;
#1512 = ADVANCED_FACE ( 'NONE', ( #905 ), #3371, .T. ) ;
#1513 = DIRECTION ( 'NONE',  ( 0.3393303772748777480, 0.9406672605435404400, 0.000000000000000000 ) ) ;
#1514 = FILL_AREA_STYLE ('',( #316 ) ) ;
#1515 = CARTESIAN_POINT ( 'NONE',  ( 0.1921811327814578196, 1.057721181682825362, 0.01000000000000000021 ) ) ;
#1516 = LINE ( 'NONE', #1188, #1625 ) ;
#1517 = FILL_AREA_STYLE_COLOUR ( '', #94 ) ;
#1518 = CARTESIAN_POINT ( 'NONE',  ( 0.3421448844446992599, 0.9805410035917899725, 6.776263578034402713E-18 ) ) ;
#1519 = PRESENTATION_STYLE_ASSIGNMENT (( #3023 ) ) ;
#1520 = CARTESIAN_POINT ( 'NONE',  ( -0.2408579675358473171, 0.9474857863071971531, 0.01000000000000000021 ) ) ;
#1521 = PRESENTATION_STYLE_ASSIGNMENT (( #1252 ) ) ;
#1522 = CARTESIAN_POINT ( 'NONE',  ( 0.2992978079338051711, 1.091000336852297581, 6.776263578034402713E-18 ) ) ;
#1523 = EDGE_CURVE ( 'NONE', #3381, #3332, #3152, .T. ) ;
#1524 = ORIENTED_EDGE ( 'NONE', *, *, #627, .F. ) ;
#1525 = UNCERTAINTY_MEASURE_WITH_UNIT (LENGTH_MEASURE( 1.000000000000000082E-05 ), #3743, 'distance_accuracy_value', 'NONE');
#1526 = CARTESIAN_POINT ( 'NONE',  ( -0.4868682319181649176, 0.8468274798983704832, 0.01000000000000000021 ) ) ;
#1527 = CARTESIAN_POINT ( 'NONE',  ( 0.3681950260150038678, 0.9169297560152052107, 0.000000000000000000 ) ) ;
#1528 = VERTEX_POINT ( 'NONE', #448 ) ;
#1529 = CARTESIAN_POINT ( 'NONE',  ( 0.1899610363745180830, 0.8872238213617851255, 6.776263578034402713E-18 ) ) ;
#1530 = DIRECTION ( 'NONE',  ( 0.000000000000000000, -0.000000000000000000, -1.000000000000000000 ) ) ;
#1531 = CARTESIAN_POINT ( 'NONE',  ( -0.1426763068809414614, 0.8777938794275665924, 0.01000000000000000021 ) ) ;
#1532 = CARTESIAN_POINT ( 'NONE',  ( -0.07528286606450632079, 0.8742665042886144100, 0.01000000000000000021 ) ) ;
#1533 = ADVANCED_FACE ( 'NONE', ( #1027 ), #2550, .T. ) ;
#1534 = CARTESIAN_POINT ( 'NONE',  ( -0.1637269776527710552, 1.088744101286999832, 0.000000000000000000 ) ) ;
#1535 = AXIS2_PLACEMENT_3D ( 'NONE', #3203, #2836, #1946 ) ;
#1536 = CARTESIAN_POINT ( 'NONE',  ( 0.1076439632037863581, 0.9596323579471509602, 0.01000000000000000021 ) ) ;
#1537 = COLOUR_RGB ( '',0.2235294117647058654, 0.2235294117647058654, 0.2235294117647058654 ) ;
#1538 = AXIS2_PLACEMENT_3D ( 'NONE', #1082, #790, #769 ) ;
#1539 = PRESENTATION_LAYER_ASSIGNMENT (  '', '', ( #1294 ) ) ;
#1540 = SURFACE_STYLE_USAGE ( .BOTH. , #3106 ) ;
#1541 = CARTESIAN_POINT ( 'NONE',  ( -0.1834600417085764934, 0.9004470279115119880, 0.000000000000000000 ) ) ;
#1542 = CARTESIAN_POINT ( 'NONE',  ( -0.2221620666064753058, 0.9006527687687503336, 0.01000000000000000021 ) ) ;
#1543 = CARTESIAN_POINT ( 'NONE',  ( 0.01922932905744486817, 0.9596323579471509602, 0.01000000000000000021 ) ) ;
#1544 = CARTESIAN_POINT ( 'NONE',  ( 0.3711416811695319451, 1.008612101708975306, 0.01000000000000000021 ) ) ;
#1545 = ADVANCED_FACE ( 'NONE', ( #1907 ), #3190, .T. ) ;
#1546 = VERTEX_POINT ( 'NONE', #1663 ) ;
#1547 = CARTESIAN_POINT ( 'NONE',  ( 0.4917903046672009726, 1.096827479898370372, 0.000000000000000000 ) ) ;
#1548 = CARTESIAN_POINT ( 'NONE',  ( 0.2630889115184910088, 0.8438754886817785295, -0.000000000000000000 ) ) ;
#1549 = CARTESIAN_POINT ( 'NONE',  ( 0.3358937810084001163, 0.8695961947086827681, 6.776263578034402713E-18 ) ) ;
#1550 = ORIENTED_EDGE ( 'NONE', *, *, #1461, .F. ) ;
#1551 =( GEOMETRIC_REPRESENTATION_CONTEXT ( 3 ) GLOBAL_UNCERTAINTY_ASSIGNED_CONTEXT ( ( #938 ) ) GLOBAL_UNIT_ASSIGNED_CONTEXT ( ( #3255, #1109, #3821 ) ) REPRESENTATION_CONTEXT ( 'NONE', 'WORKASPACE' ) );
#1552 = CARTESIAN_POINT ( 'NONE',  ( -0.2286636264483078718, 1.035853824810253565, 6.776263578034402713E-18 ) ) ;
#1553 = DIRECTION ( 'NONE',  ( 0.3393303772748777480, 0.9406672605435404400, 0.000000000000000000 ) ) ;
#1554 = CARTESIAN_POINT ( 'NONE',  ( -0.2221521113636414912, 1.045921050960990195, 0.000000000000000000 ) ) ;
#1555 = EDGE_CURVE ( 'NONE', #2350, #1391, #2221, .T. ) ;
#1556 = SURFACE_STYLE_FILL_AREA ( #383 ) ;
#1557 = MECHANICAL_DESIGN_GEOMETRIC_PRESENTATION_REPRESENTATION (  '', ( #1001 ), #3720 ) ;
#1558 = PLANE ( 'NONE',  #292 ) ;
#1559 =( NAMED_UNIT ( * ) SI_UNIT ( $, .STERADIAN. ) SOLID_ANGLE_UNIT ( ) );
#1560 =( GEOMETRIC_REPRESENTATION_CONTEXT ( 3 ) GLOBAL_UNCERTAINTY_ASSIGNED_CONTEXT ( ( #2862 ) ) GLOBAL_UNIT_ASSIGNED_CONTEXT ( ( #83, #2139, #377 ) ) REPRESENTATION_CONTEXT ( 'NONE', 'WORKASPACE' ) );
#1561 = FILL_AREA_STYLE_COLOUR ( '', #1226 ) ;
#1562 = DIRECTION ( 'NONE',  ( -0.000000000000000000, -0.000000000000000000, 1.000000000000000000 ) ) ;
#1563 = DIRECTION ( 'NONE',  ( 1.000000000000000000, 0.000000000000000000, -0.000000000000000000 ) ) ;
#1564 = CARTESIAN_POINT ( 'NONE',  ( -0.3706010808380842958, 1.061196462576724064, 6.776263578034402713E-18 ) ) ;
#1565 = VERTEX_POINT ( 'NONE', #3486 ) ;
#1566 = SURFACE_STYLE_FILL_AREA ( #2773 ) ;
#1567 = CARTESIAN_POINT ( 'NONE',  ( -0.2612584758206039637, 0.8468274798983704832, 0.01000000000000000021 ) ) ;
#1568 = CARTESIAN_POINT ( 'NONE',  ( 0.3716821843697138972, 0.9285140349133265136, 6.776263578034402713E-18 ) ) ;
#1569 = EDGE_LOOP ( 'NONE', ( #858, #42, #2253, #3782 ) ) ;
#1570 = PRESENTATION_LAYER_ASSIGNMENT (  '', '', ( #3292 ) ) ;
#1571 = CARTESIAN_POINT ( 'NONE',  ( -0.2221521113636414912, 1.045921050960990195, 0.01000000000000000021 ) ) ;
#1572 = ORIENTED_EDGE ( 'NONE', *, *, #1604, .F. ) ;
#1573 = CARTESIAN_POINT ( 'NONE',  ( -0.07528286606450632079, 1.069388455508126556, 0.01000000000000000021 ) ) ;
#1574 =( NAMED_UNIT ( * ) PLANE_ANGLE_UNIT ( ) SI_UNIT ( $, .RADIAN. ) );
#1575 = LINE ( 'NONE', #3372, #686 ) ;
#1576 = CARTESIAN_POINT ( 'NONE',  ( -0.2426708700966863919, 0.9883645349831620130, 0.000000000000000000 ) ) ;
#1577 = CARTESIAN_POINT ( 'NONE',  ( -0.1601626729159338625, 1.060215933971813351, 0.01000000000000000021 ) ) ;
#1578 = DIRECTION ( 'NONE',  ( 1.000000000000000000, 0.000000000000000000, 0.000000000000000000 ) ) ;
#1579 = CARTESIAN_POINT ( 'NONE',  ( 0.3288501559391815987, 0.9120008336298426332, 0.000000000000000000 ) ) ;
#1580 = DIRECTION ( 'NONE',  ( -0.000000000000000000, -0.000000000000000000, -1.000000000000000000 ) ) ;
#1581 = CARTESIAN_POINT ( 'NONE',  ( 0.2487929723501278445, 1.099876260386175364, 0.01000000000000000021 ) ) ;
#1582 = STYLED_ITEM ( 'NONE', ( #1521 ), #2085 ) ;
#1583 = ADVANCED_FACE ( 'NONE', ( #1593 ), #1678, .F. ) ;
#1584 = ORIENTED_EDGE ( 'NONE', *, *, #3834, .F. ) ;
#1585 = VECTOR ( 'NONE', #1713, 1000.000000000000000 ) ;
#1586 = CARTESIAN_POINT ( 'NONE',  ( 0.007034207106225345146, 0.8468274798983704832, 0.01000000000000000021 ) ) ;
#1587 = CARTESIAN_POINT ( 'NONE',  ( -0.1121540550888966009, 1.069388455508126556, 6.776263578034402713E-18 ) ) ;
#1588 = FACE_OUTER_BOUND ( 'NONE', #3258, .T. ) ;
#1589 = ORIENTED_EDGE ( 'NONE', *, *, #2644, .T. ) ;
#1590 = CARTESIAN_POINT ( 'NONE',  ( 0.2485071491793961196, 1.072437235995931326, 6.776263578034402713E-18 ) ) ;
#1591 = ORIENTED_EDGE ( 'NONE', *, *, #1130, .T. ) ;
#1592 = CARTESIAN_POINT ( 'NONE',  ( 0.3269135338405062541, 0.8626025583636008909, 0.01000000000000000021 ) ) ;
#1593 = FACE_OUTER_BOUND ( 'NONE', #2578, .T. ) ;
#1594 = CARTESIAN_POINT ( 'NONE',  ( -0.3750876352530894131, 1.052083523725446446, 0.01000000000000000021 ) ) ;
#1595 = STYLED_ITEM ( 'NONE', ( #1899 ), #331 ) ;
#1596 = FILL_AREA_STYLE ('',( #470 ) ) ;
#1597 = ADVANCED_FACE ( 'NONE', ( #2895 ), #3830, .T. ) ;
#1598 = ORIENTED_EDGE ( 'NONE', *, *, #503, .F. ) ;
#1599 =( NAMED_UNIT ( * ) SI_UNIT ( $, .STERADIAN. ) SOLID_ANGLE_UNIT ( ) );
#1600 = CARTESIAN_POINT ( 'NONE',  ( -0.3217100764303599814, 0.9169494311178827406, 0.000000000000000000 ) ) ;
#1601 =( LENGTH_UNIT ( ) NAMED_UNIT ( * ) SI_UNIT ( .MILLI., .METRE. ) );
#1602 = CARTESIAN_POINT ( 'NONE',  ( 0.2862712253860429379, 1.065649937093817723, 0.01000000000000000021 ) ) ;
#1603 = DIRECTION ( 'NONE',  ( -0.000000000000000000, -0.000000000000000000, -1.000000000000000000 ) ) ;
#1604 = EDGE_CURVE ( 'NONE', #3875, #285, #3623, .T. ) ;
#1605 = VECTOR ( 'NONE', #237, 1000.000000000000000 ) ;
#1606 = ADVANCED_FACE ( 'NONE', ( #3247 ), #1985, .T. ) ;
#1607 = B_SPLINE_CURVE_WITH_KNOTS ( 'NONE', 3,
 ( #2206, #681, #3679, #434, #2488, #385, #992, #1579, #2187, #720, #3393, #2784, #2809, #364, #91, #3659, #2148, #3361, #1311 ),
 .UNSPECIFIED., .F., .F.,
 ( 4, 1, 1, 1, 1, 1, 1, 1, 1, 1, 1, 1, 1, 1, 1, 1, 4 ),
 ( 0.000000000000000000, 0.07377411937406362641, 0.1440791147260414573, 0.2113485183089117425, 0.2760768857398840370, 0.3385209158196769152, 0.3998851166931333134, 0.4602540674652128572, 0.5205889643912477993, 0.5802076845630441682, 0.6386329085525458416, 0.6963645494905240652, 0.7540017746600128357, 0.8128056813744980458, 0.8727544255255605954, 0.9351819969782670938, 0.9999999999999998890 ),
 .UNSPECIFIED. ) ;
#1608 = STYLED_ITEM ( 'NONE', ( #2568 ), #1533 ) ;
#1609 = ORIENTED_EDGE ( 'NONE', *, *, #3253, .T. ) ;
#1610 =( NAMED_UNIT ( * ) SI_UNIT ( $, .STERADIAN. ) SOLID_ANGLE_UNIT ( ) );
#1611 =( LENGTH_UNIT ( ) NAMED_UNIT ( * ) SI_UNIT ( .MILLI., .METRE. ) );
#1612 = CARTESIAN_POINT ( 'NONE',  ( -0.1961966287125588571, 0.8735293571401618884, 0.000000000000000000 ) ) ;
#1613 = VECTOR ( 'NONE', #164, 1000.000000000000114 ) ;
#1614 =( GEOMETRIC_REPRESENTATION_CONTEXT ( 3 ) GLOBAL_UNCERTAINTY_ASSIGNED_CONTEXT ( ( #133 ) ) GLOBAL_UNIT_ASSIGNED_CONTEXT ( ( #1601, #1629, #1312 ) ) REPRESENTATION_CONTEXT ( 'NONE', 'WORKASPACE' ) );
#1615 = SURFACE_STYLE_USAGE ( .BOTH. , #2752 ) ;
#1616 = VERTEX_POINT ( 'NONE', #170 ) ;
#1617 = CARTESIAN_POINT ( 'NONE',  ( 0.2585377998330688487, 1.072221558642970640, 6.776263578034402713E-18 ) ) ;
#1618 = ORIENTED_EDGE ( 'NONE', *, *, #2909, .F. ) ;
#1619 = CARTESIAN_POINT ( 'NONE',  ( 0.2363791179785710017, 0.8721375028226889814, 6.776263578034402713E-18 ) ) ;
#1620 = CARTESIAN_POINT ( 'NONE',  ( 1.333796266367506927E-15, 0.000000000000000000, 9.000000000000001776 ) ) ;
#1621 = DIRECTION ( 'NONE',  ( -0.9407669869669988971, 0.3390537954853693470, 0.000000000000000000 ) ) ;
#1622 = SURFACE_SIDE_STYLE ('',( #2484 ) ) ;
#1623 = B_SPLINE_SURFACE_WITH_KNOTS ( 'NONE', 3, 1, ( 
 ( #501, #3505 ),
 ( #3522, #1986 ),
 ( #3813, #3756 ),
 ( #2590, #3795 ),
 ( #2007, #1950 ),
 ( #3191, #3228 ),
 ( #3772, #1070 ),
 ( #469, #1679 ),
 ( #2877, #1718 ),
 ( #2914, #1379 ),
 ( #219, #1122 ) ),
 .UNSPECIFIED., .F., .F., .F.,
 ( 4, 1, 1, 1, 1, 1, 1, 1, 4 ),
 ( 2, 2 ),
 ( 0.000000000000000000, 0.1124483899088009053, 0.2265276752126773319, 0.3444019493260274678, 0.4658649724874581732, 0.5916594493521163400, 0.7221684870248874510, 0.8586063875549265756, 1.000000000000000000 ),
 ( 0.000000000000000000, 1.000000000000000000 ),
 .UNSPECIFIED. ) ;
#1624 = CARTESIAN_POINT ( 'NONE',  ( 0.3288501559391815987, 0.9120008336298426332, 0.01000000000000000021 ) ) ;
#1625 = VECTOR ( 'NONE', #2705, 1000.000000000000000 ) ;
#1626 = COLOUR_RGB ( '',0.9686274509803921573, 0.8784313725490195957, 0.5999999999999999778 ) ;
#1627 = VERTEX_POINT ( 'NONE', #3540 ) ;
#1628 = CARTESIAN_POINT ( 'NONE',  ( 0.1921811327814578196, 1.057721181682825362, 0.01000000000000000021 ) ) ;
#1629 =( NAMED_UNIT ( * ) PLANE_ANGLE_UNIT ( ) SI_UNIT ( $, .RADIAN. ) );
#1630 = CARTESIAN_POINT ( 'NONE',  ( -1.099999999999999201, 1.347111479062087517E-16, 5.500000000000000888 ) ) ;
#1631 = SURFACE_STYLE_USAGE ( .BOTH. , #2173 ) ;
#1632 = ORIENTED_EDGE ( 'NONE', *, *, #1032, .T. ) ;
#1633 = CARTESIAN_POINT ( 'NONE',  ( 0.2092062307526433851, 1.096121374483163713, 0.000000000000000000 ) ) ;
#1634 = SURFACE_SIDE_STYLE ('',( #3070 ) ) ;
#1635 = CARTESIAN_POINT ( 'NONE',  ( -0.1858779196425166536, 0.8662976540751842203, 0.000000000000000000 ) ) ;
#1636 = UNCERTAINTY_MEASURE_WITH_UNIT (LENGTH_MEASURE( 1.000000000000000082E-05 ), #1230, 'distance_accuracy_value', 'NONE');
#1637 = COLOUR_RGB ( '',0.2235294117647058654, 0.2235294117647058654, 0.2235294117647058654 ) ;
#1638 = SURFACE_SIDE_STYLE ('',( #752 ) ) ;
#1639 = CARTESIAN_POINT ( 'NONE',  ( 0.3096374542666875396, 1.051141514585854697, 6.776263578034402713E-18 ) ) ;
#1640 = VERTEX_POINT ( 'NONE', #1446 ) ;
#1641 = FILL_AREA_STYLE ('',( #3793 ) ) ;
#1642 = SURFACE_SIDE_STYLE ('',( #103 ) ) ;
#1643 = FILL_AREA_STYLE_COLOUR ( '', #3890 ) ;
#1644 = FILL_AREA_STYLE ('',( #105 ) ) ;
#1645 =( NAMED_UNIT ( * ) SI_UNIT ( $, .STERADIAN. ) SOLID_ANGLE_UNIT ( ) );
#1646 = VERTEX_POINT ( 'NONE', #2036 ) ;
#1647 =( LENGTH_UNIT ( ) NAMED_UNIT ( * ) SI_UNIT ( .MILLI., .METRE. ) );
#1648 = CARTESIAN_POINT ( 'NONE',  ( 0.2278765607831168549, 0.8733445576514463626, 0.000000000000000000 ) ) ;
#1649 = ADVANCED_FACE ( 'NONE', ( #535 ), #2332, .T. ) ;
#1650 = VERTEX_POINT ( 'NONE', #1388 ) ;
#1651 = SURFACE_STYLE_FILL_AREA ( #1037 ) ;
#1652 = CARTESIAN_POINT ( 'NONE',  ( -0.3714433081376771195, 1.066339675020321565, 6.776263578034402713E-18 ) ) ;
#1653 = VECTOR ( 'NONE', #1848, 1000.000000000000000 ) ;
#1654 = ORIENTED_EDGE ( 'NONE', *, *, #3507, .T. ) ;
#1655 = PRESENTATION_STYLE_ASSIGNMENT (( #2235 ) ) ;
#1656 = B_SPLINE_SURFACE_WITH_KNOTS ( 'NONE', 3, 1, ( 
 ( #716, #401 ),
 ( #1908, #3656 ),
 ( #1594, #2803 ),
 ( #428, #3059 ),
 ( #380, #1028 ),
 ( #2166, #676 ),
 ( #1266, #87 ) ),
 .UNSPECIFIED., .F., .F., .F.,
 ( 4, 1, 1, 1, 4 ),
 ( 2, 2 ),
 ( 0.000000000000000000, 0.1744817153170497570, 0.3982857591281127596, 0.6738978473986663165, 1.000000000000000000 ),
 ( 0.000000000000000000, 1.000000000000000000 ),
 .UNSPECIFIED. ) ;
#1657 = CARTESIAN_POINT ( 'NONE',  ( -0.1521269350385348329, 0.8806315031339861932, 1.355252715606880543E-17 ) ) ;
#1658 = EDGE_CURVE ( 'NONE', #3397, #1059, #3806, .T. ) ;
#1659 = VECTOR ( 'NONE', #13, 1000.000000000000000 ) ;
#1660 = CARTESIAN_POINT ( 'NONE',  ( 0.2587491461306156704, 0.8437786994105656024, 0.01000000000000000021 ) ) ;
#1661 = VERTEX_POINT ( 'NONE', #843 ) ;
#1662 = FACE_OUTER_BOUND ( 'NONE', #2204, .T. ) ;
#1663 = CARTESIAN_POINT ( 'NONE',  ( 0.4917903046672009726, 0.8742665042886144100, 0.000000000000000000 ) ) ;
#1664 = DIRECTION ( 'NONE',  ( 1.000000000000000000, 0.000000000000000000, 0.000000000000000000 ) ) ;
#1665 = CARTESIAN_POINT ( 'NONE',  ( 0.3330291424606175443, 0.9201291688432601257, 0.01000000000000000021 ) ) ;
#1666 = UNCERTAINTY_MEASURE_WITH_UNIT (LENGTH_MEASURE( 1.000000000000000082E-05 ), #1069, 'distance_accuracy_value', 'NONE');
#1667 = PRESENTATION_STYLE_ASSIGNMENT (( #3509 ) ) ;
#1668 = ORIENTED_EDGE ( 'NONE', *, *, #2556, .F. ) ;
#1669 = FILL_AREA_STYLE_COLOUR ( '', #232 ) ;
#1670 = VERTEX_POINT ( 'NONE', #1742 ) ;
#1671 = CARTESIAN_POINT ( 'NONE',  ( 0.2682431692609442142, 1.070819101221609282, 0.01000000000000000021 ) ) ;
#1672 = ORIENTED_EDGE ( 'NONE', *, *, #3232, .F. ) ;
#1673 = CARTESIAN_POINT ( 'NONE',  ( 0.2458691167520405674, 1.072397350846846731, -0.000000000000000000 ) ) ;
#1674 = FILL_AREA_STYLE ('',( #3185 ) ) ;
#1675 = SURFACE_STYLE_FILL_AREA ( #480 ) ;
#1676 = CARTESIAN_POINT ( 'NONE',  ( 0.1923068840682653768, 0.8584899845540681085, 0.01000000000000000021 ) ) ;
#1677 = ORIENTED_EDGE ( 'NONE', *, *, #705, .F. ) ;
#1678 = PLANE ( 'NONE',  #1293 ) ;
#1679 = CARTESIAN_POINT ( 'NONE',  ( 0.2390643788201745612, 0.8446890635503164768, 6.776263578034402713E-18 ) ) ;
#1680 = UNCERTAINTY_MEASURE_WITH_UNIT (LENGTH_MEASURE( 1.000000000000000082E-05 ), #1755, 'distance_accuracy_value', 'NONE');
#1681 = DIRECTION ( 'NONE',  ( 1.000000000000000000, 0.000000000000000000, 0.000000000000000000 ) ) ;
#1682 = DIRECTION ( 'NONE',  ( 0.000000000000000000, 1.000000000000000000, 0.000000000000000000 ) ) ;
#1683 = PRESENTATION_STYLE_ASSIGNMENT (( #1937 ) ) ;
#1684 = EDGE_CURVE ( 'NONE', #3599, #3381, #2942, .T. ) ;
#1685 = ORIENTED_EDGE ( 'NONE', *, *, #2586, .T. ) ;
#1686 = PLANE ( 'NONE',  #3802 ) ;
#1687 = AXIS2_PLACEMENT_3D ( 'NONE', #355, #3654, #674 ) ;
#1688 = EDGE_LOOP ( 'NONE', ( #2697, #1340, #1259, #2192 ) ) ;
#1689 = VECTOR ( 'NONE', #3153, 1000.000000000000000 ) ;
#1690 = CARTESIAN_POINT ( 'NONE',  ( 0.2024266190123497899, 1.094376979851814147, 0.01000000000000000021 ) ) ;
#1691 = SURFACE_SIDE_STYLE ('',( #168 ) ) ;
#1692 = CARTESIAN_POINT ( 'NONE',  ( -0.1748016253275325449, 0.8602890726596484905, 0.000000000000000000 ) ) ;
#1693 = FILL_AREA_STYLE_COLOUR ( '', #3689 ) ;
#1694 = EDGE_CURVE ( 'NONE', #2350, #1052, #3222, .T. ) ;
#1695 = DIRECTION ( 'NONE',  ( 1.000000000000000000, 0.000000000000000000, 0.000000000000000000 ) ) ;
#1696 =( GEOMETRIC_REPRESENTATION_CONTEXT ( 3 ) GLOBAL_UNCERTAINTY_ASSIGNED_CONTEXT ( ( #471 ) ) GLOBAL_UNIT_ASSIGNED_CONTEXT ( ( #1707, #1441, #2236 ) ) REPRESENTATION_CONTEXT ( 'NONE', 'WORKASPACE' ) );
#1697 = VERTEX_POINT ( 'NONE', #2296 ) ;
#1698 = STYLED_ITEM ( 'NONE', ( #2265 ), #2341 ) ;
#1699 =( NAMED_UNIT ( * ) SI_UNIT ( $, .STERADIAN. ) SOLID_ANGLE_UNIT ( ) );
#1700 = CARTESIAN_POINT ( 'NONE',  ( -0.2978438416742624217, 0.8468274798983704832, 0.01000000000000000021 ) ) ;
#1701 = LINE ( 'NONE', #3833, #1452 ) ;
#1702 = AXIS2_PLACEMENT_3D ( 'NONE', #508, #3451, #1992 ) ;
#1703 = FACE_OUTER_BOUND ( 'NONE', #783, .T. ) ;
#1704 = FACE_BOUND ( 'NONE', #2921, .T. ) ;
#1705 = CARTESIAN_POINT ( 'NONE',  ( -0.2408536331714850875, 1.001286535254890975, 0.01000000000000000021 ) ) ;
#1706 =( NAMED_UNIT ( * ) SI_UNIT ( $, .STERADIAN. ) SOLID_ANGLE_UNIT ( ) );
#1707 =( LENGTH_UNIT ( ) NAMED_UNIT ( * ) SI_UNIT ( .MILLI., .METRE. ) );
#1708 = VERTEX_POINT ( 'NONE', #2262 ) ;
#1709 =( LENGTH_UNIT ( ) NAMED_UNIT ( * ) SI_UNIT ( .MILLI., .METRE. ) );
#1710 = CARTESIAN_POINT ( 'NONE',  ( 0.1919510672521815842, 1.090775521208527943, 0.01000000000000000021 ) ) ;
#1711 = FILL_AREA_STYLE_COLOUR ( '', #1075 ) ;
#1712 =( GEOMETRIC_REPRESENTATION_CONTEXT ( 3 ) GLOBAL_UNCERTAINTY_ASSIGNED_CONTEXT ( ( #3758 ) ) GLOBAL_UNIT_ASSIGNED_CONTEXT ( ( #3136, #1330, #3293 ) ) REPRESENTATION_CONTEXT ( 'NONE', 'WORKASPACE' ) );
#1713 = DIRECTION ( 'NONE',  ( -0.000000000000000000, -0.000000000000000000, -1.000000000000000000 ) ) ;
#1714 = SURFACE_STYLE_USAGE ( .BOTH. , #555 ) ;
#1715 = ADVANCED_FACE ( 'NONE', ( #517 ), #1467, .F. ) ;
#1716 = ORIENTED_EDGE ( 'NONE', *, *, #1866, .T. ) ;
#1717 = CARTESIAN_POINT ( 'NONE',  ( -0.5999999999999999778, 0.000000000000000000, -2.000000000000000000 ) ) ;
#1718 = CARTESIAN_POINT ( 'NONE',  ( 0.2487631960529617658, 0.8438958177974633657, 6.776263578034402713E-18 ) ) ;
#1719 = PRESENTATION_LAYER_ASSIGNMENT (  '', '', ( #2210 ) ) ;
#1720 = SURFACE_SIDE_STYLE ('',( #2025 ) ) ;
#1721 = UNCERTAINTY_MEASURE_WITH_UNIT (LENGTH_MEASURE( 1.000000000000000082E-05 ), #987, 'distance_accuracy_value', 'NONE');
#1722 = FACE_OUTER_BOUND ( 'NONE', #2948, .T. ) ;
#1723 = LINE ( 'NONE', #226, #2051 ) ;
#1724 = UNCERTAINTY_MEASURE_WITH_UNIT (LENGTH_MEASURE( 1.000000000000000082E-05 ), #703, 'distance_accuracy_value', 'NONE');
#1725 = PLANE ( 'NONE',  #3149 ) ;
#1726 = ORIENTED_EDGE ( 'NONE', *, *, #489, .T. ) ;
#1727 =( NAMED_UNIT ( * ) PLANE_ANGLE_UNIT ( ) SI_UNIT ( $, .RADIAN. ) );
#1728 = STYLED_ITEM ( 'NONE', ( #1876 ), #330 ) ;
#1729 = EDGE_CURVE ( 'NONE', #2934, #1761, #2736, .T. ) ;
#1730 = CARTESIAN_POINT ( 'NONE',  ( -0.3217100764303599814, 0.9169494311178827406, 0.000000000000000000 ) ) ;
#1731 = CARTESIAN_POINT ( 'NONE',  ( -0.3711517875195629590, 1.064559451948266622, 0.01000000000000000021 ) ) ;
#1732 = DIRECTION ( 'NONE',  ( 1.000000000000000000, 0.000000000000000000, 0.000000000000000000 ) ) ;
#1733 = EDGE_CURVE ( 'NONE', #3627, #2848, #3829, .T. ) ;
#1734 = EDGE_CURVE ( 'NONE', #3753, #3140, #2912, .T. ) ;
#1735 =( LENGTH_UNIT ( ) NAMED_UNIT ( * ) SI_UNIT ( .MILLI., .METRE. ) );
#1736 = COLOUR_RGB ( '',0.2235294117647058654, 0.2235294117647058654, 0.2235294117647058654 ) ;
#1737 =( NAMED_UNIT ( * ) SI_UNIT ( $, .STERADIAN. ) SOLID_ANGLE_UNIT ( ) );
#1738 = CARTESIAN_POINT ( 'NONE',  ( 0.3118172894629568370, 0.8913913678819862518, 0.01000000000000000021 ) ) ;
#1739 = VERTEX_POINT ( 'NONE', #2057 ) ;
#1740 = ORIENTED_EDGE ( 'NONE', *, *, #3138, .F. ) ;
#1741 =( LENGTH_UNIT ( ) NAMED_UNIT ( * ) SI_UNIT ( .MILLI., .METRE. ) );
#1742 = CARTESIAN_POINT ( 'NONE',  ( -1.599999999999999423, 1.959434878635764737E-16, 5.500000000000000888 ) ) ;
#1743 = VECTOR ( 'NONE', #1681, 1000.000000000000000 ) ;
#1744 = STYLED_ITEM ( 'NONE', ( #1410 ), #3757 ) ;
#1745 = CARTESIAN_POINT ( 'NONE',  ( 0.2992978079338051711, 1.091000336852297581, 0.000000000000000000 ) ) ;
#1746 = PRESENTATION_STYLE_ASSIGNMENT (( #617 ) ) ;
#1747 = EDGE_LOOP ( 'NONE', ( #347, #767, #1238, #1133 ) ) ;
#1748 = AXIS2_PLACEMENT_3D ( 'NONE', #207, #821, #2017 ) ;
#1749 = DIRECTION ( 'NONE',  ( 0.000000000000000000, -1.000000000000000000, 0.000000000000000000 ) ) ;
#1750 = LINE ( 'NONE', #2735, #3578 ) ;
#1751 = CARTESIAN_POINT ( 'NONE',  ( 0.3049883499779963980, 0.8859605028013567418, 0.01000000000000000021 ) ) ;
#1752 = PLANE ( 'NONE',  #1864 ) ;
#1753 = ADVANCED_FACE ( 'NONE', ( #3879 ), #3266, .T. ) ;
#1754 = CARTESIAN_POINT ( 'NONE',  ( -0.2221521113636414912, 1.045921050960990195, 0.01000000000000000021 ) ) ;
#1755 =( LENGTH_UNIT ( ) NAMED_UNIT ( * ) SI_UNIT ( .MILLI., .METRE. ) );
#1756 = CARTESIAN_POINT ( 'NONE',  ( -0.3722531404547502754, 1.066339675020321565, 0.01000000000000000021 ) ) ;
#1757 = ORIENTED_EDGE ( 'NONE', *, *, #2012, .T. ) ;
#1758 = STYLED_ITEM ( 'NONE', ( #1655 ), #193 ) ;
#1759 = ADVANCED_FACE ( 'NONE', ( #2946 ), #256, .T. ) ;
#1760 = DIRECTION ( 'NONE',  ( -0.000000000000000000, -0.000000000000000000, -1.000000000000000000 ) ) ;
#1761 = VERTEX_POINT ( 'NONE', #2397 ) ;
#1762 = LINE ( 'NONE', #612, #2338 ) ;
#1763 = CARTESIAN_POINT ( 'NONE',  ( -0.2093429285228218251, 0.9704113414735918708, 0.01000000000000000021 ) ) ;
#1764 = CARTESIAN_POINT ( 'NONE',  ( 0.3104472669585207623, 1.085813522749777382, 0.01000000000000000021 ) ) ;
#1765 = DIRECTION ( 'NONE',  ( 1.000000000000000000, 0.000000000000000000, 0.000000000000000000 ) ) ;
#1766 = DIRECTION ( 'NONE',  ( 0.000000000000000000, 0.000000000000000000, 1.000000000000000000 ) ) ;
#1767 = EDGE_CURVE ( 'NONE', #3574, #2621, #271, .T. ) ;
#1768 = FILL_AREA_STYLE ('',( #3543 ) ) ;
#1769 = VECTOR ( 'NONE', #704, 1000.000000000000000 ) ;
#1770 = VERTEX_POINT ( 'NONE', #2115 ) ;
#1771 = COLOUR_RGB ( '',0.2235294117647058654, 0.2235294117647058654, 0.2235294117647058654 ) ;
#1772 = CARTESIAN_POINT ( 'NONE',  ( 0.3424000607647620376, 0.9691597969715411987, 0.01000000000000000021 ) ) ;
#1773 = SURFACE_SIDE_STYLE ('',( #3271 ) ) ;
#1774 = AXIS2_PLACEMENT_3D ( 'NONE', #1781, #192, #3539 ) ;
#1775 = CARTESIAN_POINT ( 'NONE',  ( 0.000000000000000000, 0.000000000000000000, 6.000000000000000000 ) ) ;
#1776 =( NAMED_UNIT ( * ) PLANE_ANGLE_UNIT ( ) SI_UNIT ( $, .RADIAN. ) );
#1777 = CARTESIAN_POINT ( 'NONE',  ( 0.1899610363745180830, 0.8597847969715411987, 0.000000000000000000 ) ) ;
#1778 = ORIENTED_EDGE ( 'NONE', *, *, #1810, .F. ) ;
#1779 = FACE_OUTER_BOUND ( 'NONE', #1365, .T. ) ;
#1780 = DIRECTION ( 'NONE',  ( 0.000000000000000000, -1.000000000000000000, 0.000000000000000000 ) ) ;
#1781 = CARTESIAN_POINT ( 'NONE',  ( 0.000000000000000000, 0.000000000000000000, -2.000000000000000000 ) ) ;
#1782 = LINE ( 'NONE', #1500, #3422 ) ;
#1783 = FILL_AREA_STYLE ('',( #2659 ) ) ;
#1784 = DIRECTION ( 'NONE',  ( 1.000000000000000000, 0.000000000000000000, 0.000000000000000000 ) ) ;
#1785 = ORIENTED_EDGE ( 'NONE', *, *, #2881, .T. ) ;
#1786 = CARTESIAN_POINT ( 'NONE',  ( 0.1899610363745181107, 1.089967723800809640, 6.776263578034402713E-18 ) ) ;
#1787 = MECHANICAL_DESIGN_GEOMETRIC_PRESENTATION_REPRESENTATION (  '', ( #100 ), #3328 ) ;
#1788 = SURFACE_STYLE_FILL_AREA ( #639 ) ;
#1789 = CARTESIAN_POINT ( 'NONE',  ( 0.2682431692609442142, 1.070819101221609282, 0.000000000000000000 ) ) ;
#1790 = MECHANICAL_DESIGN_GEOMETRIC_PRESENTATION_REPRESENTATION (  '', ( #1608 ), #731 ) ;
#1791 = CARTESIAN_POINT ( 'NONE',  ( -0.4249875154547502198, 0.9169494311178827406, 0.000000000000000000 ) ) ;
#1792 = SURFACE_STYLE_FILL_AREA ( #547 ) ;
#1793 = LINE ( 'NONE', #7, #2116 ) ;
#1794 = EDGE_CURVE ( 'NONE', #1627, #20, #393, .T. ) ;
#1795 =( NAMED_UNIT ( * ) PLANE_ANGLE_UNIT ( ) SI_UNIT ( $, .RADIAN. ) );
#1796 = SURFACE_SIDE_STYLE ('',( #611 ) ) ;
#1797 = SURFACE_STYLE_USAGE ( .BOTH. , #3303 ) ;
#1798 = DIRECTION ( 'NONE',  ( -0.3393303772748776925, -0.9406672605435404400, 0.000000000000000000 ) ) ;
#1799 = CARTESIAN_POINT ( 'NONE',  ( 0.3756146746918516688, 0.9814943632508934535, 0.01000000000000000021 ) ) ;
#1800 = EDGE_CURVE ( 'NONE', #3664, #808, #2715, .T. ) ;
#1801 =( NAMED_UNIT ( * ) SI_UNIT ( $, .STERADIAN. ) SOLID_ANGLE_UNIT ( ) );
#1802 =( GEOMETRIC_REPRESENTATION_CONTEXT ( 3 ) GLOBAL_UNCERTAINTY_ASSIGNED_CONTEXT ( ( #179 ) ) GLOBAL_UNIT_ASSIGNED_CONTEXT ( ( #1611, #2520, #3888 ) ) REPRESENTATION_CONTEXT ( 'NONE', 'WORKASPACE' ) );
#1803 =( NAMED_UNIT ( * ) SI_UNIT ( $, .STERADIAN. ) SOLID_ANGLE_UNIT ( ) );
#1804 = ORIENTED_EDGE ( 'NONE', *, *, #3215, .F. ) ;
#1805 = COLOUR_RGB ( '',0.2235294117647058654, 0.2235294117647058654, 0.2235294117647058654 ) ;
#1806 = CARTESIAN_POINT ( 'NONE',  ( -0.1949393191479332488, 0.9149758464307173877, 0.01000000000000000021 ) ) ;
#1807 =( LENGTH_UNIT ( ) NAMED_UNIT ( * ) SI_UNIT ( .MILLI., .METRE. ) );
#1808 = CARTESIAN_POINT ( 'NONE',  ( 0.2485071491793961196, 1.072437235995931326, 0.000000000000000000 ) ) ;
#1809 = CARTESIAN_POINT ( 'NONE',  ( -0.3714433081376771195, 1.066339675020321565, 0.01000000000000000021 ) ) ;
#1810 = EDGE_CURVE ( 'NONE', #2510, #1451, #3072, .T. ) ;
#1811 = CARTESIAN_POINT ( 'NONE',  ( -0.2093472623823182110, 0.9780871981339732679, -0.000000000000000000 ) ) ;
#1812 = PRESENTATION_LAYER_ASSIGNMENT (  '', '', ( #3351 ) ) ;
#1813 = SURFACE_STYLE_USAGE ( .BOTH. , #3044 ) ;
#1814 = FILL_AREA_STYLE_COLOUR ( '', #1537 ) ;
#1815 = DIRECTION ( 'NONE',  ( -0.000000000000000000, -0.000000000000000000, -1.000000000000000000 ) ) ;
#1816 = ADVANCED_FACE ( 'NONE', ( #2731 ), #98, .T. ) ;
#1817 = CARTESIAN_POINT ( 'NONE',  ( -0.1424583467502104350, 1.066229303872373801, 0.01000000000000000021 ) ) ;
#1818 = CARTESIAN_POINT ( 'NONE',  ( 0.3758585090076645985, 0.9625810311570832667, -0.000000000000000000 ) ) ;
#1819 =( NAMED_UNIT ( * ) PLANE_ANGLE_UNIT ( ) SI_UNIT ( $, .RADIAN. ) );
#1820 = ORIENTED_EDGE ( 'NONE', *, *, #3178, .T. ) ;
#1821 = CARTESIAN_POINT ( 'NONE',  ( -0.1859965081161424894, 1.078356172219399056, 0.01000000000000000021 ) ) ;
#1822 = CARTESIAN_POINT ( 'NONE',  ( 0.007034207106225345146, 0.8468274798983704832, 0.01000000000000000021 ) ) ;
#1823 = SURFACE_SIDE_STYLE ('',( #1788 ) ) ;
#1824 = CARTESIAN_POINT ( 'NONE',  ( 0.3423134821449008158, 0.9730213197072457021, -0.000000000000000000 ) ) ;
#1825 = SURFACE_STYLE_USAGE ( .BOTH. , #2430 ) ;
#1826 = DIRECTION ( 'NONE',  ( -0.3635424856527063597, -0.9315776194850602376, 0.000000000000000000 ) ) ;
#1827 = EDGE_CURVE ( 'NONE', #2438, #3875, #3058, .T. ) ;
#1828 = VECTOR ( 'NONE', #2132, 1000.000000000000000 ) ;
#1829 = DIRECTION ( 'NONE',  ( -1.000000000000000000, 0.000000000000000000, 0.000000000000000000 ) ) ;
#1830 = CARTESIAN_POINT ( 'NONE',  ( -0.2429657928937746514, 0.9749715347764192908, 0.01000000000000000021 ) ) ;
#1831 = PLANE ( 'NONE',  #1147 ) ;
#1832 = EDGE_LOOP ( 'NONE', ( #1295, #1199, #2990, #1833 ) ) ;
#1833 = ORIENTED_EDGE ( 'NONE', *, *, #211, .T. ) ;
#1834 = UNCERTAINTY_MEASURE_WITH_UNIT (LENGTH_MEASURE( 1.000000000000000082E-05 ), #1080, 'distance_accuracy_value', 'NONE');
#1835 = LINE ( 'NONE', #3051, #1858 ) ;
#1836 = EDGE_CURVE ( 'NONE', #2848, #2077, #41, .T. ) ;
#1837 = ORIENTED_EDGE ( 'NONE', *, *, #132, .T. ) ;
#1838 = CARTESIAN_POINT ( 'NONE',  ( -0.1168899326908498515, 1.096725106910224845, 6.776263578034402713E-18 ) ) ;
#1839 = LINE ( 'NONE', #1573, #1308 ) ;
#1840 = COLOUR_RGB ( '',0.2235294117647058654, 0.2235294117647058654, 0.2235294117647058654 ) ;
#1841 = PRESENTATION_STYLE_ASSIGNMENT (( #658 ) ) ;
#1842 = CARTESIAN_POINT ( 'NONE',  ( -0.1962499841298030456, 1.071614850069672054, 0.000000000000000000 ) ) ;
#1843 = CARTESIAN_POINT ( 'NONE',  ( -0.2079489658862286594, 0.9963256697776043946, 0.01000000000000000021 ) ) ;
#1844 = CARTESIAN_POINT ( 'NONE',  ( 0.3972781095452497802, 0.8468274798983704832, 0.000000000000000000 ) ) ;
#1845 = DIRECTION ( 'NONE',  ( 0.9417224702971435102, 0.3363908276654489771, -0.000000000000000000 ) ) ;
#1846 = CARTESIAN_POINT ( 'NONE',  ( -0.2059403239481887027, 0.9418166826653522339, 0.000000000000000000 ) ) ;
#1847 = SURFACE_SIDE_STYLE ('',( #934 ) ) ;
#1848 = DIRECTION ( 'NONE',  ( -1.000000000000000000, 0.000000000000000000, 0.000000000000000000 ) ) ;
#1849 = EDGE_LOOP ( 'NONE', ( #206, #2565, #1085, #822 ) ) ;
#1850 =( NAMED_UNIT ( * ) PLANE_ANGLE_UNIT ( ) SI_UNIT ( $, .RADIAN. ) );
#1851 = LINE ( 'NONE', #1547, #2380 ) ;
#1852 = DIRECTION ( 'NONE',  ( 1.000000000000000000, 0.000000000000000000, 0.000000000000000000 ) ) ;
#1853 = CARTESIAN_POINT ( 'NONE',  ( 0.3516871134150685307, 0.8862755942321535185, 0.01000000000000000021 ) ) ;
#1854 = EDGE_LOOP ( 'NONE', ( #3239, #3194, #1161, #550 ) ) ;
#1855 = MECHANICAL_DESIGN_GEOMETRIC_PRESENTATION_REPRESENTATION (  '', ( #2433 ), #1367 ) ;
#1856 = CARTESIAN_POINT ( 'NONE',  ( -0.1637269776527710552, 1.088744101286999832, 0.01000000000000000021 ) ) ;
#1857 = ORIENTED_EDGE ( 'NONE', *, *, #1800, .T. ) ;
#1858 = VECTOR ( 'NONE', #350, 1000.000000000000000 ) ;
#1859 = FILL_AREA_STYLE_COLOUR ( '', #1805 ) ;
#1860 = CARTESIAN_POINT ( 'NONE',  ( -0.2091752853016342339, 0.9629391331280712230, 0.01000000000000000021 ) ) ;
#1861 = STYLED_ITEM ( 'NONE', ( #2182 ), #3612 ) ;
#1862 = DIRECTION ( 'NONE',  ( -0.000000000000000000, -0.000000000000000000, -1.000000000000000000 ) ) ;
#1863 = CARTESIAN_POINT ( 'NONE',  ( 0.2945468330027430359, 1.061686429507519458, 0.000000000000000000 ) ) ;
#1864 = AXIS2_PLACEMENT_3D ( 'NONE', #2222, #2760, #967 ) ;
#1865 = DIRECTION ( 'NONE',  ( 1.000000000000000000, 0.000000000000000000, 0.000000000000000000 ) ) ;
#1866 = EDGE_CURVE ( 'NONE', #3439, #1770, #1963, .T. ) ;
#1867 = FACE_OUTER_BOUND ( 'NONE', #118, .T. ) ;
#1868 = EDGE_CURVE ( 'NONE', #1023, #166, #3446, .T. ) ;
#1869 = LINE ( 'NONE', #2170, #376 ) ;
#1870 = VECTOR ( 'NONE', #1241, 1000.000000000000000 ) ;
#1871 = CARTESIAN_POINT ( 'NONE',  ( -0.1748016253275325449, 0.8602890726596484905, 0.01000000000000000021 ) ) ;
#1872 = CARTESIAN_POINT ( 'NONE',  ( -0.1238882657514953356, 0.8470837382244480462, 6.776263578034402713E-18 ) ) ;
#1873 = CARTESIAN_POINT ( 'NONE',  ( 0.2518944896455237448, 1.072364401974437165, 0.01000000000000000021 ) ) ;
#1874 = MECHANICAL_DESIGN_GEOMETRIC_PRESENTATION_REPRESENTATION (  '', ( #3897 ), #1072 ) ;
#1875 = ORIENTED_EDGE ( 'NONE', *, *, #1276, .T. ) ;
#1876 = PRESENTATION_STYLE_ASSIGNMENT (( #2542 ) ) ;
#1877 = DIRECTION ( 'NONE',  ( 0.000000000000000000, -1.000000000000000000, 0.000000000000000000 ) ) ;
#1878 = CARTESIAN_POINT ( 'NONE',  ( -0.3217100764303599814, 0.9169494311178827406, 0.01000000000000000021 ) ) ;
#1879 = CARTESIAN_POINT ( 'NONE',  ( 0.3757056029010727438, 0.9537155819928488931, 0.01000000000000000021 ) ) ;
#1880 = ORIENTED_EDGE ( 'NONE', *, *, #3137, .F. ) ;
#1881 = MECHANICAL_DESIGN_GEOMETRIC_PRESENTATION_REPRESENTATION (  '', ( #1758 ), #2952 ) ;
#1882 = CARTESIAN_POINT ( 'NONE',  ( -0.2339036825210797643, 1.025028440346926750, 6.776263578034402713E-18 ) ) ;
#1883 = ORIENTED_EDGE ( 'NONE', *, *, #724, .T. ) ;
#1884 = ADVANCED_FACE ( 'NONE', ( #1020 ), #3459, .T. ) ;
#1885 = DIRECTION ( 'NONE',  ( 0.000000000000000000, -1.000000000000000000, 0.000000000000000000 ) ) ;
#1886 = CARTESIAN_POINT ( 'NONE',  ( 0.007034207106225345146, 0.8742665042886144100, 0.01000000000000000021 ) ) ;
#1887 = EDGE_CURVE ( 'NONE', #3455, #231, #2055, .T. ) ;
#1888 = FILL_AREA_STYLE ('',( #3392 ) ) ;
#1889 = ADVANCED_FACE ( 'NONE', ( #2624 ), #3586, .T. ) ;
#1890 = ORIENTED_EDGE ( 'NONE', *, *, #3714, .T. ) ;
#1891 = SURFACE_STYLE_FILL_AREA ( #320 ) ;
#1892 = CARTESIAN_POINT ( 'NONE',  ( 0.2278765607831168549, 0.8733445576514463626, 0.01000000000000000021 ) ) ;
#1893 = DIRECTION ( 'NONE',  ( 0.000000000000000000, -0.000000000000000000, -1.000000000000000000 ) ) ;
#1894 = FACE_OUTER_BOUND ( 'NONE', #3268, .T. ) ;
#1895 = AXIS2_PLACEMENT_3D ( 'NONE', #1137, #2646, #2333 ) ;
#1896 = ORIENTED_EDGE ( 'NONE', *, *, #2840, .T. ) ;
#1897 = COLOUR_RGB ( '',0.2235294117647058654, 0.2235294117647058654, 0.2235294117647058654 ) ;
#1898 = CARTESIAN_POINT ( 'NONE',  ( 0.3424000607647620376, 0.9691597969715411987, 0.000000000000000000 ) ) ;
#1899 = PRESENTATION_STYLE_ASSIGNMENT (( #2814 ) ) ;
#1900 = CARTESIAN_POINT ( 'NONE',  ( -0.1945121764911790785, 1.032188817357970301, 0.01000000000000000021 ) ) ;
#1901 = CARTESIAN_POINT ( 'NONE',  ( -0.1834600417085764934, 0.9004470279115119880, 1.355252715606880543E-17 ) ) ;
#1902 = LINE ( 'NONE', #374, #2226 ) ;
#1903 = ORIENTED_EDGE ( 'NONE', *, *, #2747, .T. ) ;
#1904 = ORIENTED_EDGE ( 'NONE', *, *, #3546, .T. ) ;
#1905 = CARTESIAN_POINT ( 'NONE',  ( 0.2117804745752954187, 0.8773452370444321247, 6.776263578034402713E-18 ) ) ;
#1906 = DIRECTION ( 'NONE',  ( -0.000000000000000000, -0.000000000000000000, 1.000000000000000000 ) ) ;
#1907 = FACE_OUTER_BOUND ( 'NONE', #598, .T. ) ;
#1908 = CARTESIAN_POINT ( 'NONE',  ( -0.3757997769787806419, 1.049806645828721408, 0.01000000000000000021 ) ) ;
#1909 = DIRECTION ( 'NONE',  ( -0.000000000000000000, -0.000000000000000000, 1.000000000000000000 ) ) ;
#1910 = STYLED_ITEM ( 'NONE', ( #3162 ), #360 ) ;
#1911 = AXIS2_PLACEMENT_3D ( 'NONE', #1468, #536, #1449 ) ;
#1912 = ORIENTED_EDGE ( 'NONE', *, *, #2174, .F. ) ;
#1913 = CARTESIAN_POINT ( 'NONE',  ( 0.2035529916530770811, 1.063500482551720472, 0.01000000000000000021 ) ) ;
#1914 = DIRECTION ( 'NONE',  ( -1.000000000000000000, 0.000000000000000000, 0.000000000000000000 ) ) ;
#1915 = CARTESIAN_POINT ( 'NONE',  ( 0.2485071491793961196, 1.072437235995931326, 0.01000000000000000021 ) ) ;
#1916 = CARTESIAN_POINT ( 'NONE',  ( -0.3711517875195629590, 1.064559451948266622, 0.01000000000000000021 ) ) ;
#1917 = STYLED_ITEM ( 'NONE', ( #810 ), #1597 ) ;
#1918 = ORIENTED_EDGE ( 'NONE', *, *, #1800, .F. ) ;
#1919 = CARTESIAN_POINT ( 'NONE',  ( 0.1966011337496272604, 1.060289535195196198, 0.000000000000000000 ) ) ;
#1920 = LINE ( 'NONE', #2214, #3842 ) ;
#1921 = DIRECTION ( 'NONE',  ( -0.000000000000000000, -0.000000000000000000, -1.000000000000000000 ) ) ;
#1922 = PRESENTATION_LAYER_ASSIGNMENT (  '', '', ( #106 ) ) ;
#1923 = CARTESIAN_POINT ( 'NONE',  ( 0.3096374542666875396, 1.051141514585854697, 0.01000000000000000021 ) ) ;
#1924 = ORIENTED_EDGE ( 'NONE', *, *, #286, .T. ) ;
#1925 =( NAMED_UNIT ( * ) PLANE_ANGLE_UNIT ( ) SI_UNIT ( $, .RADIAN. ) );
#1926 = CARTESIAN_POINT ( 'NONE',  ( 0.3972781095452497802, 0.8468274798983704832, 0.01000000000000000021 ) ) ;
#1927 = FILL_AREA_STYLE ('',( #2859 ) ) ;
#1928 = DIRECTION ( 'NONE',  ( -0.000000000000000000, -0.000000000000000000, 1.000000000000000000 ) ) ;
#1929 = B_SPLINE_SURFACE_WITH_KNOTS ( 'NONE', 3, 1, ( 
 ( #2026, #2972 ),
 ( #1145, #1436 ),
 ( #2682, #2562 ),
 ( #3528, #2384 ),
 ( #3562, #2850 ),
 ( #151, #3231 ),
 ( #2918, #2361 ),
 ( #3839, #1126 ),
 ( #850, #2324 ),
 ( #1455, #540 ),
 ( #1738, #2045 ),
 ( #1751, #262 ),
 ( #2665, #2424 ),
 ( #2779, #3037 ),
 ( #1509, #3632 ),
 ( #2468, #2165 ),
 ( #1243, #3015 ),
 ( #336, #2737 ),
 ( #299, #1489 ) ),
 .UNSPECIFIED., .F., .F., .F.,
 ( 4, 1, 1, 1, 1, 1, 1, 1, 1, 1, 1, 1, 1, 1, 1, 1, 4 ),
 ( 2, 2 ),
 ( 0.000000000000000000, 0.07377411937406362641, 0.1440791147260414573, 0.2113485183089117425, 0.2760768857398840370, 0.3385209158196769152, 0.3998851166931333134, 0.4602540674652128572, 0.5205889643912477993, 0.5802076845630441682, 0.6386329085525458416, 0.6963645494905240652, 0.7540017746600128357, 0.8128056813744980458, 0.8727544255255605954, 0.9351819969782670938, 0.9999999999999998890 ),
 ( 0.000000000000000000, 1.000000000000000000 ),
 .UNSPECIFIED. ) ;
#1930 = EDGE_CURVE ( 'NONE', #2284, #270, #1039, .T. ) ;
#1931 = UNCERTAINTY_MEASURE_WITH_UNIT (LENGTH_MEASURE( 1.000000000000000082E-05 ), #3622, 'distance_accuracy_value', 'NONE');
#1932 = LINE ( 'NONE', #989, #1116 ) ;
#1933 = B_SPLINE_CURVE_WITH_KNOTS ( 'NONE', 3,
 ( #2068, #1030, #2763, #1843, #3130, #2203, #3697, #429, #2225, #3447, #122, #1268, #1577, #1306, #2508, #3082, #1326, #678, #2530 ),
 .UNSPECIFIED., .F., .F.,
 ( 4, 1, 1, 1, 1, 1, 1, 1, 1, 1, 1, 1, 1, 1, 1, 1, 4 ),
 ( 0.000000000000000000, 0.07430379644281526197, 0.1443936103644173352, 0.2104994961032792822, 0.2735426065034676224, 0.3338247445790732404, 0.3925296724085025057, 0.4500874545995854348, 0.5078206115557879485, 0.5654649127768466288, 0.6231487223336199532, 0.6812971927909355907, 0.7409134981565802525, 0.8018557521958574741, 0.8652412377209429684, 0.9309416570467439200, 0.9999999999999998890 ),
 .UNSPECIFIED. ) ;
#1934 = AXIS2_PLACEMENT_3D ( 'NONE', #2823, #3736, #3425 ) ;
#1935 = ORIENTED_EDGE ( 'NONE', *, *, #3553, .F. ) ;
#1936 = EDGE_CURVE ( 'NONE', #673, #2438, #253, .T. ) ;
#1937 = SURFACE_STYLE_USAGE ( .BOTH. , #3780 ) ;
#1938 = ORIENTED_EDGE ( 'NONE', *, *, #738, .F. ) ;
#1939 = LINE ( 'NONE', #2208, #2024 ) ;
#1940 =( GEOMETRIC_REPRESENTATION_CONTEXT ( 3 ) GLOBAL_UNCERTAINTY_ASSIGNED_CONTEXT ( ( #1131 ) ) GLOBAL_UNIT_ASSIGNED_CONTEXT ( ( #197, #1925, #1378 ) ) REPRESENTATION_CONTEXT ( 'NONE', 'WORKASPACE' ) );
#1941 = ORIENTED_EDGE ( 'NONE', *, *, #1930, .F. ) ;
#1942 = CARTESIAN_POINT ( 'NONE',  ( 0.2024266190123497899, 1.094376979851814147, 0.000000000000000000 ) ) ;
#1943 = FILL_AREA_STYLE_COLOUR ( '', #2615 ) ;
#1944 = CARTESIAN_POINT ( 'NONE',  ( -0.1766179429954099211, 0.8942782627334830980, 0.01000000000000000021 ) ) ;
#1945 = VECTOR ( 'NONE', #109, 1000.000000000000000 ) ;
#1946 = DIRECTION ( 'NONE',  ( 1.000000000000000000, 0.000000000000000000, 0.000000000000000000 ) ) ;
#1947 = CARTESIAN_POINT ( 'NONE',  ( 0.3278214284194119199, 1.029371301660630511, 0.01000000000000000021 ) ) ;
#1948 = ORIENTED_EDGE ( 'NONE', *, *, #2091, .F. ) ;
#1949 = SURFACE_STYLE_USAGE ( .BOTH. , #1086 ) ;
#1950 = CARTESIAN_POINT ( 'NONE',  ( 0.2125422518132535354, 0.8498869307246222915, 6.776263578034402713E-18 ) ) ;
#1951 = CARTESIAN_POINT ( 'NONE',  ( 0.3364886687578518831, 0.9288194203623929557, 0.01000000000000000021 ) ) ;
#1952 = CARTESIAN_POINT ( 'NONE',  ( 0.2163896481228529123, 1.097459564331133786, 0.01000000000000000021 ) ) ;
#1953 = ORIENTED_EDGE ( 'NONE', *, *, #25, .F. ) ;
#1954 = LINE ( 'NONE', #147, #1613 ) ;
#1955 = SURFACE_SIDE_STYLE ('',( #2886 ) ) ;
#1956 = EDGE_CURVE ( 'NONE', #1761, #2934, #141, .T. ) ;
#1957 = ORIENTED_EDGE ( 'NONE', *, *, #2211, .T. ) ;
#1958 = LINE ( 'NONE', #1352, #1343 ) ;
#1959 = PRESENTATION_LAYER_ASSIGNMENT (  '', '', ( #464 ) ) ;
#1960 = VERTEX_POINT ( 'NONE', #3862 ) ;
#1961 = SURFACE_STYLE_USAGE ( .BOTH. , #2279 ) ;
#1962 = CARTESIAN_POINT ( 'NONE',  ( 0.3972781095452497802, 0.8468274798983704832, 0.01000000000000000021 ) ) ;
#1963 = LINE ( 'NONE', #1979, #2906 ) ;
#1964 = CARTESIAN_POINT ( 'NONE',  ( 0.3972781095452497802, 0.8468274798983704832, 0.01000000000000000021 ) ) ;
#1965 = PRODUCT_CONTEXT ( 'NONE', #775, 'mechanical' ) ;
#1966 = AXIS2_PLACEMENT_3D ( 'NONE', #351, #2751, #61 ) ;
#1967 = VECTOR ( 'NONE', #3480, 1000.000000000000000 ) ;
#1968 = FACE_OUTER_BOUND ( 'NONE', #1569, .T. ) ;
#1969 = ORIENTED_EDGE ( 'NONE', *, *, #2840, .F. ) ;
#1970 = DIRECTION ( 'NONE',  ( 0.000000000000000000, 1.000000000000000000, 0.000000000000000000 ) ) ;
#1971 = CARTESIAN_POINT ( 'NONE',  ( 0.3181499265515457808, 0.8975752809095230988, 0.01000000000000000021 ) ) ;
#1972 = EDGE_CURVE ( 'NONE', #2887, #3452, #1157, .T. ) ;
#1973 = DIRECTION ( 'NONE',  ( 0.9466707760722532505, 0.3222024856061133646, -0.000000000000000000 ) ) ;
#1974 = ORIENTED_EDGE ( 'NONE', *, *, #2130, .F. ) ;
#1975 = ORIENTED_EDGE ( 'NONE', *, *, #1794, .F. ) ;
#1976 = LINE ( 'NONE', #188, #690 ) ;
#1977 = EDGE_LOOP ( 'NONE', ( #3672, #713, #389, #1785 ) ) ;
#1978 = CARTESIAN_POINT ( 'NONE',  ( 0.2328991654131474243, 1.071508211586178483, 0.000000000000000000 ) ) ;
#1979 = CARTESIAN_POINT ( 'NONE',  ( -0.1107725764303600230, 0.8742665042886144100, 0.01000000000000000021 ) ) ;
#1980 = SURFACE_STYLE_FILL_AREA ( #254 ) ;
#1981 = B_SPLINE_CURVE_WITH_KNOTS ( 'NONE', 3,
 ( #965, #3123, #1304, #3693, #734, #426, #2466, #1592, #1025, #2164, #3055, #85, #3389, #119, #2800, #1324, #1008, #2220, #447 ),
 .UNSPECIFIED., .F., .F.,
 ( 4, 1, 1, 1, 1, 1, 1, 1, 1, 1, 1, 1, 1, 1, 1, 1, 4 ),
 ( 0.000000000000000000, 0.06783324845577336226, 0.1326555365079040150, 0.1950508840508277664, 0.2555829330687772183, 0.3147998341472900141, 0.3736004728263746522, 0.4325455953267436926, 0.4924306292835655685, 0.5526712559629696209, 0.6125130441881164733, 0.6726102503570066116, 0.7338383693139461927, 0.7965942385677736715, 0.8614497992905730817, 0.9291989423509053880, 0.9999999999999998890 ),
 .UNSPECIFIED. ) ;
#1982 = VECTOR ( 'NONE', #2403, 1000.000000000000000 ) ;
#1983 = FACE_OUTER_BOUND ( 'NONE', #2135, .T. ) ;
#1984 = ORIENTED_EDGE ( 'NONE', *, *, #1729, .T. ) ;
#1985 = PLANE ( 'NONE',  #1538 ) ;
#1986 = CARTESIAN_POINT ( 'NONE',  ( 0.1923068840682653768, 0.8584899845540681085, 6.776263578034402713E-18 ) ) ;
#1987 = DIRECTION ( 'NONE',  ( 0.3390537954853694580, 0.9407669869669987861, 0.000000000000000000 ) ) ;
#1988 = UNCERTAINTY_MEASURE_WITH_UNIT (LENGTH_MEASURE( 1.000000000000000082E-05 ), #3134, 'distance_accuracy_value', 'NONE');
#1989 = FACE_OUTER_BOUND ( 'NONE', #3217, .T. ) ;
#1990 = UNCERTAINTY_MEASURE_WITH_UNIT (LENGTH_MEASURE( 1.000000000000000082E-05 ), #3441, 'distance_accuracy_value', 'NONE');
#1991 = EDGE_CURVE ( 'NONE', #3692, #3801, #3520, .T. ) ;
#1992 = DIRECTION ( 'NONE',  ( 1.000000000000000000, 0.000000000000000000, 0.000000000000000000 ) ) ;
#1993 = FILL_AREA_STYLE ('',( #2920 ) ) ;
#1994 = VERTEX_POINT ( 'NONE', #214 ) ;
#1995 =( GEOMETRIC_REPRESENTATION_CONTEXT ( 3 ) GLOBAL_UNCERTAINTY_ASSIGNED_CONTEXT ( ( #1399 ) ) GLOBAL_UNIT_ASSIGNED_CONTEXT ( ( #107, #3740, #1645 ) ) REPRESENTATION_CONTEXT ( 'NONE', 'WORKASPACE' ) );
#1996 = FILL_AREA_STYLE ('',( #2620 ) ) ;
#1997 = AXIS2_PLACEMENT_3D ( 'NONE', #1344, #3487, #485 ) ;
#1998 = ORIENTED_EDGE ( 'NONE', *, *, #890, .F. ) ;
#1999 = DIRECTION ( 'NONE',  ( -0.000000000000000000, -0.000000000000000000, -1.000000000000000000 ) ) ;
#2000 = CARTESIAN_POINT ( 'NONE',  ( -0.2094292075279209631, 0.9742569768495900062, 1.355252715606880543E-17 ) ) ;
#2001 = PRESENTATION_STYLE_ASSIGNMENT (( #1714 ) ) ;
#2002 = VECTOR ( 'NONE', #2023, 1000.000000000000000 ) ;
#2003 = EDGE_LOOP ( 'NONE', ( #1974, #3095, #1875, #3111 ) ) ;
#2004 = VECTOR ( 'NONE', #3640, 1000.000000000000000 ) ;
#2005 = CARTESIAN_POINT ( 'NONE',  ( 0.000000000000000000, 0.000000000000000000, -2.000000000000000000 ) ) ;
#2006 = CARTESIAN_POINT ( 'NONE',  ( 0.3711416811695319451, 1.008612101708975306, 0.000000000000000000 ) ) ;
#2007 = CARTESIAN_POINT ( 'NONE',  ( 0.2125422518132535354, 0.8498869307246222915, 0.01000000000000000021 ) ) ;
#2008 = LINE ( 'NONE', #1106, #2469 ) ;
#2009 = DIRECTION ( 'NONE',  ( -0.000000000000000000, -0.000000000000000000, -1.000000000000000000 ) ) ;
#2010 = DIRECTION ( 'NONE',  ( 0.000000000000000000, 1.000000000000000000, 0.000000000000000000 ) ) ;
#2011 = DIRECTION ( 'NONE',  ( -0.000000000000000000, -0.000000000000000000, -1.000000000000000000 ) ) ;
#2012 = EDGE_CURVE ( 'NONE', #1546, #3753, #1274, .T. ) ;
#2013 = CARTESIAN_POINT ( 'NONE',  ( -0.1637269776527710552, 1.088744101286999832, 0.01000000000000000021 ) ) ;
#2014 = EDGE_CURVE ( 'NONE', #2557, #1650, #290, .T. ) ;
#2015 = FILL_AREA_STYLE_COLOUR ( '', #1177 ) ;
#2016 = ORIENTED_EDGE ( 'NONE', *, *, #1389, .T. ) ;
#2017 = DIRECTION ( 'NONE',  ( 1.000000000000000000, 0.000000000000000000, 0.000000000000000000 ) ) ;
#2018 = CARTESIAN_POINT ( 'NONE',  ( 0.2487929723501278445, 1.099876260386175364, 0.01000000000000000021 ) ) ;
#2019 = COLOUR_RGB ( '',0.2235294117647058654, 0.2235294117647058654, 0.2235294117647058654 ) ;
#2020 = PRESENTATION_LAYER_ASSIGNMENT (  '', '', ( #2142 ) ) ;
#2021 =( NAMED_UNIT ( * ) SI_UNIT ( $, .STERADIAN. ) SOLID_ANGLE_UNIT ( ) );
#2022 = PRESENTATION_STYLE_ASSIGNMENT (( #844 ) ) ;
#2023 = DIRECTION ( 'NONE',  ( -1.000000000000000000, 0.000000000000000000, 0.000000000000000000 ) ) ;
#2024 = VECTOR ( 'NONE', #2537, 1000.000000000000000 ) ;
#2025 = SURFACE_STYLE_FILL_AREA ( #781 ) ;
#2026 = CARTESIAN_POINT ( 'NONE',  ( 0.3424000607647620376, 0.9691597969715411987, 0.01000000000000000021 ) ) ;
#2027 =( NAMED_UNIT ( * ) SI_UNIT ( $, .STERADIAN. ) SOLID_ANGLE_UNIT ( ) );
#2028 = LINE ( 'NONE', #3872, #359 ) ;
#2029 = UNCERTAINTY_MEASURE_WITH_UNIT (LENGTH_MEASURE( 1.000000000000000082E-05 ), #1447, 'distance_accuracy_value', 'NONE');
#2030 = SURFACE_SIDE_STYLE ('',( #3278 ) ) ;
#2031 = ORIENTED_EDGE ( 'NONE', *, *, #3546, .F. ) ;
#2032 = ORIENTED_EDGE ( 'NONE', *, *, #309, .T. ) ;
#2033 =( NAMED_UNIT ( * ) SI_UNIT ( $, .STERADIAN. ) SOLID_ANGLE_UNIT ( ) );
#2034 = MECHANICAL_DESIGN_GEOMETRIC_PRESENTATION_REPRESENTATION (  '', ( #2418 ), #2801 ) ;
#2035 = CARTESIAN_POINT ( 'NONE',  ( -0.2091752853016342339, 0.9629391331280712230, 0.01000000000000000021 ) ) ;
#2036 = CARTESIAN_POINT ( 'NONE',  ( -0.1122969666742624634, 1.096827479898370372, 0.01000000000000000021 ) ) ;
#2037 = DIRECTION ( 'NONE',  ( 1.000000000000000000, 0.000000000000000000, 0.000000000000000000 ) ) ;
#2038 = DIRECTION ( 'NONE',  ( 0.000000000000000000, -0.000000000000000000, 1.000000000000000000 ) ) ;
#2039 = CARTESIAN_POINT ( 'NONE',  ( 0.2630889115184910088, 0.8438754886817785295, 0.01000000000000000021 ) ) ;
#2040 = VECTOR ( 'NONE', #1732, 1000.000000000000000 ) ;
#2041 = ORIENTED_EDGE ( 'NONE', *, *, #3513, .F. ) ;
#2042 = AXIS2_PLACEMENT_3D ( 'NONE', #3755, #484, #696 ) ;
#2043 = SURFACE_STYLE_FILL_AREA ( #538 ) ;
#2044 = LINE ( 'NONE', #312, #1179 ) ;
#2045 = CARTESIAN_POINT ( 'NONE',  ( 0.3118172894629568370, 0.8913913678819862518, 6.776263578034402713E-18 ) ) ;
#2046 = FACE_BOUND ( 'NONE', #1322, .T. ) ;
#2047 = DIRECTION ( 'NONE',  ( 0.000000000000000000, 0.000000000000000000, -1.000000000000000000 ) ) ;
#2048 = EDGE_CURVE ( 'NONE', #3745, #3734, #3681, .T. ) ;
#2049 = DIRECTION ( 'NONE',  ( -0.000000000000000000, -1.000000000000000000, 0.000000000000000000 ) ) ;
#2050 = ORIENTED_EDGE ( 'NONE', *, *, #3583, .F. ) ;
#2051 = VECTOR ( 'NONE', #2634, 1000.000000000000000 ) ;
#2052 = FILL_AREA_STYLE ('',( #1154 ) ) ;
#2053 = CARTESIAN_POINT ( 'NONE',  ( 0.2402115914821734421, 1.099814746761103246, 0.01000000000000000021 ) ) ;
#2054 = SURFACE_STYLE_FILL_AREA ( #2393 ) ;
#2055 = LINE ( 'NONE', #3877, #1395 ) ;
#2056 = VECTOR ( 'NONE', #2123, 1000.000000000000000 ) ;
#2057 = CARTESIAN_POINT ( 'NONE',  ( -0.3761117532596285340, 1.048809187215443695, 0.000000000000000000 ) ) ;
#2058 = DIRECTION ( 'NONE',  ( -1.000000000000000000, 0.000000000000000000, 0.000000000000000000 ) ) ;
#2059 = SURFACE_SIDE_STYLE ('',( #2928 ) ) ;
#2060 = ORIENTED_EDGE ( 'NONE', *, *, #2605, .T. ) ;
#2061 = PRESENTATION_LAYER_ASSIGNMENT (  '', '', ( #1001 ) ) ;
#2062 = FILL_AREA_STYLE_COLOUR ( '', #3011 ) ;
#2063 =( NAMED_UNIT ( * ) SI_UNIT ( $, .STERADIAN. ) SOLID_ANGLE_UNIT ( ) );
#2064 =( LENGTH_UNIT ( ) NAMED_UNIT ( * ) SI_UNIT ( .MILLI., .METRE. ) );
#2065 =( NAMED_UNIT ( * ) SI_UNIT ( $, .STERADIAN. ) SOLID_ANGLE_UNIT ( ) );
#2066 = PRESENTATION_LAYER_ASSIGNMENT (  '', '', ( #65 ) ) ;
#2067 = LINE ( 'NONE', #3855, #2879 ) ;
#2068 = CARTESIAN_POINT ( 'NONE',  ( -0.2094292075279209631, 0.9742569768495900062, 0.01000000000000000021 ) ) ;
#2069 = EDGE_LOOP ( 'NONE', ( #2717, #2278, #2293, #1067, #3537, #1235, #1837, #2274, #453, #2757 ) ) ;
#2070 = CARTESIAN_POINT ( 'NONE',  ( 0.3389074727667102938, 1.001899768113092337, 0.01000000000000000021 ) ) ;
#2071 = ORIENTED_EDGE ( 'NONE', *, *, #2979, .F. ) ;
#2072 = CARTESIAN_POINT ( 'NONE',  ( -0.1858779196425166536, 0.8662976540751842203, 6.776263578034402713E-18 ) ) ;
#2073 = CARTESIAN_POINT ( 'NONE',  ( -0.2091752853016342339, 0.9629391331280712230, 1.355252715606880543E-17 ) ) ;
#2074 = SURFACE_SIDE_STYLE ('',( #2355 ) ) ;
#2075 = SURFACE_SIDE_STYLE ('',( #2377 ) ) ;
#2076 = DIRECTION ( 'NONE',  ( -0.000000000000000000, -0.000000000000000000, -1.000000000000000000 ) ) ;
#2077 = VERTEX_POINT ( 'NONE', #3025 ) ;
#2078 = VECTOR ( 'NONE', #202, 1000.000000000000000 ) ;
#2079 = CARTESIAN_POINT ( 'NONE',  ( 0.2406452656801049139, 1.072318369983442876, 6.776263578034402713E-18 ) ) ;
#2080 = CARTESIAN_POINT ( 'NONE',  ( -0.1121540550888966009, 1.069388455508126556, 0.000000000000000000 ) ) ;
#2081 = COLOUR_RGB ( '',0.2235294117647058654, 0.2235294117647058654, 0.2235294117647058654 ) ;
#2082 = CARTESIAN_POINT ( 'NONE',  ( -0.3706010808380842958, 1.061196462576724064, 0.000000000000000000 ) ) ;
#2083 = CARTESIAN_POINT ( 'NONE',  ( 0.000000000000000000, 0.000000000000000000, 0.000000000000000000 ) ) ;
#2084 = CARTESIAN_POINT ( 'NONE',  ( -0.2429657928937746514, 0.9749715347764192908, 0.000000000000000000 ) ) ;
#2085 = ADVANCED_FACE ( 'NONE', ( #974 ), #1831, .T. ) ;
#2086 = STYLED_ITEM ( 'NONE', ( #2596 ), #2298 ) ;
#2087 = DIRECTION ( 'NONE',  ( 0.000000000000000000, -1.000000000000000000, 0.000000000000000000 ) ) ;
#2088 = PRESENTATION_STYLE_ASSIGNMENT (( #1493 ) ) ;
#2089 = DIRECTION ( 'NONE',  ( 0.000000000000000000, 1.000000000000000000, 0.000000000000000000 ) ) ;
#2090 = VERTEX_POINT ( 'NONE', #1232 ) ;
#2091 = EDGE_CURVE ( 'NONE', #841, #1546, #2728, .T. ) ;
#2092 = LINE ( 'NONE', #2110, #3722 ) ;
#2093 = CARTESIAN_POINT ( 'NONE',  ( -0.4868682319181649176, 0.8468274798983704832, 0.000000000000000000 ) ) ;
#2094 = SURFACE_SIDE_STYLE ('',( #3878 ) ) ;
#2095 = PRESENTATION_LAYER_ASSIGNMENT (  '', '', ( #3437 ) ) ;
#2096 = TOROIDAL_SURFACE ( 'NONE', #2487, 1.099999999999999201, 0.4999999999999998890 ) ;
#2097 = SURFACE_STYLE_USAGE ( .BOTH. , #941 ) ;
#2098 = CARTESIAN_POINT ( 'NONE',  ( 0.2587491461306157259, 0.8437786994105657135, 6.776263578034402713E-18 ) ) ;
#2099 = ORIENTED_EDGE ( 'NONE', *, *, #1078, .F. ) ;
#2100 = DIRECTION ( 'NONE',  ( -0.000000000000000000, -0.000000000000000000, -1.000000000000000000 ) ) ;
#2101 = MECHANICAL_DESIGN_GEOMETRIC_PRESENTATION_REPRESENTATION (  '', ( #911 ), #780 ) ;
#2102 = CYLINDRICAL_SURFACE ( 'NONE', #3769, 1.099999999999998979 ) ;
#2103 = CARTESIAN_POINT ( 'NONE',  ( -0.4502828660645063485, 0.8468274798983704832, 0.01000000000000000021 ) ) ;
#2104 = VECTOR ( 'NONE', #3078, 1000.000000000000000 ) ;
#2105 = DIRECTION ( 'NONE',  ( -1.000000000000000000, 0.000000000000000000, 0.000000000000000000 ) ) ;
#2106 =( LENGTH_UNIT ( ) NAMED_UNIT ( * ) SI_UNIT ( .MILLI., .METRE. ) );
#2107 = CARTESIAN_POINT ( 'NONE',  ( -0.1601626729159338625, 1.060215933971813351, 0.000000000000000000 ) ) ;
#2108 = ADVANCED_FACE ( 'NONE', ( #3065 ), #344, .T. ) ;
#2109 = DIRECTION ( 'NONE',  ( -0.000000000000000000, -0.000000000000000000, 1.000000000000000000 ) ) ;
#2110 = CARTESIAN_POINT ( 'NONE',  ( -0.5999999999999999778, 7.347880794884117764E-17, 0.000000000000000000 ) ) ;
#2111 = CARTESIAN_POINT ( 'NONE',  ( -0.2339168530499518284, 0.9226033318619366597, 6.776263578034402713E-18 ) ) ;
#2112 = DIRECTION ( 'NONE',  ( -1.000000000000000000, 0.000000000000000000, 0.000000000000000000 ) ) ;
#2113 = FILL_AREA_STYLE ('',( #2354 ) ) ;
#2114 = CARTESIAN_POINT ( 'NONE',  ( -0.1890363597276377983, 1.039319996549262992, 0.01000000000000000021 ) ) ;
#2115 = CARTESIAN_POINT ( 'NONE',  ( -0.1107725764303600230, 0.8742665042886144100, 0.000000000000000000 ) ) ;
#2116 = VECTOR ( 'NONE', #1169, 1000.000000000000000 ) ;
#2117 = CARTESIAN_POINT ( 'NONE',  ( 0.3741208185760241389, 0.9407817140214607132, 6.776263578034402713E-18 ) ) ;
#2118 = VERTEX_POINT ( 'NONE', #1499 ) ;
#2119 = MECHANICAL_DESIGN_GEOMETRIC_PRESENTATION_REPRESENTATION (  '', ( #1058 ), #1117 ) ;
#2120 = PRESENTATION_STYLE_ASSIGNMENT (( #66 ) ) ;
#2121 = CARTESIAN_POINT ( 'NONE',  ( 0.3759366461306156704, 0.9671113975812972718, 0.01000000000000000021 ) ) ;
#2122 = CARTESIAN_POINT ( 'NONE',  ( -0.1690904350158116409, 0.8889068079303414915, 0.01000000000000000021 ) ) ;
#2123 = DIRECTION ( 'NONE',  ( 1.000000000000000000, 0.000000000000000000, 0.000000000000000000 ) ) ;
#2124 = AXIS2_PLACEMENT_3D ( 'NONE', #840, #3750, #2311 ) ;
#2125 = CARTESIAN_POINT ( 'NONE',  ( -0.1391014851426929932, 1.094999643421606050, 0.000000000000000000 ) ) ;
#2126 = CARTESIAN_POINT ( 'NONE',  ( 0.2541283382037863858, 0.8712177238008095292, 0.01000000000000000021 ) ) ;
#2127 = DIRECTION ( 'NONE',  ( -0.000000000000000000, -0.000000000000000000, -1.000000000000000000 ) ) ;
#2128 =( NAMED_UNIT ( * ) SI_UNIT ( $, .STERADIAN. ) SOLID_ANGLE_UNIT ( ) );
#2129 = PRESENTATION_STYLE_ASSIGNMENT (( #1540 ) ) ;
#2130 = EDGE_CURVE ( 'NONE', #3118, #3452, #2710, .T. ) ;
#2131 = DIRECTION ( 'NONE',  ( 1.000000000000000000, 0.000000000000000000, -0.000000000000000000 ) ) ;
#2132 = DIRECTION ( 'NONE',  ( 1.000000000000000000, 0.000000000000000000, 0.000000000000000000 ) ) ;
#2133 =( NAMED_UNIT ( * ) SI_UNIT ( $, .STERADIAN. ) SOLID_ANGLE_UNIT ( ) );
#2134 = CARTESIAN_POINT ( 'NONE',  ( 0.3759366461306156704, 0.9671113975812972718, 0.01000000000000000021 ) ) ;
#2135 = EDGE_LOOP ( 'NONE', ( #2595, #1880, #1018, #3350 ) ) ;
#2136 = DIRECTION ( 'NONE',  ( -0.000000000000000000, -0.000000000000000000, -1.000000000000000000 ) ) ;
#2137 = CARTESIAN_POINT ( 'NONE',  ( 0.3758585090076645985, 0.9625810311570832667, 0.01000000000000000021 ) ) ;
#2138 = ORIENTED_EDGE ( 'NONE', *, *, #2012, .F. ) ;
#2139 =( NAMED_UNIT ( * ) PLANE_ANGLE_UNIT ( ) SI_UNIT ( $, .RADIAN. ) );
#2140 = SURFACE_STYLE_USAGE ( .BOTH. , #3077 ) ;
#2141 = DIRECTION ( 'NONE',  ( 1.000000000000000000, 0.000000000000000000, 0.000000000000000000 ) ) ;
#2142 = STYLED_ITEM ( 'NONE', ( #2201 ), #990 ) ;
#2143 = CARTESIAN_POINT ( 'NONE',  ( 0.3096374542666875396, 1.051141514585854697, 0.000000000000000000 ) ) ;
#2144 = CARTESIAN_POINT ( 'NONE',  ( 0.2553811477222176496, 0.8438182003631637951, -0.000000000000000000 ) ) ;
#2145 = PRESENTATION_LAYER_ASSIGNMENT (  '', '', ( #2662 ) ) ;
#2146 =( GEOMETRIC_REPRESENTATION_CONTEXT ( 3 ) GLOBAL_UNCERTAINTY_ASSIGNED_CONTEXT ( ( #348 ) ) GLOBAL_UNIT_ASSIGNED_CONTEXT ( ( #3046, #2961, #12 ) ) REPRESENTATION_CONTEXT ( 'NONE', 'WORKASPACE' ) );
#2147 = DIRECTION ( 'NONE',  ( 0.000000000000000000, 1.000000000000000000, 0.000000000000000000 ) ) ;
#2148 = CARTESIAN_POINT ( 'NONE',  ( 0.2636449009122893150, 0.8714629947113908814, 0.000000000000000000 ) ) ;
#2149 =( NAMED_UNIT ( * ) SI_UNIT ( $, .STERADIAN. ) SOLID_ANGLE_UNIT ( ) );
#2150 =( LENGTH_UNIT ( ) NAMED_UNIT ( * ) SI_UNIT ( .MILLI., .METRE. ) );
#2151 = CARTESIAN_POINT ( 'NONE',  ( 0.01922932905744486817, 0.9870713823373947760, 0.01000000000000000021 ) ) ;
#2152 =( LENGTH_UNIT ( ) NAMED_UNIT ( * ) SI_UNIT ( .MILLI., .METRE. ) );
#2153 = B_SPLINE_SURFACE_WITH_KNOTS ( 'NONE', 3, 1, ( 
 ( #2134, #3327 ),
 ( #2373, #918 ),
 ( #1799, #3306 ),
 ( #3643, #273 ),
 ( #1544, #2711 ),
 ( #863, #2395 ),
 ( #1158, #14 ),
 ( #35, #2985 ),
 ( #324, #595 ),
 ( #3604, #614 ),
 ( #3571, #3285 ),
 ( #2745, #577 ),
 ( #1764, #307 ),
 ( #2965, #1522 ),
 ( #3346, #1214 ),
 ( #1482, #1466 ),
 ( #3362, #1233 ),
 ( #2675, #2437 ),
 ( #3894, #411 ) ),
 .UNSPECIFIED., .F., .F., .F.,
 ( 4, 1, 1, 1, 1, 1, 1, 1, 1, 1, 1, 1, 1, 1, 1, 1, 4 ),
 ( 2, 2 ),
 ( 0.000000000000000000, 0.07064371857535471644, 0.1382567155089042543, 0.2033641242175796837, 0.2663240938030564386, 0.3279047615429890872, 0.3887377151730920244, 0.4494235281093021950, 0.5108610114593152840, 0.5720793960475144546, 0.6317344287314451412, 0.6911172105788375708, 0.7503600294901704437, 0.8100329005312619790, 0.8713624508287362014, 0.9344271412311532243, 1.000000000000000000 ),
 ( 0.000000000000000000, 1.000000000000000000 ),
 .UNSPECIFIED. ) ;
#2154 = ORIENTED_EDGE ( 'NONE', *, *, #2174, .T. ) ;
#2155 = UNCERTAINTY_MEASURE_WITH_UNIT (LENGTH_MEASURE( 1.000000000000000082E-05 ), #3092, 'distance_accuracy_value', 'NONE');
#2156 =( NAMED_UNIT ( * ) PLANE_ANGLE_UNIT ( ) SI_UNIT ( $, .RADIAN. ) );
#2157 = FACE_OUTER_BOUND ( 'NONE', #212, .T. ) ;
#2158 = CARTESIAN_POINT ( 'NONE',  ( 0.3741208185760241389, 0.9407817140214607132, 0.000000000000000000 ) ) ;
#2159 = FILL_AREA_STYLE_COLOUR ( '', #1840 ) ;
#2160 = ORIENTED_EDGE ( 'NONE', *, *, #3353, .F. ) ;
#2161 = EDGE_CURVE ( 'NONE', #981, #2264, #527, .T. ) ;
#2162 = CARTESIAN_POINT ( 'NONE',  ( -0.2379724296334134181, 1.013503224741680864, 0.01000000000000000021 ) ) ;
#2163 = ORIENTED_EDGE ( 'NONE', *, *, #3139, .F. ) ;
#2164 = CARTESIAN_POINT ( 'NONE',  ( 0.3442400255063307601, 0.8774680674668839941, 0.01000000000000000021 ) ) ;
#2165 = CARTESIAN_POINT ( 'NONE',  ( 0.2728505024336917439, 0.8727248870383319534, 6.776263578034402713E-18 ) ) ;
#2166 = CARTESIAN_POINT ( 'NONE',  ( -0.3725998144553485658, 1.064417831527573410, 0.01000000000000000021 ) ) ;
#2167 = CARTESIAN_POINT ( 'NONE',  ( 0.1411805485696399909, 0.8468274798983704832, 0.000000000000000000 ) ) ;
#2168 = CARTESIAN_POINT ( 'NONE',  ( 0.000000000000000000, 0.000000000000000000, 0.000000000000000000 ) ) ;
#2169 = FACE_OUTER_BOUND ( 'NONE', #1747, .T. ) ;
#2170 = CARTESIAN_POINT ( 'NONE',  ( 0.1076439632037863581, 0.9870713823373947760, 0.000000000000000000 ) ) ;
#2171 = CARTESIAN_POINT ( 'NONE',  ( -0.2145719289966923904, 0.8907461374943344001, 0.01000000000000000021 ) ) ;
#2172 = FILL_AREA_STYLE_COLOUR ( '', #28 ) ;
#2173 = SURFACE_SIDE_STYLE ('',( #685 ) ) ;
#2174 = EDGE_CURVE ( 'NONE', #1708, #3717, #1939, .T. ) ;
#2175 = ORIENTED_EDGE ( 'NONE', *, *, #2245, .T. ) ;
#2176 = CARTESIAN_POINT ( 'NONE',  ( -0.1601626729159338625, 1.060215933971813351, 0.01000000000000000021 ) ) ;
#2177 = CARTESIAN_POINT ( 'NONE',  ( -0.4868682319181649176, 0.8468274798983704832, 0.01000000000000000021 ) ) ;
#2178 = ORIENTED_EDGE ( 'NONE', *, *, #1694, .T. ) ;
#2179 = CARTESIAN_POINT ( 'NONE',  ( -0.1751950111649394903, 1.084132845150709734, 6.776263578034402713E-18 ) ) ;
#2180 = ORIENTED_EDGE ( 'NONE', *, *, #3244, .T. ) ;
#2181 = MECHANICAL_DESIGN_GEOMETRIC_PRESENTATION_REPRESENTATION (  '', ( #240 ), #2693 ) ;
#2182 = PRESENTATION_STYLE_ASSIGNMENT (( #2140 ) ) ;
#2183 =( NAMED_UNIT ( * ) SI_UNIT ( $, .STERADIAN. ) SOLID_ANGLE_UNIT ( ) );
#2184 = SURFACE_STYLE_FILL_AREA ( #1596 ) ;
#2185 = VECTOR ( 'NONE', #2136, 1000.000000000000000 ) ;
#2186 = CARTESIAN_POINT ( 'NONE',  ( -0.3722531404547502754, 1.066339675020321565, 0.000000000000000000 ) ) ;
#2187 = CARTESIAN_POINT ( 'NONE',  ( 0.3238536515008966221, 0.9044711207212462467, 0.000000000000000000 ) ) ;
#2188 = CARTESIAN_POINT ( 'NONE',  ( -0.1506806203185396542, 0.8514820874905619785, 0.01000000000000000021 ) ) ;
#2189 = SURFACE_SIDE_STYLE ('',( #994 ) ) ;
#2190 = CARTESIAN_POINT ( 'NONE',  ( -0.3674417837474331927, 1.048809187215443695, 0.01000000000000000021 ) ) ;
#2191 = VECTOR ( 'NONE', #2766, 1000.000000000000000 ) ;
#2192 = ORIENTED_EDGE ( 'NONE', *, *, #3864, .T. ) ;
#2193 = FILL_AREA_STYLE_COLOUR ( '', #2591 ) ;
#2194 = CARTESIAN_POINT ( 'NONE',  ( 0.4917903046672009726, 1.096827479898370372, 0.000000000000000000 ) ) ;
#2195 = CARTESIAN_POINT ( 'NONE',  ( -0.1834600417085764934, 0.9004470279115119880, 0.01000000000000000021 ) ) ;
#2196 = CARTESIAN_POINT ( 'NONE',  ( 0.3637202706401015950, 0.9060184498433794253, 6.776263578034402713E-18 ) ) ;
#2197 = ORIENTED_EDGE ( 'NONE', *, *, #2695, .T. ) ;
#2198 = CARTESIAN_POINT ( 'NONE',  ( 0.2390643788201745612, 0.8446890635503164768, 0.01000000000000000021 ) ) ;
#2199 = VERTEX_POINT ( 'NONE', #3108 ) ;
#2200 = SURFACE_STYLE_USAGE ( .BOTH. , #2738 ) ;
#2201 = PRESENTATION_STYLE_ASSIGNMENT (( #2244 ) ) ;
#2202 = MECHANICAL_DESIGN_GEOMETRIC_PRESENTATION_REPRESENTATION (  '', ( #1201 ), #3172 ) ;
#2203 = CARTESIAN_POINT ( 'NONE',  ( -0.2029202669562472916, 1.015722100263804606, 0.01000000000000000021 ) ) ;
#2204 = EDGE_LOOP ( 'NONE', ( #3010, #3050, #699 ) ) ;
#2205 = FILL_AREA_STYLE_COLOUR ( '', #3629 ) ;
#2206 = CARTESIAN_POINT ( 'NONE',  ( 0.3424000607647620376, 0.9691597969715411987, 0.000000000000000000 ) ) ;
#2207 = CARTESIAN_POINT ( 'NONE',  ( 0.1076439632037863581, 0.9870713823373947760, 0.000000000000000000 ) ) ;
#2208 = CARTESIAN_POINT ( 'NONE',  ( -0.2978438416742624217, 0.8468274798983704832, 0.01000000000000000021 ) ) ;
#2209 = FACE_OUTER_BOUND ( 'NONE', #706, .T. ) ;
#2210 = STYLED_ITEM ( 'NONE', ( #3686 ), #1816 ) ;
#2211 = EDGE_CURVE ( 'NONE', #1189, #498, #2722, .T. ) ;
#2212 = EDGE_LOOP ( 'NONE', ( #2041, #2893, #1383, #2976 ) ) ;
#2213 = AXIS2_PLACEMENT_3D ( 'NONE', #2151, #1563, #684 ) ;
#2214 = CARTESIAN_POINT ( 'NONE',  ( 0.3972781095452497802, 0.8468274798983704832, 0.01000000000000000021 ) ) ;
#2215 = CARTESIAN_POINT ( 'NONE',  ( -0.1107725764303600230, 0.8742665042886144100, 0.01000000000000000021 ) ) ;
#2216 = UNCERTAINTY_MEASURE_WITH_UNIT (LENGTH_MEASURE( 1.000000000000000082E-05 ), #3730, 'distance_accuracy_value', 'NONE');
#2217 = CARTESIAN_POINT ( 'NONE',  ( -0.2429657928937746514, 0.9749715347764192908, 6.776263578034402713E-18 ) ) ;
#2218 = ORIENTED_EDGE ( 'NONE', *, *, #3429, .F. ) ;
#2219 = DIRECTION ( 'NONE',  ( -0.000000000000000000, -1.000000000000000000, 0.000000000000000000 ) ) ;
#2220 = CARTESIAN_POINT ( 'NONE',  ( 0.3758585090076645985, 0.9625810311570832667, 0.01000000000000000021 ) ) ;
#2221 = LINE ( 'NONE', #1886, #3448 ) ;
#2222 = CARTESIAN_POINT ( 'NONE',  ( 0.000000000000000000, 0.000000000000000000, 0.01000000000000000021 ) ) ;
#2223 = EDGE_CURVE ( 'NONE', #1670, #37, #3040, .T. ) ;
#2224 = CARTESIAN_POINT ( 'NONE',  ( 0.3118172894629568370, 0.8913913678819862518, 0.01000000000000000021 ) ) ;
#2225 = CARTESIAN_POINT ( 'NONE',  ( -0.1890363597276377983, 1.039319996549262992, 0.01000000000000000021 ) ) ;
#2226 = VECTOR ( 'NONE', #691, 1000.000000000000000 ) ;
#2227 = ORIENTED_EDGE ( 'NONE', *, *, #3553, .T. ) ;
#2228 = FILL_AREA_STYLE ('',( #2205 ) ) ;
#2229 = DIRECTION ( 'NONE',  ( 0.3536223923290756077, -0.9353882635801357148, 0.000000000000000000 ) ) ;
#2230 = ORIENTED_EDGE ( 'NONE', *, *, #503, .T. ) ;
#2231 = CARTESIAN_POINT ( 'NONE',  ( 0.3409572637740852508, 0.9915251144465776489, 0.01000000000000000021 ) ) ;
#2232 = EDGE_CURVE ( 'NONE', #2621, #3574, #3104, .T. ) ;
#2233 = VECTOR ( 'NONE', #946, 1000.000000000000000 ) ;
#2234 = ORIENTED_EDGE ( 'NONE', *, *, #5, .F. ) ;
#2235 = SURFACE_STYLE_USAGE ( .BOTH. , #1041 ) ;
#2236 =( NAMED_UNIT ( * ) SI_UNIT ( $, .STERADIAN. ) SOLID_ANGLE_UNIT ( ) );
#2237 = CARTESIAN_POINT ( 'NONE',  ( -0.1609080317839084173, 0.8843929083112669343, 1.355252715606880543E-17 ) ) ;
#2238 = CARTESIAN_POINT ( 'NONE',  ( 0.3225407208355499100, 1.037352979328192149, 6.776263578034402713E-18 ) ) ;
#2239 = ORIENTED_EDGE ( 'NONE', *, *, #2867, .T. ) ;
#2240 = CARTESIAN_POINT ( 'NONE',  ( 0.007034207106225345146, 0.8742665042886144100, 0.01000000000000000021 ) ) ;
#2241 = FILL_AREA_STYLE ('',( #120 ) ) ;
#2242 = CARTESIAN_POINT ( 'NONE',  ( -0.3750876352530894131, 1.052083523725446446, 0.01000000000000000021 ) ) ;
#2243 = B_SPLINE_SURFACE_WITH_KNOTS ( 'NONE', 3, 1, ( 
 ( #1048, #3463 ),
 ( #3206, #446 ),
 ( #3485, #3189 ),
 ( #3122, #1619 ),
 ( #2301, #138 ),
 ( #3150, #2894 ),
 ( #714, #1905 ),
 ( #2822, #1323 ),
 ( #3735, #1024 ),
 ( #3440, #733 ),
 ( #2908, #1529 ) ),
 .UNSPECIFIED., .F., .F., .F.,
 ( 4, 1, 1, 1, 1, 1, 1, 1, 4 ),
 ( 2, 2 ),
 ( 0.000000000000000000, 0.1352946047634291105, 0.2667656579247484894, 0.3948160188358726397, 0.5200516544342462799, 0.6421757029708223818, 0.7626518205584238430, 0.8818340043805017459, 1.000000000000000000 ),
 ( 0.000000000000000000, 1.000000000000000000 ),
 .UNSPECIFIED. ) ;
#2244 = SURFACE_STYLE_USAGE ( .BOTH. , #1010 ) ;
#2245 = EDGE_CURVE ( 'NONE', #231, #277, #2516, .T. ) ;
#2246 = UNCERTAINTY_MEASURE_WITH_UNIT (LENGTH_MEASURE( 1.000000000000000082E-05 ), #2152, 'distance_accuracy_value', 'NONE');
#2247 = VECTOR ( 'NONE', #2652, 1000.000000000000000 ) ;
#2248 = CARTESIAN_POINT ( 'NONE',  ( 0.2239499609579966577, 1.098583719765115596, 0.01000000000000000021 ) ) ;
#2249 = MECHANICAL_DESIGN_GEOMETRIC_PRESENTATION_REPRESENTATION (  '', ( #1744 ), #870 ) ;
#2250 = ORIENTED_EDGE ( 'NONE', *, *, #662, .F. ) ;
#2251 = SURFACE_STYLE_FILL_AREA ( #2228 ) ;
#2252 = CARTESIAN_POINT ( 'NONE',  ( 0.1922591189067271999, 0.8859294328172758748, -0.000000000000000000 ) ) ;
#2253 = ORIENTED_EDGE ( 'NONE', *, *, #2161, .T. ) ;
#2254 = CARTESIAN_POINT ( 'NONE',  ( 0.3360675979556171922, 1.011684099080376598, 0.01000000000000000021 ) ) ;
#2255 = VECTOR ( 'NONE', #1877, 1000.000000000000000 ) ;
#2256 = MECHANICAL_DESIGN_GEOMETRIC_PRESENTATION_REPRESENTATION (  '', ( #3471 ), #3012 ) ;
#2257 = EDGE_CURVE ( 'NONE', #2795, #166, #1958, .T. ) ;
#2258 = ORIENTED_EDGE ( 'NONE', *, *, #1118, .F. ) ;
#2259 = PLANE ( 'NONE',  #1260 ) ;
#2260 = LINE ( 'NONE', #234, #2770 ) ;
#2261 = CARTESIAN_POINT ( 'NONE',  ( -0.1506806203185396542, 0.8514820874905619785, 0.000000000000000000 ) ) ;
#2262 = CARTESIAN_POINT ( 'NONE',  ( -0.2978438416742624217, 0.8468274798983704832, 0.01000000000000000021 ) ) ;
#2263 = CARTESIAN_POINT ( 'NONE',  ( -0.2408536331714850875, 1.001286535254890975, 6.776263578034402713E-18 ) ) ;
#2264 = VERTEX_POINT ( 'NONE', #3180 ) ;
#2265 = PRESENTATION_STYLE_ASSIGNMENT (( #1949 ) ) ;
#2266 = CARTESIAN_POINT ( 'NONE',  ( 0.01922932905744486817, 0.9870713823373947760, 0.000000000000000000 ) ) ;
#2267 = MECHANICAL_DESIGN_GEOMETRIC_PRESENTATION_REPRESENTATION (  '', ( #382 ), #763 ) ;
#2268 = PLANE ( 'NONE',  #2598 ) ;
#2269 = UNCERTAINTY_MEASURE_WITH_UNIT (LENGTH_MEASURE( 1.000000000000000082E-05 ), #2671, 'distance_accuracy_value', 'NONE');
#2270 = DIRECTION ( 'NONE',  ( 1.000000000000000000, 0.000000000000000000, 0.000000000000000000 ) ) ;
#2271 = ORIENTED_EDGE ( 'NONE', *, *, #90, .T. ) ;
#2272 = DIRECTION ( 'NONE',  ( 0.000000000000000000, -0.000000000000000000, 1.000000000000000000 ) ) ;
#2273 =( LENGTH_UNIT ( ) NAMED_UNIT ( * ) SI_UNIT ( .MILLI., .METRE. ) );
#2274 = ORIENTED_EDGE ( 'NONE', *, *, #851, .T. ) ;
#2275 =( NAMED_UNIT ( * ) SI_UNIT ( $, .STERADIAN. ) SOLID_ANGLE_UNIT ( ) );
#2276 = VECTOR ( 'NONE', #1603, 1000.000000000000000 ) ;
#2277 = VECTOR ( 'NONE', #2996, 1000.000000000000000 ) ;
#2278 = ORIENTED_EDGE ( 'NONE', *, *, #3232, .T. ) ;
#2279 = SURFACE_SIDE_STYLE ('',( #97 ) ) ;
#2280 =( LENGTH_UNIT ( ) NAMED_UNIT ( * ) SI_UNIT ( .MILLI., .METRE. ) );
#2281 = UNCERTAINTY_MEASURE_WITH_UNIT (LENGTH_MEASURE( 1.000000000000000082E-05 ), #3117, 'distance_accuracy_value', 'NONE');
#2282 = VECTOR ( 'NONE', #1387, 1000.000000000000000 ) ;
#2283 = CARTESIAN_POINT ( 'NONE',  ( -0.2429657928937746514, 0.9749715347764192908, 0.01000000000000000021 ) ) ;
#2284 = VERTEX_POINT ( 'NONE', #477 ) ;
#2285 = DIRECTION ( 'NONE',  ( 0.000000000000000000, -1.000000000000000000, 0.000000000000000000 ) ) ;
#2286 = ADVANCED_FACE ( 'NONE', ( #125 ), #93, .T. ) ;
#2287 = CARTESIAN_POINT ( 'NONE',  ( 0.2487929723501278445, 1.099876260386175364, 6.776263578034402713E-18 ) ) ;
#2288 = MECHANICAL_DESIGN_GEOMETRIC_PRESENTATION_REPRESENTATION (  '', ( #3682 ), #3812 ) ;
#2289 = CARTESIAN_POINT ( 'NONE',  ( 0.2406452656801049139, 1.072318369983442876, 0.01000000000000000021 ) ) ;
#2290 = EDGE_LOOP ( 'NONE', ( #268, #2071, #1726, #2032 ) ) ;
#2291 = DIRECTION ( 'NONE',  ( 1.000000000000000000, 0.000000000000000000, 0.000000000000000000 ) ) ;
#2292 = AXIS2_PLACEMENT_3D ( 'NONE', #2443, #3626, #636 ) ;
#2293 = ORIENTED_EDGE ( 'NONE', *, *, #1827, .T. ) ;
#2294 =( NAMED_UNIT ( * ) SI_UNIT ( $, .STERADIAN. ) SOLID_ANGLE_UNIT ( ) );
#2295 = CARTESIAN_POINT ( 'NONE',  ( 0.2587491461306156704, 0.8437786994105656024, 0.01000000000000000021 ) ) ;
#2296 = CARTESIAN_POINT ( 'NONE',  ( -0.2094292075279209631, 0.9742569768495900062, 0.000000000000000000 ) ) ;
#2297 = MECHANICAL_DESIGN_GEOMETRIC_PRESENTATION_REPRESENTATION (  '', ( #3691 ), #913 ) ;
#2298 = ADVANCED_FACE ( 'NONE', ( #3434 ), #1686, .F. ) ;
#2299 =( GEOMETRIC_REPRESENTATION_CONTEXT ( 3 ) GLOBAL_UNCERTAINTY_ASSIGNED_CONTEXT ( ( #2439 ) ) GLOBAL_UNIT_ASSIGNED_CONTEXT ( ( #2453, #3678, #646 ) ) REPRESENTATION_CONTEXT ( 'NONE', 'WORKASPACE' ) );
#2300 = ORIENTED_EDGE ( 'NONE', *, *, #1733, .F. ) ;
#2301 = CARTESIAN_POINT ( 'NONE',  ( 0.2278765607831168549, 0.8733445576514463626, 0.01000000000000000021 ) ) ;
#2302 = SURFACE_SIDE_STYLE ('',( #3287 ) ) ;
#2303 = EDGE_CURVE ( 'NONE', #2688, #64, #2903, .T. ) ;
#2304 = SURFACE_STYLE_USAGE ( .BOTH. , #519 ) ;
#2305 =( NAMED_UNIT ( * ) SI_UNIT ( $, .STERADIAN. ) SOLID_ANGLE_UNIT ( ) );
#2306 = EDGE_CURVE ( 'NONE', #3068, #430, #3896, .T. ) ;
#2307 = SURFACE_SIDE_STYLE ('',( #2043 ) ) ;
#2308 = FILL_AREA_STYLE_COLOUR ( '', #1484 ) ;
#2309 = UNCERTAINTY_MEASURE_WITH_UNIT (LENGTH_MEASURE( 1.000000000000000082E-05 ), #2549, 'distance_accuracy_value', 'NONE');
#2310 = FILL_AREA_STYLE ('',( #742 ) ) ;
#2311 = DIRECTION ( 'NONE',  ( 1.000000000000000000, 0.000000000000000000, 0.000000000000000000 ) ) ;
#2312 = VERTEX_POINT ( 'NONE', #3240 ) ;
#2313 = PRESENTATION_LAYER_ASSIGNMENT (  '', '', ( #807 ) ) ;
#2314 = VERTEX_POINT ( 'NONE', #530 ) ;
#2315 = DIRECTION ( 'NONE',  ( 0.000000000000000000, -1.000000000000000000, 0.000000000000000000 ) ) ;
#2316 = FILL_AREA_STYLE_COLOUR ( '', #1278 ) ;
#2317 = SURFACE_STYLE_USAGE ( .BOTH. , #1407 ) ;
#2318 = ORIENTED_EDGE ( 'NONE', *, *, #2245, .F. ) ;
#2319 = MECHANICAL_DESIGN_GEOMETRIC_PRESENTATION_REPRESENTATION (  '', ( #756 ), #2581 ) ;
#2320 = FILL_AREA_STYLE_COLOUR ( '', #3820 ) ;
#2321 = DIRECTION ( 'NONE',  ( 1.000000000000000000, 0.000000000000000000, 0.000000000000000000 ) ) ;
#2322 = DIRECTION ( 'NONE',  ( -0.000000000000000000, -0.000000000000000000, -1.000000000000000000 ) ) ;
#2323 = CARTESIAN_POINT ( 'NONE',  ( 0.2328991654131474243, 1.071508211586178483, 0.01000000000000000021 ) ) ;
#2324 = CARTESIAN_POINT ( 'NONE',  ( 0.3238536515008966221, 0.9044711207212462467, 6.776263578034402713E-18 ) ) ;
#2325 = DIRECTION ( 'NONE',  ( 0.000000000000000000, -0.000000000000000000, 1.000000000000000000 ) ) ;
#2326 = DIRECTION ( 'NONE',  ( 1.000000000000000000, 0.000000000000000000, 0.000000000000000000 ) ) ;
#2327 = DIRECTION ( 'NONE',  ( 1.000000000000000000, 0.000000000000000000, 0.000000000000000000 ) ) ;
#2328 = VERTEX_POINT ( 'NONE', #1420 ) ;
#2329 = ORIENTED_EDGE ( 'NONE', *, *, #3583, .T. ) ;
#2330 = VECTOR ( 'NONE', #1051, 1000.000000000000000 ) ;
#2331 = CARTESIAN_POINT ( 'NONE',  ( -0.2059403239481887027, 0.9418166826653522339, 0.01000000000000000021 ) ) ;
#2332 = PLANE ( 'NONE',  #2423 ) ;
#2333 = DIRECTION ( 'NONE',  ( -0.000000000000000000, 0.000000000000000000, -1.000000000000000000 ) ) ;
#2334 = EDGE_CURVE ( 'NONE', #1052, #667, #1976, .T. ) ;
#2335 = CARTESIAN_POINT ( 'NONE',  ( 0.3309511512297083624, 1.072058229825465725, 0.000000000000000000 ) ) ;
#2336 =( LENGTH_UNIT ( ) NAMED_UNIT ( * ) SI_UNIT ( .MILLI., .METRE. ) );
#2337 =( GEOMETRIC_REPRESENTATION_CONTEXT ( 3 ) GLOBAL_UNCERTAINTY_ASSIGNED_CONTEXT ( ( #3857 ) ) GLOBAL_UNIT_ASSIGNED_CONTEXT ( ( #2475, #55, #2133 ) ) REPRESENTATION_CONTEXT ( 'NONE', 'WORKASPACE' ) );
#2338 = VECTOR ( 'NONE', #3570, 1000.000000000000000 ) ;
#2339 = CARTESIAN_POINT ( 'NONE',  ( -0.3741544332607776857, 1.056013288618910417, 0.000000000000000000 ) ) ;
#2340 = CARTESIAN_POINT ( 'NONE',  ( 0.1919510672521815842, 1.090775521208527943, 0.01000000000000000021 ) ) ;
#2341 = ADVANCED_FACE ( 'NONE', ( #1662 ), #1341, .T. ) ;
#2342 = FILL_AREA_STYLE_COLOUR ( '', #1626 ) ;
#2343 =( NAMED_UNIT ( * ) PLANE_ANGLE_UNIT ( ) SI_UNIT ( $, .RADIAN. ) );
#2344 = DIRECTION ( 'NONE',  ( 1.000000000000000000, 0.000000000000000000, 0.000000000000000000 ) ) ;
#2345 =( LENGTH_UNIT ( ) NAMED_UNIT ( * ) SI_UNIT ( .MILLI., .METRE. ) );
#2346 = UNCERTAINTY_MEASURE_WITH_UNIT (LENGTH_MEASURE( 1.000000000000000082E-05 ), #596, 'distance_accuracy_value', 'NONE');
#2347 = SURFACE_SIDE_STYLE ('',( #1335 ) ) ;
#2348 = ORIENTED_EDGE ( 'NONE', *, *, #3424, .F. ) ;
#2349 = LINE ( 'NONE', #2607, #2004 ) ;
#2350 = VERTEX_POINT ( 'NONE', #2240 ) ;
#2351 = CARTESIAN_POINT ( 'NONE',  ( -0.1376027808853419743, 0.8488283428765425187, 6.776263578034402713E-18 ) ) ;
#2352 = MECHANICAL_DESIGN_GEOMETRIC_PRESENTATION_REPRESENTATION (  '', ( #1102 ), #2983 ) ;
#2353 = CARTESIAN_POINT ( 'NONE',  ( -0.1949393191479332488, 0.9149758464307173877, 1.355252715606880543E-17 ) ) ;
#2354 = FILL_AREA_STYLE_COLOUR ( '', #1450 ) ;
#2355 = SURFACE_STYLE_FILL_AREA ( #1783 ) ;
#2356 =( LENGTH_UNIT ( ) NAMED_UNIT ( * ) SI_UNIT ( .MILLI., .METRE. ) );
#2357 = CARTESIAN_POINT ( 'NONE',  ( 0.3067589439054567713, 0.8520498063400854249, 0.01000000000000000021 ) ) ;
#2358 = ORIENTED_EDGE ( 'NONE', *, *, #1412, .F. ) ;
#2359 = CARTESIAN_POINT ( 'NONE',  ( -0.3757997769787806419, 1.049806645828721408, -0.000000000000000000 ) ) ;
#2360 = FACE_OUTER_BOUND ( 'NONE', #3198, .T. ) ;
#2361 = CARTESIAN_POINT ( 'NONE',  ( 0.3330291424606175443, 0.9201291688432601257, 6.776263578034402713E-18 ) ) ;
#2362 = CARTESIAN_POINT ( 'NONE',  ( 0.3756146746918516688, 0.9814943632508934535, 0.01000000000000000021 ) ) ;
#2363 = ADVANCED_FACE ( 'NONE', ( #3167 ), #2243, .T. ) ;
#2364 = PRESENTATION_STYLE_ASSIGNMENT (( #204 ) ) ;
#2365 = SURFACE_STYLE_USAGE ( .BOTH. , #3566 ) ;
#2366 = CARTESIAN_POINT ( 'NONE',  ( 0.2297840265113375302, 0.8458941143970081233, 0.000000000000000000 ) ) ;
#2367 = ORIENTED_EDGE ( 'NONE', *, *, #1110, .T. ) ;
#2368 = STYLED_ITEM ( 'NONE', ( #2364 ), #544 ) ;
#2369 = CARTESIAN_POINT ( 'NONE',  ( 0.1899610363745180830, 0.8872238213617851255, 0.000000000000000000 ) ) ;
#2370 = VECTOR ( 'NONE', #856, 1000.000000000000000 ) ;
#2371 = DIRECTION ( 'NONE',  ( 1.000000000000000000, 0.000000000000000000, 0.000000000000000000 ) ) ;
#2372 = CARTESIAN_POINT ( 'NONE',  ( -0.1506806203185396542, 0.8514820874905619785, 6.776263578034402713E-18 ) ) ;
#2373 = CARTESIAN_POINT ( 'NONE',  ( 0.3758277652668249869, 0.9719752753587468375, 0.01000000000000000021 ) ) ;
#2374 =( GEOMETRIC_REPRESENTATION_CONTEXT ( 3 ) GLOBAL_UNCERTAINTY_ASSIGNED_CONTEXT ( ( #3233 ) ) GLOBAL_UNIT_ASSIGNED_CONTEXT ( ( #2574, #813, #1737 ) ) REPRESENTATION_CONTEXT ( 'NONE', 'WORKASPACE' ) );
#2375 = PRESENTATION_LAYER_ASSIGNMENT (  '', '', ( #2694 ) ) ;
#2376 = EDGE_CURVE ( 'NONE', #190, #2118, #924, .T. ) ;
#2377 = SURFACE_STYLE_FILL_AREA ( #884 ) ;
#2378 = CARTESIAN_POINT ( 'NONE',  ( 0.2957029948461330493, 0.8483150377621022642, 0.01000000000000000021 ) ) ;
#2379 = ORIENTED_EDGE ( 'NONE', *, *, #3427, .F. ) ;
#2380 = VECTOR ( 'NONE', #2730, 1000.000000000000000 ) ;
#2381 = STYLED_ITEM ( 'NONE', ( #2120 ), #2426 ) ;
#2382 = CARTESIAN_POINT ( 'NONE',  ( 0.1076439632037863581, 0.9870713823373947760, 0.01000000000000000021 ) ) ;
#2383 = LINE ( 'NONE', #2503, #3069 ) ;
#2384 = CARTESIAN_POINT ( 'NONE',  ( 0.3410295652430981317, 0.9479463586184582180, 6.776263578034402713E-18 ) ) ;
#2385 = LINE ( 'NONE', #314, #2056 ) ;
#2386 = EDGE_CURVE ( 'NONE', #3664, #1309, #1261, .T. ) ;
#2387 = COLOUR_RGB ( '',0.9686274509803921573, 0.8784313725490195957, 0.5999999999999999778 ) ;
#2388 = FILL_AREA_STYLE ('',( #3234 ) ) ;
#2389 = CARTESIAN_POINT ( 'NONE',  ( -0.1962499841298030456, 1.071614850069672054, 0.01000000000000000021 ) ) ;
#2390 = CARTESIAN_POINT ( 'NONE',  ( -0.4137451374059697984, 0.9443884555081265564, 0.000000000000000000 ) ) ;
#2391 = EDGE_LOOP ( 'NONE', ( #1103, #3712, #3784, #512 ) ) ;
#2392 = SURFACE_STYLE_FILL_AREA ( #3661 ) ;
#2393 = FILL_AREA_STYLE ('',( #861 ) ) ;
#2394 =( NAMED_UNIT ( * ) SI_UNIT ( $, .STERADIAN. ) SOLID_ANGLE_UNIT ( ) );
#2395 = CARTESIAN_POINT ( 'NONE',  ( 0.3671642600847050963, 1.021069824878836574, 6.776263578034402713E-18 ) ) ;
#2396 = PRESENTATION_LAYER_ASSIGNMENT (  '', '', ( #2962 ) ) ;
#2397 = CARTESIAN_POINT ( 'NONE',  ( 0.5999999999999999778, 0.000000000000000000, -2.000000000000000000 ) ) ;
#2398 = ORIENTED_EDGE ( 'NONE', *, *, #2522, .T. ) ;
#2399 = B_SPLINE_CURVE_WITH_KNOTS ( 'NONE', 3,
 ( #1401, #3532, #3474, #3514, #1648, #1093, #1350, #800, #148, #2252, #2558 ),
 .UNSPECIFIED., .F., .F.,
 ( 4, 1, 1, 1, 1, 1, 1, 1, 4 ),
 ( 0.000000000000000000, 0.1352946047634291105, 0.2667656579247484894, 0.3948160188358726397, 0.5200516544342462799, 0.6421757029708223818, 0.7626518205584238430, 0.8818340043805017459, 1.000000000000000000 ),
 .UNSPECIFIED. ) ;
#2400 = SURFACE_STYLE_FILL_AREA ( #672 ) ;
#2401 = DIRECTION ( 'NONE',  ( 0.000000000000000000, -1.000000000000000000, 0.000000000000000000 ) ) ;
#2402 = MECHANICAL_DESIGN_GEOMETRIC_PRESENTATION_REPRESENTATION (  '', ( #2210 ), #3036 ) ;
#2403 = DIRECTION ( 'NONE',  ( 0.000000000000000000, -1.000000000000000000, 0.000000000000000000 ) ) ;
#2404 = EDGE_CURVE ( 'NONE', #3650, #2858, #3630, .T. ) ;
#2405 = CARTESIAN_POINT ( 'NONE',  ( -0.1168899326908498515, 1.096725106910224845, -0.000000000000000000 ) ) ;
#2406 =( GEOMETRIC_REPRESENTATION_CONTEXT ( 3 ) GLOBAL_UNCERTAINTY_ASSIGNED_CONTEXT ( ( #3238 ) ) GLOBAL_UNIT_ASSIGNED_CONTEXT ( ( #2412, #1481, #2394 ) ) REPRESENTATION_CONTEXT ( 'NONE', 'WORKASPACE' ) );
#2407 = B_SPLINE_CURVE_WITH_KNOTS ( 'NONE', 3,
 ( #3407, #121, #161, #3467, #2878, #1951, #1665, #1624, #2570, #1971, #2224, #3170, #717, #2826, #3721, #2861, #1363, #3154, #3773 ),
 .UNSPECIFIED., .F., .F.,
 ( 4, 1, 1, 1, 1, 1, 1, 1, 1, 1, 1, 1, 1, 1, 1, 1, 4 ),
 ( 0.000000000000000000, 0.07377411937406362641, 0.1440791147260414573, 0.2113485183089117425, 0.2760768857398840370, 0.3385209158196769152, 0.3998851166931333134, 0.4602540674652128572, 0.5205889643912477993, 0.5802076845630441682, 0.6386329085525458416, 0.6963645494905240652, 0.7540017746600128357, 0.8128056813744980458, 0.8727544255255605954, 0.9351819969782670938, 0.9999999999999998890 ),
 .UNSPECIFIED. ) ;
#2408 = LINE ( 'NONE', #1492, #3235 ) ;
#2409 = DIRECTION ( 'NONE',  ( 0.3390537954853694580, 0.9407669869669987861, 0.000000000000000000 ) ) ;
#2410 = CARTESIAN_POINT ( 'NONE',  ( 1.099999999999999201, 0.000000000000000000, 6.000000000000000000 ) ) ;
#2411 = CARTESIAN_POINT ( 'NONE',  ( -0.1994096966875787136, 0.9232806703035012497, 0.000000000000000000 ) ) ;
#2412 =( LENGTH_UNIT ( ) NAMED_UNIT ( * ) SI_UNIT ( .MILLI., .METRE. ) );
#2413 = DIRECTION ( 'NONE',  ( -1.000000000000000000, 0.000000000000000000, 0.000000000000000000 ) ) ;
#2414 = MECHANICAL_DESIGN_GEOMETRIC_PRESENTATION_REPRESENTATION (  '', ( #3437 ), #405 ) ;
#2415 = CARTESIAN_POINT ( 'NONE',  ( -0.1157138741405065452, 1.069315206965853138, 6.776263578034402713E-18 ) ) ;
#2416 = CARTESIAN_POINT ( 'NONE',  ( 0.3442400255063307601, 0.8774680674668839941, 0.000000000000000000 ) ) ;
#2417 = PLANE ( 'NONE',  #2292 ) ;
#2418 = STYLED_ITEM ( 'NONE', ( #1746 ), #3863 ) ;
#2419 = VERTEX_POINT ( 'NONE', #943 ) ;
#2420 = CARTESIAN_POINT ( 'NONE',  ( -0.2058220122467381286, 1.063894257998703852, 6.776263578034402713E-18 ) ) ;
#2421 = EDGE_CURVE ( 'NONE', #1463, #2090, #1487, .T. ) ;
#2422 = DIRECTION ( 'NONE',  ( 0.000000000000000000, -1.000000000000000000, 0.000000000000000000 ) ) ;
#2423 = AXIS2_PLACEMENT_3D ( 'NONE', #236, #3202, #496 ) ;
#2424 = CARTESIAN_POINT ( 'NONE',  ( 0.2976482299436423173, 0.8814274210936628995, 6.776263578034402713E-18 ) ) ;
#2425 = CARTESIAN_POINT ( 'NONE',  ( 0.3739208957703958891, 0.9954136028451766594, 0.01000000000000000021 ) ) ;
#2426 = ADVANCED_FACE ( 'NONE', ( #3402 ), #2533, .T. ) ;
#2427 = CARTESIAN_POINT ( 'NONE',  ( 0.2862712253860429379, 1.065649937093817723, 0.000000000000000000 ) ) ;
#2428 = VECTOR ( 'NONE', #1970, 1000.000000000000000 ) ;
#2429 = EDGE_CURVE ( 'NONE', #231, #673, #144, .T. ) ;
#2430 = SURFACE_SIDE_STYLE ('',( #339 ) ) ;
#2431 = CARTESIAN_POINT ( 'NONE',  ( 0.1966011337496272604, 1.060289535195196198, 6.776263578034402713E-18 ) ) ;
#2432 = LINE ( 'NONE', #893, #3524 ) ;
#2433 = STYLED_ITEM ( 'NONE', ( #3800 ), #510 ) ;
#2434 =( NAMED_UNIT ( * ) SI_UNIT ( $, .STERADIAN. ) SOLID_ANGLE_UNIT ( ) );
#2435 = CARTESIAN_POINT ( 'NONE',  ( -0.2145719289966923904, 0.8907461374943344001, 0.01000000000000000021 ) ) ;
#2436 = PRESENTATION_STYLE_ASSIGNMENT (( #2984 ) ) ;
#2437 = CARTESIAN_POINT ( 'NONE',  ( 0.2533082665925562860, 1.099771204132812041, 6.776263578034402713E-18 ) ) ;
#2438 = VERTEX_POINT ( 'NONE', #1320 ) ;
#2439 = UNCERTAINTY_MEASURE_WITH_UNIT (LENGTH_MEASURE( 1.000000000000000082E-05 ), #2453, 'distance_accuracy_value', 'NONE');
#2440 = STYLED_ITEM ( 'NONE', ( #2506 ), #3660 ) ;
#2441 = CARTESIAN_POINT ( 'NONE',  ( -0.2079489658862286594, 0.9963256697776043946, 0.01000000000000000021 ) ) ;
#2442 = VECTOR ( 'NONE', #2409, 999.9999999999998863 ) ;
#2443 = CARTESIAN_POINT ( 'NONE',  ( -0.1121540550888966009, 1.069388455508126556, 0.01000000000000000021 ) ) ;
#2444 = VERTEX_POINT ( 'NONE', #3791 ) ;
#2445 =( GEOMETRIC_REPRESENTATION_CONTEXT ( 3 ) GLOBAL_UNCERTAINTY_ASSIGNED_CONTEXT ( ( #1636 ) ) GLOBAL_UNIT_ASSIGNED_CONTEXT ( ( #1230, #896, #2434 ) ) REPRESENTATION_CONTEXT ( 'NONE', 'WORKASPACE' ) );
#2446 = CARTESIAN_POINT ( 'NONE',  ( -0.1517004458951517198, 1.092353725969403389, 0.01000000000000000021 ) ) ;
#2447 = CARTESIAN_POINT ( 'NONE',  ( -0.1994096966875787136, 0.9232806703035012497, 0.01000000000000000021 ) ) ;
#2448 =( NAMED_UNIT ( * ) PLANE_ANGLE_UNIT ( ) SI_UNIT ( $, .RADIAN. ) );
#2449 = VECTOR ( 'NONE', #1749, 1000.000000000000000 ) ;
#2450 = PRESENTATION_LAYER_ASSIGNMENT (  '', '', ( #2381 ) ) ;
#2451 = CARTESIAN_POINT ( 'NONE',  ( -0.2079489658862286594, 0.9963256697776043946, 0.000000000000000000 ) ) ;
#2452 = MECHANICAL_DESIGN_GEOMETRIC_PRESENTATION_REPRESENTATION (  '', ( #3781 ), #879 ) ;
#2453 =( LENGTH_UNIT ( ) NAMED_UNIT ( * ) SI_UNIT ( .MILLI., .METRE. ) );
#2454 = CARTESIAN_POINT ( 'NONE',  ( 0.01313176808183510666, 1.069388455508126556, 0.000000000000000000 ) ) ;
#2455 = SURFACE_SIDE_STYLE ('',( #34 ) ) ;
#2456 = SURFACE_SIDE_STYLE ('',( #2811 ) ) ;
#2457 = PRESENTATION_LAYER_ASSIGNMENT (  '', '', ( #382 ) ) ;
#2458 = ORIENTED_EDGE ( 'NONE', *, *, #1523, .T. ) ;
#2459 = PLANE ( 'NONE',  #172 ) ;
#2460 = CARTESIAN_POINT ( 'NONE',  ( 0.2839739256511142895, 0.8456569090379154607, 0.000000000000000000 ) ) ;
#2461 = PRODUCT_DEFINITION ( '未知', '', #3254, #791 ) ;
#2462 =( NAMED_UNIT ( * ) PLANE_ANGLE_UNIT ( ) SI_UNIT ( $, .RADIAN. ) );
#2463 = VERTEX_POINT ( 'NONE', #2546 ) ;
#2464 = ADVANCED_FACE ( 'NONE', ( #1968 ), #3738, .T. ) ;
#2465 = EDGE_LOOP ( 'NONE', ( #2258, #1114, #801, #3033 ) ) ;
#2466 = CARTESIAN_POINT ( 'NONE',  ( 0.3171804517201757823, 0.8567690757649718547, 0.01000000000000000021 ) ) ;
#2467 =( GEOMETRIC_REPRESENTATION_CONTEXT ( 3 ) GLOBAL_UNCERTAINTY_ASSIGNED_CONTEXT ( ( #1931 ) ) GLOBAL_UNIT_ASSIGNED_CONTEXT ( ( #3622, #3026, #649 ) ) REPRESENTATION_CONTEXT ( 'NONE', 'WORKASPACE' ) );
#2468 = CARTESIAN_POINT ( 'NONE',  ( 0.2728505024336917439, 0.8727248870383319534, 0.01000000000000000021 ) ) ;
#2469 = VECTOR ( 'NONE', #2285, 1000.000000000000000 ) ;
#2470 = CARTESIAN_POINT ( 'NONE',  ( 0.4917903046672009726, 0.8742665042886144100, 0.01000000000000000021 ) ) ;
#2471 = STYLED_ITEM ( 'NONE', ( #115 ), #1884 ) ;
#2472 = MECHANICAL_DESIGN_GEOMETRIC_PRESENTATION_REPRESENTATION (  '', ( #274 ), #959 ) ;
#2473 = CARTESIAN_POINT ( 'NONE',  ( 0.1968750467154573025, 0.8833295244179203420, 0.01000000000000000021 ) ) ;
#2474 = DIRECTION ( 'NONE',  ( 1.000000000000000000, 0.000000000000000000, 0.000000000000000000 ) ) ;
#2475 =( LENGTH_UNIT ( ) NAMED_UNIT ( * ) SI_UNIT ( .MILLI., .METRE. ) );
#2476 = VERTEX_POINT ( 'NONE', #628 ) ;
#2477 = CARTESIAN_POINT ( 'NONE',  ( -0.2079489658862286594, 0.9963256697776043946, 6.776263578034402713E-18 ) ) ;
#2478 = DIRECTION ( 'NONE',  ( -0.000000000000000000, -0.000000000000000000, 1.000000000000000000 ) ) ;
#2479 = ORIENTED_EDGE ( 'NONE', *, *, #3110, .T. ) ;
#2480 = CARTESIAN_POINT ( 'NONE',  ( -0.1168899326908498515, 1.096725106910224845, 0.01000000000000000021 ) ) ;
#2481 = ORIENTED_EDGE ( 'NONE', *, *, #2014, .F. ) ;
#2482 = PRESENTATION_STYLE_ASSIGNMENT (( #3718 ) ) ;
#2483 = LINE ( 'NONE', #986, #3330 ) ;
#2484 = SURFACE_STYLE_FILL_AREA ( #1456 ) ;
#2485 =( NAMED_UNIT ( * ) PLANE_ANGLE_UNIT ( ) SI_UNIT ( $, .RADIAN. ) );
#2486 = STYLED_ITEM ( 'NONE', ( #1841 ), #1512 ) ;
#2487 = AXIS2_PLACEMENT_3D ( 'NONE', #3698, #2109, #3021 ) ;
#2488 = CARTESIAN_POINT ( 'NONE',  ( 0.3391417541822800419, 0.9380946781572907511, 0.000000000000000000 ) ) ;
#2489 = CARTESIAN_POINT ( 'NONE',  ( -0.2339168530499518284, 0.9226033318619366597, 0.01000000000000000021 ) ) ;
#2490 = FILL_AREA_STYLE ('',( #1290 ) ) ;
#2491 = CARTESIAN_POINT ( 'NONE',  ( 0.2945468330027430359, 1.061686429507519458, 0.01000000000000000021 ) ) ;
#2492 = CARTESIAN_POINT ( 'NONE',  ( -0.3557706709425551561, 1.096827479898370372, 0.01000000000000000021 ) ) ;
#2493 = EDGE_LOOP ( 'NONE', ( #2138, #1948, #2560, #2812 ) ) ;
#2494 = CARTESIAN_POINT ( 'NONE',  ( 0.01313176808183510666, 1.069388455508126556, 0.01000000000000000021 ) ) ;
#2495 = FILL_AREA_STYLE ('',( #369 ) ) ;
#2496 = CARTESIAN_POINT ( 'NONE',  ( -0.1424583467502104350, 1.066229303872373801, 6.776263578034402713E-18 ) ) ;
#2497 = CARTESIAN_POINT ( 'NONE',  ( -0.1609080317839084173, 0.8843929083112669343, 0.01000000000000000021 ) ) ;
#2498 = ORIENTED_EDGE ( 'NONE', *, *, #363, .F. ) ;
#2499 = FILL_AREA_STYLE ('',( #3483 ) ) ;
#2500 = B_SPLINE_CURVE_WITH_KNOTS ( 'NONE', 3,
 ( #241, #2359, #2680, #2339, #1434, #887, #260 ),
 .UNSPECIFIED., .F., .F.,
 ( 4, 1, 1, 1, 4 ),
 ( 0.000000000000000000, 0.1744817153170497570, 0.3982857591281127596, 0.6738978473986663165, 1.000000000000000000 ),
 .UNSPECIFIED. ) ;
#2501 = EDGE_CURVE ( 'NONE', #3381, #1616, #2689, .T. ) ;
#2502 = ORIENTED_EDGE ( 'NONE', *, *, #3714, .F. ) ;
#2503 = CARTESIAN_POINT ( 'NONE',  ( -0.4502828660645063485, 0.8468274798983704832, 0.000000000000000000 ) ) ;
#2504 =( NAMED_UNIT ( * ) SI_UNIT ( $, .STERADIAN. ) SOLID_ANGLE_UNIT ( ) );
#2505 = VECTOR ( 'NONE', #2971, 1000.000000000000000 ) ;
#2506 = PRESENTATION_STYLE_ASSIGNMENT (( #659 ) ) ;
#2507 = LINE ( 'NONE', #697, #645 ) ;
#2508 = CARTESIAN_POINT ( 'NONE',  ( -0.1424583467502104350, 1.066229303872373801, 0.01000000000000000021 ) ) ;
#2509 = ADVANCED_FACE ( 'NONE', ( #1779 ), #321, .T. ) ;
#2510 = VERTEX_POINT ( 'NONE', #31 ) ;
#2511 = B_SPLINE_CURVE_WITH_KNOTS ( 'NONE', 3,
 ( #2904, #233, #1443, #1423, #3554, #842, #3260, #552, #3860, #1541, #305, #3064, #2411, #3379, #1846, #11, #954, #365, #3003 ),
 .UNSPECIFIED., .F., .F.,
 ( 4, 1, 1, 1, 1, 1, 1, 1, 1, 1, 1, 1, 1, 1, 1, 1, 4 ),
 ( 0.000000000000000000, 0.07082657255516276729, 0.1381690332797997633, 0.2024753315338425341, 0.2639737544135196123, 0.3233803205980368967, 0.3817976227131850142, 0.4393900745193888291, 0.4969027245459972097, 0.5546621696093698706, 0.6127418784921973005, 0.6715388363911717340, 0.7316557220901976910, 0.7942978116139528533, 0.8594822049793582330, 0.9276813254527898067, 1.000000000000000000 ),
 .UNSPECIFIED. ) ;
#2512 = VECTOR ( 'NONE', #3525, 1000.000000000000000 ) ;
#2513 = SURFACE_STYLE_USAGE ( .BOTH. , #3195 ) ;
#2514 = LINE ( 'NONE', #3433, #509 ) ;
#2515 = CARTESIAN_POINT ( 'NONE',  ( -0.2428648260931134395, 0.9702496386498319358, 0.01000000000000000021 ) ) ;
#2516 = LINE ( 'NONE', #3746, #3607 ) ;
#2517 = EDGE_LOOP ( 'NONE', ( #1953, #445, #2608, #937 ) ) ;
#2518 = PRESENTATION_STYLE_ASSIGNMENT (( #1961 ) ) ;
#2519 =( NAMED_UNIT ( * ) PLANE_ANGLE_UNIT ( ) SI_UNIT ( $, .RADIAN. ) );
#2520 =( NAMED_UNIT ( * ) PLANE_ANGLE_UNIT ( ) SI_UNIT ( $, .RADIAN. ) );
#2521 = CARTESIAN_POINT ( 'NONE',  ( -0.04174628069865263941, 1.096827479898370372, 0.01000000000000000021 ) ) ;
#2522 = EDGE_CURVE ( 'NONE', #2934, #3068, #2092, .T. ) ;
#2523 = APPLICATION_PROTOCOL_DEFINITION ( 'draft international standard', 'automotive_design', 1998, #3671 ) ;
#2524 = SURFACE_STYLE_USAGE ( .BOTH. , #156 ) ;
#2525 = ORIENTED_EDGE ( 'NONE', *, *, #3139, .T. ) ;
#2526 = FACE_OUTER_BOUND ( 'NONE', #3148, .T. ) ;
#2527 = CARTESIAN_POINT ( 'NONE',  ( 0.4917903046672009726, 0.8742665042886144100, 0.01000000000000000021 ) ) ;
#2528 = STYLED_ITEM ( 'NONE', ( #2614 ), #1152 ) ;
#2529 = MECHANICAL_DESIGN_GEOMETRIC_PRESENTATION_REPRESENTATION (  '', ( #464 ), #1142 ) ;
#2530 = CARTESIAN_POINT ( 'NONE',  ( -0.1121540550888966009, 1.069388455508126556, 0.01000000000000000021 ) ) ;
#2531 = EDGE_CURVE ( 'NONE', #2314, #277, #880, .T. ) ;
#2532 = ORIENTED_EDGE ( 'NONE', *, *, #3628, .T. ) ;
#2533 = B_SPLINE_SURFACE_WITH_KNOTS ( 'NONE', 3, 1, ( 
 ( #3013, #334 ),
 ( #2480, #1838 ),
 ( #311, #982 ),
 ( #2718, #3652 ),
 ( #2446, #2734 ),
 ( #1856, #902 ),
 ( #3369, #2179 ),
 ( #1821, #656 ),
 ( #3034, #21 ),
 ( #3075, #2420 ),
 ( #3054, #354 ),
 ( #1571, #638 ),
 ( #43, #1552 ),
 ( #2755, #1882 ),
 ( #2162, #297 ),
 ( #2777, #2263 ),
 ( #1006, #3096 ),
 ( #3715, #481 ),
 ( #2283, #2217 ) ),
 .UNSPECIFIED., .F., .F., .F.,
 ( 4, 1, 1, 1, 1, 1, 1, 1, 1, 1, 1, 1, 1, 1, 1, 1, 4 ),
 ( 2, 2 ),
 ( 0.000000000000000000, 0.06863117867660126215, 0.1345664660386773903, 0.1983281540108813579, 0.2607897666408448556, 0.3219991514841582525, 0.3827217465030195997, 0.4435374740357287404, 0.5051334294849250117, 0.5662138747646718873, 0.6261058646175458042, 0.6853493221605168051, 0.7449958703477975730, 0.8054158418145630494, 0.8676362663459535884, 0.9323077823023288024, 1.000000000000000000 ),
 ( 0.000000000000000000, 1.000000000000000000 ),
 .UNSPECIFIED. ) ;
#2534 = SURFACE_STYLE_FILL_AREA ( #184 ) ;
#2535 = CARTESIAN_POINT ( 'NONE',  ( 0.2196863730697126982, 0.8751212363319335052, 0.01000000000000000021 ) ) ;
#2536 = ORIENTED_EDGE ( 'NONE', *, *, #1180, .T. ) ;
#2537 = DIRECTION ( 'NONE',  ( -0.000000000000000000, -0.000000000000000000, -1.000000000000000000 ) ) ;
#2538 = FILL_AREA_STYLE_COLOUR ( '', #2843 ) ;
#2539 = ORIENTED_EDGE ( 'NONE', *, *, #2386, .T. ) ;
#2540 = PRESENTATION_LAYER_ASSIGNMENT (  '', '', ( #3558 ) ) ;
#2541 = CARTESIAN_POINT ( 'NONE',  ( 0.2163896481228529123, 1.097459564331133786, 0.000000000000000000 ) ) ;
#2542 = SURFACE_STYLE_USAGE ( .BOTH. , #2855 ) ;
#2543 = CARTESIAN_POINT ( 'NONE',  ( -0.1145394686232532461, 0.8743479315178117606, 0.01000000000000000021 ) ) ;
#2544 = EDGE_CURVE ( 'NONE', #37, #3574, #2349, .T. ) ;
#2545 =( LENGTH_UNIT ( ) NAMED_UNIT ( * ) SI_UNIT ( .MILLI., .METRE. ) );
#2546 = CARTESIAN_POINT ( 'NONE',  ( 0.2485071491793961196, 1.072437235995931326, 0.000000000000000000 ) ) ;
#2547 = EDGE_LOOP ( 'NONE', ( #1740, #492, #3859, #2525 ) ) ;
#2548 = CARTESIAN_POINT ( 'NONE',  ( 1.401151840320611180E-15, 0.000000000000000000, 7.900000000000002132 ) ) ;
#2549 =( LENGTH_UNIT ( ) NAMED_UNIT ( * ) SI_UNIT ( .MILLI., .METRE. ) );
#2550 = PLANE ( 'NONE',  #1228 ) ;
#2551 = CARTESIAN_POINT ( 'NONE',  ( -0.3761117532596283120, 1.048809187215443695, 0.01000000000000000021 ) ) ;
#2552 = ADVANCED_BREP_SHAPE_REPRESENTATION ( '零件7', ( #544, #1535 ), #2863 ) ;
#2553 =( NAMED_UNIT ( * ) PLANE_ANGLE_UNIT ( ) SI_UNIT ( $, .RADIAN. ) );
#2554 = PRESENTATION_LAYER_ASSIGNMENT (  '', '', ( #2418 ) ) ;
#2555 = SURFACE_STYLE_USAGE ( .BOTH. , #452 ) ;
#2556 = EDGE_CURVE ( 'NONE', #189, #1627, #194, .T. ) ;
#2557 = VERTEX_POINT ( 'NONE', #610 ) ;
#2558 = CARTESIAN_POINT ( 'NONE',  ( 0.1899610363745180830, 0.8872238213617851255, 5.082197683525802034E-18 ) ) ;
#2559 = STYLED_ITEM ( 'NONE', ( #1210 ), #36 ) ;
#2560 = ORIENTED_EDGE ( 'NONE', *, *, #944, .T. ) ;
#2561 = CARTESIAN_POINT ( 'NONE',  ( 0.3278214284194119199, 1.029371301660630511, 0.01000000000000000021 ) ) ;
#2562 = CARTESIAN_POINT ( 'NONE',  ( 0.3421949618989236774, 0.9583657780991637898, 6.776263578034402713E-18 ) ) ;
#2563 = STYLED_ITEM ( 'NONE', ( #3589 ), #1606 ) ;
#2564 = STYLED_ITEM ( 'NONE', ( #1159 ), #1583 ) ;
#2565 = ORIENTED_EDGE ( 'NONE', *, *, #3223, .F. ) ;
#2566 = SURFACE_STYLE_USAGE ( .BOTH. , #789 ) ;
#2567 = ORIENTED_EDGE ( 'NONE', *, *, #1118, .T. ) ;
#2568 = PRESENTATION_STYLE_ASSIGNMENT (( #400 ) ) ;
#2569 = SURFACE_STYLE_FILL_AREA ( #796 ) ;
#2570 = CARTESIAN_POINT ( 'NONE',  ( 0.3238536515008966221, 0.9044711207212462467, 0.01000000000000000021 ) ) ;
#2571 = VECTOR ( 'NONE', #1223, 1000.000000000000000 ) ;
#2572 = UNCERTAINTY_MEASURE_WITH_UNIT (LENGTH_MEASURE( 1.000000000000000082E-05 ), #3264, 'distance_accuracy_value', 'NONE');
#2573 = COLOUR_RGB ( '',0.2235294117647058654, 0.2235294117647058654, 0.2235294117647058654 ) ;
#2574 =( LENGTH_UNIT ( ) NAMED_UNIT ( * ) SI_UNIT ( .MILLI., .METRE. ) );
#2575 = AXIS2_PLACEMENT_3D ( 'NONE', #356, #104, #337 ) ;
#2576 = EDGE_LOOP ( 'NONE', ( #2599, #732, #1119, #296 ) ) ;
#2577 = CARTESIAN_POINT ( 'NONE',  ( 0.2458691167520405674, 1.072397350846846731, 0.01000000000000000021 ) ) ;
#2578 = EDGE_LOOP ( 'NONE', ( #3688, #2790, #867, #1327, #2016, #1315 ) ) ;
#2579 =( NAMED_UNIT ( * ) PLANE_ANGLE_UNIT ( ) SI_UNIT ( $, .RADIAN. ) );
#2580 = CIRCLE ( 'NONE', #875, 1.099999999999999423 ) ;
#2581 =( GEOMETRIC_REPRESENTATION_CONTEXT ( 3 ) GLOBAL_UNCERTAINTY_ASSIGNED_CONTEXT ( ( #1364 ) ) GLOBAL_UNIT_ASSIGNED_CONTEXT ( ( #3438, #1376, #3120 ) ) REPRESENTATION_CONTEXT ( 'NONE', 'WORKASPACE' ) );
#2582 = EDGE_LOOP ( 'NONE', ( #2250, #2502, #1178, #1369 ) ) ;
#2583 = FACE_OUTER_BOUND ( 'NONE', #2391, .T. ) ;
#2584 = PRODUCT_RELATED_PRODUCT_CATEGORY ( 'part', '', ( #140 ) ) ;
#2585 = CARTESIAN_POINT ( 'NONE',  ( -0.1238882657514953356, 0.8470837382244480462, 0.000000000000000000 ) ) ;
#2586 = EDGE_CURVE ( 'NONE', #2688, #3175, #1496, .T. ) ;
#2587 = VERTEX_POINT ( 'NONE', #2410 ) ;
#2588 = SURFACE_SIDE_STYLE ('',( #158 ) ) ;
#2589 = SURFACE_SIDE_STYLE ('',( #2802 ) ) ;
#2590 = CARTESIAN_POINT ( 'NONE',  ( 0.2045900185825241802, 0.8526630578771958735, 0.01000000000000000021 ) ) ;
#2591 = COLOUR_RGB ( '',0.2235294117647058654, 0.2235294117647058654, 0.2235294117647058654 ) ;
#2592 = UNCERTAINTY_MEASURE_WITH_UNIT (LENGTH_MEASURE( 1.000000000000000082E-05 ), #2273, 'distance_accuracy_value', 'NONE');
#2593 = SURFACE_STYLE_USAGE ( .BOTH. , #3817 ) ;
#2594 = UNCERTAINTY_MEASURE_WITH_UNIT (LENGTH_MEASURE( 1.000000000000000082E-05 ), #160, 'distance_accuracy_value', 'NONE');
#2595 = ORIENTED_EDGE ( 'NONE', *, *, #586, .F. ) ;
#2596 = PRESENTATION_STYLE_ASSIGNMENT (( #786 ) ) ;
#2597 = ADVANCED_FACE ( 'NONE', ( #1983 ), #3619, .T. ) ;
#2598 = AXIS2_PLACEMENT_3D ( 'NONE', #2527, #3101, #403 ) ;
#2599 = ORIENTED_EDGE ( 'NONE', *, *, #379, .F. ) ;
#2600 = ORIENTED_EDGE ( 'NONE', *, *, #3716, .F. ) ;
#2601 =( NAMED_UNIT ( * ) PLANE_ANGLE_UNIT ( ) SI_UNIT ( $, .RADIAN. ) );
#2602 =( GEOMETRIC_REPRESENTATION_CONTEXT ( 3 ) GLOBAL_UNCERTAINTY_ASSIGNED_CONTEXT ( ( #548 ) ) GLOBAL_UNIT_ASSIGNED_CONTEXT ( ( #1197, #809, #1801 ) ) REPRESENTATION_CONTEXT ( 'NONE', 'WORKASPACE' ) );
#2603 = CARTESIAN_POINT ( 'NONE',  ( -0.2079908932877030936, 0.9520487734707119287, 1.355252715606880543E-17 ) ) ;
#2604 =( LENGTH_UNIT ( ) NAMED_UNIT ( * ) SI_UNIT ( .MILLI., .METRE. ) );
#2605 = EDGE_CURVE ( 'NONE', #77, #3801, #1869, .T. ) ;
#2606 = MECHANICAL_DESIGN_GEOMETRIC_PRESENTATION_REPRESENTATION (  '', ( #898 ), #2406 ) ;
#2607 = CARTESIAN_POINT ( 'NONE',  ( -1.099999999999998979, 1.347111479062087271E-16, 0.000000000000000000 ) ) ;
#2608 = ORIENTED_EDGE ( 'NONE', *, *, #1412, .T. ) ;
#2609 = CARTESIAN_POINT ( 'NONE',  ( 0.01313176808183510666, 1.096827479898370372, 0.01000000000000000021 ) ) ;
#2610 = CARTESIAN_POINT ( 'NONE',  ( -0.1122969666742624634, 1.096827479898370372, 0.01000000000000000021 ) ) ;
#2611 = CARTESIAN_POINT ( 'NONE',  ( 0.2541283382037863858, 0.8712177238008095292, 0.01000000000000000021 ) ) ;
#2612 = SURFACE_STYLE_FILL_AREA ( #3527 ) ;
#2613 = MECHANICAL_DESIGN_GEOMETRIC_PRESENTATION_REPRESENTATION (  '', ( #1595 ), #3119 ) ;
#2614 = PRESENTATION_STYLE_ASSIGNMENT (( #2932 ) ) ;
#2615 = COLOUR_RGB ( '',0.2235294117647058654, 0.2235294117647058654, 0.2235294117647058654 ) ;
#2616 = CARTESIAN_POINT ( 'NONE',  ( -0.2429657928937746514, 0.9749715347764192908, 0.01000000000000000021 ) ) ;
#2617 = DIRECTION ( 'NONE',  ( -0.9353882635801357148, -0.3536223923290756077, 0.000000000000000000 ) ) ;
#2618 = CYLINDRICAL_SURFACE ( 'NONE', #2124, 1.099999999999998979 ) ;
#2619 = ORIENTED_EDGE ( 'NONE', *, *, #1868, .T. ) ;
#2620 = FILL_AREA_STYLE_COLOUR ( '', #19 ) ;
#2621 = VERTEX_POINT ( 'NONE', #3086 ) ;
#2622 =( NAMED_UNIT ( * ) SI_UNIT ( $, .STERADIAN. ) SOLID_ANGLE_UNIT ( ) );
#2623 = VECTOR ( 'NONE', #1101, 1000.000000000000000 ) ;
#2624 = FACE_OUTER_BOUND ( 'NONE', #3048, .T. ) ;
#2625 = PRESENTATION_LAYER_ASSIGNMENT (  '', '', ( #3691 ) ) ;
#2626 = VECTOR ( 'NONE', #2828, 1000.000000000000000 ) ;
#2627 = ORIENTED_EDGE ( 'NONE', *, *, #2708, .F. ) ;
#2628 =( NAMED_UNIT ( * ) PLANE_ANGLE_UNIT ( ) SI_UNIT ( $, .RADIAN. ) );
#2629 = CARTESIAN_POINT ( 'NONE',  ( -0.2429657928937746514, 0.9749715347764192908, 0.000000000000000000 ) ) ;
#2630 = CARTESIAN_POINT ( 'NONE',  ( 0.2179081703295452921, 1.068508767302663198, 0.01000000000000000021 ) ) ;
#2631 =( NAMED_UNIT ( * ) SI_UNIT ( $, .STERADIAN. ) SOLID_ANGLE_UNIT ( ) );
#2632 = LINE ( 'NONE', #1164, #3061 ) ;
#2633 = DIRECTION ( 'NONE',  ( 1.000000000000000000, 0.000000000000000000, 0.000000000000000000 ) ) ;
#2634 = DIRECTION ( 'NONE',  ( 0.000000000000000000, 1.000000000000000000, 0.000000000000000000 ) ) ;
#2635 = UNCERTAINTY_MEASURE_WITH_UNIT (LENGTH_MEASURE( 1.000000000000000082E-05 ), #499, 'distance_accuracy_value', 'NONE');
#2636 = ORIENTED_EDGE ( 'NONE', *, *, #899, .T. ) ;
#2637 = VECTOR ( 'NONE', #3020, 1000.000000000000114 ) ;
#2638 = STYLED_ITEM ( 'NONE', ( #1519 ), #48 ) ;
#2639 = STYLED_ITEM ( 'NONE', ( #640 ), #3653 ) ;
#2640 = EDGE_CURVE ( 'NONE', #187, #1377, #1607, .T. ) ;
#2641 = VERTEX_POINT ( 'NONE', #1272 ) ;
#2642 = DIRECTION ( 'NONE',  ( -0.000000000000000000, -0.000000000000000000, -1.000000000000000000 ) ) ;
#2643 = PRESENTATION_LAYER_ASSIGNMENT (  '', '', ( #3080 ) ) ;
#2644 = EDGE_CURVE ( 'NONE', #2118, #3449, #1289, .T. ) ;
#2645 = COLOUR_RGB ( '',0.2235294117647058654, 0.2235294117647058654, 0.2235294117647058654 ) ;
#2646 = DIRECTION ( 'NONE',  ( 1.000000000000000000, 0.000000000000000000, -0.000000000000000000 ) ) ;
#2647 = CARTESIAN_POINT ( 'NONE',  ( 0.3671642600847050963, 1.021069824878836574, 0.000000000000000000 ) ) ;
#2648 =( NAMED_UNIT ( * ) PLANE_ANGLE_UNIT ( ) SI_UNIT ( $, .RADIAN. ) );
#2649 = DIRECTION ( 'NONE',  ( -0.000000000000000000, -0.000000000000000000, -1.000000000000000000 ) ) ;
#2650 = CARTESIAN_POINT ( 'NONE',  ( 0.2318867802400057243, 1.099304646944655239, 0.01000000000000000021 ) ) ;
#2651 = DIRECTION ( 'NONE',  ( 0.000000000000000000, -0.000000000000000000, -1.000000000000000000 ) ) ;
#2652 = DIRECTION ( 'NONE',  ( 0.000000000000000000, 1.000000000000000000, 0.000000000000000000 ) ) ;
#2653 = SURFACE_SIDE_STYLE ('',( #1167 ) ) ;
#2654 = DIRECTION ( 'NONE',  ( -0.000000000000000000, -0.000000000000000000, 1.000000000000000000 ) ) ;
#2655 = ORIENTED_EDGE ( 'NONE', *, *, #3572, .F. ) ;
#2656 = ORIENTED_EDGE ( 'NONE', *, *, #132, .F. ) ;
#2657 = PRESENTATION_LAYER_ASSIGNMENT (  '', '', ( #463 ) ) ;
#2658 = COLOUR_RGB ( '',0.2235294117647058654, 0.2235294117647058654, 0.2235294117647058654 ) ;
#2659 = FILL_AREA_STYLE_COLOUR ( '', #16 ) ;
#2660 = EDGE_CURVE ( 'NONE', #746, #3455, #3501, .T. ) ;
#2661 =( NAMED_UNIT ( * ) PLANE_ANGLE_UNIT ( ) SI_UNIT ( $, .RADIAN. ) );
#2662 = STYLED_ITEM ( 'NONE', ( #3827 ), #1889 ) ;
#2663 = ORIENTED_EDGE ( 'NONE', *, *, #2923, .F. ) ;
#2664 = LINE ( 'NONE', #2382, #2512 ) ;
#2665 = CARTESIAN_POINT ( 'NONE',  ( 0.2976482299436423173, 0.8814274210936628995, 0.01000000000000000021 ) ) ;
#2666 = PRESENTATION_STYLE_ASSIGNMENT (( #3852 ) ) ;
#2667 = CARTESIAN_POINT ( 'NONE',  ( -0.2428660009203311432, 0.9795032764191653474, 0.01000000000000000021 ) ) ;
#2668 = FILL_AREA_STYLE ('',( #3277 ) ) ;
#2669 = CARTESIAN_POINT ( 'NONE',  ( -0.1682352177976658425, 1.056105523884113939, 0.000000000000000000 ) ) ;
#2670 = EDGE_LOOP ( 'NONE', ( #3803, #3828 ) ) ;
#2671 =( LENGTH_UNIT ( ) NAMED_UNIT ( * ) SI_UNIT ( .MILLI., .METRE. ) );
#2672 = ORIENTED_EDGE ( 'NONE', *, *, #2916, .F. ) ;
#2673 = CARTESIAN_POINT ( 'NONE',  ( -0.2379702935149738685, 0.9346865280716299962, 0.01000000000000000021 ) ) ;
#2674 = PRESENTATION_LAYER_ASSIGNMENT (  '', '', ( #1102 ) ) ;
#2675 = CARTESIAN_POINT ( 'NONE',  ( 0.2533082665925562860, 1.099771204132812041, 0.01000000000000000021 ) ) ;
#2676 = PRESENTATION_LAYER_ASSIGNMENT (  '', '', ( #100 ) ) ;
#2677 = CARTESIAN_POINT ( 'NONE',  ( 0.3972781095452497802, 0.8742665042886144100, 0.000000000000000000 ) ) ;
#2678 = CARTESIAN_POINT ( 'NONE',  ( 0.3171804517201757823, 0.8567690757649718547, 0.01000000000000000021 ) ) ;
#2679 = ORIENTED_EDGE ( 'NONE', *, *, #1729, .F. ) ;
#2680 = CARTESIAN_POINT ( 'NONE',  ( -0.3750876352530894131, 1.052083523725446446, 0.000000000000000000 ) ) ;
#2681 = CARTESIAN_POINT ( 'NONE',  ( 0.2163896481228529123, 1.097459564331133786, 6.776263578034402713E-18 ) ) ;
#2682 = CARTESIAN_POINT ( 'NONE',  ( 0.3421949618989236774, 0.9583657780991637898, 0.01000000000000000021 ) ) ;
#2683 =( NAMED_UNIT ( * ) PLANE_ANGLE_UNIT ( ) SI_UNIT ( $, .RADIAN. ) );
#2684 = PLANE ( 'NONE',  #1508 ) ;
#2685 = LINE ( 'NONE', #3886, #1054 ) ;
#2686 = CYLINDRICAL_SURFACE ( 'NONE', #754, 0.5999999999999999778 ) ;
#2687 = CARTESIAN_POINT ( 'NONE',  ( -0.1226604180165603297, 1.069172271551051212, 0.000000000000000000 ) ) ;
#2688 = VERTEX_POINT ( 'NONE', #664 ) ;
#2689 = LINE ( 'NONE', #591, #878 ) ;
#2690 = PRESENTATION_LAYER_ASSIGNMENT (  '', '', ( #240 ) ) ;
#2691 = CARTESIAN_POINT ( 'NONE',  ( -0.1238882657514953356, 0.8470837382244480462, 0.01000000000000000021 ) ) ;
#2692 = CARTESIAN_POINT ( 'NONE',  ( 0.4917903046672009726, 0.8742665042886144100, 0.01000000000000000021 ) ) ;
#2693 =( GEOMETRIC_REPRESENTATION_CONTEXT ( 3 ) GLOBAL_UNCERTAINTY_ASSIGNED_CONTEXT ( ( #182 ) ) GLOBAL_UNIT_ASSIGNED_CONTEXT ( ( #2864, #3251, #2631 ) ) REPRESENTATION_CONTEXT ( 'NONE', 'WORKASPACE' ) );
#2694 = STYLED_ITEM ( 'NONE', ( #3100 ), #3690 ) ;
#2695 = EDGE_CURVE ( 'NONE', #20, #3717, #932, .T. ) ;
#2696 = CARTESIAN_POINT ( 'NONE',  ( 0.3269135338405062541, 0.8626025583636008909, 6.776263578034402713E-18 ) ) ;
#2697 = ORIENTED_EDGE ( 'NONE', *, *, #1827, .F. ) ;
#2698 = STYLED_ITEM ( 'NONE', ( #774 ), #2363 ) ;
#2699 = CARTESIAN_POINT ( 'NONE',  ( 0.01313176808183510666, 1.069388455508126556, 0.01000000000000000021 ) ) ;
#2700 = CARTESIAN_POINT ( 'NONE',  ( -0.2093429285228218251, 0.9704113414735918708, 0.01000000000000000021 ) ) ;
#2701 = COLOUR_RGB ( '',0.9686274509803921573, 0.8784313725490195957, 0.5999999999999999778 ) ;
#2702 = CARTESIAN_POINT ( 'NONE',  ( 0.3278214284194119199, 1.029371301660630511, 0.000000000000000000 ) ) ;
#2703 = DIRECTION ( 'NONE',  ( 1.000000000000000000, 0.000000000000000000, 0.000000000000000000 ) ) ;
#2704 = SURFACE_STYLE_USAGE ( .BOTH. , #3597 ) ;
#2705 = DIRECTION ( 'NONE',  ( -0.000000000000000000, -0.000000000000000000, -1.000000000000000000 ) ) ;
#2706 = SURFACE_SIDE_STYLE ('',( #1891 ) ) ;
#2707 = CARTESIAN_POINT ( 'NONE',  ( 0.1899610363745181107, 1.089967723800809640, 0.01000000000000000021 ) ) ;
#2708 = EDGE_CURVE ( 'NONE', #3322, #3692, #2514, .T. ) ;
#2709 = SURFACE_STYLE_USAGE ( .BOTH. , #1497 ) ;
#2710 = LINE ( 'NONE', #917, #145 ) ;
#2711 = CARTESIAN_POINT ( 'NONE',  ( 0.3711416811695319451, 1.008612101708975306, 6.776263578034402713E-18 ) ) ;
#2712 = ADVANCED_FACE ( 'NONE', ( #647 ), #2764, .T. ) ;
#2713 =( GEOMETRIC_REPRESENTATION_CONTEXT ( 3 ) GLOBAL_UNCERTAINTY_ASSIGNED_CONTEXT ( ( #38 ) ) GLOBAL_UNIT_ASSIGNED_CONTEXT ( ( #1246, #3657, #315 ) ) REPRESENTATION_CONTEXT ( 'NONE', 'WORKASPACE' ) );
#2714 = CARTESIAN_POINT ( 'NONE',  ( -0.1515800649450500803, 1.063593665480750072, 6.776263578034402713E-18 ) ) ;
#2715 = LINE ( 'NONE', #1567, #837 ) ;
#2716 = EDGE_CURVE ( 'NONE', #1377, #2314, #2399, .T. ) ;
#2717 = ORIENTED_EDGE ( 'NONE', *, *, #2531, .T. ) ;
#2718 = CARTESIAN_POINT ( 'NONE',  ( -0.1391014851426929932, 1.094999643421606050, 0.01000000000000000021 ) ) ;
#2719 = CARTESIAN_POINT ( 'NONE',  ( -0.1107725764303600230, 0.8742665042886144100, 0.01000000000000000021 ) ) ;
#2720 = CARTESIAN_POINT ( 'NONE',  ( -0.1609080317839084173, 0.8843929083112669343, 0.01000000000000000021 ) ) ;
#2721 = CARTESIAN_POINT ( 'NONE',  ( 0.2533082665925562860, 1.099771204132812041, 0.01000000000000000021 ) ) ;
#2722 = CIRCLE ( 'NONE', #399, 1.599999999999999867 ) ;
#2723 = LINE ( 'NONE', #1809, #2571 ) ;
#2724 = CARTESIAN_POINT ( 'NONE',  ( 0.2035529916530770811, 1.063500482551720472, 0.01000000000000000021 ) ) ;
#2725 = CARTESIAN_POINT ( 'NONE',  ( 0.2125422518132535354, 0.8498869307246222915, 0.000000000000000000 ) ) ;
#2726 = PRESENTATION_STYLE_ASSIGNMENT (( #1813 ) ) ;
#2727 = CARTESIAN_POINT ( 'NONE',  ( -0.2339168530499518284, 0.9226033318619366597, 0.01000000000000000021 ) ) ;
#2728 = LINE ( 'NONE', #2692, #1659 ) ;
#2729 = EDGE_LOOP ( 'NONE', ( #2939, #414, #1283, #3874 ) ) ;
#2730 = DIRECTION ( 'NONE',  ( 0.000000000000000000, -1.000000000000000000, 0.000000000000000000 ) ) ;
#2731 = FACE_OUTER_BOUND ( 'NONE', #1040, .T. ) ;
#2732 = CARTESIAN_POINT ( 'NONE',  ( 0.3758585090076645985, 0.9625810311570832667, 6.776263578034402713E-18 ) ) ;
#2733 = EDGE_LOOP ( 'NONE', ( #3644, #3160, #1405, #3097 ) ) ;
#2734 = CARTESIAN_POINT ( 'NONE',  ( -0.1517004458951517198, 1.092353725969403389, 6.776263578034402713E-18 ) ) ;
#2735 = CARTESIAN_POINT ( 'NONE',  ( 0.5253268900330546609, 1.096827479898370372, 0.01000000000000000021 ) ) ;
#2736 = CIRCLE ( 'NONE', #1227, 0.5999999999999999778 ) ;
#2737 = CARTESIAN_POINT ( 'NONE',  ( 0.2573400069565905945, 0.8713004983217803590, 6.776263578034402713E-18 ) ) ;
#2738 = SURFACE_SIDE_STYLE ('',( #1287 ) ) ;
#2739 = CARTESIAN_POINT ( 'NONE',  ( -0.1859965081161424894, 1.078356172219399056, 0.000000000000000000 ) ) ;
#2740 = AXIS2_PLACEMENT_3D ( 'NONE', #2824, #1049, #427 ) ;
#2741 = DIRECTION ( 'NONE',  ( -1.000000000000000000, 0.000000000000000000, 0.000000000000000000 ) ) ;
#2742 = CARTESIAN_POINT ( 'NONE',  ( -0.3557706709425551561, 1.096827479898370372, 0.000000000000000000 ) ) ;
#2743 = DIRECTION ( 'NONE',  ( 0.000000000000000000, -1.000000000000000000, 0.000000000000000000 ) ) ;
#2744 = DIRECTION ( 'NONE',  ( -0.9406672605435405510, 0.3393303772748777480, 0.000000000000000000 ) ) ;
#2745 = CARTESIAN_POINT ( 'NONE',  ( 0.3210033619355603385, 1.079513335527364726, 0.01000000000000000021 ) ) ;
#2746 = VECTOR ( 'NONE', #874, 1000.000000000000000 ) ;
#2747 = EDGE_CURVE ( 'NONE', #2902, #3650, #764, .T. ) ;
#2748 = VERTEX_POINT ( 'NONE', #227 ) ;
#2749 = UNCERTAINTY_MEASURE_WITH_UNIT (LENGTH_MEASURE( 1.000000000000000082E-05 ), #1647, 'distance_accuracy_value', 'NONE');
#2750 = CARTESIAN_POINT ( 'NONE',  ( -0.1157138741405065452, 1.069315206965853138, 0.01000000000000000021 ) ) ;
#2751 = DIRECTION ( 'NONE',  ( 0.000000000000000000, -1.000000000000000000, 0.000000000000000000 ) ) ;
#2752 = SURFACE_SIDE_STYLE ('',( #1258 ) ) ;
#2753 = ORIENTED_EDGE ( 'NONE', *, *, #2404, .T. ) ;
#2754 = COLOUR_RGB ( '',0.2235294117647058654, 0.2235294117647058654, 0.2235294117647058654 ) ;
#2755 = CARTESIAN_POINT ( 'NONE',  ( -0.2339036825210797643, 1.025028440346926750, 0.01000000000000000021 ) ) ;
#2756 = B_SPLINE_SURFACE_WITH_KNOTS ( 'NONE', 3, 1, ( 
 ( #1830, #1498 ),
 ( #1211, #3325 ),
 ( #3642, #1195 ),
 ( #1520, #882 ),
 ( #2673, #1172 ),
 ( #2727, #2111 ),
 ( #1231, #3004 ),
 ( #1542, #3602 ),
 ( #2435, #631 ),
 ( #1464, #306 ),
 ( #2982, #3620 ),
 ( #916, #2072 ),
 ( #933, #3876 ),
 ( #3861, #3344 ),
 ( #1156, #2372 ),
 ( #289, #2351 ),
 ( #2691, #1872 ),
 ( #3088, #387 ),
 ( #2786, #3701 ) ),
 .UNSPECIFIED., .F., .F., .F.,
 ( 4, 1, 1, 1, 1, 1, 1, 1, 1, 1, 1, 1, 1, 1, 1, 1, 4 ),
 ( 2, 2 ),
 ( 0.000000000000000000, 0.06806869584499410097, 0.1334274328189551939, 0.1961460338131567616, 0.2570485924493130514, 0.3168826631591619147, 0.3761872086663214931, 0.4359603353635461698, 0.4965352368627263813, 0.5574653434807332886, 0.6176868634101471134, 0.6779436406969064910, 0.7388052848060406852, 0.8009493367665841967, 0.8648146674702267278, 0.9310247810786571598, 1.000000000000000000 ),
 ( 0.000000000000000000, 1.000000000000000000 ),
 .UNSPECIFIED. ) ;
#2757 = ORIENTED_EDGE ( 'NONE', *, *, #2716, .T. ) ;
#2758 = SURFACE_STYLE_FILL_AREA ( #1264 ) ;
#2759 =( LENGTH_UNIT ( ) NAMED_UNIT ( * ) SI_UNIT ( .MILLI., .METRE. ) );
#2760 = DIRECTION ( 'NONE',  ( -0.000000000000000000, 0.000000000000000000, 1.000000000000000000 ) ) ;
#2761 = STYLED_ITEM ( 'NONE', ( #3551 ), #3043 ) ;
#2762 = CARTESIAN_POINT ( 'NONE',  ( 0.3023196640024234938, 1.056815477679491799, 0.000000000000000000 ) ) ;
#2763 = CARTESIAN_POINT ( 'NONE',  ( -0.2091880194365755286, 0.9855304178108086344, 0.01000000000000000021 ) ) ;
#2764 = TOROIDAL_SURFACE ( 'NONE', #1702, 1.099999999999999201, 0.4999999999999998890 ) ;
#2765 = FILL_AREA_STYLE ('',( #1517 ) ) ;
#2766 = DIRECTION ( 'NONE',  ( 1.000000000000000000, 0.000000000000000000, 0.000000000000000000 ) ) ;
#2767 = FILL_AREA_STYLE_COLOUR ( '', #3345 ) ;
#2768 =( NAMED_UNIT ( * ) PLANE_ANGLE_UNIT ( ) SI_UNIT ( $, .RADIAN. ) );
#2769 =( NAMED_UNIT ( * ) PLANE_ANGLE_UNIT ( ) SI_UNIT ( $, .RADIAN. ) );
#2770 = VECTOR ( 'NONE', #1999, 1000.000000000000000 ) ;
#2771 = ORIENTED_EDGE ( 'NONE', *, *, #3834, .T. ) ;
#2772 = PLANE ( 'NONE',  #1404 ) ;
#2773 = FILL_AREA_STYLE ('',( #60 ) ) ;
#2774 = FILL_AREA_STYLE_COLOUR ( '', #3370 ) ;
#2775 = CARTESIAN_POINT ( 'NONE',  ( 0.3442400255063307601, 0.8774680674668839941, 6.776263578034402713E-18 ) ) ;
#2776 = EDGE_LOOP ( 'NONE', ( #1572, #711, #2532, #3591 ) ) ;
#2777 = CARTESIAN_POINT ( 'NONE',  ( -0.2408536331714850875, 1.001286535254890975, 0.01000000000000000021 ) ) ;
#2778 = ORIENTED_EDGE ( 'NONE', *, *, #1936, .T. ) ;
#2779 = CARTESIAN_POINT ( 'NONE',  ( 0.2898653747745625897, 0.8776684458733118310, 0.01000000000000000021 ) ) ;
#2780 = VECTOR ( 'NONE', #3819, 1000.000000000000000 ) ;
#2781 = CARTESIAN_POINT ( 'NONE',  ( 0.3163885733915866583, 1.044593755272328561, 0.000000000000000000 ) ) ;
#2782 = DIRECTION ( 'NONE',  ( -0.000000000000000000, -0.000000000000000000, -1.000000000000000000 ) ) ;
#2783 =( LENGTH_UNIT ( ) NAMED_UNIT ( * ) SI_UNIT ( .MILLI., .METRE. ) );
#2784 = CARTESIAN_POINT ( 'NONE',  ( 0.3049883499779963980, 0.8859605028013567418, 0.000000000000000000 ) ) ;
#2785 = DIRECTION ( 'NONE',  ( 0.000000000000000000, -1.000000000000000000, 0.000000000000000000 ) ) ;
#2786 = CARTESIAN_POINT ( 'NONE',  ( -0.1097245581376770918, 0.8468274798983704832, 0.01000000000000000021 ) ) ;
#2787 = PRESENTATION_STYLE_ASSIGNMENT (( #2849 ) ) ;
#2788 = DIRECTION ( 'NONE',  ( -0.000000000000000000, -0.000000000000000000, -1.000000000000000000 ) ) ;
#2789 = ADVANCED_FACE ( 'NONE', ( #818 ), #1035, .T. ) ;
#2790 = ORIENTED_EDGE ( 'NONE', *, *, #3138, .T. ) ;
#2791 = CARTESIAN_POINT ( 'NONE',  ( 0.2239499609579966577, 1.098583719765115596, 0.000000000000000000 ) ) ;
#2792 = SURFACE_STYLE_USAGE ( .BOTH. , #1634 ) ;
#2793 = CARTESIAN_POINT ( 'NONE',  ( -0.2093472623823182110, 0.9780871981339732679, 6.776263578034402713E-18 ) ) ;
#2794 = AXIS2_PLACEMENT_3D ( 'NONE', #366, #1562, #2474 ) ;
#2795 = VERTEX_POINT ( 'NONE', #490 ) ;
#2796 = PRESENTATION_LAYER_ASSIGNMENT (  '', '', ( #1910 ) ) ;
#2797 = ADVANCED_FACE ( 'NONE', ( #454 ), #3298, .T. ) ;
#2798 = SURFACE_STYLE_FILL_AREA ( #2499 ) ;
#2799 = ORIENTED_EDGE ( 'NONE', *, *, #1810, .T. ) ;
#2800 = CARTESIAN_POINT ( 'NONE',  ( 0.3716821843697138972, 0.9285140349133265136, 0.01000000000000000021 ) ) ;
#2801 =( GEOMETRIC_REPRESENTATION_CONTEXT ( 3 ) GLOBAL_UNCERTAINTY_ASSIGNED_CONTEXT ( ( #3510 ) ) GLOBAL_UNIT_ASSIGNED_CONTEXT ( ( #2336, #2661, #900 ) ) REPRESENTATION_CONTEXT ( 'NONE', 'WORKASPACE' ) );
#2802 = SURFACE_STYLE_FILL_AREA ( #2241 ) ;
#2803 = CARTESIAN_POINT ( 'NONE',  ( -0.3750876352530894131, 1.052083523725446446, 6.776263578034402713E-18 ) ) ;
#2804 = FACE_OUTER_BOUND ( 'NONE', #984, .T. ) ;
#2805 = DIRECTION ( 'NONE',  ( -0.000000000000000000, -0.000000000000000000, 1.000000000000000000 ) ) ;
#2806 = ORIENTED_EDGE ( 'NONE', *, *, #2909, .T. ) ;
#2807 = CARTESIAN_POINT ( 'NONE',  ( 0.2106388024408153981, 1.066285517095242552, 0.01000000000000000021 ) ) ;
#2808 = AXIS2_PLACEMENT_3D ( 'NONE', #970, #2147, #3063 ) ;
#2809 = CARTESIAN_POINT ( 'NONE',  ( 0.2976482299436423173, 0.8814274210936628995, 0.000000000000000000 ) ) ;
#2810 = CARTESIAN_POINT ( 'NONE',  ( 0.2585377998330688487, 1.072221558642970640, 0.01000000000000000021 ) ) ;
#2811 = SURFACE_STYLE_FILL_AREA ( #3703 ) ;
#2812 = ORIENTED_EDGE ( 'NONE', *, *, #3265, .T. ) ;
#2813 = FILL_AREA_STYLE_COLOUR ( '', #1381 ) ;
#2814 = SURFACE_STYLE_USAGE ( .BOTH. , #3113 ) ;
#2815 = CARTESIAN_POINT ( 'NONE',  ( -0.1145097373824291026, 0.8469140562424094520, -0.000000000000000000 ) ) ;
#2816 = PRESENTATION_STYLE_ASSIGNMENT (( #1615 ) ) ;
#2817 = ORIENTED_EDGE ( 'NONE', *, *, #1262, .T. ) ;
#2818 = ADVANCED_FACE ( 'NONE', ( #2847 ), #2686, .T. ) ;
#2819 = CARTESIAN_POINT ( 'NONE',  ( 0.2209589049330940858, 0.8476732183342801097, 0.01000000000000000021 ) ) ;
#2820 = ORIENTED_EDGE ( 'NONE', *, *, #1107, .F. ) ;
#2821 = STYLED_ITEM ( 'NONE', ( #969 ), #3296 ) ;
#2822 = CARTESIAN_POINT ( 'NONE',  ( 0.2042036863291784576, 0.8801387523212749198, 0.01000000000000000021 ) ) ;
#2823 = CARTESIAN_POINT ( 'NONE',  ( 0.1076439632037863581, 0.8742665042886144100, 0.01000000000000000021 ) ) ;
#2824 = CARTESIAN_POINT ( 'NONE',  ( -0.3893072563084088444, 1.096827479898370372, 0.01000000000000000021 ) ) ;
#2825 = AXIS2_PLACEMENT_3D ( 'NONE', #473, #2010, #486 ) ;
#2826 = CARTESIAN_POINT ( 'NONE',  ( 0.2898653747745625897, 0.8776684458733118310, 0.01000000000000000021 ) ) ;
#2827 = EDGE_LOOP ( 'NONE', ( #2911, #84, #3179, #671 ) ) ;
#2828 = DIRECTION ( 'NONE',  ( 0.000000000000000000, -1.000000000000000000, 0.000000000000000000 ) ) ;
#2829 = CARTESIAN_POINT ( 'NONE',  ( 0.2451570884388241112, 0.8713355090854739693, 0.01000000000000000021 ) ) ;
#2830 =( GEOMETRIC_REPRESENTATION_CONTEXT ( 3 ) GLOBAL_UNCERTAINTY_ASSIGNED_CONTEXT ( ( #2635 ) ) GLOBAL_UNIT_ASSIGNED_CONTEXT ( ( #499, #483, #757 ) ) REPRESENTATION_CONTEXT ( 'NONE', 'WORKASPACE' ) );
#2831 = CARTESIAN_POINT ( 'NONE',  ( -0.2426669121938541673, 0.9609938350768792992, 0.01000000000000000021 ) ) ;
#2832 = CARTESIAN_POINT ( 'NONE',  ( 0.2775000175563877014, 1.068720866413541914, 0.01000000000000000021 ) ) ;
#2833 = EDGE_LOOP ( 'NONE', ( #2838, #368, #2636, #1036, #2567, #1589, #1504, #2060, #1632, #803, #3673, #1883 ) ) ;
#2834 = CARTESIAN_POINT ( 'NONE',  ( 0.1960081949287527936, 1.092422398780480419, 0.000000000000000000 ) ) ;
#2835 = CARTESIAN_POINT ( 'NONE',  ( -0.1630623482119046563, 0.8553797757563829096, 0.000000000000000000 ) ) ;
#2836 = DIRECTION ( 'NONE',  ( 0.000000000000000000, 0.000000000000000000, 1.000000000000000000 ) ) ;
#2837 = ADVANCED_FACE ( 'NONE', ( #568 ), #3143, .T. ) ;
#2838 = ORIENTED_EDGE ( 'NONE', *, *, #2334, .T. ) ;
#2839 = SURFACE_STYLE_USAGE ( .BOTH. , #2588 ) ;
#2840 = EDGE_CURVE ( 'NONE', #3692, #2557, #1162, .T. ) ;
#2841 =( NAMED_UNIT ( * ) PLANE_ANGLE_UNIT ( ) SI_UNIT ( $, .RADIAN. ) );
#2842 = UNCERTAINTY_MEASURE_WITH_UNIT (LENGTH_MEASURE( 1.000000000000000082E-05 ), #2759, 'distance_accuracy_value', 'NONE');
#2843 = COLOUR_RGB ( '',0.2235294117647058654, 0.2235294117647058654, 0.2235294117647058654 ) ;
#2844 = ORIENTED_EDGE ( 'NONE', *, *, #2695, .F. ) ;
#2845 = B_SPLINE_SURFACE_WITH_KNOTS ( 'NONE', 3, 1, ( 
 ( #960, #3399 ),
 ( #688, #2793 ),
 ( #3366, #392 ),
 ( #2441, #2477 ),
 ( #3071, #328 ),
 ( #3030, #1236 ),
 ( #3418, #708 ),
 ( #1900, #652 ),
 ( #2114, #1297 ),
 ( #979, #3348 ),
 ( #940, #3645 ),
 ( #40, #1215 ),
 ( #2176, #17 ),
 ( #634, #2714 ),
 ( #1817, #2496 ),
 ( #3709, #3114 ),
 ( #370, #417 ),
 ( #2750, #2415 ),
 ( #999, #1587 ) ),
 .UNSPECIFIED., .F., .F., .F.,
 ( 4, 1, 1, 1, 1, 1, 1, 1, 1, 1, 1, 1, 1, 1, 1, 1, 4 ),
 ( 2, 2 ),
 ( 0.000000000000000000, 0.07430379644281526197, 0.1443936103644173352, 0.2104994961032792822, 0.2735426065034676224, 0.3338247445790732404, 0.3925296724085025057, 0.4500874545995854348, 0.5078206115557879485, 0.5654649127768466288, 0.6231487223336199532, 0.6812971927909355907, 0.7409134981565802525, 0.8018557521958574741, 0.8652412377209429684, 0.9309416570467439200, 0.9999999999999998890 ),
 ( 0.000000000000000000, 1.000000000000000000 ),
 .UNSPECIFIED. ) ;
#2846 = CARTESIAN_POINT ( 'NONE',  ( 0.01313176808183510666, 1.069388455508126556, 0.01000000000000000021 ) ) ;
#2847 = FACE_OUTER_BOUND ( 'NONE', #3521, .T. ) ;
#2848 = VERTEX_POINT ( 'NONE', #1453 ) ;
#2849 = SURFACE_STYLE_USAGE ( .BOTH. , #2870 ) ;
#2850 = CARTESIAN_POINT ( 'NONE',  ( 0.3391417541822800419, 0.9380946781572907511, 6.776263578034402713E-18 ) ) ;
#2851 = MECHANICAL_DESIGN_GEOMETRIC_PRESENTATION_REPRESENTATION (  '', ( #2662 ), #3181 ) ;
#2852 = STYLED_ITEM ( 'NONE', ( #575 ), #293 ) ;
#2853 = ORIENTED_EDGE ( 'NONE', *, *, #1198, .F. ) ;
#2854 = CARTESIAN_POINT ( 'NONE',  ( 0.1899610363745181107, 1.089967723800809640, 0.000000000000000000 ) ) ;
#2855 = SURFACE_SIDE_STYLE ('',( #669 ) ) ;
#2856 = CARTESIAN_POINT ( 'NONE',  ( -0.1690904350158116409, 0.8889068079303414915, 1.355252715606880543E-17 ) ) ;
#2857 = CARTESIAN_POINT ( 'NONE',  ( 0.2297840265113375302, 0.8458941143970081233, 0.01000000000000000021 ) ) ;
#2858 = VERTEX_POINT ( 'NONE', #3575 ) ;
#2859 = FILL_AREA_STYLE_COLOUR ( '', #2927 ) ;
#2860 = FACE_OUTER_BOUND ( 'NONE', #3867, .T. ) ;
#2861 = CARTESIAN_POINT ( 'NONE',  ( 0.2728505024336917439, 0.8727248870383319534, 0.01000000000000000021 ) ) ;
#2862 = UNCERTAINTY_MEASURE_WITH_UNIT (LENGTH_MEASURE( 1.000000000000000082E-05 ), #83, 'distance_accuracy_value', 'NONE');
#2863 =( GEOMETRIC_REPRESENTATION_CONTEXT ( 3 ) GLOBAL_UNCERTAINTY_ASSIGNED_CONTEXT ( ( #2281 ) ) GLOBAL_UNIT_ASSIGNED_CONTEXT ( ( #3117, #2462, #3687 ) ) REPRESENTATION_CONTEXT ( 'NONE', 'WORKASPACE' ) );
#2864 =( LENGTH_UNIT ( ) NAMED_UNIT ( * ) SI_UNIT ( .MILLI., .METRE. ) );
#2865 = ORIENTED_EDGE ( 'NONE', *, *, #2130, .T. ) ;
#2866 =( NAMED_UNIT ( * ) SI_UNIT ( $, .STERADIAN. ) SOLID_ANGLE_UNIT ( ) );
#2867 = EDGE_CURVE ( 'NONE', #2077, #1994, #2950, .T. ) ;
#2868 =( NAMED_UNIT ( * ) SI_UNIT ( $, .STERADIAN. ) SOLID_ANGLE_UNIT ( ) );
#2869 = ORIENTED_EDGE ( 'NONE', *, *, #1262, .F. ) ;
#2870 = SURFACE_SIDE_STYLE ('',( #1651 ) ) ;
#2871 = ORIENTED_EDGE ( 'NONE', *, *, #2223, .T. ) ;
#2872 = CARTESIAN_POINT ( 'NONE',  ( 0.2402115914821734421, 1.099814746761103246, 0.000000000000000000 ) ) ;
#2873 = FACE_OUTER_BOUND ( 'NONE', #529, .T. ) ;
#2874 = CARTESIAN_POINT ( 'NONE',  ( -0.2145719289966923904, 0.8907461374943344001, 0.000000000000000000 ) ) ;
#2875 = CARTESIAN_POINT ( 'NONE',  ( 0.2125422518132535354, 0.8498869307246222915, 0.01000000000000000021 ) ) ;
#2876 = ORIENTED_EDGE ( 'NONE', *, *, #413, .T. ) ;
#2877 = CARTESIAN_POINT ( 'NONE',  ( 0.2487631960529617658, 0.8438958177974633657, 0.01000000000000000021 ) ) ;
#2878 = CARTESIAN_POINT ( 'NONE',  ( 0.3391417541822800419, 0.9380946781572907511, 0.01000000000000000021 ) ) ;
#2879 = VECTOR ( 'NONE', #1148, 1000.000000000000114 ) ;
#2880 = PRESENTATION_LAYER_ASSIGNMENT (  '', '', ( #62 ) ) ;
#2881 = EDGE_CURVE ( 'NONE', #3322, #77, #2664, .T. ) ;
#2882 = VECTOR ( 'NONE', #2100, 1000.000000000000000 ) ;
#2883 = CARTESIAN_POINT ( 'NONE',  ( 0.01922932905744486817, 0.9596323579471509602, 0.000000000000000000 ) ) ;
#2884 = VECTOR ( 'NONE', #1862, 1000.000000000000000 ) ;
#2885 = CARTESIAN_POINT ( 'NONE',  ( 0.1966011337496272604, 1.060289535195196198, 0.01000000000000000021 ) ) ;
#2886 = SURFACE_STYLE_FILL_AREA ( #526 ) ;
#2887 = VERTEX_POINT ( 'NONE', #3560 ) ;
#2888 = SURFACE_STYLE_FILL_AREA ( #1996 ) ;
#2889 = PRESENTATION_LAYER_ASSIGNMENT (  '', '', ( #2698 ) ) ;
#2890 = ORIENTED_EDGE ( 'NONE', *, *, #629, .F. ) ;
#2891 = CARTESIAN_POINT ( 'NONE',  ( 0.1899610363745181107, 1.089967723800809640, 0.01000000000000000021 ) ) ;
#2892 = SURFACE_STYLE_FILL_AREA ( #914 ) ;
#2893 = ORIENTED_EDGE ( 'NONE', *, *, #1359, .F. ) ;
#2894 = CARTESIAN_POINT ( 'NONE',  ( 0.2196863730697126982, 0.8751212363319335052, 6.776263578034402713E-18 ) ) ;
#2895 = FACE_OUTER_BOUND ( 'NONE', #2290, .T. ) ;
#2896 = DIRECTION ( 'NONE',  ( 1.000000000000000000, 0.000000000000000000, 0.000000000000000000 ) ) ;
#2897 = UNCERTAINTY_MEASURE_WITH_UNIT (LENGTH_MEASURE( 1.000000000000000082E-05 ), #1347, 'distance_accuracy_value', 'NONE');
#2898 = FILL_AREA_STYLE_COLOUR ( '', #951 ) ;
#2899 = CARTESIAN_POINT ( 'NONE',  ( -0.07528286606450632079, 0.8742665042886144100, 0.000000000000000000 ) ) ;
#2900 = CARTESIAN_POINT ( 'NONE',  ( -0.07528286606450632079, 1.069388455508126556, 0.01000000000000000021 ) ) ;
#2901 = SURFACE_STYLE_USAGE ( .BOTH. , #2030 ) ;
#2902 = VERTEX_POINT ( 'NONE', #561 ) ;
#2903 = LINE ( 'NONE', #2922, #3648 ) ;
#2904 = CARTESIAN_POINT ( 'NONE',  ( -0.1107725764303600230, 0.8742665042886144100, 0.000000000000000000 ) ) ;
#2905 = FILL_AREA_STYLE ('',( #1711 ) ) ;
#2906 = VECTOR ( 'NONE', #418, 1000.000000000000000 ) ;
#2907 = CARTESIAN_POINT ( 'NONE',  ( -0.3893072563084088444, 1.096827479898370372, 0.01000000000000000021 ) ) ;
#2908 = CARTESIAN_POINT ( 'NONE',  ( 0.1899610363745180830, 0.8872238213617851255, 0.01000000000000000021 ) ) ;
#2909 = EDGE_CURVE ( 'NONE', #794, #841, #3313, .T. ) ;
#2910 = MECHANICAL_DESIGN_GEOMETRIC_PRESENTATION_REPRESENTATION (  '', ( #3558 ), #1212 ) ;
#2911 = ORIENTED_EDGE ( 'NONE', *, *, #903, .F. ) ;
#2912 = LINE ( 'NONE', #2677, #1605 ) ;
#2913 = CARTESIAN_POINT ( 'NONE',  ( 0.3739208957703958891, 0.9954136028451766594, 0.000000000000000000 ) ) ;
#2914 = CARTESIAN_POINT ( 'NONE',  ( 0.2553811477222176496, 0.8438182003631637951, 0.01000000000000000021 ) ) ;
#2915 = CARTESIAN_POINT ( 'NONE',  ( -0.4137451374059697984, 0.9443884555081265564, 0.01000000000000000021 ) ) ;
#2916 = EDGE_CURVE ( 'NONE', #794, #2970, #1414, .T. ) ;
#2917 = CARTESIAN_POINT ( 'NONE',  ( 0.2458691167520405674, 1.072397350846846731, 0.01000000000000000021 ) ) ;
#2918 = CARTESIAN_POINT ( 'NONE',  ( 0.3330291424606175443, 0.9201291688432601257, 0.01000000000000000021 ) ) ;
#2919 = FACE_BOUND ( 'NONE', #3683, .T. ) ;
#2920 = FILL_AREA_STYLE_COLOUR ( '', #3647 ) ;
#2921 = EDGE_LOOP ( 'NONE', ( #580, #1478 ) ) ;
#2922 = CARTESIAN_POINT ( 'NONE',  ( 0.1899610363745180830, 1.089967723800809418, 0.01000000000000000021 ) ) ;
#2923 = EDGE_CURVE ( 'NONE', #1739, #404, #2500, .T. ) ;
#2924 = CARTESIAN_POINT ( 'NONE',  ( 0.1960081949287527936, 1.092422398780480419, 0.01000000000000000021 ) ) ;
#2925 = VECTOR ( 'NONE', #2642, 1000.000000000000000 ) ;
#2926 = CARTESIAN_POINT ( 'NONE',  ( -0.3696714587861327783, 1.056484218212418114, 0.01000000000000000021 ) ) ;
#2927 = COLOUR_RGB ( '',0.2235294117647058654, 0.2235294117647058654, 0.2235294117647058654 ) ;
#2928 = SURFACE_STYLE_FILL_AREA ( #1503 ) ;
#2929 = EDGE_CURVE ( 'NONE', #746, #1377, #3230, .T. ) ;
#2930 = CARTESIAN_POINT ( 'NONE',  ( 0.2106388024408153981, 1.066285517095242552, 0.01000000000000000021 ) ) ;
#2931 = CARTESIAN_POINT ( 'NONE',  ( -0.3686364236388478544, 1.052411765406575883, 0.000000000000000000 ) ) ;
#2932 = SURFACE_STYLE_USAGE ( .BOTH. , #873 ) ;
#2933 = UNCERTAINTY_MEASURE_WITH_UNIT (LENGTH_MEASURE( 1.000000000000000082E-05 ), #516, 'distance_accuracy_value', 'NONE');
#2934 = VERTEX_POINT ( 'NONE', #3250 ) ;
#2935 = MECHANICAL_DESIGN_GEOMETRIC_PRESENTATION_REPRESENTATION (  '', ( #3002 ), #1247 ) ;
#2936 = MECHANICAL_DESIGN_GEOMETRIC_PRESENTATION_REPRESENTATION (  '', ( #929 ), #1614 ) ;
#2937 = VECTOR ( 'NONE', #1784, 1000.000000000000000 ) ;
#2938 = ADVANCED_FACE ( 'NONE', ( #848 ), #2845, .T. ) ;
#2939 = ORIENTED_EDGE ( 'NONE', *, *, #3638, .F. ) ;
#2940 =( NAMED_UNIT ( * ) PLANE_ANGLE_UNIT ( ) SI_UNIT ( $, .RADIAN. ) );
#2941 = DIRECTION ( 'NONE',  ( -0.000000000000000000, -0.000000000000000000, -1.000000000000000000 ) ) ;
#2942 = LINE ( 'NONE', #1964, #2040 ) ;
#2943 = VECTOR ( 'NONE', #2009, 1000.000000000000000 ) ;
#2944 =( GEOMETRIC_REPRESENTATION_CONTEXT ( 3 ) GLOBAL_UNCERTAINTY_ASSIGNED_CONTEXT ( ( #2269 ) ) GLOBAL_UNIT_ASSIGNED_CONTEXT ( ( #2671, #1795, #3204 ) ) REPRESENTATION_CONTEXT ( 'NONE', 'WORKASPACE' ) );
#2945 = AXIS2_PLACEMENT_3D ( 'NONE', #341, #1845, #53 ) ;
#2946 = FACE_OUTER_BOUND ( 'NONE', #3770, .T. ) ;
#2947 = CARTESIAN_POINT ( 'NONE',  ( 0.2875139976001169217, 1.094959652568477049, 0.000000000000000000 ) ) ;
#2948 = EDGE_LOOP ( 'NONE', ( #1524, #3300, #2890, #1171, #2300 ) ) ;
#2949 = EDGE_CURVE ( 'NONE', #2641, #3322, #3624, .T. ) ;
#2950 = LINE ( 'NONE', #3816, #2002 ) ;
#2951 = CARTESIAN_POINT ( 'NONE',  ( 0.5253268900330546609, 0.8468274798983704832, 0.01000000000000000021 ) ) ;
#2952 =( GEOMETRIC_REPRESENTATION_CONTEXT ( 3 ) GLOBAL_UNCERTAINTY_ASSIGNED_CONTEXT ( ( #728 ) ) GLOBAL_UNIT_ASSIGNED_CONTEXT ( ( #1741, #3846, #2033 ) ) REPRESENTATION_CONTEXT ( 'NONE', 'WORKASPACE' ) );
#2953 = CARTESIAN_POINT ( 'NONE',  ( 0.2541283382037863858, 0.8712177238008095292, 0.000000000000000000 ) ) ;
#2954 = CARTESIAN_POINT ( 'NONE',  ( 0.3559426088267618193, 1.043829069248255026, 0.01000000000000000021 ) ) ;
#2955 = DIRECTION ( 'NONE',  ( -1.000000000000000000, 0.000000000000000000, -0.000000000000000000 ) ) ;
#2956 = CARTESIAN_POINT ( 'NONE',  ( -0.2286636264483078718, 1.035853824810253565, 0.01000000000000000021 ) ) ;
#2957 = CARTESIAN_POINT ( 'NONE',  ( -0.1890363597276377983, 1.039319996549262992, 0.000000000000000000 ) ) ;
#2958 = ORIENTED_EDGE ( 'NONE', *, *, #5, .T. ) ;
#2959 = CARTESIAN_POINT ( 'NONE',  ( 0.3360675979556171922, 1.011684099080376598, 6.776263578034402713E-18 ) ) ;
#2960 = ORIENTED_EDGE ( 'NONE', *, *, #1107, .T. ) ;
#2961 =( NAMED_UNIT ( * ) PLANE_ANGLE_UNIT ( ) SI_UNIT ( $, .RADIAN. ) );
#2962 = STYLED_ITEM ( 'NONE', ( #723 ), #1239 ) ;
#2963 = STYLED_ITEM ( 'NONE', ( #3041 ), #829 ) ;
#2964 = DIRECTION ( 'NONE',  ( 0.000000000000000000, -1.000000000000000000, 0.000000000000000000 ) ) ;
#2965 = CARTESIAN_POINT ( 'NONE',  ( 0.2992978079338051711, 1.091000336852297581, 0.01000000000000000021 ) ) ;
#2966 = SURFACE_STYLE_USAGE ( .BOTH. , #2074 ) ;
#2967 = CARTESIAN_POINT ( 'NONE',  ( 0.3758277652668249869, 0.9719752753587468375, -0.000000000000000000 ) ) ;
#2968 = CARTESIAN_POINT ( 'NONE',  ( 0.2715758101847459138, 0.8440647709731807780, 6.776263578034402713E-18 ) ) ;
#2969 =( GEOMETRIC_REPRESENTATION_CONTEXT ( 3 ) GLOBAL_UNCERTAINTY_ASSIGNED_CONTEXT ( ( #855 ) ) GLOBAL_UNIT_ASSIGNED_CONTEXT ( ( #2280, #3766, #727 ) ) REPRESENTATION_CONTEXT ( 'NONE', 'WORKASPACE' ) );
#2970 = VERTEX_POINT ( 'NONE', #2194 ) ;
#2971 = DIRECTION ( 'NONE',  ( 1.000000000000000000, 0.000000000000000000, 0.000000000000000000 ) ) ;
#2972 = CARTESIAN_POINT ( 'NONE',  ( 0.3424000607647620376, 0.9691597969715411987, 6.776263578034402713E-18 ) ) ;
#2973 = FACE_BOUND ( 'NONE', #2833, .T. ) ;
#2974 = DIRECTION ( 'NONE',  ( -1.000000000000000000, 0.000000000000000000, 0.000000000000000000 ) ) ;
#2975 = CARTESIAN_POINT ( 'NONE',  ( 0.1970326024613751059, 0.8558815804052436471, 0.000000000000000000 ) ) ;
#2976 = ORIENTED_EDGE ( 'NONE', *, *, #1301, .T. ) ;
#2977 = AXIS2_PLACEMENT_3D ( 'NONE', #1586, #3685, #3457 ) ;
#2978 = EDGE_CURVE ( 'NONE', #2510, #3491, #3093, .T. ) ;
#2979 = EDGE_CURVE ( 'NONE', #163, #2199, #1835, .T. ) ;
#2980 = CARTESIAN_POINT ( 'NONE',  ( 0.3424000607647620376, 0.9691597969715411987, 0.01000000000000000021 ) ) ;
#2981 = FILL_AREA_STYLE ('',( #1814 ) ) ;
#2982 = CARTESIAN_POINT ( 'NONE',  ( -0.1961966287125588571, 0.8735293571401618884, 0.01000000000000000021 ) ) ;
#2983 =( GEOMETRIC_REPRESENTATION_CONTEXT ( 3 ) GLOBAL_UNCERTAINTY_ASSIGNED_CONTEXT ( ( #3789 ) ) GLOBAL_UNIT_ASSIGNED_CONTEXT ( ( #332, #1819, #922 ) ) REPRESENTATION_CONTEXT ( 'NONE', 'WORKASPACE' ) );
#2984 = SURFACE_STYLE_USAGE ( .BOTH. , #2455 ) ;
#2985 = CARTESIAN_POINT ( 'NONE',  ( 0.3559426088267618193, 1.043829069248255026, 6.776263578034402713E-18 ) ) ;
#2986 = STYLED_ITEM ( 'NONE', ( #825 ), #1715 ) ;
#2987 =( NAMED_UNIT ( * ) SI_UNIT ( $, .STERADIAN. ) SOLID_ANGLE_UNIT ( ) );
#2988 = MECHANICAL_DESIGN_GEOMETRIC_PRESENTATION_REPRESENTATION (  '', ( #1294 ), #857 ) ;
#2989 = CARTESIAN_POINT ( 'NONE',  ( 0.3269135338405062541, 0.8626025583636008909, 0.01000000000000000021 ) ) ;
#2990 = ORIENTED_EDGE ( 'NONE', *, *, #2048, .T. ) ;
#2991 = COLOUR_RGB ( '',0.2235294117647058654, 0.2235294117647058654, 0.2235294117647058654 ) ;
#2992 =( NAMED_UNIT ( * ) SI_UNIT ( $, .STERADIAN. ) SOLID_ANGLE_UNIT ( ) );
#2993 = CARTESIAN_POINT ( 'NONE',  ( 0.2024266190123497899, 1.094376979851814147, 6.776263578034402713E-18 ) ) ;
#2994 = DIRECTION ( 'NONE',  ( 0.000000000000000000, 1.000000000000000000, 0.000000000000000000 ) ) ;
#2995 = EDGE_CURVE ( 'NONE', #2970, #1546, #1851, .T. ) ;
#2996 = DIRECTION ( 'NONE',  ( 1.000000000000000000, 0.000000000000000000, 0.000000000000000000 ) ) ;
#2997 = CARTESIAN_POINT ( 'NONE',  ( 0.1899610363745180830, 1.056431138434955841, 0.01000000000000000021 ) ) ;
#2998 = CARTESIAN_POINT ( 'NONE',  ( -0.1328255032253977397, 1.068058704106646495, 0.000000000000000000 ) ) ;
#2999 = ADVANCED_FACE ( 'NONE', ( #2157 ), #2459, .T. ) ;
#3000 = EDGE_CURVE ( 'NONE', #2419, #3403, #3567, .T. ) ;
#3001 = SURFACE_SIDE_STYLE ('',( #3301 ) ) ;
#3002 = STYLED_ITEM ( 'NONE', ( #142 ), #3294 ) ;
#3003 = CARTESIAN_POINT ( 'NONE',  ( -0.2094292075279209631, 0.9742569768495900062, 0.000000000000000000 ) ) ;
#3004 = CARTESIAN_POINT ( 'NONE',  ( -0.2286688315223909529, 0.9112449130245741102, 6.776263578034402713E-18 ) ) ;
#3005 = DIRECTION ( 'NONE',  ( -1.000000000000000000, 0.000000000000000000, 0.000000000000000000 ) ) ;
#3006 = DIRECTION ( 'NONE',  ( -1.000000000000000000, 0.000000000000000000, 0.000000000000000000 ) ) ;
#3007 =( GEOMETRIC_REPRESENTATION_CONTEXT ( 3 ) GLOBAL_UNCERTAINTY_ASSIGNED_CONTEXT ( ( #3818 ) ) GLOBAL_UNIT_ASSIGNED_CONTEXT ( ( #849, #3883, #2063 ) ) REPRESENTATION_CONTEXT ( 'NONE', 'WORKASPACE' ) );
#3008 = SURFACE_STYLE_FILL_AREA ( #3646 ) ;
#3009 = CARTESIAN_POINT ( 'NONE',  ( 0.2587491461306157259, 0.8437786994105657135, 0.01000000000000000021 ) ) ;
#3010 = ORIENTED_EDGE ( 'NONE', *, *, #3084, .F. ) ;
#3011 = COLOUR_RGB ( '',0.2235294117647058654, 0.2235294117647058654, 0.2235294117647058654 ) ;
#3012 =( GEOMETRIC_REPRESENTATION_CONTEXT ( 3 ) GLOBAL_UNCERTAINTY_ASSIGNED_CONTEXT ( ( #1988 ) ) GLOBAL_UNIT_ASSIGNED_CONTEXT ( ( #3134, #72, #1559 ) ) REPRESENTATION_CONTEXT ( 'NONE', 'WORKASPACE' ) );
#3013 = CARTESIAN_POINT ( 'NONE',  ( -0.1122969666742624634, 1.096827479898370372, 0.01000000000000000021 ) ) ;
#3014 = LINE ( 'NONE', #1772, #1370 ) ;
#3015 = CARTESIAN_POINT ( 'NONE',  ( 0.2636449009122893150, 0.8714629947113908814, 6.776263578034402713E-18 ) ) ;
#3016 = CARTESIAN_POINT ( 'NONE',  ( 0.2992978079338051711, 1.091000336852297581, 0.01000000000000000021 ) ) ;
#3017 = DIRECTION ( 'NONE',  ( -0.000000000000000000, 0.000000000000000000, -1.000000000000000000 ) ) ;
#3018 = FACE_OUTER_BOUND ( 'NONE', #3580, .T. ) ;
#3019 =( NAMED_UNIT ( * ) PLANE_ANGLE_UNIT ( ) SI_UNIT ( $, .RADIAN. ) );
#3020 = DIRECTION ( 'NONE',  ( 0.3363908276654489216, -0.9417224702971433992, 0.000000000000000000 ) ) ;
#3021 = DIRECTION ( 'NONE',  ( 1.000000000000000000, 0.000000000000000000, 0.000000000000000000 ) ) ;
#3022 = CARTESIAN_POINT ( 'NONE',  ( 0.3421448844446992599, 0.9805410035917899725, 0.01000000000000000021 ) ) ;
#3023 = SURFACE_STYLE_USAGE ( .BOTH. , #1480 ) ;
#3024 = DIRECTION ( 'NONE',  ( 0.000000000000000000, 1.000000000000000000, 0.000000000000000000 ) ) ;
#3025 = CARTESIAN_POINT ( 'NONE',  ( -0.04174628069865263941, 1.096827479898370372, 0.000000000000000000 ) ) ;
#3026 =( NAMED_UNIT ( * ) PLANE_ANGLE_UNIT ( ) SI_UNIT ( $, .RADIAN. ) );
#3027 = ORIENTED_EDGE ( 'NONE', *, *, #1359, .T. ) ;
#3028 = UNCERTAINTY_MEASURE_WITH_UNIT (LENGTH_MEASURE( 1.000000000000000082E-05 ), #2783, 'distance_accuracy_value', 'NONE');
#3029 = PRESENTATION_LAYER_ASSIGNMENT (  '', '', ( #2963 ) ) ;
#3030 = CARTESIAN_POINT ( 'NONE',  ( -0.2029202669562472916, 1.015722100263804606, 0.01000000000000000021 ) ) ;
#3031 = CARTESIAN_POINT ( 'NONE',  ( 0.3269135338405062541, 0.8626025583636008909, 0.000000000000000000 ) ) ;
#3032 = CARTESIAN_POINT ( 'NONE',  ( 0.3442400255063307601, 0.8774680674668839941, 0.01000000000000000021 ) ) ;
#3033 = ORIENTED_EDGE ( 'NONE', *, *, #2376, .T. ) ;
#3034 = CARTESIAN_POINT ( 'NONE',  ( -0.1962499841298030456, 1.071614850069672054, 0.01000000000000000021 ) ) ;
#3035 = FILL_AREA_STYLE_COLOUR ( '', #3838 ) ;
#3036 =( GEOMETRIC_REPRESENTATION_CONTEXT ( 3 ) GLOBAL_UNCERTAINTY_ASSIGNED_CONTEXT ( ( #3550 ) ) GLOBAL_UNIT_ASSIGNED_CONTEXT ( ( #980, #3367, #18 ) ) REPRESENTATION_CONTEXT ( 'NONE', 'WORKASPACE' ) );
#3037 = CARTESIAN_POINT ( 'NONE',  ( 0.2898653747745625897, 0.8776684458733118310, 6.776263578034402713E-18 ) ) ;
#3038 = DIRECTION ( 'NONE',  ( -0.000000000000000000, -0.000000000000000000, -1.000000000000000000 ) ) ;
#3039 = CARTESIAN_POINT ( 'NONE',  ( -0.1258954490961600448, 1.096524382232342054, 0.000000000000000000 ) ) ;
#3040 = CIRCLE ( 'NONE', #209, 0.4999999999999997780 ) ;
#3041 = PRESENTATION_STYLE_ASSIGNMENT (( #1825 ) ) ;
#3042 = CARTESIAN_POINT ( 'NONE',  ( 0.2487631960529617658, 0.8438958177974633657, 0.000000000000000000 ) ) ;
#3043 = ADVANCED_FACE ( 'NONE', ( #819 ), #2618, .T. ) ;
#3044 = SURFACE_SIDE_STYLE ('',( #384 ) ) ;
#3045 = CARTESIAN_POINT ( 'NONE',  ( 0.1076439632037863581, 1.069388455508126556, 0.01000000000000000021 ) ) ;
#3046 =( LENGTH_UNIT ( ) NAMED_UNIT ( * ) SI_UNIT ( .MILLI., .METRE. ) );
#3047 = LINE ( 'NONE', #3587, #520 ) ;
#3048 = EDGE_LOOP ( 'NONE', ( #2379, #1938, #2230, #487 ) ) ;
#3049 = EDGE_CURVE ( 'NONE', #3599, #3140, #1920, .T. ) ;
#3050 = ORIENTED_EDGE ( 'NONE', *, *, #2232, .T. ) ;
#3051 = CARTESIAN_POINT ( 'NONE',  ( 0.1411805485696399909, 0.8468274798983704832, 0.01000000000000000021 ) ) ;
#3052 = CARTESIAN_POINT ( 'NONE',  ( 0.5253268900330546609, 0.8468274798983704832, 0.01000000000000000021 ) ) ;
#3053 = ORIENTED_EDGE ( 'NONE', *, *, #1991, .T. ) ;
#3054 = CARTESIAN_POINT ( 'NONE',  ( -0.2145465811363540254, 1.055309719376742228, 0.01000000000000000021 ) ) ;
#3055 = CARTESIAN_POINT ( 'NONE',  ( 0.3516871134150685307, 0.8862755942321535185, 0.01000000000000000021 ) ) ;
#3056 =( GEOMETRIC_REPRESENTATION_CONTEXT ( 3 ) GLOBAL_UNCERTAINTY_ASSIGNED_CONTEXT ( ( #2572 ) ) GLOBAL_UNIT_ASSIGNED_CONTEXT ( ( #3264, #3243, #2021 ) ) REPRESENTATION_CONTEXT ( 'NONE', 'WORKASPACE' ) );
#3057 = CARTESIAN_POINT ( 'NONE',  ( -0.2094292075279209631, 0.9742569768495900062, 0.01000000000000000021 ) ) ;
#3058 = B_SPLINE_CURVE_WITH_KNOTS ( 'NONE', 3,
 ( #3606, #1548, #1257, #2460, #3329, #3669, #616, #3031, #961, #2416, #3625, #921, #3349, #1527, #635, #2158, #3384, #1818, #329 ),
 .UNSPECIFIED., .F., .F.,
 ( 4, 1, 1, 1, 1, 1, 1, 1, 1, 1, 1, 1, 1, 1, 1, 1, 4 ),
 ( 0.000000000000000000, 0.06783324845577336226, 0.1326555365079040150, 0.1950508840508277664, 0.2555829330687772183, 0.3147998341472900141, 0.3736004728263746522, 0.4325455953267436926, 0.4924306292835655685, 0.5526712559629696209, 0.6125130441881164733, 0.6726102503570066116, 0.7338383693139461927, 0.7965942385677736715, 0.8614497992905730817, 0.9291989423509053880, 0.9999999999999998890 ),
 .UNSPECIFIED. ) ;
#3059 = CARTESIAN_POINT ( 'NONE',  ( -0.3741544332607776857, 1.056013288618910417, 6.776263578034402713E-18 ) ) ;
#3060 = CARTESIAN_POINT ( 'NONE',  ( -0.2145465811363540254, 1.055309719376742228, 0.000000000000000000 ) ) ;
#3061 = VECTOR ( 'NONE', #2011, 1000.000000000000000 ) ;
#3062 = SURFACE_STYLE_FILL_AREA ( #1888 ) ;
#3063 = DIRECTION ( 'NONE',  ( 0.000000000000000000, -0.000000000000000000, 1.000000000000000000 ) ) ;
#3064 = CARTESIAN_POINT ( 'NONE',  ( -0.1949393191479332488, 0.9149758464307173877, 0.000000000000000000 ) ) ;
#3065 = FACE_OUTER_BOUND ( 'NONE', #3183, .T. ) ;
#3066 = SURFACE_STYLE_USAGE ( .BOTH. , #2456 ) ;
#3067 = EDGE_CURVE ( 'NONE', #430, #3068, #444, .T. ) ;
#3068 = VERTEX_POINT ( 'NONE', #3858 ) ;
#3069 = VECTOR ( 'NONE', #1553, 1000.000000000000114 ) ;
#3070 = SURFACE_STYLE_FILL_AREA ( #1279 ) ;
#3071 = CARTESIAN_POINT ( 'NONE',  ( -0.2058724696246997943, 1.006397413561560095, 0.01000000000000000021 ) ) ;
#3072 = LINE ( 'NONE', #2177, #3428 ) ;
#3073 = CARTESIAN_POINT ( 'NONE',  ( 0.3759366461306156704, 0.9671113975812972718, 0.01000000000000000021 ) ) ;
#3074 = VERTEX_POINT ( 'NONE', #1111 ) ;
#3075 = CARTESIAN_POINT ( 'NONE',  ( -0.2058220122467381286, 1.063894257998703852, 0.01000000000000000021 ) ) ;
#3076 = VERTEX_POINT ( 'NONE', #440 ) ;
#3077 = SURFACE_SIDE_STYLE ('',( #945 ) ) ;
#3078 = DIRECTION ( 'NONE',  ( 1.000000000000000000, 0.000000000000000000, 0.000000000000000000 ) ) ;
#3079 = FILL_AREA_STYLE_COLOUR ( '', #2754 ) ;
#3080 = STYLED_ITEM ( 'NONE', ( #511 ), #3090 ) ;
#3081 = CARTESIAN_POINT ( 'NONE',  ( -0.2408536331714850875, 1.001286535254890975, 0.000000000000000000 ) ) ;
#3082 = CARTESIAN_POINT ( 'NONE',  ( -0.1328255032253977397, 1.068058704106646495, 0.01000000000000000021 ) ) ;
#3083 = MECHANICAL_DESIGN_GEOMETRIC_PRESENTATION_REPRESENTATION (  '', ( #65 ), #1005 ) ;
#3084 = EDGE_CURVE ( 'NONE', #2621, #3541, #2580, .T. ) ;
#3085 = LINE ( 'NONE', #1844, #279 ) ;
#3086 = CARTESIAN_POINT ( 'NONE',  ( 1.099999999999998979, 0.000000000000000000, 7.900000000000002132 ) ) ;
#3087 = CARTESIAN_POINT ( 'NONE',  ( -0.1630623482119046563, 0.8553797757563829096, 0.01000000000000000021 ) ) ;
#3088 = CARTESIAN_POINT ( 'NONE',  ( -0.1145097373824291026, 0.8469140562424094520, 0.01000000000000000021 ) ) ;
#3089 = DIRECTION ( 'NONE',  ( -0.000000000000000000, -0.000000000000000000, -1.000000000000000000 ) ) ;
#3090 = ADVANCED_FACE ( 'NONE', ( #528 ), #1725, .T. ) ;
#3091 = ORIENTED_EDGE ( 'NONE', *, *, #2522, .F. ) ;
#3092 =( LENGTH_UNIT ( ) NAMED_UNIT ( * ) SI_UNIT ( .MILLI., .METRE. ) );
#3093 = LINE ( 'NONE', #1526, #2185 ) ;
#3094 = DIRECTION ( 'NONE',  ( 1.000000000000000000, 0.000000000000000000, 0.000000000000000000 ) ) ;
#3095 = ORIENTED_EDGE ( 'NONE', *, *, #778, .F. ) ;
#3096 = CARTESIAN_POINT ( 'NONE',  ( -0.2426708700966863919, 0.9883645349831620130, 6.776263578034402713E-18 ) ) ;
#3097 = ORIENTED_EDGE ( 'NONE', *, *, #2916, .T. ) ;
#3098 = CARTESIAN_POINT ( 'NONE',  ( -1.599999999999999645, 1.959434878635764737E-16, 0.000000000000000000 ) ) ;
#3099 = MECHANICAL_DESIGN_GEOMETRIC_PRESENTATION_REPRESENTATION (  '', ( #2142 ), #3854 ) ;
#3100 = PRESENTATION_STYLE_ASSIGNMENT (( #2200 ) ) ;
#3101 = DIRECTION ( 'NONE',  ( 0.000000000000000000, -1.000000000000000000, 0.000000000000000000 ) ) ;
#3102 = MECHANICAL_DESIGN_GEOMETRIC_PRESENTATION_REPRESENTATION (  '', ( #3799 ), #2602 ) ;
#3103 = SURFACE_SIDE_STYLE ('',( #3062 ) ) ;
#3104 = CIRCLE ( 'NONE', #715, 1.099999999999998979 ) ;
#3105 = EDGE_LOOP ( 'NONE', ( #3823, #2672, #2806, #1348 ) ) ;
#3106 = SURFACE_SIDE_STYLE ('',( #2892 ) ) ;
#3107 = CARTESIAN_POINT ( 'NONE',  ( -0.1376027808853419743, 0.8488283428765425187, 0.01000000000000000021 ) ) ;
#3108 = CARTESIAN_POINT ( 'NONE',  ( 0.1411805485696399909, 0.8468274798983704832, 0.000000000000000000 ) ) ;
#3109 = PLANE ( 'NONE',  #8 ) ;
#3110 = EDGE_CURVE ( 'NONE', #2887, #2510, #2432, .T. ) ;
#3111 = ORIENTED_EDGE ( 'NONE', *, *, #1972, .T. ) ;
#3112 =( NAMED_UNIT ( * ) SI_UNIT ( $, .STERADIAN. ) SOLID_ANGLE_UNIT ( ) );
#3113 = SURFACE_SIDE_STYLE ('',( #416 ) ) ;
#3114 = CARTESIAN_POINT ( 'NONE',  ( -0.1328255032253977397, 1.068058704106646495, 6.776263578034402713E-18 ) ) ;
#3115 = CARTESIAN_POINT ( 'NONE',  ( -0.1895587276817769506, 0.9073823855911877789, 0.01000000000000000021 ) ) ;
#3116 = MECHANICAL_DESIGN_GEOMETRIC_PRESENTATION_REPRESENTATION (  '', ( #1728 ), #3614 ) ;
#3117 =( LENGTH_UNIT ( ) NAMED_UNIT ( * ) SI_UNIT ( .MILLI., .METRE. ) );
#3118 = VERTEX_POINT ( 'NONE', #2742 ) ;
#3119 =( GEOMETRIC_REPRESENTATION_CONTEXT ( 3 ) GLOBAL_UNCERTAINTY_ASSIGNED_CONTEXT ( ( #1255 ) ) GLOBAL_UNIT_ASSIGNED_CONTEXT ( ( #1357, #1850, #726 ) ) REPRESENTATION_CONTEXT ( 'NONE', 'WORKASPACE' ) );
#3120 =( NAMED_UNIT ( * ) SI_UNIT ( $, .STERADIAN. ) SOLID_ANGLE_UNIT ( ) );
#3121 = ORIENTED_EDGE ( 'NONE', *, *, #3704, .T. ) ;
#3122 = CARTESIAN_POINT ( 'NONE',  ( 0.2363791179785710017, 0.8721375028226889814, 0.01000000000000000021 ) ) ;
#3123 = CARTESIAN_POINT ( 'NONE',  ( 0.2630889115184910088, 0.8438754886817785295, 0.01000000000000000021 ) ) ;
#3124 = MECHANICAL_DESIGN_GEOMETRIC_PRESENTATION_REPRESENTATION (  '', ( #3465 ), #1354 ) ;
#3125 = FILL_AREA_STYLE_COLOUR ( '', #352 ) ;
#3126 = FACE_OUTER_BOUND ( 'NONE', #476, .T. ) ;
#3127 =( LENGTH_UNIT ( ) NAMED_UNIT ( * ) SI_UNIT ( .MILLI., .METRE. ) );
#3128 = AXIS2_PLACEMENT_3D ( 'NONE', #1100, #3845, #2371 ) ;
#3129 = PRESENTATION_LAYER_ASSIGNMENT (  '', '', ( #2986 ) ) ;
#3130 = CARTESIAN_POINT ( 'NONE',  ( -0.2058724696246997943, 1.006397413561560095, 0.01000000000000000021 ) ) ;
#3131 = ORIENTED_EDGE ( 'NONE', *, *, #2929, .F. ) ;
#3132 = SURFACE_SIDE_STYLE ('',( #2251 ) ) ;
#3133 = STYLED_ITEM ( 'NONE', ( #3450 ), #455 ) ;
#3134 =( LENGTH_UNIT ( ) NAMED_UNIT ( * ) SI_UNIT ( .MILLI., .METRE. ) );
#3135 = CARTESIAN_POINT ( 'NONE',  ( 0.3225407208355499100, 1.037352979328192149, 0.01000000000000000021 ) ) ;
#3136 =( LENGTH_UNIT ( ) NAMED_UNIT ( * ) SI_UNIT ( .MILLI., .METRE. ) );
#3137 = EDGE_CURVE ( 'NONE', #270, #1565, #1516, .T. ) ;
#3138 = EDGE_CURVE ( 'NONE', #1059, #1739, #3637, .T. ) ;
#3139 = EDGE_CURVE ( 'NONE', #2444, #1739, #304, .T. ) ;
#3140 = VERTEX_POINT ( 'NONE', #643 ) ;
#3141 = CARTESIAN_POINT ( 'NONE',  ( 0.2253153440780914785, 1.070304058907975087, 0.000000000000000000 ) ) ;
#3142 = DIRECTION ( 'NONE',  ( -0.000000000000000000, 0.000000000000000000, 1.000000000000000000 ) ) ;
#3143 = B_SPLINE_SURFACE_WITH_KNOTS ( 'NONE', 3, 1, ( 
 ( #2997, #3636 ),
 ( #1515, #27 ),
 ( #1224, #2431 ),
 ( #2724, #869 ),
 ( #2930, #1124 ),
 ( #2630, #1470 ),
 ( #3868, #1181 ),
 ( #2323, #3290 ),
 ( #1143, #2079 ),
 ( #2917, #3269 ),
 ( #3544, #522 ) ),
 .UNSPECIFIED., .F., .F., .F.,
 ( 4, 1, 1, 1, 1, 1, 1, 1, 4 ),
 ( 2, 2 ),
 ( 0.000000000000000000, 0.1252796967356260283, 0.2494199707420506618, 0.3733567994928190803, 0.4966812787822856845, 0.6202029157439821194, 0.7450863201614559284, 0.8712691950190976087, 1.000000000000000000 ),
 ( 0.000000000000000000, 1.000000000000000000 ),
 .UNSPECIFIED. ) ;
#3144 = CARTESIAN_POINT ( 'NONE',  ( -0.1107725764303600230, 0.8742665042886144100, 1.355252715606880543E-17 ) ) ;
#3145 = UNCERTAINTY_MEASURE_WITH_UNIT (LENGTH_MEASURE( 1.000000000000000082E-05 ), #1424, 'distance_accuracy_value', 'NONE');
#3146 = SURFACE_STYLE_USAGE ( .BOTH. , #1638 ) ;
#3147 = PRESENTATION_STYLE_ASSIGNMENT (( #2524 ) ) ;
#3148 = EDGE_LOOP ( 'NONE', ( #1079, #149, #3516, #2178 ) ) ;
#3149 = AXIS2_PLACEMENT_3D ( 'NONE', #1756, #2089, #3598 ) ;
#3150 = CARTESIAN_POINT ( 'NONE',  ( 0.2196863730697126982, 0.8751212363319335052, 0.01000000000000000021 ) ) ;
#3151 = FACE_OUTER_BOUND ( 'NONE', #3279, .T. ) ;
#3152 = LINE ( 'NONE', #776, #2428 ) ;
#3153 = DIRECTION ( 'NONE',  ( -0.000000000000000000, -0.000000000000000000, -1.000000000000000000 ) ) ;
#3154 = CARTESIAN_POINT ( 'NONE',  ( 0.2573400069565905945, 0.8713004983217803590, 0.01000000000000000021 ) ) ;
#3155 = AXIS2_PLACEMENT_3D ( 'NONE', #3216, #750, #130 ) ;
#3156 = ORIENTED_EDGE ( 'NONE', *, *, #3617, .F. ) ;
#3157 = PRESENTATION_LAYER_ASSIGNMENT (  '', '', ( #1698 ) ) ;
#3158 = EDGE_LOOP ( 'NONE', ( #127, #2679 ) ) ;
#3159 = DIRECTION ( 'NONE',  ( -0.000000000000000000, -0.000000000000000000, 1.000000000000000000 ) ) ;
#3160 = ORIENTED_EDGE ( 'NONE', *, *, #3507, .F. ) ;
#3161 = FILL_AREA_STYLE ('',( #2813 ) ) ;
#3162 = PRESENTATION_STYLE_ASSIGNMENT (( #2792 ) ) ;
#3163 = CARTESIAN_POINT ( 'NONE',  ( -0.2286688315223909529, 0.9112449130245741102, 0.000000000000000000 ) ) ;
#3164 = FILL_AREA_STYLE_COLOUR ( '', #3326 ) ;
#3165 = CARTESIAN_POINT ( 'NONE',  ( 0.3225407208355499100, 1.037352979328192149, 0.01000000000000000021 ) ) ;
#3166 = ORIENTED_EDGE ( 'NONE', *, *, #3815, .F. ) ;
#3167 = FACE_OUTER_BOUND ( 'NONE', #3476, .T. ) ;
#3168 =( NAMED_UNIT ( * ) SI_UNIT ( $, .STERADIAN. ) SOLID_ANGLE_UNIT ( ) );
#3169 = CARTESIAN_POINT ( 'NONE',  ( -0.3725998144553485658, 1.064417831527573410, 0.01000000000000000021 ) ) ;
#3170 = CARTESIAN_POINT ( 'NONE',  ( 0.3049883499779963980, 0.8859605028013567418, 0.01000000000000000021 ) ) ;
#3171 = UNCERTAINTY_MEASURE_WITH_UNIT (LENGTH_MEASURE( 1.000000000000000082E-05 ), #3464, 'distance_accuracy_value', 'NONE');
#3172 =( GEOMETRIC_REPRESENTATION_CONTEXT ( 3 ) GLOBAL_UNCERTAINTY_ASSIGNED_CONTEXT ( ( #761 ) ) GLOBAL_UNIT_ASSIGNED_CONTEXT ( ( #224, #2343, #2027 ) ) REPRESENTATION_CONTEXT ( 'NONE', 'WORKASPACE' ) );
#3173 = VECTOR ( 'NONE', #811, 1000.000000000000227 ) ;
#3174 = CARTESIAN_POINT ( 'NONE',  ( 0.5253268900330546609, 1.096827479898370372, 0.01000000000000000021 ) ) ;
#3175 = VERTEX_POINT ( 'NONE', #1477 ) ;
#3176 = CARTESIAN_POINT ( 'NONE',  ( 0.1411805485696399909, 0.8468274798983704832, 0.01000000000000000021 ) ) ;
#3177 = SURFACE_STYLE_FILL_AREA ( #2310 ) ;
#3178 = EDGE_CURVE ( 'NONE', #1697, #3403, #1501, .T. ) ;
#3179 = ORIENTED_EDGE ( 'NONE', *, *, #629, .T. ) ;
#3180 = CARTESIAN_POINT ( 'NONE',  ( 0.3424000607647620376, 0.9691597969715411987, 0.01000000000000000021 ) ) ;
#3181 =( GEOMETRIC_REPRESENTATION_CONTEXT ( 3 ) GLOBAL_UNCERTAINTY_ASSIGNED_CONTEXT ( ( #2933 ) ) GLOBAL_UNIT_ASSIGNED_CONTEXT ( ( #516, #3847, #3557 ) ) REPRESENTATION_CONTEXT ( 'NONE', 'WORKASPACE' ) );
#3182 = MECHANICAL_DESIGN_GEOMETRIC_PRESENTATION_REPRESENTATION (  '', ( #2852 ), #2146 ) ;
#3183 = EDGE_LOOP ( 'NONE', ( #1277, #1355, #1896, #1591 ) ) ;
#3184 = CARTESIAN_POINT ( 'NONE',  ( 0.2458862571941725361, 1.099855424277273341, -0.000000000000000000 ) ) ;
#3185 = FILL_AREA_STYLE_COLOUR ( '', #3373 ) ;
#3186 = CARTESIAN_POINT ( 'NONE',  ( 0.007034207106225345146, 0.8742665042886144100, 0.01000000000000000021 ) ) ;
#3187 = CARTESIAN_POINT ( 'NONE',  ( 0.1899610363745180830, 0.8597847969715411987, 0.01000000000000000021 ) ) ;
#3188 = ORIENTED_EDGE ( 'NONE', *, *, #3774, .F. ) ;
#3189 = CARTESIAN_POINT ( 'NONE',  ( 0.2451570884388241112, 0.8713355090854739693, 6.776263578034402713E-18 ) ) ;
#3190 = PLANE ( 'NONE',  #2042 ) ;
#3191 = CARTESIAN_POINT ( 'NONE',  ( 0.2209589049330940858, 0.8476732183342801097, 0.01000000000000000021 ) ) ;
#3192 = SURFACE_STYLE_USAGE ( .BOTH. , #3488 ) ;
#3193 = UNCERTAINTY_MEASURE_WITH_UNIT (LENGTH_MEASURE( 1.000000000000000082E-05 ), #2345, 'distance_accuracy_value', 'NONE');
#3194 = ORIENTED_EDGE ( 'NONE', *, *, #2376, .F. ) ;
#3195 = SURFACE_SIDE_STYLE ('',( #2534 ) ) ;
#3196 =( GEOMETRIC_REPRESENTATION_CONTEXT ( 3 ) GLOBAL_UNCERTAINTY_ASSIGNED_CONTEXT ( ( #1346 ) ) GLOBAL_UNIT_ASSIGNED_CONTEXT ( ( #2356, #845, #1699 ) ) REPRESENTATION_CONTEXT ( 'NONE', 'WORKASPACE' ) );
#3197 = VERTEX_POINT ( 'NONE', #340 ) ;
#3198 = EDGE_LOOP ( 'NONE', ( #518, #718, #2180, #3843 ) ) ;
#3199 = CARTESIAN_POINT ( 'NONE',  ( 0.2318867802400057243, 1.099304646944655239, 0.000000000000000000 ) ) ;
#3200 = SURFACE_STYLE_USAGE ( .BOTH. , #1691 ) ;
#3201 = SURFACE_STYLE_FILL_AREA ( #709 ) ;
#3202 = DIRECTION ( 'NONE',  ( 1.000000000000000000, 0.000000000000000000, -0.000000000000000000 ) ) ;
#3203 = CARTESIAN_POINT ( 'NONE',  ( 0.000000000000000000, 0.000000000000000000, 0.000000000000000000 ) ) ;
#3204 =( NAMED_UNIT ( * ) SI_UNIT ( $, .STERADIAN. ) SOLID_ANGLE_UNIT ( ) );
#3205 = EDGE_LOOP ( 'NONE', ( #2771, #3484, #2239, #655, #2619 ) ) ;
#3206 = CARTESIAN_POINT ( 'NONE',  ( 0.2511094830623472052, 0.8712573589376646499, 0.01000000000000000021 ) ) ;
#3207 = CARTESIAN_POINT ( 'NONE',  ( 0.3756146746918516688, 0.9814943632508934535, 0.000000000000000000 ) ) ;
#3208 = CARTESIAN_POINT ( 'NONE',  ( -0.3741544332607776857, 1.056013288618910417, 0.01000000000000000021 ) ) ;
#3209 = COLOUR_RGB ( '',0.9686274509803921573, 0.8784313725490195957, 0.5999999999999999778 ) ;
#3210 = VECTOR ( 'NONE', #2270, 1000.000000000000000 ) ;
#3211 = CARTESIAN_POINT ( 'NONE',  ( 0.01313176808183510666, 1.069388455508126556, 0.01000000000000000021 ) ) ;
#3212 = PLANE ( 'NONE',  #770 ) ;
#3213 = VECTOR ( 'NONE', #2321, 1000.000000000000000 ) ;
#3214 = CARTESIAN_POINT ( 'NONE',  ( -0.1391014851426929932, 1.094999643421606050, 0.01000000000000000021 ) ) ;
#3215 = EDGE_CURVE ( 'NONE', #270, #1640, #626, .T. ) ;
#3216 = CARTESIAN_POINT ( 'NONE',  ( 0.000000000000000000, 0.000000000000000000, 0.000000000000000000 ) ) ;
#3217 = EDGE_LOOP ( 'NONE', ( #3552, #637, #2799, #3027 ) ) ;
#3218 = DIRECTION ( 'NONE',  ( 0.000000000000000000, -1.000000000000000000, 0.000000000000000000 ) ) ;
#3219 = ORIENTED_EDGE ( 'NONE', *, *, #1029, .T. ) ;
#3220 = CARTESIAN_POINT ( 'NONE',  ( 0.01313176808183510666, 1.096827479898370372, 0.01000000000000000021 ) ) ;
#3221 = CARTESIAN_POINT ( 'NONE',  ( -0.2094292075279209631, 0.9742569768495900062, 0.01000000000000000021 ) ) ;
#3222 = LINE ( 'NONE', #3186, #2623 ) ;
#3223 = EDGE_CURVE ( 'NONE', #1640, #570, #1793, .T. ) ;
#3224 = VECTOR ( 'NONE', #205, 1000.000000000000000 ) ;
#3225 = PRESENTATION_STYLE_ASSIGNMENT (( #3146 ) ) ;
#3226 = ORIENTED_EDGE ( 'NONE', *, *, #3067, .F. ) ;
#3227 = FILL_AREA_STYLE_COLOUR ( '', #39 ) ;
#3228 = CARTESIAN_POINT ( 'NONE',  ( 0.2209589049330940858, 0.8476732183342801097, 6.776263578034402713E-18 ) ) ;
#3229 = CARTESIAN_POINT ( 'NONE',  ( 0.007034207106225345146, 0.8742665042886144100, 0.000000000000000000 ) ) ;
#3230 = LINE ( 'NONE', #2611, #1494 ) ;
#3231 = CARTESIAN_POINT ( 'NONE',  ( 0.3364886687578518831, 0.9288194203623929557, 6.776263578034402713E-18 ) ) ;
#3232 = EDGE_CURVE ( 'NONE', #277, #2438, #3824, .T. ) ;
#3233 = UNCERTAINTY_MEASURE_WITH_UNIT (LENGTH_MEASURE( 1.000000000000000082E-05 ), #2574, 'distance_accuracy_value', 'NONE');
#3234 = FILL_AREA_STYLE_COLOUR ( '', #2019 ) ;
#3235 = VECTOR ( 'NONE', #2741, 1000.000000000000000 ) ;
#3236 = CARTESIAN_POINT ( 'NONE',  ( -0.2058220122467381286, 1.063894257998703852, 0.01000000000000000021 ) ) ;
#3237 =( NAMED_UNIT ( * ) PLANE_ANGLE_UNIT ( ) SI_UNIT ( $, .RADIAN. ) );
#3238 = UNCERTAINTY_MEASURE_WITH_UNIT (LENGTH_MEASURE( 1.000000000000000082E-05 ), #2412, 'distance_accuracy_value', 'NONE');
#3239 = ORIENTED_EDGE ( 'NONE', *, *, #2644, .F. ) ;
#3240 = CARTESIAN_POINT ( 'NONE',  ( -0.4249875154547502198, 0.9169494311178827406, 0.000000000000000000 ) ) ;
#3241 = CARTESIAN_POINT ( 'NONE',  ( 0.2239499609579966577, 1.098583719765115596, 0.01000000000000000021 ) ) ;
#3242 = CARTESIAN_POINT ( 'NONE',  ( -0.3706010808380842958, 1.061196462576724064, 0.01000000000000000021 ) ) ;
#3243 =( NAMED_UNIT ( * ) PLANE_ANGLE_UNIT ( ) SI_UNIT ( $, .RADIAN. ) );
#3244 = EDGE_CURVE ( 'NONE', #2848, #1646, #1249, .T. ) ;
#3245 = MECHANICAL_DESIGN_GEOMETRIC_PRESENTATION_REPRESENTATION (  '', ( #2086 ), #1153 ) ;
#3246 = DIRECTION ( 'NONE',  ( -0.000000000000000000, -0.000000000000000000, 1.000000000000000000 ) ) ;
#3247 = FACE_OUTER_BOUND ( 'NONE', #977, .T. ) ;
#3248 = SURFACE_STYLE_USAGE ( .BOTH. , #2059 ) ;
#3249 = LINE ( 'NONE', #2915, #1270 ) ;
#3250 = CARTESIAN_POINT ( 'NONE',  ( -0.5999999999999999778, 7.347880794884117764E-17, -2.000000000000000000 ) ) ;
#3251 =( NAMED_UNIT ( * ) PLANE_ANGLE_UNIT ( ) SI_UNIT ( $, .RADIAN. ) );
#3252 = CARTESIAN_POINT ( 'NONE',  ( 0.007034207106225345146, 0.8468274798983704832, 0.01000000000000000021 ) ) ;
#3253 = EDGE_CURVE ( 'NONE', #725, #2419, #1933, .T. ) ;
#3254 = PRODUCT_DEFINITION_FORMATION_WITH_SPECIFIED_SOURCE ( '任何', '', #140, .NOT_KNOWN. ) ;
#3255 =( LENGTH_UNIT ( ) NAMED_UNIT ( * ) SI_UNIT ( .MILLI., .METRE. ) );
#3256 = CARTESIAN_POINT ( 'NONE',  ( 1.401151840320611180E-15, 0.000000000000000000, 7.900000000000002132 ) ) ;
#3257 = CARTESIAN_POINT ( 'NONE',  ( 1.401151840320611180E-15, 0.000000000000000000, 7.900000000000002132 ) ) ;
#3258 = EDGE_LOOP ( 'NONE', ( #326, #3882, #3809, #1903 ) ) ;
#3259 =( GEOMETRIC_REPRESENTATION_CONTEXT ( 3 ) GLOBAL_UNCERTAINTY_ASSIGNED_CONTEXT ( ( #3482 ) ) GLOBAL_UNIT_ASSIGNED_CONTEXT ( ( #2545, #3768, #1318 ) ) REPRESENTATION_CONTEXT ( 'NONE', 'WORKASPACE' ) );
#3260 = CARTESIAN_POINT ( 'NONE',  ( -0.1609080317839084173, 0.8843929083112669343, 0.000000000000000000 ) ) ;
#3261 = DIRECTION ( 'NONE',  ( 0.000000000000000000, -0.000000000000000000, -1.000000000000000000 ) ) ;
#3262 = PRESENTATION_LAYER_ASSIGNMENT (  '', '', ( #911 ) ) ;
#3263 = CARTESIAN_POINT ( 'NONE',  ( -0.3714433081376771195, 1.066339675020321565, 0.01000000000000000021 ) ) ;
#3264 =( LENGTH_UNIT ( ) NAMED_UNIT ( * ) SI_UNIT ( .MILLI., .METRE. ) );
#3265 = EDGE_CURVE ( 'NONE', #1528, #3753, #1932, .T. ) ;
#3266 = PLANE ( 'NONE',  #1895 ) ;
#3267 = CARTESIAN_POINT ( 'NONE',  ( 0.2715758101847459138, 0.8440647709731807780, 0.01000000000000000021 ) ) ;
#3268 = EDGE_LOOP ( 'NONE', ( #650, #482, #2536, #1716 ) ) ;
#3269 = CARTESIAN_POINT ( 'NONE',  ( 0.2458691167520405674, 1.072397350846846731, 6.776263578034402713E-18 ) ) ;
#3270 = CARTESIAN_POINT ( 'NONE',  ( 0.2024266190123497899, 1.094376979851814147, 0.01000000000000000021 ) ) ;
#3271 = SURFACE_STYLE_FILL_AREA ( #835 ) ;
#3272 = PLANE ( 'NONE',  #51 ) ;
#3273 = COLOUR_RGB ( '',1.000000000000000000, 1.000000000000000000, 1.000000000000000000 ) ;
#3274 =( LENGTH_UNIT ( ) NAMED_UNIT ( * ) SI_UNIT ( .MILLI., .METRE. ) );
#3275 = VECTOR ( 'NONE', #1906, 1000.000000000000000 ) ;
#3276 = CARTESIAN_POINT ( 'NONE',  ( -0.1168899326908498515, 1.096725106910224845, 0.01000000000000000021 ) ) ;
#3277 = FILL_AREA_STYLE_COLOUR ( '', #3475 ) ;
#3278 = SURFACE_STYLE_FILL_AREA ( #1993 ) ;
#3279 = EDGE_LOOP ( 'NONE', ( #2160, #3478, #3899, #3431 ) ) ;
#3280 = AXIS2_PLACEMENT_3D ( 'NONE', #3045, #2131, #1194 ) ;
#3281 = CARTESIAN_POINT ( 'NONE',  ( 0.3423134821449008158, 0.9730213197072457021, 6.776263578034402713E-18 ) ) ;
#3282 = ORIENTED_EDGE ( 'NONE', *, *, #705, .T. ) ;
#3283 = CARTESIAN_POINT ( 'NONE',  ( 0.1899610363745180830, 0.8597847969715411987, 0.000000000000000000 ) ) ;
#3284 = CARTESIAN_POINT ( 'NONE',  ( -0.2031115692413860141, 0.9322144926397518683, 1.355252715606880543E-17 ) ) ;
#3285 = CARTESIAN_POINT ( 'NONE',  ( 0.3309511512297083624, 1.072058229825465725, 6.776263578034402713E-18 ) ) ;
#3286 = COLOUR_RGB ( '',0.2235294117647058654, 0.2235294117647058654, 0.2235294117647058654 ) ;
#3287 = SURFACE_STYLE_FILL_AREA ( #238 ) ;
#3288 = CARTESIAN_POINT ( 'NONE',  ( 0.1076439632037863581, 1.069388455508126556, 0.01000000000000000021 ) ) ;
#3289 = EDGE_LOOP ( 'NONE', ( #466, #412, #2479, #123 ) ) ;
#3290 = CARTESIAN_POINT ( 'NONE',  ( 0.2328991654131474243, 1.071508211586178483, 6.776263578034402713E-18 ) ) ;
#3291 = CARTESIAN_POINT ( 'NONE',  ( 0.5253268900330546609, 1.096827479898370372, 0.01000000000000000021 ) ) ;
#3292 = STYLED_ITEM ( 'NONE', ( #3519 ), #208 ) ;
#3293 =( NAMED_UNIT ( * ) SI_UNIT ( $, .STERADIAN. ) SOLID_ANGLE_UNIT ( ) );
#3294 = ADVANCED_FACE ( 'NONE', ( #661 ), #3723, .T. ) ;
#3295 = CARTESIAN_POINT ( 'NONE',  ( 0.5253268900330546609, 0.8468274798983704832, 0.000000000000000000 ) ) ;
#3296 = ADVANCED_FACE ( 'NONE', ( #1011 ), #3375, .T. ) ;
#3297 = CARTESIAN_POINT ( 'NONE',  ( -0.3301418599669453391, 0.9443884555081265564, 0.01000000000000000021 ) ) ;
#3298 = SPHERICAL_SURFACE ( 'NONE', #1191, 1.099999999999999423 ) ;
#3299 = CARTESIAN_POINT ( 'NONE',  ( -0.2058724696246997943, 1.006397413561560095, 0.000000000000000000 ) ) ;
#3300 = ORIENTED_EDGE ( 'NONE', *, *, #90, .F. ) ;
#3301 = SURFACE_STYLE_FILL_AREA ( #2052 ) ;
#3302 = FILL_AREA_STYLE ('',( #2767 ) ) ;
#3303 = SURFACE_SIDE_STYLE ('',( #2054 ) ) ;
#3304 = MECHANICAL_DESIGN_GEOMETRIC_PRESENTATION_REPRESENTATION (  '', ( #2963 ), #2713 ) ;
#3305 = DIRECTION ( 'NONE',  ( 1.000000000000000000, 0.000000000000000000, -0.000000000000000000 ) ) ;
#3306 = CARTESIAN_POINT ( 'NONE',  ( 0.3756146746918516688, 0.9814943632508934535, 6.776263578034402713E-18 ) ) ;
#3307 = VECTOR ( 'NONE', #1921, 1000.000000000000000 ) ;
#3308 = SURFACE_SIDE_STYLE ('',( #1483 ) ) ;
#3309 = SURFACE_STYLE_USAGE ( .BOTH. , #2075 ) ;
#3310 = ADVANCED_FACE ( 'NONE', ( #1989 ), #1380, .T. ) ;
#3311 = CARTESIAN_POINT ( 'NONE',  ( 0.2630889115184910088, 0.8438754886817785295, 6.776263578034402713E-18 ) ) ;
#3312 = ORIENTED_EDGE ( 'NONE', *, *, #1276, .F. ) ;
#3313 = LINE ( 'NONE', #3848, #181 ) ;
#3314 = FILL_AREA_STYLE ('',( #3035 ) ) ;
#3315 = FACE_OUTER_BOUND ( 'NONE', #3423, .T. ) ;
#3316 = SURFACE_STYLE_USAGE ( .BOTH. , #602 ) ;
#3317 = EDGE_CURVE ( 'NONE', #190, #2641, #222, .T. ) ;
#3318 = CARTESIAN_POINT ( 'NONE',  ( 0.2487929723501278445, 1.099876260386175364, 0.01000000000000000021 ) ) ;
#3319 = LINE ( 'NONE', #625, #832 ) ;
#3320 = COLOUR_RGB ( '',0.2235294117647058654, 0.2235294117647058654, 0.2235294117647058654 ) ;
#3321 = CARTESIAN_POINT ( 'NONE',  ( -0.1991521343662285004, 1.024335685250696626, 0.000000000000000000 ) ) ;
#3322 = VERTEX_POINT ( 'NONE', #504 ) ;
#3323 = DIRECTION ( 'NONE',  ( 0.000000000000000000, -1.000000000000000000, 0.000000000000000000 ) ) ;
#3324 = PLANE ( 'NONE',  #3280 ) ;
#3325 = CARTESIAN_POINT ( 'NONE',  ( -0.2428648260931134395, 0.9702496386498319358, 6.776263578034402713E-18 ) ) ;
#3326 = COLOUR_RGB ( '',1.000000000000000000, 1.000000000000000000, 1.000000000000000000 ) ;
#3327 = CARTESIAN_POINT ( 'NONE',  ( 0.3759366461306156704, 0.9671113975812972718, 6.776263578034402713E-18 ) ) ;
#3328 =( GEOMETRIC_REPRESENTATION_CONTEXT ( 3 ) GLOBAL_UNCERTAINTY_ASSIGNED_CONTEXT ( ( #1440 ) ) GLOBAL_UNIT_ASSIGNED_CONTEXT ( ( #2604, #3788, #1136 ) ) REPRESENTATION_CONTEXT ( 'NONE', 'WORKASPACE' ) );
#3329 = CARTESIAN_POINT ( 'NONE',  ( 0.2957029948461330493, 0.8483150377621022642, 0.000000000000000000 ) ) ;
#3330 = VECTOR ( 'NONE', #2141, 1000.000000000000000 ) ;
#3331 = CARTESIAN_POINT ( 'NONE',  ( -0.1097245581376770918, 0.8468274798983704832, 0.000000000000000000 ) ) ;
#3332 = VERTEX_POINT ( 'NONE', #3174 ) ;
#3333 = MECHANICAL_DESIGN_GEOMETRIC_PRESENTATION_REPRESENTATION (  '', ( #3133 ), #3825 ) ;
#3334 = CARTESIAN_POINT ( 'NONE',  ( -0.3893072563084089555, 1.096827479898370372, 0.000000000000000000 ) ) ;
#3335 = FILL_AREA_STYLE ('',( #2342 ) ) ;
#3336 = LINE ( 'NONE', #2167, #3667 ) ;
#3337 = CARTESIAN_POINT ( 'NONE',  ( 0.4917903046672009726, 1.096827479898370372, 0.01000000000000000021 ) ) ;
#3338 =( NAMED_UNIT ( * ) SI_UNIT ( $, .STERADIAN. ) SOLID_ANGLE_UNIT ( ) );
#3339 = CARTESIAN_POINT ( 'NONE',  ( -0.1424583467502104350, 1.066229303872373801, 0.000000000000000000 ) ) ;
#3340 = CARTESIAN_POINT ( 'NONE',  ( 0.3972781095452497802, 0.8742665042886144100, 0.01000000000000000021 ) ) ;
#3341 = DIRECTION ( 'NONE',  ( -0.000000000000000000, -0.000000000000000000, 1.000000000000000000 ) ) ;
#3342 = AXIS2_PLACEMENT_3D ( 'NONE', #523, #1973, #3776 ) ;
#3343 = DIRECTION ( 'NONE',  ( 0.000000000000000000, -0.000000000000000000, -1.000000000000000000 ) ) ;
#3344 = CARTESIAN_POINT ( 'NONE',  ( -0.1630623482119046563, 0.8553797757563829096, 6.776263578034402713E-18 ) ) ;
#3345 = COLOUR_RGB ( '',0.2235294117647058654, 0.2235294117647058654, 0.2235294117647058654 ) ;
#3346 = CARTESIAN_POINT ( 'NONE',  ( 0.2875139976001169217, 1.094959652568477049, 0.01000000000000000021 ) ) ;
#3347 = PRESENTATION_LAYER_ASSIGNMENT (  '', '', ( #1861 ) ) ;
#3348 = CARTESIAN_POINT ( 'NONE',  ( -0.1827254726210620350, 1.045647389648702186, 6.776263578034402713E-18 ) ) ;
#3349 = CARTESIAN_POINT ( 'NONE',  ( 0.3637202706401015950, 0.9060184498433794253, 0.000000000000000000 ) ) ;
#3350 = ORIENTED_EDGE ( 'NONE', *, *, #3223, .T. ) ;
#3351 = STYLED_ITEM ( 'NONE', ( #3891 ), #2509 ) ;
#3352 = FILL_AREA_STYLE_COLOUR ( '', #373 ) ;
#3353 = EDGE_CURVE ( 'NONE', #3074, #1661, #1398, .T. ) ;
#3354 = SURFACE_SIDE_STYLE ('',( #3869 ) ) ;
#3355 = CARTESIAN_POINT ( 'NONE',  ( 0.1899610363745180830, 1.089967723800809418, 0.000000000000000000 ) ) ;
#3356 = CARTESIAN_POINT ( 'NONE',  ( -0.07528286606450632079, 1.069388455508126556, 0.000000000000000000 ) ) ;
#3357 = PLANE ( 'NONE',  #1510 ) ;
#3358 = CARTESIAN_POINT ( 'NONE',  ( -0.07528286606450632079, 0.8742665042886144100, 0.01000000000000000021 ) ) ;
#3359 = ADVANCED_FACE ( 'NONE', ( #1703 ), #1336, .T. ) ;
#3360 = CARTESIAN_POINT ( 'NONE',  ( 0.2209589049330940858, 0.8476732183342801097, 0.000000000000000000 ) ) ;
#3361 = CARTESIAN_POINT ( 'NONE',  ( 0.2573400069565905945, 0.8713004983217803590, -0.000000000000000000 ) ) ;
#3362 = CARTESIAN_POINT ( 'NONE',  ( 0.2621661446237801840, 1.099565110038219995, 0.01000000000000000021 ) ) ;
#3363 = ORIENTED_EDGE ( 'NONE', *, *, #3716, .T. ) ;
#3364 = UNCERTAINTY_MEASURE_WITH_UNIT (LENGTH_MEASURE( 1.000000000000000082E-05 ), #737, 'distance_accuracy_value', 'NONE');
#3365 =( GEOMETRIC_REPRESENTATION_CONTEXT ( 3 ) GLOBAL_UNCERTAINTY_ASSIGNED_CONTEXT ( ( #2246 ) ) GLOBAL_UNIT_ASSIGNED_CONTEXT ( ( #2152, #2769, #111 ) ) REPRESENTATION_CONTEXT ( 'NONE', 'WORKASPACE' ) );
#3366 = CARTESIAN_POINT ( 'NONE',  ( -0.2091880194365755286, 0.9855304178108086344, 0.01000000000000000021 ) ) ;
#3367 =( NAMED_UNIT ( * ) PLANE_ANGLE_UNIT ( ) SI_UNIT ( $, .RADIAN. ) );
#3368 = ORIENTED_EDGE ( 'NONE', *, *, #1422, .T. ) ;
#3369 = CARTESIAN_POINT ( 'NONE',  ( -0.1751950111649394903, 1.084132845150709734, 0.01000000000000000021 ) ) ;
#3370 = COLOUR_RGB ( '',0.2235294117647058654, 0.2235294117647058654, 0.2235294117647058654 ) ;
#3371 = PLANE ( 'NONE',  #2740 ) ;
#3372 = CARTESIAN_POINT ( 'NONE',  ( -0.04174628069865263941, 0.8468274798983704832, 0.01000000000000000021 ) ) ;
#3373 = COLOUR_RGB ( '',0.2235294117647058654, 0.2235294117647058654, 0.2235294117647058654 ) ;
#3374 = CARTESIAN_POINT ( 'NONE',  ( 0.3389074727667102938, 1.001899768113092337, 0.000000000000000000 ) ) ;
#3375 = PLANE ( 'NONE',  #3342 ) ;
#3376 = EDGE_CURVE ( 'NONE', #725, #1697, #298, .T. ) ;
#3377 = DIRECTION ( 'NONE',  ( 0.000000000000000000, -0.000000000000000000, -1.000000000000000000 ) ) ;
#3378 = CARTESIAN_POINT ( 'NONE',  ( 0.1922591189067271999, 0.8859294328172758748, 0.01000000000000000021 ) ) ;
#3379 = CARTESIAN_POINT ( 'NONE',  ( -0.2031115692413860141, 0.9322144926397518683, 0.000000000000000000 ) ) ;
#3380 = CARTESIAN_POINT ( 'NONE',  ( 0.1411805485696399909, 1.096827479898370372, 0.01000000000000000021 ) ) ;
#3381 = VERTEX_POINT ( 'NONE', #2951 ) ;
#3382 = MECHANICAL_DESIGN_GEOMETRIC_PRESENTATION_REPRESENTATION (  '', ( #539 ), #3259 ) ;
#3383 = PRESENTATION_STYLE_ASSIGNMENT (( #1256 ) ) ;
#3384 = CARTESIAN_POINT ( 'NONE',  ( 0.3757056029010727438, 0.9537155819928488931, 0.000000000000000000 ) ) ;
#3385 = CARTESIAN_POINT ( 'NONE',  ( 0.3582056334958333421, 0.8958022654365432880, 6.776263578034402713E-18 ) ) ;
#3386 = ORIENTED_EDGE ( 'NONE', *, *, #2306, .F. ) ;
#3387 = CARTESIAN_POINT ( 'NONE',  ( 0.1076439632037863581, 0.8742665042886144100, 0.01000000000000000021 ) ) ;
#3388 = EDGE_LOOP ( 'NONE', ( #694, #2358, #901, #2031, #438 ) ) ;
#3389 = CARTESIAN_POINT ( 'NONE',  ( 0.3637202706401015950, 0.9060184498433794253, 0.01000000000000000021 ) ) ;
#3390 = CARTESIAN_POINT ( 'NONE',  ( -0.1218879514593515234, 0.8745067803952164542, 0.01000000000000000021 ) ) ;
#3391 = CARTESIAN_POINT ( 'NONE',  ( -0.2286636264483078718, 1.035853824810253565, 0.000000000000000000 ) ) ;
#3392 = FILL_AREA_STYLE_COLOUR ( '', #1307 ) ;
#3393 = CARTESIAN_POINT ( 'NONE',  ( 0.3118172894629568370, 0.8913913678819862518, 0.000000000000000000 ) ) ;
#3394 = CARTESIAN_POINT ( 'NONE',  ( -0.1961966287125588571, 0.8735293571401618884, 0.01000000000000000021 ) ) ;
#3395 = AXIS2_PLACEMENT_3D ( 'NONE', #1775, #3595, #1417 ) ;
#3396 = MECHANICAL_DESIGN_GEOMETRIC_PRESENTATION_REPRESENTATION (  '', ( #2761 ), #1696 ) ;
#3397 = VERTEX_POINT ( 'NONE', #888 ) ;
#3398 = PRESENTATION_LAYER_ASSIGNMENT (  '', '', ( #1058 ) ) ;
#3399 = CARTESIAN_POINT ( 'NONE',  ( -0.2094292075279209631, 0.9742569768495900062, 6.776263578034402713E-18 ) ) ;
#3400 = VERTEX_POINT ( 'NONE', #1454 ) ;
#3401 = AXIS2_PLACEMENT_3D ( 'NONE', #736, #1928, #1664 ) ;
#3402 = FACE_OUTER_BOUND ( 'NONE', #2827, .T. ) ;
#3403 = VERTEX_POINT ( 'NONE', #2080 ) ;
#3404 =( NAMED_UNIT ( * ) PLANE_ANGLE_UNIT ( ) SI_UNIT ( $, .RADIAN. ) );
#3405 =( NAMED_UNIT ( * ) SI_UNIT ( $, .STERADIAN. ) SOLID_ANGLE_UNIT ( ) );
#3406 =( GEOMETRIC_REPRESENTATION_CONTEXT ( 3 ) GLOBAL_UNCERTAINTY_ASSIGNED_CONTEXT ( ( #1680 ) ) GLOBAL_UNIT_ASSIGNED_CONTEXT ( ( #1755, #3019, #839 ) ) REPRESENTATION_CONTEXT ( 'NONE', 'WORKASPACE' ) );
#3407 = CARTESIAN_POINT ( 'NONE',  ( 0.3424000607647620376, 0.9691597969715411987, 0.01000000000000000021 ) ) ;
#3408 = MECHANICAL_DESIGN_GEOMETRIC_PRESENTATION_REPRESENTATION (  '', ( #2381 ), #1560 ) ;
#3409 = ADVANCED_FACE ( 'NONE', ( #2360 ), #1219, .T. ) ;
#3410 = STYLED_ITEM ( 'NONE', ( #2088 ), #2818 ) ;
#3411 = CARTESIAN_POINT ( 'NONE',  ( 0.5999999999999999778, 0.000000000000000000, 0.000000000000000000 ) ) ;
#3412 = CARTESIAN_POINT ( 'NONE',  ( 0.2511094830623472052, 0.8712573589376646499, 0.01000000000000000021 ) ) ;
#3413 = SURFACE_STYLE_USAGE ( .BOTH. , #1796 ) ;
#3414 = SURFACE_STYLE_USAGE ( .BOTH. , #2189 ) ;
#3415 = DIRECTION ( 'NONE',  ( 1.000000000000000000, 0.000000000000000000, 0.000000000000000000 ) ) ;
#3416 = CARTESIAN_POINT ( 'NONE',  ( 1.099999999999998979, 0.000000000000000000, 0.000000000000000000 ) ) ;
#3417 = ORIENTED_EDGE ( 'NONE', *, *, #489, .F. ) ;
#3418 = CARTESIAN_POINT ( 'NONE',  ( -0.1991521343662285004, 1.024335685250696626, 0.01000000000000000021 ) ) ;
#3419 = CARTESIAN_POINT ( 'NONE',  ( -0.2408579675358473171, 0.9474857863071971531, 0.000000000000000000 ) ) ;
#3420 = CARTESIAN_POINT ( 'NONE',  ( 0.3759366461306156704, 0.9671113975812972718, 0.000000000000000000 ) ) ;
#3421 = VERTEX_POINT ( 'NONE', #3609 ) ;
#3422 = VECTOR ( 'NONE', #1815, 1000.000000000000000 ) ;
#3423 = EDGE_LOOP ( 'NONE', ( #1408, #82, #1303, #1047 ) ) ;
#3424 = EDGE_CURVE ( 'NONE', #1391, #163, #1471, .T. ) ;
#3425 = DIRECTION ( 'NONE',  ( 0.000000000000000000, -0.000000000000000000, -1.000000000000000000 ) ) ;
#3426 =( LENGTH_UNIT ( ) NAMED_UNIT ( * ) SI_UNIT ( .MILLI., .METRE. ) );
#3427 = EDGE_CURVE ( 'NONE', #1661, #2090, #2044, .T. ) ;
#3428 = VECTOR ( 'NONE', #1852, 1000.000000000000000 ) ;
#3429 = EDGE_CURVE ( 'NONE', #3332, #794, #925, .T. ) ;
#3430 = AXIS2_PLACEMENT_3D ( 'NONE', #409, #1291, #3727 ) ;
#3431 = ORIENTED_EDGE ( 'NONE', *, *, #738, .T. ) ;
#3432 = FACE_OUTER_BOUND ( 'NONE', #1469, .T. ) ;
#3433 = CARTESIAN_POINT ( 'NONE',  ( 0.1076439632037863581, 0.9870713823373947760, 0.01000000000000000021 ) ) ;
#3434 = FACE_OUTER_BOUND ( 'NONE', #1155, .T. ) ;
#3435 = ORIENTED_EDGE ( 'NONE', *, *, #1389, .F. ) ;
#3436 = DIRECTION ( 'NONE',  ( -0.000000000000000000, 0.000000000000000000, -1.000000000000000000 ) ) ;
#3437 = STYLED_ITEM ( 'NONE', ( #955 ), #325 ) ;
#3438 =( LENGTH_UNIT ( ) NAMED_UNIT ( * ) SI_UNIT ( .MILLI., .METRE. ) );
#3439 = VERTEX_POINT ( 'NONE', #2719 ) ;
#3440 = CARTESIAN_POINT ( 'NONE',  ( 0.1922591189067271999, 0.8859294328172758748, 0.01000000000000000021 ) ) ;
#3441 =( LENGTH_UNIT ( ) NAMED_UNIT ( * ) SI_UNIT ( .MILLI., .METRE. ) );
#3442 = CARTESIAN_POINT ( 'NONE',  ( 0.01922932905744486817, 0.9870713823373947760, 0.01000000000000000021 ) ) ;
#3443 = CARTESIAN_POINT ( 'NONE',  ( 0.2485071491793961196, 1.072437235995931326, 0.01000000000000000021 ) ) ;
#3444 = UNCERTAINTY_MEASURE_WITH_UNIT (LENGTH_MEASURE( 1.000000000000000082E-05 ), #3127, 'distance_accuracy_value', 'NONE');
#3445 = MECHANICAL_DESIGN_GEOMETRIC_PRESENTATION_REPRESENTATION (  '', ( #1917 ), #545 ) ;
#3446 = B_SPLINE_CURVE_WITH_KNOTS ( 'NONE', 3,
 ( #1081, #169, #441, #3419, #1063, #1337, #3163, #3481, #2874, #1358, #1612, #1635, #1692, #2835, #2261, #1375, #2585, #2815, #3787 ),
 .UNSPECIFIED., .F., .F.,
 ( 4, 1, 1, 1, 1, 1, 1, 1, 1, 1, 1, 1, 1, 1, 1, 1, 4 ),
 ( 0.000000000000000000, 0.06806869584499410097, 0.1334274328189551939, 0.1961460338131567616, 0.2570485924493130514, 0.3168826631591619147, 0.3761872086663214931, 0.4359603353635461698, 0.4965352368627263813, 0.5574653434807332886, 0.6176868634101471134, 0.6779436406969064910, 0.7388052848060406852, 0.8009493367665841967, 0.8648146674702267278, 0.9310247810786571598, 1.000000000000000000 ),
 .UNSPECIFIED. ) ;
#3447 = CARTESIAN_POINT ( 'NONE',  ( -0.1827254726210620350, 1.045647389648702186, 0.01000000000000000021 ) ) ;
#3448 = VECTOR ( 'NONE', #3737, 1000.000000000000000 ) ;
#3449 = VERTEX_POINT ( 'NONE', #904 ) ;
#3450 = PRESENTATION_STYLE_ASSIGNMENT (( #2513 ) ) ;
#3451 = DIRECTION ( 'NONE',  ( -0.000000000000000000, -0.000000000000000000, 1.000000000000000000 ) ) ;
#3452 = VERTEX_POINT ( 'NONE', #3334 ) ;
#3453 = CARTESIAN_POINT ( 'NONE',  ( 0.3421448844446992599, 0.9805410035917899725, 0.01000000000000000021 ) ) ;
#3454 = CARTESIAN_POINT ( 'NONE',  ( -0.3678196397298850173, 1.049948656717134110, 6.776263578034402713E-18 ) ) ;
#3455 = VERTEX_POINT ( 'NONE', #1183 ) ;
#3456 = CARTESIAN_POINT ( 'NONE',  ( 0.1899610363745180830, 1.056431138434955841, 0.000000000000000000 ) ) ;
#3457 = DIRECTION ( 'NONE',  ( 0.000000000000000000, -0.000000000000000000, 1.000000000000000000 ) ) ;
#3458 = DIRECTION ( 'NONE',  ( 1.000000000000000000, -1.224646799147353207E-16, 0.000000000000000000 ) ) ;
#3459 = B_SPLINE_SURFACE_WITH_KNOTS ( 'NONE', 3, 1, ( 
 ( #2215, #3144 ),
 ( #2543, #1000 ),
 ( #131, #495 ),
 ( #3710, #3751 ),
 ( #3499, #1298 ),
 ( #1043, #1657 ),
 ( #2497, #2237 ),
 ( #751, #2856 ),
 ( #1944, #154 ),
 ( #2195, #1901 ),
 ( #3115, #235 ),
 ( #1406, #2353 ),
 ( #1135, #534 ),
 ( #824, #3284 ),
 ( #2331, #1425 ),
 ( #576, #2603 ),
 ( #2035, #2073 ),
 ( #1763, #862 ),
 ( #3221, #2000 ) ),
 .UNSPECIFIED., .F., .F., .F.,
 ( 4, 1, 1, 1, 1, 1, 1, 1, 1, 1, 1, 1, 1, 1, 1, 1, 4 ),
 ( 2, 2 ),
 ( 0.000000000000000000, 0.07082657255516276729, 0.1381690332797997633, 0.2024753315338425341, 0.2639737544135196123, 0.3233803205980368967, 0.3817976227131850142, 0.4393900745193888291, 0.4969027245459972097, 0.5546621696093698706, 0.6127418784921973005, 0.6715388363911717340, 0.7316557220901976910, 0.7942978116139528533, 0.8594822049793582330, 0.9276813254527898067, 1.000000000000000000 ),
 ( 0.000000000000000000, 1.000000000000000000 ),
 .UNSPECIFIED. ) ;
#3460 = VECTOR ( 'NONE', #280, 1000.000000000000000 ) ;
#3461 = CARTESIAN_POINT ( 'NONE',  ( 0.2487631960529617658, 0.8438958177974633657, 0.01000000000000000021 ) ) ;
#3462 = ORIENTED_EDGE ( 'NONE', *, *, #2949, .F. ) ;
#3463 = CARTESIAN_POINT ( 'NONE',  ( 0.2541283382037863858, 0.8712177238008095292, 6.776263578034402713E-18 ) ) ;
#3464 =( LENGTH_UNIT ( ) NAMED_UNIT ( * ) SI_UNIT ( .MILLI., .METRE. ) );
#3465 = STYLED_ITEM ( 'NONE', ( #1485 ), #3836 ) ;
#3466 = CARTESIAN_POINT ( 'NONE',  ( -0.3722531404547502754, 1.066339675020321565, 0.01000000000000000021 ) ) ;
#3467 = CARTESIAN_POINT ( 'NONE',  ( 0.3410295652430981317, 0.9479463586184582180, 0.01000000000000000021 ) ) ;
#3468 = EDGE_CURVE ( 'NONE', #2264, #187, #3014, .T. ) ;
#3469 = CARTESIAN_POINT ( 'NONE',  ( 0.2239499609579966577, 1.098583719765115596, 6.776263578034402713E-18 ) ) ;
#3470 =( GEOMETRIC_REPRESENTATION_CONTEXT ( 3 ) GLOBAL_UNCERTAINTY_ASSIGNED_CONTEXT ( ( #1089 ) ) GLOBAL_UNIT_ASSIGNED_CONTEXT ( ( #2106, #1776, #283 ) ) REPRESENTATION_CONTEXT ( 'NONE', 'WORKASPACE' ) );
#3471 = STYLED_ITEM ( 'NONE', ( #2129 ), #2597 ) ;
#3472 = ORIENTED_EDGE ( 'NONE', *, *, #3084, .T. ) ;
#3473 = PLANE ( 'NONE',  #171 ) ;
#3474 = CARTESIAN_POINT ( 'NONE',  ( 0.2451570884388241112, 0.8713355090854739693, 0.000000000000000000 ) ) ;
#3475 = COLOUR_RGB ( '',0.9686274509803921573, 0.8784313725490195957, 0.5999999999999999778 ) ;
#3476 = EDGE_LOOP ( 'NONE', ( #1385, #3131, #560, #2817 ) ) ;
#3477 = CARTESIAN_POINT ( 'NONE',  ( 0.3423134821449008158, 0.9730213197072457021, 0.01000000000000000021 ) ) ;
#3478 = ORIENTED_EDGE ( 'NONE', *, *, #1130, .F. ) ;
#3479 = CARTESIAN_POINT ( 'NONE',  ( 0.1921811327814578196, 1.057721181682825362, -0.000000000000000000 ) ) ;
#3480 = DIRECTION ( 'NONE',  ( -0.000000000000000000, -0.000000000000000000, -1.000000000000000000 ) ) ;
#3481 = CARTESIAN_POINT ( 'NONE',  ( -0.2221620666064753058, 0.9006527687687503336, 0.000000000000000000 ) ) ;
#3482 = UNCERTAINTY_MEASURE_WITH_UNIT (LENGTH_MEASURE( 1.000000000000000082E-05 ), #2545, 'distance_accuracy_value', 'NONE');
#3483 = FILL_AREA_STYLE_COLOUR ( '', #633 ) ;
#3484 = ORIENTED_EDGE ( 'NONE', *, *, #662, .T. ) ;
#3485 = CARTESIAN_POINT ( 'NONE',  ( 0.2451570884388241112, 0.8713355090854739693, 0.01000000000000000021 ) ) ;
#3486 = CARTESIAN_POINT ( 'NONE',  ( -0.3674417837474331927, 1.048809187215443695, 0.000000000000000000 ) ) ;
#3487 = DIRECTION ( 'NONE',  ( 0.000000000000000000, 1.000000000000000000, 0.000000000000000000 ) ) ;
#3488 = SURFACE_SIDE_STYLE ('',( #2184 ) ) ;
#3489 = PRESENTATION_LAYER_ASSIGNMENT (  '', '', ( #2528 ) ) ;
#3490 = CARTESIAN_POINT ( 'NONE',  ( 0.2458862571941725361, 1.099855424277273341, 6.776263578034402713E-18 ) ) ;
#3491 = VERTEX_POINT ( 'NONE', #22 ) ;
#3492 = CARTESIAN_POINT ( 'NONE',  ( -0.2612584758206039637, 0.8468274798983704832, 0.01000000000000000021 ) ) ;
#3493 = ORIENTED_EDGE ( 'NONE', *, *, #2995, .T. ) ;
#3494 = CARTESIAN_POINT ( 'NONE',  ( 0.3163885733915866583, 1.044593755272328561, 0.01000000000000000021 ) ) ;
#3495 = AXIS2_PLACEMENT_3D ( 'NONE', #883, #3305, #1445 ) ;
#3496 = AXIS2_PLACEMENT_3D ( 'NONE', #213, #3555, #3538 ) ;
#3497 = ORIENTED_EDGE ( 'NONE', *, *, #1555, .F. ) ;
#3498 = PLANE ( 'NONE',  #70 ) ;
#3499 = CARTESIAN_POINT ( 'NONE',  ( -0.1426763068809414614, 0.8777938794275665924, 0.01000000000000000021 ) ) ;
#3500 = CARTESIAN_POINT ( 'NONE',  ( 0.2775000175563877014, 1.068720866413541914, 6.776263578034402713E-18 ) ) ;
#3501 = B_SPLINE_CURVE_WITH_KNOTS ( 'NONE', 3,
 ( #3699, #3412, #2829, #701, #1892, #2535, #407, #953, #2473, #3378, #971 ),
 .UNSPECIFIED., .F., .F.,
 ( 4, 1, 1, 1, 1, 1, 1, 1, 4 ),
 ( 0.000000000000000000, 0.1352946047634291105, 0.2667656579247484894, 0.3948160188358726397, 0.5200516544342462799, 0.6421757029708223818, 0.7626518205584238430, 0.8818340043805017459, 1.000000000000000000 ),
 .UNSPECIFIED. ) ;
#3502 = VERTEX_POINT ( 'NONE', #2121 ) ;
#3503 = CARTESIAN_POINT ( 'NONE',  ( 0.2621661446237801840, 1.099565110038219995, 0.000000000000000000 ) ) ;
#3504 = MECHANICAL_DESIGN_GEOMETRIC_PRESENTATION_REPRESENTATION (  '', ( #1910 ), #1099 ) ;
#3505 = CARTESIAN_POINT ( 'NONE',  ( 0.1899610363745180830, 0.8597847969715411987, 6.776263578034402713E-18 ) ) ;
#3506 = CARTESIAN_POINT ( 'NONE',  ( -0.2978438416742624217, 0.8468274798983704832, 0.000000000000000000 ) ) ;
#3507 = EDGE_CURVE ( 'NONE', #3332, #3197, #1750, .T. ) ;
#3508 = UNCERTAINTY_MEASURE_WITH_UNIT (LENGTH_MEASURE( 1.000000000000000082E-05 ), #1280, 'distance_accuracy_value', 'NONE');
#3509 = SURFACE_STYLE_USAGE ( .BOTH. , #1720 ) ;
#3510 = UNCERTAINTY_MEASURE_WITH_UNIT (LENGTH_MEASURE( 1.000000000000000082E-05 ), #2336, 'distance_accuracy_value', 'NONE');
#3511 = MECHANICAL_DESIGN_GEOMETRIC_PRESENTATION_REPRESENTATION (  '', ( #2986 ), #225 ) ;
#3512 = SURFACE_STYLE_USAGE ( .BOTH. , #3132 ) ;
#3513 = EDGE_CURVE ( 'NONE', #421, #2312, #2383, .T. ) ;
#3514 = CARTESIAN_POINT ( 'NONE',  ( 0.2363791179785710017, 0.8721375028226889814, 0.000000000000000000 ) ) ;
#3515 = MECHANICAL_DESIGN_GEOMETRIC_PRESENTATION_REPRESENTATION (  '', ( #2486 ), #230 ) ;
#3516 = ORIENTED_EDGE ( 'NONE', *, *, #1138, .T. ) ;
#3517 = VECTOR ( 'NONE', #3618, 1000.000000000000000 ) ;
#3518 = EDGE_LOOP ( 'NONE', ( #491, #2227, #259, #1442 ) ) ;
#3519 = PRESENTATION_STYLE_ASSIGNMENT (( #494 ) ) ;
#3520 = LINE ( 'NONE', #805, #1585 ) ;
#3521 = EDGE_LOOP ( 'NONE', ( #67, #2398, #3226, #860 ) ) ;
#3522 = CARTESIAN_POINT ( 'NONE',  ( 0.1923068840682653768, 0.8584899845540681085, 0.01000000000000000021 ) ) ;
#3523 = CARTESIAN_POINT ( 'NONE',  ( 0.000000000000000000, 0.000000000000000000, 5.500000000000000888 ) ) ;
#3524 = VECTOR ( 'NONE', #1826, 1000.000000000000227 ) ;
#3525 = DIRECTION ( 'NONE',  ( -0.000000000000000000, -0.000000000000000000, -1.000000000000000000 ) ) ;
#3526 = CIRCLE ( 'NONE', #1687, 0.4999999999999995559 ) ;
#3527 = FILL_AREA_STYLE ('',( #180 ) ) ;
#3528 = CARTESIAN_POINT ( 'NONE',  ( 0.3410295652430981317, 0.9479463586184582180, 0.01000000000000000021 ) ) ;
#3529 = DIRECTION ( 'NONE',  ( 1.000000000000000000, 0.000000000000000000, 0.000000000000000000 ) ) ;
#3530 = CARTESIAN_POINT ( 'NONE',  ( -0.1122969666742624634, 1.096827479898370372, 0.01000000000000000021 ) ) ;
#3531 = ADVANCED_FACE ( 'NONE', ( #2526 ), #695, .T. ) ;
#3532 = CARTESIAN_POINT ( 'NONE',  ( 0.2511094830623472052, 0.8712573589376646499, -0.000000000000000000 ) ) ;
#3533 =( NAMED_UNIT ( * ) PLANE_ANGLE_UNIT ( ) SI_UNIT ( $, .RADIAN. ) );
#3534 = EDGE_LOOP ( 'NONE', ( #3765, #3363, #2329, #1013 ) ) ;
#3535 = PRESENTATION_LAYER_ASSIGNMENT (  '', '', ( #3895 ) ) ;
#3536 = MECHANICAL_DESIGN_GEOMETRIC_PRESENTATION_REPRESENTATION (  '', ( #2698 ), #1940 ) ;
#3537 = ORIENTED_EDGE ( 'NONE', *, *, #155, .T. ) ;
#3538 = DIRECTION ( 'NONE',  ( 1.000000000000000000, 0.000000000000000000, 0.000000000000000000 ) ) ;
#3539 = DIRECTION ( 'NONE',  ( 1.000000000000000000, 0.000000000000000000, 0.000000000000000000 ) ) ;
#3540 = CARTESIAN_POINT ( 'NONE',  ( -0.3217100764303599814, 0.9169494311178827406, 0.01000000000000000021 ) ) ;
#3541 = VERTEX_POINT ( 'NONE', #1620 ) ;
#3542 = CARTESIAN_POINT ( 'NONE',  ( -0.04174628069865263941, 0.8468274798983704832, 0.01000000000000000021 ) ) ;
#3543 = FILL_AREA_STYLE_COLOUR ( '', #33 ) ;
#3544 = CARTESIAN_POINT ( 'NONE',  ( 0.2485071491793961196, 1.072437235995931326, 0.01000000000000000021 ) ) ;
#3545 = CARTESIAN_POINT ( 'NONE',  ( -0.3696714587861327783, 1.056484218212418114, 0.000000000000000000 ) ) ;
#3546 = EDGE_CURVE ( 'NONE', #2902, #152, #1839, .T. ) ;
#3547 = VECTOR ( 'NONE', #931, 1000.000000000000000 ) ;
#3548 = CARTESIAN_POINT ( 'NONE',  ( -0.2145465811363540254, 1.055309719376742228, 0.01000000000000000021 ) ) ;
#3549 = SURFACE_STYLE_FILL_AREA ( #2668 ) ;
#3550 = UNCERTAINTY_MEASURE_WITH_UNIT (LENGTH_MEASURE( 1.000000000000000082E-05 ), #980, 'distance_accuracy_value', 'NONE');
#3551 = PRESENTATION_STYLE_ASSIGNMENT (( #229 ) ) ;
#3552 = ORIENTED_EDGE ( 'NONE', *, *, #251, .F. ) ;
#3553 = EDGE_CURVE ( 'NONE', #1189, #1670, #3674, .T. ) ;
#3554 = CARTESIAN_POINT ( 'NONE',  ( -0.1426763068809414614, 0.8777938794275665924, 0.000000000000000000 ) ) ;
#3555 = DIRECTION ( 'NONE',  ( -0.000000000000000000, -0.000000000000000000, 1.000000000000000000 ) ) ;
#3556 = PRESENTATION_LAYER_ASSIGNMENT (  '', '', ( #2471 ) ) ;
#3557 =( NAMED_UNIT ( * ) SI_UNIT ( $, .STERADIAN. ) SOLID_ANGLE_UNIT ( ) );
#3558 = STYLED_ITEM ( 'NONE', ( #2787 ), #2286 ) ;
#3559 = CARTESIAN_POINT ( 'NONE',  ( 0.3210033619355603385, 1.079513335527364726, 0.000000000000000000 ) ) ;
#3560 = CARTESIAN_POINT ( 'NONE',  ( -0.3893072563084088444, 1.096827479898370372, 0.01000000000000000021 ) ) ;
#3561 = CARTESIAN_POINT ( 'NONE',  ( 0.1899610363745181107, 1.089967723800809640, 0.01000000000000000021 ) ) ;
#3562 = CARTESIAN_POINT ( 'NONE',  ( 0.3391417541822800419, 0.9380946781572907511, 0.01000000000000000021 ) ) ;
#3563 = FACE_OUTER_BOUND ( 'NONE', #353, .T. ) ;
#3564 = CARTESIAN_POINT ( 'NONE',  ( -0.2049411775993396634, 1.064402655005709297, 0.01000000000000000021 ) ) ;
#3565 = LINE ( 'NONE', #2899, #50 ) ;
#3566 = SURFACE_SIDE_STYLE ('',( #1792 ) ) ;
#3567 = LINE ( 'NONE', #3822, #2370 ) ;
#3568 = ORIENTED_EDGE ( 'NONE', *, *, #2708, .T. ) ;
#3569 = ORIENTED_EDGE ( 'NONE', *, *, #1475, .F. ) ;
#3570 = DIRECTION ( 'NONE',  ( -0.000000000000000000, -0.000000000000000000, 1.000000000000000000 ) ) ;
#3571 = CARTESIAN_POINT ( 'NONE',  ( 0.3309511512297083624, 1.072058229825465725, 0.01000000000000000021 ) ) ;
#3572 = EDGE_CURVE ( 'NONE', #673, #3502, #1981, .T. ) ;
#3573 = CARTESIAN_POINT ( 'NONE',  ( 0.3067589439054567713, 0.8520498063400854249, 6.776263578034402713E-18 ) ) ;
#3574 = VERTEX_POINT ( 'NONE', #985 ) ;
#3575 = CARTESIAN_POINT ( 'NONE',  ( -0.07528286606450643181, 0.8742665042886144100, 0.000000000000000000 ) ) ;
#3576 = CARTESIAN_POINT ( 'NONE',  ( 0.2751509691548712500, 1.097803127940393697, 0.01000000000000000021 ) ) ;
#3577 = CARTESIAN_POINT ( 'NONE',  ( 0.01313176808183510666, 1.096827479898370372, 0.000000000000000000 ) ) ;
#3578 = VECTOR ( 'NONE', #582, 1000.000000000000000 ) ;
#3579 = CARTESIAN_POINT ( 'NONE',  ( -0.04174628069865263941, 1.096827479898370372, 0.01000000000000000021 ) ) ;
#3580 = EDGE_LOOP ( 'NONE', ( #1403, #3608, #1904, #3121 ) ) ;
#3581 = MECHANICAL_DESIGN_GEOMETRIC_PRESENTATION_REPRESENTATION (  '', ( #2440 ), #3771 ) ;
#3582 = CARTESIAN_POINT ( 'NONE',  ( -0.4249875154547502198, 0.9169494311178827406, 0.01000000000000000021 ) ) ;
#3583 = EDGE_CURVE ( 'NONE', #1960, #2587, #3526, .T. ) ;
#3584 = ORIENTED_EDGE ( 'NONE', *, *, #1767, .F. ) ;
#3585 = CARTESIAN_POINT ( 'NONE',  ( -0.3674417837474331927, 1.048809187215443695, 0.01000000000000000021 ) ) ;
#3586 = PLANE ( 'NONE',  #3495 ) ;
#3587 = CARTESIAN_POINT ( 'NONE',  ( 0.1411805485696399909, 1.096827479898370372, 0.000000000000000000 ) ) ;
#3588 = MECHANICAL_DESIGN_GEOMETRIC_PRESENTATION_REPRESENTATION (  '', ( #3080 ), #1802 ) ;
#3589 = PRESENTATION_STYLE_ASSIGNMENT (( #3309 ) ) ;
#3590 = CARTESIAN_POINT ( 'NONE',  ( 0.2957029948461330493, 0.8483150377621022642, 6.776263578034402713E-18 ) ) ;
#3591 = ORIENTED_EDGE ( 'NONE', *, *, #890, .T. ) ;
#3592 = CARTESIAN_POINT ( 'NONE',  ( 0.1960081949287527936, 1.092422398780480419, 6.776263578034402713E-18 ) ) ;
#3593 = FILL_AREA_STYLE_COLOUR ( '', #1736 ) ;
#3594 = CARTESIAN_POINT ( 'NONE',  ( 0.3620993375300652350, 1.032803609774773257, 0.01000000000000000021 ) ) ;
#3595 = DIRECTION ( 'NONE',  ( -0.000000000000000000, -0.000000000000000000, 1.000000000000000000 ) ) ;
#3596 = B_SPLINE_CURVE_WITH_KNOTS ( 'NONE', 3,
 ( #3700, #2515, #2831, #408, #721, #2489, #386, #435, #2171, #993, #3394, #702, #1871, #3087, #2188, #3107, #1373, #1316, #1356 ),
 .UNSPECIFIED., .F., .F.,
 ( 4, 1, 1, 1, 1, 1, 1, 1, 1, 1, 1, 1, 1, 1, 1, 1, 4 ),
 ( 0.000000000000000000, 0.06806869584499410097, 0.1334274328189551939, 0.1961460338131567616, 0.2570485924493130514, 0.3168826631591619147, 0.3761872086663214931, 0.4359603353635461698, 0.4965352368627263813, 0.5574653434807332886, 0.6176868634101471134, 0.6779436406969064910, 0.7388052848060406852, 0.8009493367665841967, 0.8648146674702267278, 0.9310247810786571598, 1.000000000000000000 ),
 .UNSPECIFIED. ) ;
#3597 = SURFACE_SIDE_STYLE ('',( #854 ) ) ;
#3598 = DIRECTION ( 'NONE',  ( 0.000000000000000000, -0.000000000000000000, 1.000000000000000000 ) ) ;
#3599 = VERTEX_POINT ( 'NONE', #1926 ) ;
#3600 = CARTESIAN_POINT ( 'NONE',  ( 0.3409572637740852508, 0.9915251144465776489, 0.01000000000000000021 ) ) ;
#3601 = CARTESIAN_POINT ( 'NONE',  ( 0.5253268900330546609, 1.096827479898370372, 0.01000000000000000021 ) ) ;
#3602 = CARTESIAN_POINT ( 'NONE',  ( -0.2221620666064753058, 0.9006527687687503336, 6.776263578034402713E-18 ) ) ;
#3603 = DIRECTION ( 'NONE',  ( -1.000000000000000000, 0.000000000000000000, 0.000000000000000000 ) ) ;
#3604 = CARTESIAN_POINT ( 'NONE',  ( 0.3401706399103564538, 1.063514853200157040, 0.01000000000000000021 ) ) ;
#3605 = VECTOR ( 'NONE', #3005, 1000.000000000000000 ) ;
#3606 = CARTESIAN_POINT ( 'NONE',  ( 0.2587491461306156704, 0.8437786994105656024, 0.000000000000000000 ) ) ;
#3607 = VECTOR ( 'NONE', #3763, 1000.000000000000000 ) ;
#3608 = ORIENTED_EDGE ( 'NONE', *, *, #2747, .F. ) ;
#3609 = CARTESIAN_POINT ( 'NONE',  ( -0.04174628069865263941, 0.8468274798983704832, 0.000000000000000000 ) ) ;
#3610 = FILL_AREA_STYLE_COLOUR ( '', #1413 ) ;
#3611 = CARTESIAN_POINT ( 'NONE',  ( 0.3309511512297083624, 1.072058229825465725, 0.01000000000000000021 ) ) ;
#3612 = ADVANCED_FACE ( 'NONE', ( #3151 ), #3272, .T. ) ;
#3613 = CARTESIAN_POINT ( 'NONE',  ( -0.2612584758206039637, 0.8468274798983704832, 0.000000000000000000 ) ) ;
#3614 =( GEOMETRIC_REPRESENTATION_CONTEXT ( 3 ) GLOBAL_UNCERTAINTY_ASSIGNED_CONTEXT ( ( #2155 ) ) GLOBAL_UNIT_ASSIGNED_CONTEXT ( ( #3092, #2519, #1610 ) ) REPRESENTATION_CONTEXT ( 'NONE', 'WORKASPACE' ) );
#3615 = CARTESIAN_POINT ( 'NONE',  ( -0.2091880194365755286, 0.9855304178108086344, 0.000000000000000000 ) ) ;
#3616 = PRESENTATION_LAYER_ASSIGNMENT (  '', '', ( #3682 ) ) ;
#3617 = EDGE_CURVE ( 'NONE', #1616, #3197, #1146, .T. ) ;
#3618 = DIRECTION ( 'NONE',  ( 0.000000000000000000, -1.000000000000000000, 0.000000000000000000 ) ) ;
#3619 = PLANE ( 'NONE',  #2945 ) ;
#3620 = CARTESIAN_POINT ( 'NONE',  ( -0.1961966287125588571, 0.8735293571401618884, 6.776263578034402713E-18 ) ) ;
#3621 = FILL_AREA_STYLE_COLOUR ( '', #531 ) ;
#3622 =( LENGTH_UNIT ( ) NAMED_UNIT ( * ) SI_UNIT ( .MILLI., .METRE. ) );
#3623 = B_SPLINE_CURVE_WITH_KNOTS ( 'NONE', 3,
 ( #198, #2967, #3207, #2913, #2006, #2647, #218, #1409, #1121, #275, #2335, #3559, #3880, #1745, #2947, #1176, #3503, #795, #830 ),
 .UNSPECIFIED., .F., .F.,
 ( 4, 1, 1, 1, 1, 1, 1, 1, 1, 1, 1, 1, 1, 1, 1, 1, 4 ),
 ( 0.000000000000000000, 0.07064371857535471644, 0.1382567155089042543, 0.2033641242175796837, 0.2663240938030564386, 0.3279047615429890872, 0.3887377151730920244, 0.4494235281093021950, 0.5108610114593152840, 0.5720793960475144546, 0.6317344287314451412, 0.6911172105788375708, 0.7503600294901704437, 0.8100329005312619790, 0.8713624508287362014, 0.9344271412311532243, 1.000000000000000000 ),
 .UNSPECIFIED. ) ;
#3624 = LINE ( 'NONE', #920, #2255 ) ;
#3625 = CARTESIAN_POINT ( 'NONE',  ( 0.3516871134150685307, 0.8862755942321535185, 0.000000000000000000 ) ) ;
#3626 = DIRECTION ( 'NONE',  ( 0.000000000000000000, 1.000000000000000000, 0.000000000000000000 ) ) ;
#3627 = VERTEX_POINT ( 'NONE', #584 ) ;
#3628 = EDGE_CURVE ( 'NONE', #3502, #1254, #3677, .T. ) ;
#3629 = COLOUR_RGB ( '',0.9686274509803921573, 0.8784313725490195957, 0.5999999999999999778 ) ;
#3630 = LINE ( 'NONE', #1284, #1190 ) ;
#3631 = PRESENTATION_STYLE_ASSIGNMENT (( #335 ) ) ;
#3632 = CARTESIAN_POINT ( 'NONE',  ( 0.2816046200114739051, 0.8747622395750354052, 6.776263578034402713E-18 ) ) ;
#3633 = DIRECTION ( 'NONE',  ( 0.000000000000000000, 1.000000000000000000, 0.000000000000000000 ) ) ;
#3634 = CARTESIAN_POINT ( 'NONE',  ( 0.3225407208355499100, 1.037352979328192149, 0.000000000000000000 ) ) ;
#3635 = CARTESIAN_POINT ( 'NONE',  ( -0.2094292075279209631, 0.9742569768495900062, 0.01000000000000000021 ) ) ;
#3636 = CARTESIAN_POINT ( 'NONE',  ( 0.1899610363745180830, 1.056431138434955841, 6.776263578034402713E-18 ) ) ;
#3637 = LINE ( 'NONE', #2390, #2442 ) ;
#3638 = EDGE_CURVE ( 'NONE', #667, #2199, #2385, .T. ) ;
#3639 = DIRECTION ( 'NONE',  ( 1.000000000000000000, 0.000000000000000000, 0.000000000000000000 ) ) ;
#3640 = DIRECTION ( 'NONE',  ( -0.000000000000000000, -0.000000000000000000, 1.000000000000000000 ) ) ;
#3641 = PRESENTATION_LAYER_ASSIGNMENT (  '', '', ( #2821 ) ) ;
#3642 = CARTESIAN_POINT ( 'NONE',  ( -0.2426669121938541673, 0.9609938350768792992, 0.01000000000000000021 ) ) ;
#3643 = CARTESIAN_POINT ( 'NONE',  ( 0.3739208957703958891, 0.9954136028451766594, 0.01000000000000000021 ) ) ;
#3644 = ORIENTED_EDGE ( 'NONE', *, *, #1433, .F. ) ;
#3645 = CARTESIAN_POINT ( 'NONE',  ( -0.1757344664106557375, 1.051210081346251046, 6.776263578034402713E-18 ) ) ;
#3646 = FILL_AREA_STYLE ('',( #2774 ) ) ;
#3647 = COLOUR_RGB ( '',0.2235294117647058654, 0.2235294117647058654, 0.2235294117647058654 ) ;
#3648 = VECTOR ( 'NONE', #3218, 1000.000000000000000 ) ;
#3649 = CARTESIAN_POINT ( 'NONE',  ( 0.3516871134150685307, 0.8862755942321535185, 6.776263578034402713E-18 ) ) ;
#3650 = VERTEX_POINT ( 'NONE', #3356 ) ;
#3651 = VECTOR ( 'NONE', #619, 1000.000000000000000 ) ;
#3652 = CARTESIAN_POINT ( 'NONE',  ( -0.1391014851426929932, 1.094999643421606050, 6.776263578034402713E-18 ) ) ;
#3653 = ADVANCED_FACE ( 'NONE', ( #3563 ), #2102, .T. ) ;
#3654 = DIRECTION ( 'NONE',  ( 0.000000000000000000, -1.000000000000000000, 0.000000000000000000 ) ) ;
#3655 = CARTESIAN_POINT ( 'NONE',  ( 0.5253268900330546609, 1.096827479898370372, 0.000000000000000000 ) ) ;
#3656 = CARTESIAN_POINT ( 'NONE',  ( -0.3757997769787806419, 1.049806645828721408, 6.776263578034402713E-18 ) ) ;
#3657 =( NAMED_UNIT ( * ) PLANE_ANGLE_UNIT ( ) SI_UNIT ( $, .RADIAN. ) );
#3658 = CARTESIAN_POINT ( 'NONE',  ( 0.01313176808183510666, 1.096827479898370372, 0.01000000000000000021 ) ) ;
#3659 = CARTESIAN_POINT ( 'NONE',  ( 0.2728505024336917439, 0.8727248870383319534, 0.000000000000000000 ) ) ;
#3660 = ADVANCED_FACE ( 'NONE', ( #2046, #565 ), #1752, .F. ) ;
#3661 = FILL_AREA_STYLE ('',( #1561 ) ) ;
#3662 = CARTESIAN_POINT ( 'NONE',  ( 0.1411805485696399909, 1.096827479898370372, 0.01000000000000000021 ) ) ;
#3663 = CARTESIAN_POINT ( 'NONE',  ( -0.3711517875195629590, 1.064559451948266622, 6.776263578034402713E-18 ) ) ;
#3664 = VERTEX_POINT ( 'NONE', #3719 ) ;
#3665 = UNCERTAINTY_MEASURE_WITH_UNIT (LENGTH_MEASURE( 1.000000000000000082E-05 ), #2150, 'distance_accuracy_value', 'NONE');
#3666 =( GEOMETRIC_REPRESENTATION_CONTEXT ( 3 ) GLOBAL_UNCERTAINTY_ASSIGNED_CONTEXT ( ( #1073 ) ) GLOBAL_UNIT_ASSIGNED_CONTEXT ( ( #3274, #1166, #3871 ) ) REPRESENTATION_CONTEXT ( 'NONE', 'WORKASPACE' ) );
#3667 = VECTOR ( 'NONE', #2994, 1000.000000000000000 ) ;
#3668 = SURFACE_SIDE_STYLE ('',( #1566 ) ) ;
#3669 = CARTESIAN_POINT ( 'NONE',  ( 0.3067589439054567713, 0.8520498063400854249, 0.000000000000000000 ) ) ;
#3670 = CARTESIAN_POINT ( 'NONE',  ( 0.3582056334958333421, 0.8958022654365432880, 0.01000000000000000021 ) ) ;
#3671 = APPLICATION_CONTEXT ( 'automotive_design' ) ;
#3672 = ORIENTED_EDGE ( 'NONE', *, *, #698, .F. ) ;
#3673 = ORIENTED_EDGE ( 'NONE', *, *, #3427, .T. ) ;
#3674 = LINE ( 'NONE', #3098, #3275 ) ;
#3675 = CARTESIAN_POINT ( 'NONE',  ( -0.1107725764303600230, 0.8742665042886144100, 0.01000000000000000021 ) ) ;
#3676 = SURFACE_STYLE_USAGE ( .BOTH. , #3103 ) ;
#3677 = B_SPLINE_CURVE_WITH_KNOTS ( 'NONE', 3,
 ( #3870, #1490, #2362, #2425, #24, #927, #3594, #2954, #4, #1185, #3611, #1473, #906, #3016, #1511, #3576, #622, #2721, #872 ),
 .UNSPECIFIED., .F., .F.,
 ( 4, 1, 1, 1, 1, 1, 1, 1, 1, 1, 1, 1, 1, 1, 1, 1, 4 ),
 ( 0.000000000000000000, 0.07064371857535471644, 0.1382567155089042543, 0.2033641242175796837, 0.2663240938030564386, 0.3279047615429890872, 0.3887377151730920244, 0.4494235281093021950, 0.5108610114593152840, 0.5720793960475144546, 0.6317344287314451412, 0.6911172105788375708, 0.7503600294901704437, 0.8100329005312619790, 0.8713624508287362014, 0.9344271412311532243, 1.000000000000000000 ),
 .UNSPECIFIED. ) ;
#3678 =( NAMED_UNIT ( * ) PLANE_ANGLE_UNIT ( ) SI_UNIT ( $, .RADIAN. ) );
#3679 = CARTESIAN_POINT ( 'NONE',  ( 0.3421949618989236774, 0.9583657780991637898, 0.000000000000000000 ) ) ;
#3680 = PLANE ( 'NONE',  #599 ) ;
#3681 = LINE ( 'NONE', #3380, #958 ) ;
#3682 = STYLED_ITEM ( 'NONE', ( #2726 ), #423 ) ;
#3683 = EDGE_LOOP ( 'NONE', ( #3219, #739, #687, #847, #2197, #2367, #1095, #2865 ) ) ;
#3684 = B_SPLINE_CURVE_WITH_KNOTS ( 'NONE', 3,
 ( #1203, #2405, #3039, #2125, #338, #1534, #1288, #2739, #1842, #47, #3060, #1554, #3391, #677, #381, #3081, #1576, #3696, #2084 ),
 .UNSPECIFIED., .F., .F.,
 ( 4, 1, 1, 1, 1, 1, 1, 1, 1, 1, 1, 1, 1, 1, 1, 1, 4 ),
 ( 0.000000000000000000, 0.06863117867660126215, 0.1345664660386773903, 0.1983281540108813579, 0.2607897666408448556, 0.3219991514841582525, 0.3827217465030195997, 0.4435374740357287404, 0.5051334294849250117, 0.5662138747646718873, 0.6261058646175458042, 0.6853493221605168051, 0.7449958703477975730, 0.8054158418145630494, 0.8676362663459535884, 0.9323077823023288024, 1.000000000000000000 ),
 .UNSPECIFIED. ) ;
#3685 = DIRECTION ( 'NONE',  ( 0.000000000000000000, 1.000000000000000000, 0.000000000000000000 ) ) ;
#3686 = PRESENTATION_STYLE_ASSIGNMENT (( #2097 ) ) ;
#3687 =( NAMED_UNIT ( * ) SI_UNIT ( $, .STERADIAN. ) SOLID_ANGLE_UNIT ( ) );
#3688 = ORIENTED_EDGE ( 'NONE', *, *, #826, .T. ) ;
#3689 = COLOUR_RGB ( '',0.2235294117647058654, 0.2235294117647058654, 0.2235294117647058654 ) ;
#3690 = ADVANCED_FACE ( 'NONE', ( #3126 ), #1656, .T. ) ;
#3691 = STYLED_ITEM ( 'NONE', ( #1184 ), #1397 ) ;
#3692 = VERTEX_POINT ( 'NONE', #3442 ) ;
#3693 = CARTESIAN_POINT ( 'NONE',  ( 0.2839739256511142895, 0.8456569090379154607, 0.01000000000000000021 ) ) ;
#3694 = CARTESIAN_POINT ( 'NONE',  ( -0.4502828660645063485, 0.8468274798983704832, 0.01000000000000000021 ) ) ;
#3695 =( NAMED_UNIT ( * ) SI_UNIT ( $, .STERADIAN. ) SOLID_ANGLE_UNIT ( ) );
#3696 = CARTESIAN_POINT ( 'NONE',  ( -0.2428660009203311432, 0.9795032764191653474, -0.000000000000000000 ) ) ;
#3697 = CARTESIAN_POINT ( 'NONE',  ( -0.1991521343662285004, 1.024335685250696626, 0.01000000000000000021 ) ) ;
#3698 = CARTESIAN_POINT ( 'NONE',  ( 0.000000000000000000, 0.000000000000000000, 5.500000000000000888 ) ) ;
#3699 = CARTESIAN_POINT ( 'NONE',  ( 0.2541283382037863858, 0.8712177238008095292, 0.01000000000000000021 ) ) ;
#3700 = CARTESIAN_POINT ( 'NONE',  ( -0.2429657928937746514, 0.9749715347764192908, 0.01000000000000000021 ) ) ;
#3701 = CARTESIAN_POINT ( 'NONE',  ( -0.1097245581376770918, 0.8468274798983704832, 6.776263578034402713E-18 ) ) ;
#3702 = CARTESIAN_POINT ( 'NONE',  ( 0.3324006034746514460, 1.020864756638684812, 0.01000000000000000021 ) ) ;
#3703 = FILL_AREA_STYLE ('',( #1038 ) ) ;
#3704 = EDGE_CURVE ( 'NONE', #152, #2858, #1245, .T. ) ;
#3705 = ORIENTED_EDGE ( 'NONE', *, *, #3797, .T. ) ;
#3706 = MECHANICAL_DESIGN_GEOMETRIC_PRESENTATION_REPRESENTATION (  '', ( #679 ), #3007 ) ;
#3707 = FACE_OUTER_BOUND ( 'NONE', #1832, .T. ) ;
#3708 =( LENGTH_UNIT ( ) NAMED_UNIT ( * ) SI_UNIT ( .MILLI., .METRE. ) );
#3709 = CARTESIAN_POINT ( 'NONE',  ( -0.1328255032253977397, 1.068058704106646495, 0.01000000000000000021 ) ) ;
#3710 = CARTESIAN_POINT ( 'NONE',  ( -0.1325970905954773349, 0.8757682307984514525, 0.01000000000000000021 ) ) ;
#3711 = CARTESIAN_POINT ( 'NONE',  ( 0.3637202706401015950, 0.9060184498433794253, 0.01000000000000000021 ) ) ;
#3712 = ORIENTED_EDGE ( 'NONE', *, *, #1694, .F. ) ;
#3713 = CIRCLE ( 'NONE', #1997, 1.099999999999998535 ) ;
#3714 = EDGE_CURVE ( 'NONE', #3627, #3421, #1575, .T. ) ;
#3716 = EDGE_CURVE ( 'NONE', #1670, #1960, #1182, .T. ) ;
#3715 = CARTESIAN_POINT ( 'NONE',  ( -0.2428660009203311432, 0.9795032764191653474, 0.01000000000000000021 ) ) ;
#3717 = VERTEX_POINT ( 'NONE', #947 ) ;
#3718 = SURFACE_STYLE_USAGE ( .BOTH. , #1242 ) ;
#3719 = CARTESIAN_POINT ( 'NONE',  ( -0.2612584758206039637, 0.8468274798983704832, 0.01000000000000000021 ) ) ;
#3720 =( GEOMETRIC_REPRESENTATION_CONTEXT ( 3 ) GLOBAL_UNCERTAINTY_ASSIGNED_CONTEXT ( ( #3775 ) ) GLOBAL_UNIT_ASSIGNED_CONTEXT ( ( #221, #600, #2992 ) ) REPRESENTATION_CONTEXT ( 'NONE', 'WORKASPACE' ) );
#3721 = CARTESIAN_POINT ( 'NONE',  ( 0.2816046200114739051, 0.8747622395750354052, 0.01000000000000000021 ) ) ;
#3722 = VECTOR ( 'NONE', #3341, 1000.000000000000000 ) ;
#3723 = CYLINDRICAL_SURFACE ( 'NONE', #806, 1.599999999999999645 ) ;
#3724 = EDGE_LOOP ( 'NONE', ( #174, #3312, #3804, #3188, #2820, #1668, #3762, #1778 ) ) ;
#3725 = DIRECTION ( 'NONE',  ( 0.000000000000000000, -0.000000000000000000, 1.000000000000000000 ) ) ;
#3726 = PRESENTATION_STYLE_ASSIGNMENT (( #3413 ) ) ;
#3727 = DIRECTION ( 'NONE',  ( -0.000000000000000000, 0.000000000000000000, -1.000000000000000000 ) ) ;
#3728 = CARTESIAN_POINT ( 'NONE',  ( -0.3696714587861327783, 1.056484218212418114, 0.01000000000000000021 ) ) ;
#3729 = EDGE_LOOP ( 'NONE', ( #1098, #3472, #3166 ) ) ;
#3730 =( LENGTH_UNIT ( ) NAMED_UNIT ( * ) SI_UNIT ( .MILLI., .METRE. ) );
#3731 = FILL_AREA_STYLE ('',( #2172 ) ) ;
#3732 = UNCERTAINTY_MEASURE_WITH_UNIT (LENGTH_MEASURE( 1.000000000000000082E-05 ), #3892, 'distance_accuracy_value', 'NONE');
#3733 = CARTESIAN_POINT ( 'NONE',  ( 0.1970326024613751059, 0.8558815804052436471, 0.01000000000000000021 ) ) ;
#3734 = VERTEX_POINT ( 'NONE', #2609 ) ;
#3735 = CARTESIAN_POINT ( 'NONE',  ( 0.1968750467154573025, 0.8833295244179203420, 0.01000000000000000021 ) ) ;
#3736 = DIRECTION ( 'NONE',  ( 0.000000000000000000, -1.000000000000000000, 0.000000000000000000 ) ) ;
#3737 = DIRECTION ( 'NONE',  ( 0.000000000000000000, -1.000000000000000000, 0.000000000000000000 ) ) ;
#3738 = B_SPLINE_SURFACE_WITH_KNOTS ( 'NONE', 3, 1, ( 
 ( #424, #1590 ),
 ( #1065, #396 ),
 ( #136, #1617 ),
 ( #117, #1084 ),
 ( #1302, #3500 ),
 ( #753, #793 ),
 ( #443, #101 ),
 ( #1022, #730 ),
 ( #1923, #1639 ),
 ( #1046, #1339 ),
 ( #3165, #2238 ),
 ( #1947, #465 ),
 ( #287, #1229 ),
 ( #1390, #2959 ),
 ( #2070, #1462 ),
 ( #3600, #1192 ),
 ( #3022, #1518 ),
 ( #1479, #3281 ),
 ( #2980, #10 ) ),
 .UNSPECIFIED., .F., .F., .F.,
 ( 4, 1, 1, 1, 1, 1, 1, 1, 1, 1, 1, 1, 1, 1, 1, 1, 4 ),
 ( 2, 2 ),
 ( 0.000000000000000000, 0.06460397028839216793, 0.1267024139629469304, 0.1867568140356180018, 0.2455056873654371807, 0.3036520244499752441, 0.3615030739706253105, 0.4202402229284674662, 0.4800333407766964045, 0.5406781347755161837, 0.6011918063807818458, 0.6623335024774424928, 0.7247395102972320480, 0.7894677361728869025, 0.8565048600438311954, 0.9263120958391893867, 1.000000000000000000 ),
 ( 0.000000000000000000, 1.000000000000000000 ),
 .UNSPECIFIED. ) ;
#3739 = PRESENTATION_STYLE_ASSIGNMENT (( #3192 ) ) ;
#3740 =( NAMED_UNIT ( * ) PLANE_ANGLE_UNIT ( ) SI_UNIT ( $, .RADIAN. ) );
#3741 = PRESENTATION_LAYER_ASSIGNMENT (  '', '', ( #898 ) ) ;
#3742 = ORIENTED_EDGE ( 'NONE', *, *, #2881, .F. ) ;
#3743 =( LENGTH_UNIT ( ) NAMED_UNIT ( * ) SI_UNIT ( .MILLI., .METRE. ) );
#3744 = SURFACE_STYLE_USAGE ( .BOTH. , #1955 ) ;
#3745 = VERTEX_POINT ( 'NONE', #1394 ) ;
#3746 = CARTESIAN_POINT ( 'NONE',  ( 0.1899610363745180830, 0.8597847969715411987, 0.01000000000000000021 ) ) ;
#3747 = LINE ( 'NONE', #95, #2276 ) ;
#3748 = ORIENTED_EDGE ( 'NONE', *, *, #608, .T. ) ;
#3749 = CARTESIAN_POINT ( 'NONE',  ( 0.1411805485696399909, 0.8468274798983704832, 0.01000000000000000021 ) ) ;
#3750 = DIRECTION ( 'NONE',  ( -0.000000000000000000, -0.000000000000000000, 1.000000000000000000 ) ) ;
#3751 = CARTESIAN_POINT ( 'NONE',  ( -0.1325970905954773349, 0.8757682307984514525, 1.355252715606880543E-17 ) ) ;
#3752 = EDGE_CURVE ( 'NONE', #2444, #3400, #1094, .T. ) ;
#3753 = VERTEX_POINT ( 'NONE', #449 ) ;
#3754 = SURFACE_STYLE_FILL_AREA ( #1392 ) ;
#3755 = CARTESIAN_POINT ( 'NONE',  ( -0.2978438416742624217, 0.8468274798983704832, 0.01000000000000000021 ) ) ;
#3756 = CARTESIAN_POINT ( 'NONE',  ( 0.1970326024613751059, 0.8558815804052436471, 6.776263578034402713E-18 ) ) ;
#3757 = ADVANCED_FACE ( 'NONE', ( #2860 ), #1623, .T. ) ;
#3758 = UNCERTAINTY_MEASURE_WITH_UNIT (LENGTH_MEASURE( 1.000000000000000082E-05 ), #3136, 'distance_accuracy_value', 'NONE');
#3759 = ORIENTED_EDGE ( 'NONE', *, *, #15, .T. ) ;
#3760 = CARTESIAN_POINT ( 'NONE',  ( 0.1076439632037863581, 0.9596323579471509602, 0.01000000000000000021 ) ) ;
#3761 = FILL_AREA_STYLE_COLOUR ( '', #2387 ) ;
#3762 = ORIENTED_EDGE ( 'NONE', *, *, #836, .F. ) ;
#3763 = DIRECTION ( 'NONE',  ( -0.000000000000000000, -0.000000000000000000, -1.000000000000000000 ) ) ;
#3764 = SURFACE_STYLE_USAGE ( .BOTH. , #1773 ) ;
#3765 = ORIENTED_EDGE ( 'NONE', *, *, #2223, .F. ) ;
#3766 =( NAMED_UNIT ( * ) PLANE_ANGLE_UNIT ( ) SI_UNIT ( $, .RADIAN. ) );
#3767 = PRESENTATION_LAYER_ASSIGNMENT (  '', '', ( #2433 ) ) ;
#3768 =( NAMED_UNIT ( * ) PLANE_ANGLE_UNIT ( ) SI_UNIT ( $, .RADIAN. ) );
#3769 = AXIS2_PLACEMENT_3D ( 'NONE', #2083, #1437, #3851 ) ;
#3770 = EDGE_LOOP ( 'NONE', ( #3156, #1217, #2458, #1654 ) ) ;
#3771 =( GEOMETRIC_REPRESENTATION_CONTEXT ( 3 ) GLOBAL_UNCERTAINTY_ASSIGNED_CONTEXT ( ( #815 ) ) GLOBAL_UNIT_ASSIGNED_CONTEXT ( ( #3426, #2448, #3695 ) ) REPRESENTATION_CONTEXT ( 'NONE', 'WORKASPACE' ) );
#3772 = CARTESIAN_POINT ( 'NONE',  ( 0.2297840265113375302, 0.8458941143970081233, 0.01000000000000000021 ) ) ;
#3773 = CARTESIAN_POINT ( 'NONE',  ( 0.2541283382037863858, 0.8712177238008095292, 0.01000000000000000021 ) ) ;
#3774 = EDGE_CURVE ( 'NONE', #1708, #3664, #199, .T. ) ;
#3775 = UNCERTAINTY_MEASURE_WITH_UNIT (LENGTH_MEASURE( 1.000000000000000082E-05 ), #221, 'distance_accuracy_value', 'NONE');
#3776 = DIRECTION ( 'NONE',  ( -0.3222024856061133646, 0.9466707760722532505, 0.000000000000000000 ) ) ;
#3777 =( GEOMETRIC_REPRESENTATION_CONTEXT ( 3 ) GLOBAL_UNCERTAINTY_ASSIGNED_CONTEXT ( ( #3508 ) ) GLOBAL_UNIT_ASSIGNED_CONTEXT ( ( #1280, #3533, #248 ) ) REPRESENTATION_CONTEXT ( 'NONE', 'WORKASPACE' ) );
#3778 = COLOUR_RGB ( '',0.9686274509803921573, 0.8784313725490195957, 0.5999999999999999778 ) ;
#3779 = ORIENTED_EDGE ( 'NONE', *, *, #2257, .T. ) ;
#3780 = SURFACE_SIDE_STYLE ('',( #3177 ) ) ;
#3781 = STYLED_ITEM ( 'NONE', ( #605 ), #2797 ) ;
#3782 = ORIENTED_EDGE ( 'NONE', *, *, #3468, .T. ) ;
#3783 = CARTESIAN_POINT ( 'NONE',  ( 0.000000000000000000, 0.000000000000000000, 0.000000000000000000 ) ) ;
#3784 = ORIENTED_EDGE ( 'NONE', *, *, #1555, .T. ) ;
#3785 =( NAMED_UNIT ( * ) PLANE_ANGLE_UNIT ( ) SI_UNIT ( $, .RADIAN. ) );
#3786 = PRESENTATION_LAYER_ASSIGNMENT (  '', '', ( #1758 ) ) ;
#3787 = CARTESIAN_POINT ( 'NONE',  ( -0.1097245581376770918, 0.8468274798983704832, 5.082197683525802034E-18 ) ) ;
#3788 =( NAMED_UNIT ( * ) PLANE_ANGLE_UNIT ( ) SI_UNIT ( $, .RADIAN. ) );
#3789 = UNCERTAINTY_MEASURE_WITH_UNIT (LENGTH_MEASURE( 1.000000000000000082E-05 ), #332, 'distance_accuracy_value', 'NONE');
#3790 = EDGE_CURVE ( 'NONE', #498, #1189, #1372, .T. ) ;
#3791 = CARTESIAN_POINT ( 'NONE',  ( -0.3761117532596283120, 1.048809187215443695, 0.01000000000000000021 ) ) ;
#3792 = ORIENTED_EDGE ( 'NONE', *, *, #506, .F. ) ;
#3793 = FILL_AREA_STYLE_COLOUR ( '', #1637 ) ;
#3794 =( NAMED_UNIT ( * ) PLANE_ANGLE_UNIT ( ) SI_UNIT ( $, .RADIAN. ) );
#3795 = CARTESIAN_POINT ( 'NONE',  ( 0.2045900185825241802, 0.8526630578771958735, 6.776263578034402713E-18 ) ) ;
#3796 = LINE ( 'NONE', #3506, #1083 ) ;
#3797 = EDGE_CURVE ( 'NONE', #981, #2463, #759, .T. ) ;
#3798 = VECTOR ( 'NONE', #1416, 1000.000000000000000 ) ;
#3799 = STYLED_ITEM ( 'NONE', ( #294 ), #1759 ) ;
#3800 = PRESENTATION_STYLE_ASSIGNMENT (( #3512 ) ) ;
#3801 = VERTEX_POINT ( 'NONE', #2266 ) ;
#3802 = AXIS2_PLACEMENT_3D ( 'NONE', #1113, #513, #2291 ) ;
#3803 = ORIENTED_EDGE ( 'NONE', *, *, #3790, .F. ) ;
#3804 = ORIENTED_EDGE ( 'NONE', *, *, #2386, .F. ) ;
#3805 = SURFACE_STYLE_USAGE ( .BOTH. , #1173 ) ;
#3806 = LINE ( 'NONE', #1426, #2925 ) ;
#3807 = PRESENTATION_LAYER_ASSIGNMENT (  '', '', ( #1595 ) ) ;
#3808 = CARTESIAN_POINT ( 'NONE',  ( 0.1899610363745180830, 0.8872238213617851255, 0.01000000000000000021 ) ) ;
#3809 = ORIENTED_EDGE ( 'NONE', *, *, #792, .T. ) ;
#3810 = FILL_AREA_STYLE_COLOUR ( '', #3778 ) ;
#3811 = DIRECTION ( 'NONE',  ( 1.000000000000000000, 0.000000000000000000, 0.000000000000000000 ) ) ;
#3812 =( GEOMETRIC_REPRESENTATION_CONTEXT ( 3 ) GLOBAL_UNCERTAINTY_ASSIGNED_CONTEXT ( ( #3028 ) ) GLOBAL_UNIT_ASSIGNED_CONTEXT ( ( #2783, #1208, #2128 ) ) REPRESENTATION_CONTEXT ( 'NONE', 'WORKASPACE' ) );
#3813 = CARTESIAN_POINT ( 'NONE',  ( 0.1970326024613751059, 0.8558815804052436471, 0.01000000000000000021 ) ) ;
#3814 = CARTESIAN_POINT ( 'NONE',  ( -0.3893072563084088444, 1.096827479898370372, 0.000000000000000000 ) ) ;
#3815 = EDGE_CURVE ( 'NONE', #3574, #3541, #3713, .T. ) ;
#3816 = CARTESIAN_POINT ( 'NONE',  ( -0.04174628069865263941, 1.096827479898370372, 0.000000000000000000 ) ) ;
#3817 = SURFACE_SIDE_STYLE ('',( #2612 ) ) ;
#3818 = UNCERTAINTY_MEASURE_WITH_UNIT (LENGTH_MEASURE( 1.000000000000000082E-05 ), #849, 'distance_accuracy_value', 'NONE');
#3819 = DIRECTION ( 'NONE',  ( 0.000000000000000000, -1.000000000000000000, 0.000000000000000000 ) ) ;
#3820 = COLOUR_RGB ( '',0.2235294117647058654, 0.2235294117647058654, 0.2235294117647058654 ) ;
#3821 =( NAMED_UNIT ( * ) SI_UNIT ( $, .STERADIAN. ) SOLID_ANGLE_UNIT ( ) );
#3822 = CARTESIAN_POINT ( 'NONE',  ( -0.1121540550888966009, 1.069388455508126556, 0.01000000000000000021 ) ) ;
#3823 = ORIENTED_EDGE ( 'NONE', *, *, #2995, .F. ) ;
#3824 = B_SPLINE_CURVE_WITH_KNOTS ( 'NONE', 3,
 ( #1777, #1206, #2975, #317, #2725, #3360, #2366, #1225, #3042, #2144, #49 ),
 .UNSPECIFIED., .F., .F.,
 ( 4, 1, 1, 1, 1, 1, 1, 1, 4 ),
 ( 0.000000000000000000, 0.1124483899088009053, 0.2265276752126773319, 0.3444019493260274678, 0.4658649724874581732, 0.5916594493521163400, 0.7221684870248874510, 0.8586063875549265756, 1.000000000000000000 ),
 .UNSPECIFIED. ) ;
#3825 =( GEOMETRIC_REPRESENTATION_CONTEXT ( 3 ) GLOBAL_UNCERTAINTY_ASSIGNED_CONTEXT ( ( #1525 ) ) GLOBAL_UNIT_ASSIGNED_CONTEXT ( ( #3743, #433, #2866 ) ) REPRESENTATION_CONTEXT ( 'NONE', 'WORKASPACE' ) );
#3826 = ORIENTED_EDGE ( 'NONE', *, *, #1138, .F. ) ;
#3827 = PRESENTATION_STYLE_ASSIGNMENT (( #3805 ) ) ;
#3828 = ORIENTED_EDGE ( 'NONE', *, *, #2211, .F. ) ;
#3829 = LINE ( 'NONE', #3542, #1105 ) ;
#3830 = PLANE ( 'NONE',  #349 ) ;
#3831 = EDGE_CURVE ( 'NONE', #2641, #3449, #3881, .T. ) ;
#3832 =( NAMED_UNIT ( * ) SI_UNIT ( $, .STERADIAN. ) SOLID_ANGLE_UNIT ( ) );
#3833 = CARTESIAN_POINT ( 'NONE',  ( 0.1899610363745180830, 1.056431138434955841, 0.01000000000000000021 ) ) ;
#3834 = EDGE_CURVE ( 'NONE', #166, #3421, #295, .T. ) ;
#3835 = VECTOR ( 'NONE', #2127, 1000.000000000000000 ) ;
#3836 = ADVANCED_FACE ( 'NONE', ( #3866 ), #1216, .T. ) ;
#3837 = CARTESIAN_POINT ( 'NONE',  ( 0.4917903046672009726, 1.096827479898370372, 0.01000000000000000021 ) ) ;
#3838 = COLOUR_RGB ( '',0.2235294117647058654, 0.2235294117647058654, 0.2235294117647058654 ) ;
#3839 = CARTESIAN_POINT ( 'NONE',  ( 0.3288501559391815987, 0.9120008336298426332, 0.01000000000000000021 ) ) ;
#3840 = CARTESIAN_POINT ( 'NONE',  ( 0.1076439632037863581, 0.8742665042886144100, 0.01000000000000000021 ) ) ;
#3841 = DIRECTION ( 'NONE',  ( -1.000000000000000000, 0.000000000000000000, 0.000000000000000000 ) ) ;
#3842 = VECTOR ( 'NONE', #1042, 1000.000000000000000 ) ;
#3843 = ORIENTED_EDGE ( 'NONE', *, *, #1064, .T. ) ;
#3844 = MECHANICAL_DESIGN_GEOMETRIC_PRESENTATION_REPRESENTATION (  '', ( #3351 ), #2944 ) ;
#3845 = DIRECTION ( 'NONE',  ( -0.000000000000000000, -0.000000000000000000, 1.000000000000000000 ) ) ;
#3846 =( NAMED_UNIT ( * ) PLANE_ANGLE_UNIT ( ) SI_UNIT ( $, .RADIAN. ) );
#3847 =( NAMED_UNIT ( * ) PLANE_ANGLE_UNIT ( ) SI_UNIT ( $, .RADIAN. ) );
#3848 = CARTESIAN_POINT ( 'NONE',  ( 0.4917903046672009726, 1.096827479898370372, 0.01000000000000000021 ) ) ;
#3849 = CARTESIAN_POINT ( 'NONE',  ( 0.2318867802400057243, 1.099304646944655239, 6.776263578034402713E-18 ) ) ;
#3850 =( NAMED_UNIT ( * ) SI_UNIT ( $, .STERADIAN. ) SOLID_ANGLE_UNIT ( ) );
#3851 = DIRECTION ( 'NONE',  ( 1.000000000000000000, 0.000000000000000000, 0.000000000000000000 ) ) ;
#3852 = SURFACE_STYLE_USAGE ( .BOTH. , #542 ) ;
#3853 = COLOUR_RGB ( '',0.2235294117647058654, 0.2235294117647058654, 0.2235294117647058654 ) ;
#3854 =( GEOMETRIC_REPRESENTATION_CONTEXT ( 3 ) GLOBAL_UNCERTAINTY_ASSIGNED_CONTEXT ( ( #3444 ) ) GLOBAL_UNIT_ASSIGNED_CONTEXT ( ( #3127, #1345, #2305 ) ) REPRESENTATION_CONTEXT ( 'NONE', 'WORKASPACE' ) );
#3855 = CARTESIAN_POINT ( 'NONE',  ( -0.3674417837474331927, 1.048809187215443695, 0.000000000000000000 ) ) ;
#3856 = CARTESIAN_POINT ( 'NONE',  ( 0.000000000000000000, 0.000000000000000000, 0.000000000000000000 ) ) ;
#3857 = UNCERTAINTY_MEASURE_WITH_UNIT (LENGTH_MEASURE( 1.000000000000000082E-05 ), #2475, 'distance_accuracy_value', 'NONE');
#3858 = CARTESIAN_POINT ( 'NONE',  ( -0.5999999999999999778, 7.347880794884117764E-17, 0.000000000000000000 ) ) ;
#3859 = ORIENTED_EDGE ( 'NONE', *, *, #1078, .T. ) ;
#3860 = CARTESIAN_POINT ( 'NONE',  ( -0.1766179429954099211, 0.8942782627334830980, 0.000000000000000000 ) ) ;
#3861 = CARTESIAN_POINT ( 'NONE',  ( -0.1630623482119046563, 0.8553797757563829096, 0.01000000000000000021 ) ) ;
#3862 = CARTESIAN_POINT ( 'NONE',  ( 1.599999999999999423, 0.000000000000000000, 5.500000000000000888 ) ) ;
#3863 = ADVANCED_FACE ( 'NONE', ( #579 ), #431, .T. ) ;
#3864 = EDGE_CURVE ( 'NONE', #3502, #3875, #1902, .T. ) ;
#3865 = SURFACE_STYLE_USAGE ( .BOTH. , #1448 ) ;
#3866 = FACE_OUTER_BOUND ( 'NONE', #2582, .T. ) ;
#3867 = EDGE_LOOP ( 'NONE', ( #1672, #2318, #1332, #2778 ) ) ;
#3868 = CARTESIAN_POINT ( 'NONE',  ( 0.2253153440780914785, 1.070304058907975087, 0.01000000000000000021 ) ) ;
#3869 = SURFACE_STYLE_FILL_AREA ( #3314 ) ;
#3870 = CARTESIAN_POINT ( 'NONE',  ( 0.3759366461306156704, 0.9671113975812972718, 0.01000000000000000021 ) ) ;
#3871 =( NAMED_UNIT ( * ) SI_UNIT ( $, .STERADIAN. ) SOLID_ANGLE_UNIT ( ) );
#3872 = CARTESIAN_POINT ( 'NONE',  ( 0.1076439632037863581, 1.069388455508126556, 0.000000000000000000 ) ) ;
#3873 = CARTESIAN_POINT ( 'NONE',  ( -0.1157138741405065452, 1.069315206965853138, -0.000000000000000000 ) ) ;
#3874 = ORIENTED_EDGE ( 'NONE', *, *, #2979, .T. ) ;
#3875 = VERTEX_POINT ( 'NONE', #3420 ) ;
#3876 = CARTESIAN_POINT ( 'NONE',  ( -0.1748016253275325449, 0.8602890726596484905, 6.776263578034402713E-18 ) ) ;
#3877 = CARTESIAN_POINT ( 'NONE',  ( 0.1899610363745180830, 0.8872238213617851255, 0.01000000000000000021 ) ) ;
#3878 = SURFACE_STYLE_FILL_AREA ( #2113 ) ;
#3879 = FACE_OUTER_BOUND ( 'NONE', #618, .T. ) ;
#3880 = CARTESIAN_POINT ( 'NONE',  ( 0.3104472669585207623, 1.085813522749777382, 0.000000000000000000 ) ) ;
#3881 = LINE ( 'NONE', #3288, #747 ) ;
#3882 = ORIENTED_EDGE ( 'NONE', *, *, #3000, .F. ) ;
#3883 =( NAMED_UNIT ( * ) PLANE_ANGLE_UNIT ( ) SI_UNIT ( $, .RADIAN. ) );
#3884 = DIRECTION ( 'NONE',  ( 0.000000000000000000, -1.000000000000000000, 0.000000000000000000 ) ) ;
#3885 = LINE ( 'NONE', #3577, #2780 ) ;
#3886 = CARTESIAN_POINT ( 'NONE',  ( -0.1097245581376770918, 0.8468274798983704832, 0.01000000000000000021 ) ) ;
#3887 = FILL_AREA_STYLE_COLOUR ( '', #1431 ) ;
#3888 =( NAMED_UNIT ( * ) SI_UNIT ( $, .STERADIAN. ) SOLID_ANGLE_UNIT ( ) );
#3889 = ORIENTED_EDGE ( 'NONE', *, *, #949, .T. ) ;
#3890 = COLOUR_RGB ( '',0.2235294117647058654, 0.2235294117647058654, 0.2235294117647058654 ) ;
#3891 = PRESENTATION_STYLE_ASSIGNMENT (( #573 ) ) ;
#3892 =( LENGTH_UNIT ( ) NAMED_UNIT ( * ) SI_UNIT ( .MILLI., .METRE. ) );
#3893 = FILL_AREA_STYLE ('',( #323 ) ) ;
#3894 = CARTESIAN_POINT ( 'NONE',  ( 0.2487929723501278445, 1.099876260386175364, 0.01000000000000000021 ) ) ;
#3895 = STYLED_ITEM ( 'NONE', ( #3383 ), #2999 ) ;
#3896 = CIRCLE ( 'NONE', #1748, 0.5999999999999999778 ) ;
#3897 = STYLED_ITEM ( 'NONE', ( #1683 ), #2789 ) ;
#3898 = ADVANCED_FACE ( 'NONE', ( #1588 ), #2417, .T. ) ;
#3899 = ORIENTED_EDGE ( 'NONE', *, *, #2014, .T. ) ;
ENDSEC;
END-ISO-10303-21;
