#VRML V2.0 utf8
# replacement USB-C, placed on the OpenFC footprint datum

Shape{
    appearance Appearance {
        material  Material 	{
            diffuseColor 0.2235294117647059 0.2235294117647059 0.2235294117647059
            specularColor 0.156471 0.156471 0.156471
            ambientIntensity 0.2
            transparency 0
            shininess 0.5
        }
    }
    geometry IndexedFaceSet {
        ccw TRUE
        solid FALSE
        coord DEF co Coordinate {
            point [
1.240157 0.501181 -0.622047,1.239058 0.486512 -0.622047,1.235785 0.472170 -0.622047,1.230410 0.458476 -0.622047,1.223055 0.445736 -0.622047,1.213883 0.434235 -0.622047,1.203099 0.424229 -0.622047,1.190945 0.415942 -0.622047,1.177691 0.409560 -0.622047,1.163634 0.405224 -0.622047,1.149088 0.403031 -0.622047,1.134377 0.403031 -0.622047,1.119831 0.405224 -0.622047,1.105774 0.409560 -0.622047,1.092520 0.415942 -0.622047,1.080365 0.424229 -0.622047,1.069582 0.434235 -0.622047,1.060410 0.445736 -0.622047,1.053054 0.458476 -0.622047,1.047680 0.472170 -0.622047,1.044406 0.486512 -0.622047,1.043307 0.501181 -0.622047,1.044406 0.515851 -0.622047,1.047680 0.530192 -0.622047,1.053054 0.543886 -0.622047,1.060410 0.556626 -0.622047,1.069582 0.568127 -0.622047,1.080365 0.578133 -0.622047,1.092520 0.586420 -0.622047,1.105774 0.592803 -0.622047,1.119831 0.597139 -0.622047,1.134377 0.599331 -0.622047,1.149088 0.599331 -0.622047,1.163634 0.597139 -0.622047,1.177691 0.592803 -0.622047,1.190945 0.586420 -0.622047,1.203099 0.578133 -0.622047,1.213883 0.568127 -0.622047,1.223055 0.556626 -0.622047,1.230410 0.543886 -0.622047,1.235785 0.530192 -0.622047,1.239058 0.515851 -0.622047,1.240157 0.501181 -0.622047,1.240157 0.501181 -0.838583,1.240157 0.501181 -0.838583,1.239058 0.486512 -0.838583,1.235785 0.472170 -0.838583,1.230410 0.458476 -0.838583,1.223055 0.445736 -0.838583,1.213883 0.434235 -0.838583,1.203099 0.424229 -0.838583,1.190945 0.415942 -0.838583,1.177691 0.409560 -0.838583,1.163634 0.405224 -0.838583,1.149088 0.403031 -0.838583,1.134377 0.403031 -0.838583,1.119831 0.405224 -0.838583,1.105774 0.409560 -0.838583,1.092520 0.415942 -0.838583,1.080365 0.424229 -0.838583,1.069582 0.434235 -0.838583,1.060410 0.445736 -0.838583,1.053054 0.458476 -0.838583,1.047680 0.472170 -0.838583,1.044406 0.486512 -0.838583,1.043307 0.501181 -0.838583,1.044406 0.515851 -0.838583,1.047680 0.530192 -0.838583,1.053054 0.543886 -0.838583,1.060410 0.556626 -0.838583,1.069582 0.568127 -0.838583,1.080365 0.578133 -0.838583,1.092520 0.586420 -0.838583,1.105774 0.592803 -0.838583,1.119831 0.597139 -0.838583,1.134377 0.599331 -0.838583,1.149088 0.599331 -0.838583,1.163634 0.597139 -0.838583,1.177691 0.592803 -0.838583,1.190945 0.586420 -0.838583,1.203099 0.578133 -0.838583,1.213883 0.568127 -0.838583,1.223055 0.556626 -0.838583,1.230410 0.543886 -0.838583,1.235785 0.530192 -0.838583,1.239058 0.515851 -0.838583,1.240157 0.501181 -0.838583,1.239757 0.501181 -0.844186,1.238563 0.501181 -0.849675,1.236600 0.501181 -0.854938,1.233908 0.501181 -0.859868,1.230541 0.501181 -0.864365,1.226569 0.501181 -0.868337,1.222072 0.501181 -0.871703,1.217142 0.501181 -0.874395,1.211879 0.501181 -0.876358,1.206390 0.501181 -0.877552,1.200787 0.501181 -0.877953,1.239058 0.486512 -0.838583,1.235785 0.472170 -0.838583,1.230410 0.458476 -0.838583,1.223055 0.445736 -0.838583,1.213883 0.434235 -0.838583,1.203099 0.424229 -0.838583,1.190945 0.415942 -0.838583,1.177691 0.409560 -0.838583,1.163634 0.405224 -0.838583,1.149088 0.403031 -0.838583,1.134377 0.403031 -0.838583,1.119831 0.405224 -0.838583,1.105774 0.409560 -0.838583,1.092520 0.415942 -0.838583,1.080365 0.424229 -0.838583,1.069582 0.434235 -0.838583,1.060410 0.445736 -0.838583,1.053054 0.458476 -0.838583,1.047680 0.472170 -0.838583,1.044406 0.486512 -0.838583,1.043307 0.501181 -0.838583,1.044406 0.515851 -0.838583,1.047680 0.530192 -0.838583,1.053054 0.543886 -0.838583,1.060410 0.556626 -0.838583,1.069582 0.568127 -0.838583,1.080365 0.578133 -0.838583,1.092520 0.586420 -0.838583,1.105774 0.592803 -0.838583,1.119831 0.597139 -0.838583,1.134377 0.599331 -0.838583,1.149088 0.599331 -0.838583,1.163634 0.597139 -0.838583,1.177691 0.592803 -0.838583,1.190945 0.586420 -0.838583,1.203099 0.578133 -0.838583,1.213883 0.568127 -0.838583,1.223055 0.556626 -0.838583,1.230410 0.543886 -0.838583,1.235785 0.530192 -0.838583,1.239058 0.515851 -0.838583,1.240157 0.501181 -0.838583,1.239757 0.501181 -0.844186,1.238563 0.501181 -0.849675,1.236600 0.501181 -0.854938,1.233908 0.501181 -0.859868,1.230541 0.501181 -0.864365,1.226569 0.501181 -0.868337,1.222072 0.501181 -0.871703,1.217142 0.501181 -0.874395,1.211879 0.501181 -0.876358,1.206390 0.501181 -0.877552,1.200787 0.501181 -0.877953,1.200128 0.492379 -0.877953,1.198164 0.483774 -0.877953,1.194939 0.475558 -0.877953,1.190526 0.467914 -0.877953,1.185023 0.461013 -0.877953,1.178553 0.455010 -0.877953,1.171260 0.450038 -0.877953,1.163308 0.446208 -0.877953,1.154873 0.443607 -0.877953,1.146145 0.442291 -0.877953,1.137319 0.442291 -0.877953,1.128591 0.443607 -0.877953,1.120157 0.446208 -0.877953,1.112205 0.450038 -0.877953,1.104912 0.455010 -0.877953,1.098442 0.461013 -0.877953,1.092939 0.467914 -0.877953,1.088525 0.475558 -0.877953,1.085301 0.483774 -0.877953,1.083337 0.492379 -0.877953,1.082677 0.501181 -0.877953,1.083337 0.509983 -0.877953,1.085301 0.518588 -0.877953,1.088525 0.526804 -0.877953,1.092939 0.534448 -0.877953,1.098442 0.541349 -0.877953,1.104912 0.547352 -0.877953,1.112205 0.552324 -0.877953,1.120157 0.556154 -0.877953,1.128591 0.558756 -0.877953,1.137319 0.560071 -0.877953,1.146145 0.560071 -0.877953,1.154873 0.558756 -0.877953,1.163308 0.556154 -0.877953,1.171260 0.552324 -0.877953,1.178553 0.547352 -0.877953,1.185023 0.541349 -0.877953,1.190526 0.534448 -0.877953,1.194939 0.526804 -0.877953,1.198164 0.518588 -0.877953,1.200128 0.509983 -0.877953,1.238662 0.486571 -0.844186,1.237481 0.486749 -0.849675,1.235540 0.487042 -0.854938,1.235402 0.472288 -0.844186,1.232878 0.487443 -0.859868,1.234261 0.472640 -0.849675,1.229549 0.487945 -0.864365,1.232385 0.473218 -0.854938,1.230049 0.458650 -0.844186,1.225622 0.488537 -0.868337,1.229813 0.474012 -0.859868,1.228973 0.459168 -0.849675,1.221175 0.489207 -0.871703,1.226596 0.475004 -0.864365,1.227205 0.460020 -0.854938,1.222724 0.445962 -0.844186,1.216300 0.489942 -0.874395,1.222800 0.476175 -0.868337,1.224779 0.461188 -0.859868,1.221737 0.446635 -0.849675,1.211096 0.490726 -0.876358,1.218503 0.477500 -0.871703,1.221746 0.462648 -0.864365,1.220115 0.447740 -0.854938,1.213589 0.434508 -0.844186,1.205668 0.491544 -0.877552,1.213792 0.478954 -0.874395,1.218168 0.464372 -0.868337,1.217891 0.449257 -0.859868,1.212714 0.435320 -0.849675,1.208763 0.480505 -0.876358,1.214116 0.466323 -0.871703,1.215110 0.451153 -0.864365,1.211275 0.436655 -0.854938,1.202850 0.424542 -0.844186,1.203518 0.482123 -0.877552,1.209674 0.468462 -0.874395,1.211828 0.453391 -0.868337,1.209302 0.438486 -0.859868,1.202105 0.425476 -0.849675,1.204933 0.470745 -0.876358,1.208112 0.455924 -0.871703,1.206834 0.440776 -0.864365,1.200881 0.427011 -0.854938,1.190745 0.416289 -0.844186,1.199987 0.473127 -0.877552,1.204039 0.458701 -0.874395,1.203922 0.443477 -0.868337,1.199203 0.429116 -0.859868,1.190147 0.417323 -0.849675,1.199690 0.461666 -0.876358,1.200626 0.446536 -0.871703,1.197104 0.431747 -0.864365,1.189166 0.419024 -0.854938,1.177545 0.409933 -0.844186,1.195155 0.464758 -0.877552,1.197012 0.449889 -0.874395,1.194627 0.434853 -0.868337,1.187820 0.421355 -0.859868,1.177108 0.411044 -0.849675,1.193154 0.453469 -0.876358,1.191824 0.438369 -0.871703,1.186137 0.424270 -0.864365,1.176391 0.412872 -0.854938,1.163545 0.405614 -0.844186,1.189130 0.457202 -0.877552,1.188750 0.442223 -0.874395,1.184151 0.427710 -0.868337,1.175408 0.415378 -0.859868,1.163279 0.406778 -0.849675,1.185468 0.446338 -0.876358,1.181902 0.431604 -0.871703,1.174178 0.418511 -0.864365,1.162842 0.408692 -0.854938,1.149058 0.403431 -0.844186,1.182046 0.450629 -0.877552,1.179437 0.435874 -0.874395,1.172727 0.422209 -0.868337,1.162243 0.411317 -0.859868,1.148968 0.404621 -0.849675,1.176806 0.440432 -0.876358,1.171084 0.426395 -0.871703,1.161494 0.414599 -0.864365,1.148822 0.406579 -0.854938,1.134407 0.403431 -0.844186,1.174061 0.445186 -0.877552,1.169283 0.430984 -0.874395,1.160610 0.418471 -0.868337,1.148621 0.409264 -0.859868,1.134496 0.404621 -0.849675,1.167360 0.435883 -0.876358,1.159610 0.422855 -0.871703,1.148369 0.412620 -0.864365,1.134643 0.406579 -0.854938,1.119920 0.405614 -0.844186,1.165355 0.440993 -0.877552,1.158513 0.427662 -0.874395,1.148072 0.416581 -0.868337,1.134844 0.409264 -0.859868,1.120185 0.406778 -0.849675,1.157341 0.432793 -0.876358,1.147736 0.421066 -0.871703,1.135096 0.412620 -0.864365,1.120622 0.408692 -0.854938,1.105920 0.409933 -0.844186,1.156120 0.438144 -0.877552,1.147368 0.425982 -0.874395,1.135392 0.416581 -0.868337,1.121221 0.411317 -0.859868,1.106356 0.411044 -0.849675,1.146974 0.431230 -0.876358,1.135728 0.421066 -0.871703,1.121970 0.414599 -0.864365,1.107073 0.412872 -0.854938,1.092720 0.416289 -0.844186,1.146564 0.436704 -0.877552,1.136097 0.425982 -0.874395,1.122854 0.418471 -0.868337,1.108057 0.415378 -0.859868,1.093317 0.417323 -0.849675,1.136490 0.431230 -0.876358,1.123855 0.422855 -0.871703,1.109287 0.418511 -0.864365,1.094299 0.419024 -0.854938,1.080615 0.424542 -0.844186,1.136900 0.436704 -0.877552,1.124952 0.427662 -0.874395,1.110738 0.422209 -0.868337,1.095645 0.421355 -0.859868,1.081359 0.425476 -0.849675,1.126123 0.432793 -0.876358,1.112381 0.426395 -0.871703,1.097328 0.424270 -0.864365,1.082583 0.427011 -0.854938,1.069875 0.434508 -0.844186,1.127345 0.438144 -0.877552,1.114182 0.430984 -0.874395,1.099314 0.427710 -0.868337,1.084262 0.429116 -0.859868,1.070751 0.435320 -0.849675,1.116105 0.435883 -0.876358,1.101562 0.431604 -0.871703,1.086361 0.431747 -0.864365,1.072190 0.436655 -0.854938,1.060741 0.445962 -0.844186,1.118110 0.440993 -0.877552,1.104027 0.435874 -0.874395,1.088837 0.434853 -0.868337,1.074163 0.438486 -0.859868,1.061727 0.446635 -0.849675,1.106659 0.440432 -0.876358,1.091641 0.438369 -0.871703,1.076631 0.440776 -0.864365,1.063349 0.447740 -0.854938,1.053415 0.458650 -0.844186,1.109403 0.445186 -0.877552,1.094715 0.442223 -0.874395,1.079542 0.443477 -0.868337,1.065573 0.449257 -0.859868,1.054491 0.459168 -0.849675,1.097996 0.446338 -0.876358,1.082839 0.446536 -0.871703,1.068355 0.451153 -0.864365,1.056260 0.460020 -0.854938,1.048063 0.472288 -0.844186,1.101419 0.450629 -0.877552,1.086453 0.449889 -0.874395,1.071637 0.453391 -0.868337,1.058685 0.461188 -0.859868,1.049204 0.472640 -0.849675,1.090311 0.453469 -0.876358,1.075352 0.455924 -0.871703,1.061718 0.462648 -0.864365,1.051080 0.473218 -0.854938,1.044803 0.486571 -0.844186,1.094335 0.457202 -0.877552,1.079426 0.458701 -0.874395,1.065297 0.464372 -0.868337,1.053652 0.474012 -0.859868,1.045983 0.486749 -0.849675,1.083774 0.461666 -0.876358,1.069348 0.466323 -0.871703,1.056869 0.475004 -0.864365,1.047924 0.487042 -0.854938,1.043708 0.501181 -0.844186,1.088309 0.464758 -0.877552,1.073790 0.468462 -0.874395,1.060664 0.476175 -0.868337,1.050586 0.487443 -0.859868,1.044902 0.501181 -0.849675,1.078532 0.470745 -0.876358,1.064961 0.477500 -0.871703,1.053915 0.487945 -0.864365,1.046865 0.501181 -0.854938,1.044803 0.515791 -0.844186,1.083477 0.473127 -0.877552,1.069673 0.478954 -0.874395,1.057843 0.488537 -0.868337,1.049557 0.501181 -0.859868,1.045983 0.515613 -0.849675,1.074702 0.480505 -0.876358,1.062289 0.489207 -0.871703,1.052923 0.501181 -0.864365,1.047924 0.515320 -0.854938,1.048063 0.530074 -0.844186,1.079947 0.482123 -0.877552,1.067165 0.489942 -0.874395,1.056895 0.501181 -0.868337,1.050586 0.514919 -0.859868,1.049204 0.529722 -0.849675,1.072369 0.490726 -0.876358,1.061392 0.501181 -0.871703,1.053915 0.514417 -0.864365,1.051080 0.529144 -0.854938,1.053415 0.543712 -0.844186,1.077796 0.491544 -0.877552,1.066322 0.501181 -0.874395,1.057843 0.513825 -0.868337,1.053652 0.528350 -0.859868,1.054491 0.543194 -0.849675,1.071585 0.501181 -0.876358,1.062289 0.513155 -0.871703,1.056869 0.527358 -0.864365,1.056260 0.542343 -0.854938,1.060741 0.556400 -0.844186,1.077074 0.501181 -0.877552,1.067165 0.512420 -0.874395,1.060664 0.526187 -0.868337,1.058685 0.541174 -0.859868,1.061727 0.555728 -0.849675,1.072369 0.511636 -0.876358,1.064961 0.524862 -0.871703,1.061718 0.539714 -0.864365,1.063349 0.554622 -0.854938,1.069875 0.567855 -0.844186,1.077796 0.510818 -0.877552,1.069673 0.523409 -0.874395,1.065297 0.537991 -0.868337,1.065573 0.553105 -0.859868,1.070751 0.567043 -0.849675,1.074702 0.521857 -0.876358,1.069348 0.536039 -0.871703,1.068355 0.551209 -0.864365,1.072190 0.565707 -0.854938,1.080615 0.577820 -0.844186,1.079947 0.520239 -0.877552,1.073790 0.533900 -0.874395,1.071637 0.548972 -0.868337,1.074163 0.563876 -0.859868,1.081359 0.576886 -0.849675,1.078532 0.531617 -0.876358,1.075352 0.546438 -0.871703,1.076631 0.561587 -0.864365,1.082583 0.575351 -0.854938,1.092720 0.586073 -0.844186,1.083477 0.529235 -0.877552,1.079426 0.543661 -0.874395,1.079542 0.558885 -0.868337,1.084262 0.573247 -0.859868,1.093317 0.585039 -0.849675,1.083774 0.540696 -0.876358,1.082839 0.555826 -0.871703,1.086361 0.570615 -0.864365,1.094299 0.583339 -0.854938,1.105920 0.592430 -0.844186,1.088309 0.537604 -0.877552,1.086453 0.552473 -0.874395,1.088837 0.567509 -0.868337,1.095645 0.581007 -0.859868,1.106356 0.591318 -0.849675,1.090311 0.548893 -0.876358,1.091641 0.563994 -0.871703,1.097328 0.578092 -0.864365,1.107073 0.589491 -0.854938,1.119920 0.596748 -0.844186,1.094335 0.545160 -0.877552,1.094715 0.560139 -0.874395,1.099314 0.574652 -0.868337,1.108057 0.586985 -0.859868,1.120185 0.595584 -0.849675,1.097996 0.556024 -0.876358,1.101562 0.570758 -0.871703,1.109287 0.583851 -0.864365,1.120622 0.593670 -0.854938,1.134407 0.598931 -0.844186,1.101419 0.551733 -0.877552,1.104027 0.566488 -0.874395,1.110738 0.580154 -0.868337,1.121221 0.591045 -0.859868,1.134496 0.597741 -0.849675,1.106659 0.561930 -0.876358,1.112381 0.575968 -0.871703,1.121970 0.587764 -0.864365,1.134643 0.595783 -0.854938,1.149058 0.598931 -0.844186,1.109403 0.557177 -0.877552,1.114182 0.571378 -0.874395,1.122854 0.583891 -0.868337,1.134844 0.593099 -0.859868,1.148968 0.597741 -0.849675,1.116105 0.566479 -0.876358,1.123855 0.579507 -0.871703,1.135096 0.589742 -0.864365,1.148822 0.595783 -0.854938,1.163545 0.596748 -0.844186,1.118110 0.561370 -0.877552,1.124952 0.574700 -0.874395,1.135392 0.585781 -0.868337,1.148621 0.593099 -0.859868,1.163279 0.595584 -0.849675,1.126123 0.569569 -0.876358,1.135728 0.581297 -0.871703,1.148369 0.589742 -0.864365,1.162842 0.593670 -0.854938,1.177545 0.592430 -0.844186,1.127345 0.564218 -0.877552,1.136097 0.576380 -0.874395,1.148072 0.585781 -0.868337,1.162243 0.591045 -0.859868,1.177108 0.591318 -0.849675,1.136490 0.571132 -0.876358,1.147736 0.581297 -0.871703,1.161494 0.587764 -0.864365,1.176391 0.589491 -0.854938,1.190745 0.586073 -0.844186,1.136900 0.565658 -0.877552,1.147368 0.576380 -0.874395,1.160610 0.583891 -0.868337,1.175408 0.586985 -0.859868,1.190147 0.585039 -0.849675,1.146974 0.571132 -0.876358,1.159610 0.579507 -0.871703,1.174178 0.583851 -0.864365,1.189166 0.583339 -0.854938,1.202850 0.577820 -0.844186,1.146564 0.565658 -0.877552,1.158513 0.574700 -0.874395,1.172727 0.580154 -0.868337,1.187820 0.581007 -0.859868,1.202105 0.576886 -0.849675,1.157341 0.569569 -0.876358,1.171084 0.575968 -0.871703,1.186137 0.578092 -0.864365,1.200881 0.575351 -0.854938,1.213589 0.567855 -0.844186,1.156120 0.564218 -0.877552,1.169283 0.571378 -0.874395,1.184151 0.574652 -0.868337,1.199203 0.573247 -0.859868,1.212714 0.567043 -0.849675,1.167360 0.566479 -0.876358,1.181902 0.570758 -0.871703,1.197104 0.570615 -0.864365,1.211275 0.565707 -0.854938,1.222724 0.556400 -0.844186,1.165355 0.561370 -0.877552,1.179437 0.566488 -0.874395,1.194627 0.567509 -0.868337,1.209302 0.563876 -0.859868,1.221737 0.555728 -0.849675,1.176806 0.561930 -0.876358,1.191824 0.563994 -0.871703,1.206834 0.561587 -0.864365,1.220115 0.554622 -0.854938,1.230049 0.543712 -0.844186,1.174061 0.557177 -0.877552,1.188750 0.560139 -0.874395,1.203922 0.558885 -0.868337,1.217891 0.553105 -0.859868,1.228973 0.543194 -0.849675,1.185468 0.556024 -0.876358,1.200626 0.555826 -0.871703,1.215110 0.551209 -0.864365,1.227205 0.542343 -0.854938,1.235402 0.530074 -0.844186,1.182046 0.551733 -0.877552,1.197012 0.552473 -0.874395,1.211828 0.548972 -0.868337,1.224779 0.541174 -0.859868,1.234261 0.529722 -0.849675,1.193154 0.548893 -0.876358,1.208112 0.546438 -0.871703,1.221746 0.539714 -0.864365,1.232385 0.529144 -0.854938,1.238662 0.515791 -0.844186,1.189130 0.545160 -0.877552,1.204039 0.543661 -0.874395,1.218168 0.537991 -0.868337,1.229813 0.528350 -0.859868,1.237481 0.515613 -0.849675,1.199690 0.540696 -0.876358,1.214116 0.536039 -0.871703,1.226596 0.527358 -0.864365,1.235540 0.515320 -0.854938,1.195155 0.537604 -0.877552,1.209674 0.533900 -0.874395,1.222800 0.526187 -0.868337,1.232878 0.514919 -0.859868,1.204933 0.531617 -0.876358,1.218503 0.524862 -0.871703,1.229549 0.514417 -0.864365,1.199987 0.529235 -0.877552,1.213792 0.523409 -0.874395,1.225622 0.513825 -0.868337,1.208763 0.521857 -0.876358,1.221175 0.513155 -0.871703,1.203518 0.520239 -0.877552,1.216300 0.512420 -0.874395,1.211096 0.511636 -0.876358,1.205668 0.510818 -0.877552,-1.417323 0.824016 -0.622047,-1.417323 0.331890 -0.622047,-1.338583 0.824016 -0.622047,-1.338583 0.705906 -0.622047,1.338583 0.705906 -0.622047,1.338583 0.824016 -0.622047,1.417323 0.824016 -0.622047,1.417323 0.331890 -0.622047,1.240157 0.501181 -0.622047,1.239058 0.486512 -0.622047,1.235785 0.472170 -0.622047,1.230410 0.458476 -0.622047,1.223055 0.445736 -0.622047,1.213883 0.434235 -0.622047,1.203099 0.424229 -0.622047,1.190945 0.415942 -0.622047,1.177691 0.409560 -0.622047,1.163634 0.405224 -0.622047,1.149088 0.403031 -0.622047,1.134377 0.403031 -0.622047,1.119831 0.405224 -0.622047,1.105774 0.409560 -0.622047,1.092520 0.415942 -0.622047,1.080365 0.424229 -0.622047,1.069582 0.434235 -0.622047,1.060410 0.445736 -0.622047,1.053054 0.458476 -0.622047,1.047680 0.472170 -0.622047,1.044406 0.486512 -0.622047,1.043307 0.501181 -0.622047,1.044406 0.515851 -0.622047,1.047680 0.530192 -0.622047,1.053054 0.543886 -0.622047,1.060410 0.556626 -0.622047,1.069582 0.568127 -0.622047,1.080365 0.578133 -0.622047,1.092520 0.586420 -0.622047,1.105774 0.592803 -0.622047,1.119831 0.597139 -0.622047,1.134377 0.599331 -0.622047,1.149088 0.599331 -0.622047,1.163634 0.597139 -0.622047,1.177691 0.592803 -0.622047,1.190945 0.586420 -0.622047,1.203099 0.578133 -0.622047,1.213883 0.568127 -0.622047,1.223055 0.556626 -0.622047,1.230410 0.543886 -0.622047,1.235785 0.530192 -0.622047,1.239058 0.515851 -0.622047,-1.043307 0.501181 -0.622047,-1.044406 0.486512 -0.622047,-1.047680 0.472170 -0.622047,-1.053054 0.458476 -0.622047,-1.060410 0.445736 -0.622047,-1.069582 0.434235 -0.622047,-1.080365 0.424229 -0.622047,-1.092520 0.415942 -0.622047,-1.105774 0.409560 -0.622047,-1.119831 0.405224 -0.622047,-1.134377 0.403031 -0.622047,-1.149088 0.403031 -0.622047,-1.163634 0.405224 -0.622047,-1.177691 0.409560 -0.622047,-1.190945 0.415942 -0.622047,-1.203099 0.424229 -0.622047,-1.213883 0.434235 -0.622047,-1.223055 0.445736 -0.622047,-1.230410 0.458476 -0.622047,-1.235785 0.472170 -0.622047,-1.239058 0.486512 -0.622047,-1.240157 0.501181 -0.622047,-1.239058 0.515851 -0.622047,-1.235785 0.530192 -0.622047,-1.230410 0.543886 -0.622047,-1.223055 0.556626 -0.622047,-1.213883 0.568127 -0.622047,-1.203099 0.578133 -0.622047,-1.190945 0.586420 -0.622047,-1.177691 0.592803 -0.622047,-1.163634 0.597139 -0.622047,-1.149088 0.599331 -0.622047,-1.134377 0.599331 -0.622047,-1.119831 0.597139 -0.622047,-1.105774 0.592803 -0.622047,-1.092520 0.586420 -0.622047,-1.080365 0.578133 -0.622047,-1.069582 0.568127 -0.622047,-1.060410 0.556626 -0.622047,-1.053054 0.543886 -0.622047,-1.047680 0.530192 -0.622047,-1.044406 0.515851 -0.622047,1.200787 0.501181 -0.877953,1.200128 0.492379 -0.877953,1.198164 0.483774 -0.877953,1.194939 0.475558 -0.877953,1.190526 0.467914 -0.877953,1.185023 0.461013 -0.877953,1.178553 0.455010 -0.877953,1.171260 0.450038 -0.877953,1.163308 0.446208 -0.877953,1.154873 0.443607 -0.877953,1.146145 0.442291 -0.877953,1.137319 0.442291 -0.877953,1.128591 0.443607 -0.877953,1.120157 0.446208 -0.877953,1.112205 0.450038 -0.877953,1.104912 0.455010 -0.877953,1.098442 0.461013 -0.877953,1.092939 0.467914 -0.877953,1.088525 0.475558 -0.877953,1.085301 0.483774 -0.877953,1.083337 0.492379 -0.877953,1.082677 0.501181 -0.877953,1.083337 0.509983 -0.877953,1.085301 0.518588 -0.877953,1.088525 0.526804 -0.877953,1.092939 0.534448 -0.877953,1.098442 0.541349 -0.877953,1.104912 0.547352 -0.877953,1.112205 0.552324 -0.877953,1.120157 0.556154 -0.877953,1.128591 0.558756 -0.877953,1.137319 0.560071 -0.877953,1.146145 0.560071 -0.877953,1.154873 0.558756 -0.877953,1.163308 0.556154 -0.877953,1.171260 0.552324 -0.877953,1.178553 0.547352 -0.877953,1.185023 0.541349 -0.877953,1.190526 0.534448 -0.877953,1.194939 0.526804 -0.877953,1.198164 0.518588 -0.877953,1.200128 0.509983 -0.877953,-1.417323 0.824016 -0.503937,-1.417323 0.331890 -0.503937,-1.417323 0.331890 -0.622047,-1.417323 0.824016 -0.622047,1.259843 0.824016 0.503937,0.970312 0.824016 0.503937,1.308482 0.824016 0.500859,1.356345 0.824016 0.491674,1.402668 0.824016 0.476528,1.446713 0.824016 0.455663,1.487776 0.824016 0.429412,1.525201 0.824016 0.398194,1.600048 0.824016 0.477194,1.738798 0.824016 0.241732,1.716871 0.824016 0.307334,1.686008 0.824016 0.369236,1.646811 0.824016 0.426227,1.633426 0.824016 0.214535,1.640212 0.824016 0.182775,1.644302 0.824016 0.150558,1.645669 0.824016 0.118110,1.645669 0.824016 -0.503937,1.417323 0.824016 -0.503937,1.417323 0.824016 -0.622047,1.338583 0.824016 -0.622047,1.338583 0.824016 -0.562992,-1.338583 0.824016 -0.562992,-1.338583 0.824016 -0.622047,-1.417323 0.824016 -0.622047,-1.417323 0.824016 -0.503937,-1.645669 0.824016 -0.503937,-1.645669 0.824016 0.118110,-1.644302 0.824016 0.150558,-1.640212 0.824016 0.182775,-1.633426 0.824016 0.214535,-1.738798 0.824016 0.241732,-1.600048 0.824016 0.477194,-1.646811 0.824016 0.426227,-1.686008 0.824016 0.369236,-1.716871 0.824016 0.307334,-1.525201 0.824016 0.398194,-1.487776 0.824016 0.429412,-1.446713 0.824016 0.455663,-1.402668 0.824016 0.476528,-1.356345 0.824016 0.491674,-1.308482 0.824016 0.500859,-1.259843 0.824016 0.503937,-0.970312 0.824016 0.503937,-0.970312 0.824016 0.323437,-0.380683 0.824016 0.323437,-0.380683 0.824016 0.503937,0.380683 0.824016 0.503937,0.380683 0.824016 0.323437,0.970312 0.824016 0.323437,1.259843 0.331890 -0.503937,1.314751 0.331890 -0.500010,1.368542 0.331890 -0.488308,1.420121 0.331890 -0.469071,1.468436 0.331890 -0.442688,1.512505 0.331890 -0.409699,1.551431 0.331890 -0.370773,1.584421 0.331890 -0.326704,1.610803 0.331890 -0.278388,1.630041 0.331890 -0.226810,1.641742 0.331890 -0.173019,1.645669 0.331890 -0.118110,1.645669 0.331890 -0.503937,1.417323 0.331890 -0.503937,1.417323 0.331890 -0.622047,-1.417323 0.331890 -0.622047,-1.417323 0.331890 -0.503937,-1.645669 0.331890 -0.503937,-1.645669 0.331890 -0.118110,-1.641742 0.331890 -0.173019,-1.630041 0.331890 -0.226810,-1.610803 0.331890 -0.278388,-1.584421 0.331890 -0.326704,-1.551431 0.331890 -0.370773,-1.512505 0.331890 -0.409699,-1.468436 0.331890 -0.442688,-1.420121 0.331890 -0.469071,-1.368542 0.331890 -0.488308,-1.314751 0.331890 -0.500010,-1.259843 0.331890 -0.503937,-1.338583 0.824016 -0.562992,-1.338583 0.824016 -0.622047,-1.338583 0.705906 -0.562992,-1.338583 0.705906 -0.622047,1.417323 0.824016 -0.503937,1.417323 0.331890 -0.503937,1.417323 0.331890 -0.622047,1.417323 0.824016 -0.622047,1.338583 0.705906 -0.622047,1.338583 0.705906 -0.562992,-1.338583 0.705906 -0.622047,-1.338583 0.705906 -0.562992,1.338583 0.824016 -0.622047,1.338583 0.824016 -0.562992,1.338583 0.705906 -0.622047,1.338583 0.705906 -0.562992,-1.043307 0.501181 -0.622047,-1.044406 0.486512 -0.622047,-1.047680 0.472170 -0.622047,-1.053054 0.458476 -0.622047,-1.060410 0.445736 -0.622047,-1.069582 0.434235 -0.622047,-1.080365 0.424229 -0.622047,-1.092520 0.415942 -0.622047,-1.105774 0.409560 -0.622047,-1.119831 0.405224 -0.622047,-1.134377 0.403031 -0.622047,-1.149088 0.403031 -0.622047,-1.163634 0.405224 -0.622047,-1.177691 0.409560 -0.622047,-1.190945 0.415942 -0.622047,-1.203099 0.424229 -0.622047,-1.213883 0.434235 -0.622047,-1.223055 0.445736 -0.622047,-1.230410 0.458476 -0.622047,-1.235785 0.472170 -0.622047,-1.239058 0.486512 -0.622047,-1.240157 0.501181 -0.622047,-1.239058 0.515851 -0.622047,-1.235785 0.530192 -0.622047,-1.230410 0.543886 -0.622047,-1.223055 0.556626 -0.622047,-1.213883 0.568127 -0.622047,-1.203099 0.578133 -0.622047,-1.190945 0.586420 -0.622047,-1.177691 0.592803 -0.622047,-1.163634 0.597139 -0.622047,-1.149088 0.599331 -0.622047,-1.134377 0.599331 -0.622047,-1.119831 0.597139 -0.622047,-1.105774 0.592803 -0.622047,-1.092520 0.586420 -0.622047,-1.080365 0.578133 -0.622047,-1.069582 0.568127 -0.622047,-1.060410 0.556626 -0.622047,-1.053054 0.543886 -0.622047,-1.047680 0.530192 -0.622047,-1.044406 0.515851 -0.622047,-1.043307 0.501181 -0.622047,-1.043307 0.501181 -0.838583,-1.043307 0.501181 -0.838583,-1.044406 0.486512 -0.838583,-1.047680 0.472170 -0.838583,-1.053054 0.458476 -0.838583,-1.060410 0.445736 -0.838583,-1.069582 0.434235 -0.838583,-1.080365 0.424229 -0.838583,-1.092520 0.415942 -0.838583,-1.105774 0.409560 -0.838583,-1.119831 0.405224 -0.838583,-1.134377 0.403031 -0.838583,-1.149088 0.403031 -0.838583,-1.163634 0.405224 -0.838583,-1.177691 0.409560 -0.838583,-1.190945 0.415942 -0.838583,-1.203099 0.424229 -0.838583,-1.213883 0.434235 -0.838583,-1.223055 0.445736 -0.838583,-1.230410 0.458476 -0.838583,-1.235785 0.472170 -0.838583,-1.239058 0.486512 -0.838583,-1.240157 0.501181 -0.838583,-1.239058 0.515851 -0.838583,-1.235785 0.530192 -0.838583,-1.230410 0.543886 -0.838583,-1.223055 0.556626 -0.838583,-1.213883 0.568127 -0.838583,-1.203099 0.578133 -0.838583,-1.190945 0.586420 -0.838583,-1.177691 0.592803 -0.838583,-1.163634 0.597139 -0.838583,-1.149088 0.599331 -0.838583,-1.134377 0.599331 -0.838583,-1.119831 0.597139 -0.838583,-1.105774 0.592803 -0.838583,-1.092520 0.586420 -0.838583,-1.080365 0.578133 -0.838583,-1.069582 0.568127 -0.838583,-1.060410 0.556626 -0.838583,-1.053054 0.543886 -0.838583,-1.047680 0.530192 -0.838583,-1.044406 0.515851 -0.838583,-1.645669 0.824016 -0.503937,-1.645669 0.331890 -0.503937,-1.417323 0.331890 -0.503937,-1.417323 0.824016 -0.503937,1.259843 -0.199606 0.503937,-1.259843 -0.199606 0.503937,1.259843 0.824016 0.503937,0.970312 0.824016 0.503937,0.970312 0.469685 0.503937,0.380683 0.469685 0.503937,0.380683 0.824016 0.503937,-0.380683 0.824016 0.503937,-0.380683 0.469685 0.503937,-0.970312 0.469685 0.503937,-0.970312 0.824016 0.503937,-1.259843 0.824016 0.503937,0.970312 0.824016 0.503937,0.970312 0.824016 0.323437,0.970312 0.469685 0.503937,0.970312 0.469685 0.323437,0.970312 0.824016 0.323437,0.970312 0.469685 0.323437,0.380683 0.469685 0.323437,0.380683 0.824016 0.323437,0.380683 0.824016 0.323437,0.380683 0.824016 0.503937,0.380683 0.469685 0.323437,0.380683 0.469685 0.503937,-0.380683 0.824016 0.323437,-0.380683 0.824016 0.503937,-0.380683 0.469685 0.323437,-0.380683 0.469685 0.503937,-0.970312 0.824016 0.323437,-0.970312 0.469685 0.323437,-0.380683 0.469685 0.323437,-0.380683 0.824016 0.323437,-0.970312 0.824016 0.503937,-0.970312 0.824016 0.323437,-0.970312 0.469685 0.503937,-0.970312 0.469685 0.323437,-1.259843 -0.199606 0.503937,-1.259843 0.824016 0.503937,-1.525201 0.824016 0.398194,-1.487776 0.824016 0.429412,-1.446713 0.824016 0.455663,-1.402668 0.824016 0.476528,-1.356345 0.824016 0.491674,-1.308482 0.824016 0.500859,-1.525201 0.548425 0.398194,-1.561677 0.548425 0.358440,-1.592250 0.548425 0.313987,-1.616323 0.548425 0.265704,-1.633426 0.548425 0.214535,-1.633426 0.824016 0.214535,-1.645669 0.824016 0.118110,-1.644302 0.824016 0.150558,-1.640212 0.824016 0.182775,-1.645669 -0.199606 0.118110,-1.641742 -0.199606 0.173019,-1.630041 -0.199606 0.226810,-1.610803 -0.199606 0.278388,-1.584421 -0.199606 0.326704,-1.551431 -0.199606 0.370773,-1.512505 -0.199606 0.409699,-1.468436 -0.199606 0.442688,-1.420121 -0.199606 0.469071,-1.368542 -0.199606 0.488308,-1.314751 -0.199606 0.500010,-1.525201 0.824016 0.398194,-1.600048 0.824016 0.477194,-1.525201 0.548425 0.398194,-1.600048 0.548425 0.477194,-1.600048 0.824016 0.477194,-1.646811 0.824016 0.426227,-1.686008 0.824016 0.369236,-1.716871 0.824016 0.307334,-1.738798 0.824016 0.241732,-1.738798 0.548425 0.241732,-1.600048 0.548425 0.477194,-1.646811 0.548425 0.426227,-1.686008 0.548425 0.369236,-1.716871 0.548425 0.307334,-1.738798 0.824016 0.241732,-1.633426 0.824016 0.214535,-1.738798 0.548425 0.241732,-1.633426 0.548425 0.214535,-1.645669 -0.199606 0.118110,-1.645669 0.824016 0.118110,-1.645669 0.824016 -0.503937,-1.645669 0.331890 -0.503937,-1.645669 0.331890 -0.118110,-1.645669 -0.199606 -0.118110,1.338583 0.824016 -0.562992,1.338583 0.705906 -0.562992,-1.338583 0.705906 -0.562992,-1.338583 0.824016 -0.562992,1.645669 0.824016 -0.503937,1.645669 0.331890 -0.503937,1.417323 0.331890 -0.503937,1.417323 0.824016 -0.503937,1.645669 -0.199606 0.118110,1.645669 0.824016 0.118110,1.645669 -0.199606 -0.118110,1.645669 0.331890 -0.118110,1.645669 0.331890 -0.503937,1.645669 0.824016 -0.503937,1.645669 -0.199606 0.118110,1.645669 0.824016 0.118110,1.633426 0.824016 0.214535,1.640212 0.824016 0.182775,1.644302 0.824016 0.150558,1.633426 0.548425 0.214535,1.616323 0.548425 0.265704,1.592250 0.548425 0.313987,1.561677 0.548425 0.358440,1.525201 0.548425 0.398194,1.525201 0.824016 0.398194,1.259843 0.824016 0.503937,1.308482 0.824016 0.500859,1.356345 0.824016 0.491674,1.402668 0.824016 0.476528,1.446713 0.824016 0.455663,1.487776 0.824016 0.429412,1.259843 -0.199606 0.503937,1.314751 -0.199606 0.500010,1.368542 -0.199606 0.488308,1.420121 -0.199606 0.469071,1.468436 -0.199606 0.442688,1.512505 -0.199606 0.409699,1.551431 -0.199606 0.370773,1.584421 -0.199606 0.326704,1.610803 -0.199606 0.278388,1.630041 -0.199606 0.226810,1.641742 -0.199606 0.173019,1.738798 0.824016 0.241732,1.633426 0.824016 0.214535,1.738798 0.548425 0.241732,1.633426 0.548425 0.214535,1.738798 0.824016 0.241732,1.716871 0.824016 0.307334,1.686008 0.824016 0.369236,1.646811 0.824016 0.426227,1.600048 0.824016 0.477194,1.600048 0.548425 0.477194,1.738798 0.548425 0.241732,1.716871 0.548425 0.307334,1.686008 0.548425 0.369236,1.646811 0.548425 0.426227,1.525201 0.824016 0.398194,1.600048 0.824016 0.477194,1.525201 0.548425 0.398194,1.600048 0.548425 0.477194,1.259843 -0.199606 -0.503937,1.259843 0.331890 -0.503937,1.314751 0.331890 -0.500010,1.368542 0.331890 -0.488308,1.420121 0.331890 -0.469071,1.468436 0.331890 -0.442688,1.512505 0.331890 -0.409699,1.551431 0.331890 -0.370773,1.584421 0.331890 -0.326704,1.610803 0.331890 -0.278388,1.630041 0.331890 -0.226810,1.641742 0.331890 -0.173019,1.645669 0.331890 -0.118110,1.645669 -0.199606 -0.118110,1.641742 -0.199606 -0.173019,1.630041 -0.199606 -0.226810,1.610803 -0.199606 -0.278388,1.584421 -0.199606 -0.326704,1.551431 -0.199606 -0.370773,1.512505 -0.199606 -0.409699,1.468436 -0.199606 -0.442688,1.420121 -0.199606 -0.469071,1.368542 -0.199606 -0.488308,1.314751 -0.199606 -0.500010,1.259843 -0.199606 -0.503937,-1.259843 -0.199606 -0.503937,1.259843 0.331890 -0.503937,-1.259843 0.331890 -0.503937,-1.645669 -0.199606 -0.118110,-1.645669 0.331890 -0.118110,-1.641742 0.331890 -0.173019,-1.630041 0.331890 -0.226810,-1.610803 0.331890 -0.278388,-1.584421 0.331890 -0.326704,-1.551431 0.331890 -0.370773,-1.512505 0.331890 -0.409699,-1.468436 0.331890 -0.442688,-1.420121 0.331890 -0.469071,-1.368542 0.331890 -0.488308,-1.314751 0.331890 -0.500010,-1.259843 0.331890 -0.503937,-1.259843 -0.199606 -0.503937,-1.314751 -0.199606 -0.500010,-1.368542 -0.199606 -0.488308,-1.420121 -0.199606 -0.469071,-1.468436 -0.199606 -0.442688,-1.512505 -0.199606 -0.409699,-1.551431 -0.199606 -0.370773,-1.584421 -0.199606 -0.326704,-1.610803 -0.199606 -0.278388,-1.630041 -0.199606 -0.226810,-1.641742 -0.199606 -0.173019,-1.043307 0.501181 -0.838583,-1.043708 0.501181 -0.844186,-1.044902 0.501181 -0.849675,-1.046865 0.501181 -0.854938,-1.049557 0.501181 -0.859868,-1.052923 0.501181 -0.864365,-1.056895 0.501181 -0.868337,-1.061392 0.501181 -0.871703,-1.066322 0.501181 -0.874395,-1.071585 0.501181 -0.876358,-1.077074 0.501181 -0.877552,-1.082677 0.501181 -0.877953,-1.044406 0.486512 -0.838583,-1.047680 0.472170 -0.838583,-1.053054 0.458476 -0.838583,-1.060410 0.445736 -0.838583,-1.069582 0.434235 -0.838583,-1.080365 0.424229 -0.838583,-1.092520 0.415942 -0.838583,-1.105774 0.409560 -0.838583,-1.119831 0.405224 -0.838583,-1.134377 0.403031 -0.838583,-1.149088 0.403031 -0.838583,-1.163634 0.405224 -0.838583,-1.177691 0.409560 -0.838583,-1.190945 0.415942 -0.838583,-1.203099 0.424229 -0.838583,-1.213883 0.434235 -0.838583,-1.223055 0.445736 -0.838583,-1.230410 0.458476 -0.838583,-1.235785 0.472170 -0.838583,-1.239058 0.486512 -0.838583,-1.240157 0.501181 -0.838583,-1.239058 0.515851 -0.838583,-1.235785 0.530192 -0.838583,-1.230410 0.543886 -0.838583,-1.223055 0.556626 -0.838583,-1.213883 0.568127 -0.838583,-1.203099 0.578133 -0.838583,-1.190945 0.586420 -0.838583,-1.177691 0.592803 -0.838583,-1.163634 0.597139 -0.838583,-1.149088 0.599331 -0.838583,-1.134377 0.599331 -0.838583,-1.119831 0.597139 -0.838583,-1.105774 0.592803 -0.838583,-1.092520 0.586420 -0.838583,-1.080365 0.578133 -0.838583,-1.069582 0.568127 -0.838583,-1.060410 0.556626 -0.838583,-1.053054 0.543886 -0.838583,-1.047680 0.530192 -0.838583,-1.044406 0.515851 -0.838583,-1.043307 0.501181 -0.838583,-1.043708 0.501181 -0.844186,-1.044902 0.501181 -0.849675,-1.046865 0.501181 -0.854938,-1.049557 0.501181 -0.859868,-1.052923 0.501181 -0.864365,-1.056895 0.501181 -0.868337,-1.061392 0.501181 -0.871703,-1.066322 0.501181 -0.874395,-1.071585 0.501181 -0.876358,-1.077074 0.501181 -0.877552,-1.082677 0.501181 -0.877953,-1.083337 0.492379 -0.877953,-1.085301 0.483774 -0.877953,-1.088525 0.475558 -0.877953,-1.092939 0.467914 -0.877953,-1.098442 0.461013 -0.877953,-1.104912 0.455010 -0.877953,-1.112205 0.450038 -0.877953,-1.120157 0.446208 -0.877953,-1.128591 0.443607 -0.877953,-1.137319 0.442291 -0.877953,-1.146145 0.442291 -0.877953,-1.154873 0.443607 -0.877953,-1.163308 0.446208 -0.877953,-1.171260 0.450038 -0.877953,-1.178553 0.455010 -0.877953,-1.185023 0.461013 -0.877953,-1.190526 0.467914 -0.877953,-1.194939 0.475558 -0.877953,-1.198164 0.483774 -0.877953,-1.200128 0.492379 -0.877953,-1.200787 0.501181 -0.877953,-1.200128 0.509983 -0.877953,-1.198164 0.518588 -0.877953,-1.194939 0.526804 -0.877953,-1.190526 0.534448 -0.877953,-1.185023 0.541349 -0.877953,-1.178553 0.547352 -0.877953,-1.171260 0.552324 -0.877953,-1.163308 0.556154 -0.877953,-1.154873 0.558756 -0.877953,-1.146145 0.560071 -0.877953,-1.137319 0.560071 -0.877953,-1.128591 0.558756 -0.877953,-1.120157 0.556154 -0.877953,-1.112205 0.552324 -0.877953,-1.104912 0.547352 -0.877953,-1.098442 0.541349 -0.877953,-1.092939 0.534448 -0.877953,-1.088525 0.526804 -0.877953,-1.085301 0.518588 -0.877953,-1.083337 0.509983 -0.877953,-1.044803 0.486571 -0.844186,-1.045983 0.486749 -0.849675,-1.047924 0.487042 -0.854938,-1.048063 0.472288 -0.844186,-1.050586 0.487443 -0.859868,-1.049204 0.472640 -0.849675,-1.053915 0.487945 -0.864365,-1.051080 0.473218 -0.854938,-1.053415 0.458650 -0.844186,-1.057843 0.488537 -0.868337,-1.053652 0.474012 -0.859868,-1.054491 0.459168 -0.849675,-1.062289 0.489207 -0.871703,-1.056869 0.475004 -0.864365,-1.056260 0.460020 -0.854938,-1.060741 0.445962 -0.844186,-1.067165 0.489942 -0.874395,-1.060664 0.476175 -0.868337,-1.058685 0.461188 -0.859868,-1.061727 0.446635 -0.849675,-1.072369 0.490726 -0.876358,-1.064961 0.477500 -0.871703,-1.061718 0.462648 -0.864365,-1.063349 0.447740 -0.854938,-1.069875 0.434508 -0.844186,-1.077796 0.491544 -0.877552,-1.069673 0.478954 -0.874395,-1.065297 0.464372 -0.868337,-1.065573 0.449257 -0.859868,-1.070751 0.435320 -0.849675,-1.074702 0.480505 -0.876358,-1.069348 0.466323 -0.871703,-1.068355 0.451153 -0.864365,-1.072190 0.436655 -0.854938,-1.080615 0.424542 -0.844186,-1.079947 0.482123 -0.877552,-1.073790 0.468462 -0.874395,-1.071637 0.453391 -0.868337,-1.074163 0.438486 -0.859868,-1.081359 0.425476 -0.849675,-1.078532 0.470745 -0.876358,-1.075352 0.455924 -0.871703,-1.076631 0.440776 -0.864365,-1.082583 0.427011 -0.854938,-1.092720 0.416289 -0.844186,-1.083477 0.473127 -0.877552,-1.079426 0.458701 -0.874395,-1.079542 0.443477 -0.868337,-1.084262 0.429116 -0.859868,-1.093317 0.417323 -0.849675,-1.083774 0.461666 -0.876358,-1.082839 0.446536 -0.871703,-1.086361 0.431747 -0.864365,-1.094299 0.419024 -0.854938,-1.105920 0.409933 -0.844186,-1.088309 0.464758 -0.877552,-1.086453 0.449889 -0.874395,-1.088837 0.434853 -0.868337,-1.095645 0.421355 -0.859868,-1.106356 0.411044 -0.849675,-1.090311 0.453469 -0.876358,-1.091641 0.438369 -0.871703,-1.097328 0.424270 -0.864365,-1.107073 0.412872 -0.854938,-1.119920 0.405614 -0.844186,-1.094335 0.457202 -0.877552,-1.094715 0.442223 -0.874395,-1.099314 0.427710 -0.868337,-1.108057 0.415378 -0.859868,-1.120185 0.406778 -0.849675,-1.097996 0.446338 -0.876358,-1.101562 0.431604 -0.871703,-1.109287 0.418511 -0.864365,-1.120622 0.408692 -0.854938,-1.134407 0.403431 -0.844186,-1.101419 0.450629 -0.877552,-1.104027 0.435874 -0.874395,-1.110738 0.422209 -0.868337,-1.121221 0.411317 -0.859868,-1.134496 0.404621 -0.849675,-1.106659 0.440432 -0.876358,-1.112381 0.426395 -0.871703,-1.121970 0.414599 -0.864365,-1.134643 0.406579 -0.854938,-1.149058 0.403431 -0.844186,-1.109403 0.445186 -0.877552,-1.114182 0.430984 -0.874395,-1.122854 0.418471 -0.868337,-1.134844 0.409264 -0.859868,-1.148968 0.404621 -0.849675,-1.116105 0.435883 -0.876358,-1.123855 0.422855 -0.871703,-1.135096 0.412620 -0.864365,-1.148822 0.406579 -0.854938,-1.163545 0.405614 -0.844186,-1.118110 0.440993 -0.877552,-1.124952 0.427662 -0.874395,-1.135392 0.416581 -0.868337,-1.148621 0.409264 -0.859868,-1.163279 0.406778 -0.849675,-1.126123 0.432793 -0.876358,-1.135728 0.421066 -0.871703,-1.148369 0.412620 -0.864365,-1.162842 0.408692 -0.854938,-1.177545 0.409933 -0.844186,-1.127345 0.438144 -0.877552,-1.136097 0.425982 -0.874395,-1.148072 0.416581 -0.868337,-1.162243 0.411317 -0.859868,-1.177108 0.411044 -0.849675,-1.136490 0.431230 -0.876358,-1.147736 0.421066 -0.871703,-1.161494 0.414599 -0.864365,-1.176391 0.412872 -0.854938,-1.190745 0.416289 -0.844186,-1.136900 0.436704 -0.877552,-1.147368 0.425982 -0.874395,-1.160610 0.418471 -0.868337,-1.175408 0.415378 -0.859868,-1.190147 0.417323 -0.849675,-1.146974 0.431230 -0.876358,-1.159610 0.422855 -0.871703,-1.174178 0.418511 -0.864365,-1.189166 0.419024 -0.854938,-1.202850 0.424542 -0.844186,-1.146564 0.436704 -0.877552,-1.158513 0.427662 -0.874395,-1.172727 0.422209 -0.868337,-1.187820 0.421355 -0.859868,-1.202105 0.425476 -0.849675,-1.157341 0.432793 -0.876358,-1.171084 0.426395 -0.871703,-1.186137 0.424270 -0.864365,-1.200881 0.427011 -0.854938,-1.213589 0.434508 -0.844186,-1.156120 0.438144 -0.877552,-1.169283 0.430984 -0.874395,-1.184151 0.427710 -0.868337,-1.199203 0.429116 -0.859868,-1.212714 0.435320 -0.849675,-1.167360 0.435883 -0.876358,-1.181902 0.431604 -0.871703,-1.197104 0.431747 -0.864365,-1.211275 0.436655 -0.854938,-1.222724 0.445962 -0.844186,-1.165355 0.440993 -0.877552,-1.179437 0.435874 -0.874395,-1.194627 0.434853 -0.868337,-1.209302 0.438486 -0.859868,-1.221737 0.446635 -0.849675,-1.176806 0.440432 -0.876358,-1.191824 0.438369 -0.871703,-1.206834 0.440776 -0.864365,-1.220115 0.447740 -0.854938,-1.230049 0.458650 -0.844186,-1.174061 0.445186 -0.877552,-1.188750 0.442223 -0.874395,-1.203922 0.443477 -0.868337,-1.217891 0.449257 -0.859868,-1.228973 0.459168 -0.849675,-1.185468 0.446338 -0.876358,-1.200626 0.446536 -0.871703,-1.215110 0.451153 -0.864365,-1.227205 0.460020 -0.854938,-1.235402 0.472288 -0.844186,-1.182046 0.450629 -0.877552,-1.197012 0.449889 -0.874395,-1.211828 0.453391 -0.868337,-1.224779 0.461188 -0.859868,-1.234261 0.472640 -0.849675,-1.193154 0.453469 -0.876358,-1.208112 0.455924 -0.871703,-1.221746 0.462648 -0.864365,-1.232385 0.473218 -0.854938,-1.238662 0.486571 -0.844186,-1.189130 0.457202 -0.877552,-1.204039 0.458701 -0.874395,-1.218168 0.464372 -0.868337,-1.229813 0.474012 -0.859868,-1.237481 0.486749 -0.849675,-1.199690 0.461666 -0.876358,-1.214116 0.466323 -0.871703,-1.226596 0.475004 -0.864365,-1.235540 0.487042 -0.854938,-1.239757 0.501181 -0.844186,-1.195155 0.464758 -0.877552,-1.209674 0.468462 -0.874395,-1.222800 0.476175 -0.868337,-1.232878 0.487443 -0.859868,-1.238563 0.501181 -0.849675,-1.204933 0.470745 -0.876358,-1.218503 0.477500 -0.871703,-1.229549 0.487945 -0.864365,-1.236600 0.501181 -0.854938,-1.238662 0.515791 -0.844186,-1.199987 0.473127 -0.877552,-1.213792 0.478954 -0.874395,-1.225622 0.488537 -0.868337,-1.233908 0.501181 -0.859868,-1.237481 0.515613 -0.849675,-1.208763 0.480505 -0.876358,-1.221175 0.489207 -0.871703,-1.230541 0.501181 -0.864365,-1.235540 0.515320 -0.854938,-1.235402 0.530074 -0.844186,-1.203518 0.482123 -0.877552,-1.216300 0.489942 -0.874395,-1.226569 0.501181 -0.868337,-1.232878 0.514919 -0.859868,-1.234261 0.529722 -0.849675,-1.211096 0.490726 -0.876358,-1.222072 0.501181 -0.871703,-1.229549 0.514417 -0.864365,-1.232385 0.529144 -0.854938,-1.230049 0.543712 -0.844186,-1.205668 0.491544 -0.877552,-1.217142 0.501181 -0.874395,-1.225622 0.513825 -0.868337,-1.229813 0.528350 -0.859868,-1.228973 0.543194 -0.849675,-1.211879 0.501181 -0.876358,-1.221175 0.513155 -0.871703,-1.226596 0.527358 -0.864365,-1.227205 0.542343 -0.854938,-1.222724 0.556400 -0.844186,-1.206390 0.501181 -0.877552,-1.216300 0.512420 -0.874395,-1.222800 0.526187 -0.868337,-1.224779 0.541174 -0.859868,-1.221737 0.555728 -0.849675,-1.211096 0.511636 -0.876358,-1.218503 0.524862 -0.871703,-1.221746 0.539714 -0.864365,-1.220115 0.554622 -0.854938,-1.213589 0.567855 -0.844186,-1.205668 0.510818 -0.877552,-1.213792 0.523409 -0.874395,-1.218168 0.537991 -0.868337,-1.217891 0.553105 -0.859868,-1.212714 0.567043 -0.849675,-1.208763 0.521857 -0.876358,-1.214116 0.536039 -0.871703,-1.215110 0.551209 -0.864365,-1.211275 0.565707 -0.854938,-1.202850 0.577820 -0.844186,-1.203518 0.520239 -0.877552,-1.209674 0.533900 -0.874395,-1.211828 0.548972 -0.868337,-1.209302 0.563876 -0.859868,-1.202105 0.576886 -0.849675,-1.204933 0.531617 -0.876358,-1.208112 0.546438 -0.871703,-1.206834 0.561587 -0.864365,-1.200881 0.575351 -0.854938,-1.190745 0.586073 -0.844186,-1.199987 0.529235 -0.877552,-1.204039 0.543661 -0.874395,-1.203922 0.558885 -0.868337,-1.199203 0.573247 -0.859868,-1.190147 0.585039 -0.849675,-1.199690 0.540696 -0.876358,-1.200626 0.555826 -0.871703,-1.197104 0.570615 -0.864365,-1.189166 0.583339 -0.854938,-1.177545 0.592430 -0.844186,-1.195155 0.537604 -0.877552,-1.197012 0.552473 -0.874395,-1.194627 0.567509 -0.868337,-1.187820 0.581007 -0.859868,-1.177108 0.591318 -0.849675,-1.193154 0.548893 -0.876358,-1.191824 0.563994 -0.871703,-1.186137 0.578092 -0.864365,-1.176391 0.589491 -0.854938,-1.163545 0.596748 -0.844186,-1.189130 0.545160 -0.877552,-1.188750 0.560139 -0.874395,-1.184151 0.574652 -0.868337,-1.175408 0.586985 -0.859868,-1.163279 0.595584 -0.849675,-1.185468 0.556024 -0.876358,-1.181902 0.570758 -0.871703,-1.174178 0.583851 -0.864365,-1.162842 0.593670 -0.854938,-1.149058 0.598931 -0.844186,-1.182046 0.551733 -0.877552,-1.179437 0.566488 -0.874395,-1.172727 0.580154 -0.868337,-1.162243 0.591045 -0.859868,-1.148968 0.597741 -0.849675,-1.176806 0.561930 -0.876358,-1.171084 0.575968 -0.871703,-1.161494 0.587764 -0.864365,-1.148822 0.595783 -0.854938,-1.134407 0.598931 -0.844186,-1.174061 0.557177 -0.877552,-1.169283 0.571378 -0.874395,-1.160610 0.583891 -0.868337,-1.148621 0.593099 -0.859868,-1.134496 0.597741 -0.849675,-1.167360 0.566479 -0.876358,-1.159610 0.579507 -0.871703,-1.148369 0.589742 -0.864365,-1.134643 0.595783 -0.854938,-1.119920 0.596748 -0.844186,-1.165355 0.561370 -0.877552,-1.158513 0.574700 -0.874395,-1.148072 0.585781 -0.868337,-1.134844 0.593099 -0.859868,-1.120185 0.595584 -0.849675,-1.157341 0.569569 -0.876358,-1.147736 0.581297 -0.871703,-1.135096 0.589742 -0.864365,-1.120622 0.593670 -0.854938,-1.105920 0.592430 -0.844186,-1.156120 0.564218 -0.877552,-1.147368 0.576380 -0.874395,-1.135392 0.585781 -0.868337,-1.121221 0.591045 -0.859868,-1.106356 0.591318 -0.849675,-1.146974 0.571132 -0.876358,-1.135728 0.581297 -0.871703,-1.121970 0.587764 -0.864365,-1.107073 0.589491 -0.854938,-1.092720 0.586073 -0.844186,-1.146564 0.565658 -0.877552,-1.136097 0.576380 -0.874395,-1.122854 0.583891 -0.868337,-1.108057 0.586985 -0.859868,-1.093317 0.585039 -0.849675,-1.136490 0.571132 -0.876358,-1.123855 0.579507 -0.871703,-1.109287 0.583851 -0.864365,-1.094299 0.583339 -0.854938,-1.080615 0.577820 -0.844186,-1.136900 0.565658 -0.877552,-1.124952 0.574700 -0.874395,-1.110738 0.580154 -0.868337,-1.095645 0.581007 -0.859868,-1.081359 0.576886 -0.849675,-1.126123 0.569569 -0.876358,-1.112381 0.575968 -0.871703,-1.097328 0.578092 -0.864365,-1.082583 0.575351 -0.854938,-1.069875 0.567855 -0.844186,-1.127345 0.564218 -0.877552,-1.114182 0.571378 -0.874395,-1.099314 0.574652 -0.868337,-1.084262 0.573247 -0.859868,-1.070751 0.567043 -0.849675,-1.116105 0.566479 -0.876358,-1.101562 0.570758 -0.871703,-1.086361 0.570615 -0.864365,-1.072190 0.565707 -0.854938,-1.060741 0.556400 -0.844186,-1.118110 0.561370 -0.877552,-1.104027 0.566488 -0.874395,-1.088837 0.567509 -0.868337,-1.074163 0.563876 -0.859868,-1.061727 0.555728 -0.849675,-1.106659 0.561930 -0.876358,-1.091641 0.563994 -0.871703,-1.076631 0.561587 -0.864365,-1.063349 0.554622 -0.854938,-1.053415 0.543712 -0.844186,-1.109403 0.557177 -0.877552,-1.094715 0.560139 -0.874395,-1.079542 0.558885 -0.868337,-1.065573 0.553105 -0.859868,-1.054491 0.543194 -0.849675,-1.097996 0.556024 -0.876358,-1.082839 0.555826 -0.871703,-1.068355 0.551209 -0.864365,-1.056260 0.542343 -0.854938,-1.048063 0.530074 -0.844186,-1.101419 0.551733 -0.877552,-1.086453 0.552473 -0.874395,-1.071637 0.548972 -0.868337,-1.058685 0.541174 -0.859868,-1.049204 0.529722 -0.849675,-1.090311 0.548893 -0.876358,-1.075352 0.546438 -0.871703,-1.061718 0.539714 -0.864365,-1.051080 0.529144 -0.854938,-1.044803 0.515791 -0.844186,-1.094335 0.545160 -0.877552,-1.079426 0.543661 -0.874395,-1.065297 0.537991 -0.868337,-1.053652 0.528350 -0.859868,-1.045983 0.515613 -0.849675,-1.083774 0.540696 -0.876358,-1.069348 0.536039 -0.871703,-1.056869 0.527358 -0.864365,-1.047924 0.515320 -0.854938,-1.088309 0.537604 -0.877552,-1.073790 0.533900 -0.874395,-1.060664 0.526187 -0.868337,-1.050586 0.514919 -0.859868,-1.078532 0.531617 -0.876358,-1.064961 0.524862 -0.871703,-1.053915 0.514417 -0.864365,-1.083477 0.529235 -0.877552,-1.069673 0.523409 -0.874395,-1.057843 0.513825 -0.868337,-1.074702 0.521857 -0.876358,-1.062289 0.513155 -0.871703,-1.079947 0.520239 -0.877552,-1.067165 0.512420 -0.874395,-1.072369 0.511636 -0.876358,-1.077796 0.510818 -0.877552,1.259843 -0.199606 0.503937,-1.259843 -0.199606 0.503937,1.314751 -0.199606 0.500010,1.368542 -0.199606 0.488308,1.420121 -0.199606 0.469071,1.468436 -0.199606 0.442688,1.512505 -0.199606 0.409699,1.551431 -0.199606 0.370773,1.584421 -0.199606 0.326704,1.610803 -0.199606 0.278388,1.630041 -0.199606 0.226810,1.641742 -0.199606 0.173019,1.645669 -0.199606 0.118110,1.645669 -0.199606 -0.118110,1.641742 -0.199606 -0.173019,1.630041 -0.199606 -0.226810,1.610803 -0.199606 -0.278388,1.584421 -0.199606 -0.326704,1.551431 -0.199606 -0.370773,1.512505 -0.199606 -0.409699,1.468436 -0.199606 -0.442688,1.420121 -0.199606 -0.469071,1.368542 -0.199606 -0.488308,1.314751 -0.199606 -0.500010,1.259843 -0.199606 -0.503937,-1.259843 -0.199606 -0.503937,-1.314751 -0.199606 -0.500010,-1.368542 -0.199606 -0.488308,-1.420121 -0.199606 -0.469071,-1.468436 -0.199606 -0.442688,-1.512505 -0.199606 -0.409699,-1.551431 -0.199606 -0.370773,-1.584421 -0.199606 -0.326704,-1.610803 -0.199606 -0.278388,-1.630041 -0.199606 -0.226810,-1.641742 -0.199606 -0.173019,-1.645669 -0.199606 -0.118110,-1.645669 -0.199606 0.118110,-1.641742 -0.199606 0.173019,-1.630041 -0.199606 0.226810,-1.610803 -0.199606 0.278388,-1.584421 -0.199606 0.326704,-1.551431 -0.199606 0.370773,-1.512505 -0.199606 0.409699,-1.468436 -0.199606 0.442688,-1.420121 -0.199606 0.469071,-1.368542 -0.199606 0.488308,-1.314751 -0.199606 0.500010,-1.161417 -0.199606 0.236220,-1.183829 -0.199606 0.234618,-1.205785 -0.199606 0.229841,-1.226837 -0.199606 0.221989,-1.246558 -0.199606 0.211221,-1.264545 -0.199606 0.197756,-1.280433 -0.199606 0.181868,-1.293898 -0.199606 0.163880,-1.304666 -0.199606 0.144160,-1.312519 -0.199606 0.123107,-1.317295 -0.199606 0.101152,-1.318898 -0.199606 0.078740,-1.318898 -0.199606 -0.078740,-1.317295 -0.199606 -0.101152,-1.312519 -0.199606 -0.123107,-1.304666 -0.199606 -0.144160,-1.293898 -0.199606 -0.163880,-1.280433 -0.199606 -0.181868,-1.264545 -0.199606 -0.197756,-1.246558 -0.199606 -0.211221,-1.226837 -0.199606 -0.221989,-1.205785 -0.199606 -0.229841,-1.183829 -0.199606 -0.234618,-1.161417 -0.199606 -0.236220,1.161417 -0.199606 -0.236220,1.183829 -0.199606 -0.234618,1.205785 -0.199606 -0.229841,1.226837 -0.199606 -0.221989,1.246558 -0.199606 -0.211221,1.264545 -0.199606 -0.197756,1.280433 -0.199606 -0.181868,1.293898 -0.199606 -0.163880,1.304666 -0.199606 -0.144160,1.312519 -0.199606 -0.123107,1.317295 -0.199606 -0.101152,1.318898 -0.199606 -0.078740,1.318898 -0.199606 0.078740,1.317295 -0.199606 0.101152,1.312519 -0.199606 0.123107,1.304666 -0.199606 0.144160,1.293898 -0.199606 0.163880,1.280433 -0.199606 0.181868,1.264545 -0.199606 0.197756,1.246558 -0.199606 0.211221,1.226837 -0.199606 0.221989,1.205785 -0.199606 0.229841,1.183829 -0.199606 0.234618,1.161417 -0.199606 0.236220,-0.970312 0.469685 0.323437,-0.380683 0.469685 0.323437,-0.970312 0.469685 0.503937,-0.380683 0.469685 0.503937,0.970312 0.469685 0.503937,0.970312 0.469685 0.323437,0.380683 0.469685 0.323437,0.380683 0.469685 0.503937,-1.525201 0.548425 0.398194,-1.600048 0.548425 0.477194,-1.561677 0.548425 0.358440,-1.592250 0.548425 0.313987,-1.616323 0.548425 0.265704,-1.633426 0.548425 0.214535,-1.738798 0.548425 0.241732,-1.646811 0.548425 0.426227,-1.686008 0.548425 0.369236,-1.716871 0.548425 0.307334,1.633426 0.548425 0.214535,1.616323 0.548425 0.265704,1.592250 0.548425 0.313987,1.561677 0.548425 0.358440,1.525201 0.548425 0.398194,1.600048 0.548425 0.477194,1.738798 0.548425 0.241732,1.716871 0.548425 0.307334,1.686008 0.548425 0.369236,1.646811 0.548425 0.426227,-1.082677 0.501181 -0.877953,-1.083337 0.492379 -0.877953,-1.085301 0.483774 -0.877953,-1.088525 0.475558 -0.877953,-1.092939 0.467914 -0.877953,-1.098442 0.461013 -0.877953,-1.104912 0.455010 -0.877953,-1.112205 0.450038 -0.877953,-1.120157 0.446208 -0.877953,-1.128591 0.443607 -0.877953,-1.137319 0.442291 -0.877953,-1.146145 0.442291 -0.877953,-1.154873 0.443607 -0.877953,-1.163308 0.446208 -0.877953,-1.171260 0.450038 -0.877953,-1.178553 0.455010 -0.877953,-1.185023 0.461013 -0.877953,-1.190526 0.467914 -0.877953,-1.194939 0.475558 -0.877953,-1.198164 0.483774 -0.877953,-1.200128 0.492379 -0.877953,-1.200787 0.501181 -0.877953,-1.200128 0.509983 -0.877953,-1.198164 0.518588 -0.877953,-1.194939 0.526804 -0.877953,-1.190526 0.534448 -0.877953,-1.185023 0.541349 -0.877953,-1.178553 0.547352 -0.877953,-1.171260 0.552324 -0.877953,-1.163308 0.556154 -0.877953,-1.154873 0.558756 -0.877953,-1.146145 0.560071 -0.877953,-1.137319 0.560071 -0.877953,-1.128591 0.558756 -0.877953,-1.120157 0.556154 -0.877953,-1.112205 0.552324 -0.877953,-1.104912 0.547352 -0.877953,-1.098442 0.541349 -0.877953,-1.092939 0.534448 -0.877953,-1.088525 0.526804 -0.877953,-1.085301 0.518588 -0.877953,-1.083337 0.509983 -0.877953,-1.161417 -0.199606 0.236220,-1.183829 -0.199606 0.234618,-1.205785 -0.199606 0.229841,-1.226837 -0.199606 0.221989,-1.246558 -0.199606 0.211221,-1.264545 -0.199606 0.197756,-1.280433 -0.199606 0.181868,-1.293898 -0.199606 0.163880,-1.304666 -0.199606 0.144160,-1.312519 -0.199606 0.123107,-1.317295 -0.199606 0.101152,-1.318898 -0.199606 0.078740,-1.318898 -0.790157 0.078740,-1.161417 -0.790157 0.236220,-1.183829 -0.790157 0.234618,-1.205785 -0.790157 0.229841,-1.226837 -0.790157 0.221989,-1.246558 -0.790157 0.211221,-1.264545 -0.790157 0.197756,-1.280433 -0.790157 0.181868,-1.293898 -0.790157 0.163880,-1.304666 -0.790157 0.144160,-1.312519 -0.790157 0.123107,-1.317295 -0.790157 0.101152,1.161417 -0.199606 0.236220,1.161417 -0.790157 0.236220,-1.161417 -0.790157 0.236220,-1.161417 -0.199606 0.236220,1.318898 -0.199606 0.078740,1.317295 -0.199606 0.101152,1.312519 -0.199606 0.123107,1.304666 -0.199606 0.144160,1.293898 -0.199606 0.163880,1.280433 -0.199606 0.181868,1.264545 -0.199606 0.197756,1.246558 -0.199606 0.211221,1.226837 -0.199606 0.221989,1.205785 -0.199606 0.229841,1.183829 -0.199606 0.234618,1.161417 -0.199606 0.236220,1.161417 -0.790157 0.236220,1.318898 -0.790157 0.078740,1.317295 -0.790157 0.101152,1.312519 -0.790157 0.123107,1.304666 -0.790157 0.144160,1.293898 -0.790157 0.163880,1.280433 -0.790157 0.181868,1.264545 -0.790157 0.197756,1.246558 -0.790157 0.211221,1.226837 -0.790157 0.221989,1.205785 -0.790157 0.229841,1.183829 -0.790157 0.234618,1.318898 -0.199606 -0.078740,1.318898 -0.790157 -0.078740,1.318898 -0.790157 0.078740,1.318898 -0.199606 0.078740,1.161417 -0.199606 -0.236220,1.183829 -0.199606 -0.234618,1.205785 -0.199606 -0.229841,1.226837 -0.199606 -0.221989,1.246558 -0.199606 -0.211221,1.264545 -0.199606 -0.197756,1.280433 -0.199606 -0.181868,1.293898 -0.199606 -0.163880,1.304666 -0.199606 -0.144160,1.312519 -0.199606 -0.123107,1.317295 -0.199606 -0.101152,1.318898 -0.199606 -0.078740,1.318898 -0.790157 -0.078740,1.161417 -0.790157 -0.236220,1.183829 -0.790157 -0.234618,1.205785 -0.790157 -0.229841,1.226837 -0.790157 -0.221989,1.246558 -0.790157 -0.211221,1.264545 -0.790157 -0.197756,1.280433 -0.790157 -0.181868,1.293898 -0.790157 -0.163880,1.304666 -0.790157 -0.144160,1.312519 -0.790157 -0.123107,1.317295 -0.790157 -0.101152,-1.161417 -0.199606 -0.236220,-1.161417 -0.790157 -0.236220,1.161417 -0.790157 -0.236220,1.161417 -0.199606 -0.236220,-1.318898 -0.199606 -0.078740,-1.317295 -0.199606 -0.101152,-1.312519 -0.199606 -0.123107,-1.304666 -0.199606 -0.144160,-1.293898 -0.199606 -0.163880,-1.280433 -0.199606 -0.181868,-1.264545 -0.199606 -0.197756,-1.246558 -0.199606 -0.211221,-1.226837 -0.199606 -0.221989,-1.205785 -0.199606 -0.229841,-1.183829 -0.199606 -0.234618,-1.161417 -0.199606 -0.236220,-1.161417 -0.790157 -0.236220,-1.318898 -0.790157 -0.078740,-1.317295 -0.790157 -0.101152,-1.312519 -0.790157 -0.123107,-1.304666 -0.790157 -0.144160,-1.293898 -0.790157 -0.163880,-1.280433 -0.790157 -0.181868,-1.264545 -0.790157 -0.197756,-1.246558 -0.790157 -0.211221,-1.226837 -0.790157 -0.221989,-1.205785 -0.790157 -0.229841,-1.183829 -0.790157 -0.234618,-1.318898 -0.199606 0.078740,-1.318898 -0.790157 0.078740,-1.318898 -0.790157 -0.078740,-1.318898 -0.199606 -0.078740,-1.318898 -0.790157 0.078740,-1.318898 -0.790157 -0.078740,-1.161417 -0.790157 0.236220,-1.183829 -0.790157 0.234618,-1.205785 -0.790157 0.229841,-1.226837 -0.790157 0.221989,-1.246558 -0.790157 0.211221,-1.264545 -0.790157 0.197756,-1.280433 -0.790157 0.181868,-1.293898 -0.790157 0.163880,-1.304666 -0.790157 0.144160,-1.312519 -0.790157 0.123107,-1.317295 -0.790157 0.101152,1.161417 -0.790157 0.236220,1.318898 -0.790157 0.078740,1.317295 -0.790157 0.101152,1.312519 -0.790157 0.123107,1.304666 -0.790157 0.144160,1.293898 -0.790157 0.163880,1.280433 -0.790157 0.181868,1.264545 -0.790157 0.197756,1.246558 -0.790157 0.211221,1.226837 -0.790157 0.221989,1.205785 -0.790157 0.229841,1.183829 -0.790157 0.234618,1.318898 -0.790157 -0.078740,1.161417 -0.790157 -0.236220,1.183829 -0.790157 -0.234618,1.205785 -0.790157 -0.229841,1.226837 -0.790157 -0.221989,1.246558 -0.790157 -0.211221,1.264545 -0.790157 -0.197756,1.280433 -0.790157 -0.181868,1.293898 -0.790157 -0.163880,1.304666 -0.790157 -0.144160,1.312519 -0.790157 -0.123107,1.317295 -0.790157 -0.101152,-1.161417 -0.790157 -0.236220,-1.317295 -0.790157 -0.101152,-1.312519 -0.790157 -0.123107,-1.304666 -0.790157 -0.144160,-1.293898 -0.790157 -0.163880,-1.280433 -0.790157 -0.181868,-1.264545 -0.790157 -0.197756,-1.246558 -0.790157 -0.211221,-1.226837 -0.790157 -0.221989,-1.205785 -0.790157 -0.229841,-1.183829 -0.790157 -0.234618,1.299213 -0.790157 -0.129921,-1.299213 -0.790157 -0.129921,1.299213 -0.790157 0.129921,-1.299213 -0.790157 0.129921,-1.220472 -1.872835 -0.129921,1.220472 -1.872835 -0.129921,1.318898 -1.675984 -0.129921,1.318898 -1.490945 -0.129921,1.259843 -1.490945 -0.129921,1.181102 -1.412205 -0.129921,1.181904 -1.423411 -0.129921,1.184292 -1.434388 -0.129921,1.188218 -1.444915 -0.129921,1.193602 -1.454775 -0.129921,1.200335 -1.463769 -0.129921,1.208279 -1.471713 -0.129921,1.217272 -1.478445 -0.129921,1.227133 -1.483829 -0.129921,1.237659 -1.487755 -0.129921,1.248637 -1.490143 -0.129921,1.181102 -0.935827 -0.129921,1.208673 -0.866116 -0.129921,1.200658 -0.873871 -0.129921,1.193820 -0.882680 -0.129921,1.188294 -0.892367 -0.129921,1.184192 -0.902738 -0.129921,1.181597 -0.913584 -0.129921,1.180560 -0.924688 -0.129921,1.299213 -0.790157 -0.129921,-1.299213 -0.790157 -0.129921,-1.208642 -0.856005 -0.129921,-1.176829 -0.929583 -0.129921,-1.176208 -0.919096 -0.129921,-1.176988 -0.908620 -0.129921,-1.179155 -0.898342 -0.129921,-1.182672 -0.888443 -0.129921,-1.187475 -0.879100 -0.129921,-1.193479 -0.870480 -0.129921,-1.200577 -0.862736 -0.129921,-1.176829 -1.412205 -0.129921,-1.255569 -1.490945 -0.129921,-1.244363 -1.490143 -0.129921,-1.233385 -1.487755 -0.129921,-1.222859 -1.483829 -0.129921,-1.212999 -1.478445 -0.129921,-1.204005 -1.471713 -0.129921,-1.196061 -1.463769 -0.129921,-1.189329 -1.454775 -0.129921,-1.183945 -1.444915 -0.129921,-1.180018 -1.434388 -0.129921,-1.177630 -1.423411 -0.129921,-1.318898 -1.490945 -0.129921,-1.318898 -1.675984 -0.129921,-1.299213 -0.790157 -0.129921,-1.299213 -0.790157 0.129921,-1.208642 -0.856005 0.129921,-1.208642 -0.856005 -0.129921,1.220472 -1.872835 0.129921,-1.220472 -1.872835 0.129921,1.318898 -1.675984 0.129921,1.318898 -1.490945 0.129921,1.259843 -1.490945 0.129921,1.181102 -1.412205 0.129921,1.181904 -1.423411 0.129921,1.184292 -1.434388 0.129921,1.188218 -1.444915 0.129921,1.193602 -1.454775 0.129921,1.200335 -1.463769 0.129921,1.208279 -1.471713 0.129921,1.217272 -1.478445 0.129921,1.227133 -1.483829 0.129921,1.237659 -1.487755 0.129921,1.248637 -1.490143 0.129921,1.181102 -0.935827 0.129921,1.208673 -0.866116 0.129921,1.200658 -0.873871 0.129921,1.193820 -0.882680 0.129921,1.188294 -0.892367 0.129921,1.184192 -0.902738 0.129921,1.181597 -0.913584 0.129921,1.180560 -0.924688 0.129921,1.299213 -0.790157 0.129921,-1.299213 -0.790157 0.129921,-1.208642 -0.856005 0.129921,-1.176829 -0.929583 0.129921,-1.176208 -0.919096 0.129921,-1.176988 -0.908620 0.129921,-1.179155 -0.898342 0.129921,-1.182672 -0.888443 0.129921,-1.187475 -0.879100 0.129921,-1.193479 -0.870480 0.129921,-1.200577 -0.862736 0.129921,-1.176829 -1.412205 0.129921,-1.255569 -1.490945 0.129921,-1.244363 -1.490143 0.129921,-1.233385 -1.487755 0.129921,-1.222859 -1.483829 0.129921,-1.212999 -1.478445 0.129921,-1.204005 -1.471713 0.129921,-1.196061 -1.463769 0.129921,-1.189329 -1.454775 0.129921,-1.183945 -1.444915 0.129921,-1.180018 -1.434388 0.129921,-1.177630 -1.423411 0.129921,-1.318898 -1.490945 0.129921,-1.318898 -1.675984 0.129921,1.299213 -0.790157 -0.129921,1.299213 -0.790157 0.129921,1.208673 -0.866116 0.129921,1.208673 -0.866116 -0.129921,-1.181102 -1.951575 -0.070866,-1.220472 -1.872835 -0.129921,1.181102 -1.951575 -0.070866,1.220472 -1.872835 -0.129921,-1.181102 -1.951575 -0.070866,-1.181102 -1.951575 0.070866,-1.220472 -1.872835 0.129921,-1.318898 -1.675984 0.129921,-1.318898 -1.675984 -0.129921,-1.220472 -1.872835 -0.129921,-1.318898 -1.675984 -0.129921,-1.318898 -1.675984 0.129921,-1.318898 -1.490945 0.129921,-1.318898 -1.490945 -0.129921,-1.318898 -1.490945 -0.129921,-1.318898 -1.490945 0.129921,-1.255569 -1.490945 0.129921,-1.255569 -1.490945 -0.129921,-1.255569 -1.490945 -0.129921,-1.244363 -1.490143 -0.129921,-1.233385 -1.487755 -0.129921,-1.222859 -1.483829 -0.129921,-1.212999 -1.478445 -0.129921,-1.204005 -1.471713 -0.129921,-1.196061 -1.463769 -0.129921,-1.189329 -1.454775 -0.129921,-1.183945 -1.444915 -0.129921,-1.180018 -1.434388 -0.129921,-1.177630 -1.423411 -0.129921,-1.176829 -1.412205 -0.129921,-1.176829 -1.412205 0.129921,-1.255569 -1.490945 0.129921,-1.244363 -1.490143 0.129921,-1.233385 -1.487755 0.129921,-1.222859 -1.483829 0.129921,-1.212999 -1.478445 0.129921,-1.204005 -1.471713 0.129921,-1.196061 -1.463769 0.129921,-1.189329 -1.454775 0.129921,-1.183945 -1.444915 0.129921,-1.180018 -1.434388 0.129921,-1.177630 -1.423411 0.129921,-1.176829 -0.929583 -0.129921,-1.176829 -0.929583 0.129921,-1.176829 -1.412205 0.129921,-1.176829 -1.412205 -0.129921,-1.176829 -0.929583 -0.129921,-1.176208 -0.919096 -0.129921,-1.176988 -0.908620 -0.129921,-1.179155 -0.898342 -0.129921,-1.182672 -0.888443 -0.129921,-1.187475 -0.879100 -0.129921,-1.193479 -0.870480 -0.129921,-1.200577 -0.862736 -0.129921,-1.208642 -0.856005 -0.129921,-1.208642 -0.856005 0.129921,-1.176829 -0.929583 0.129921,-1.176208 -0.919096 0.129921,-1.176988 -0.908620 0.129921,-1.179155 -0.898342 0.129921,-1.182672 -0.888443 0.129921,-1.187475 -0.879100 0.129921,-1.193479 -0.870480 0.129921,-1.200577 -0.862736 0.129921,1.208673 -0.866116 -0.129921,1.200658 -0.873871 -0.129921,1.193820 -0.882680 -0.129921,1.188294 -0.892367 -0.129921,1.184192 -0.902738 -0.129921,1.181597 -0.913584 -0.129921,1.180560 -0.924688 -0.129921,1.181102 -0.935827 -0.129921,1.181102 -0.935827 0.129921,1.208673 -0.866116 0.129921,1.200658 -0.873871 0.129921,1.193820 -0.882680 0.129921,1.188294 -0.892367 0.129921,1.184192 -0.902738 0.129921,1.181597 -0.913584 0.129921,1.180560 -0.924688 0.129921,1.181102 -0.935827 -0.129921,1.181102 -0.935827 0.129921,1.181102 -1.412205 0.129921,1.181102 -1.412205 -0.129921,1.181102 -1.412205 -0.129921,1.181904 -1.423411 -0.129921,1.184292 -1.434388 -0.129921,1.188218 -1.444915 -0.129921,1.193602 -1.454775 -0.129921,1.200335 -1.463769 -0.129921,1.208279 -1.471713 -0.129921,1.217272 -1.478445 -0.129921,1.227133 -1.483829 -0.129921,1.237659 -1.487755 -0.129921,1.248637 -1.490143 -0.129921,1.259843 -1.490945 -0.129921,1.259843 -1.490945 0.129921,1.181102 -1.412205 0.129921,1.181904 -1.423411 0.129921,1.184292 -1.434388 0.129921,1.188218 -1.444915 0.129921,1.193602 -1.454775 0.129921,1.200335 -1.463769 0.129921,1.208279 -1.471713 0.129921,1.217272 -1.478445 0.129921,1.227133 -1.483829 0.129921,1.237659 -1.487755 0.129921,1.248637 -1.490143 0.129921,1.318898 -1.490945 -0.129921,1.318898 -1.490945 0.129921,1.259843 -1.490945 0.129921,1.259843 -1.490945 -0.129921,1.318898 -1.675984 -0.129921,1.318898 -1.675984 0.129921,1.318898 -1.490945 0.129921,1.318898 -1.490945 -0.129921,1.181102 -1.951575 -0.070866,1.181102 -1.951575 0.070866,1.220472 -1.872835 0.129921,1.318898 -1.675984 0.129921,1.318898 -1.675984 -0.129921,1.220472 -1.872835 -0.129921,1.220472 -1.872835 0.129921,1.181102 -1.951575 0.070866,-1.220472 -1.872835 0.129921,-1.181102 -1.951575 0.070866,1.181102 -1.951575 -0.070866,1.181102 -1.951575 0.070866,-1.181102 -1.951575 0.070866,-1.181102 -1.951575 -0.070866
            ]
        }
        coordIndex [
41,42,43,-1,41,43,85,-1,40,41,85,-1,40,85,84,-1,39,40,84,-1,39,84,83,-1,38,39,83,-1,38,83,82,-1,37,38,82,-1,37,82,81,-1,36,37,81,-1,36,81,80,-1,35,36,80,-1,35,79,78,-1,35,80,79,-1,34,35,78,-1,33,34,78,-1,33,78,77,-1,32,33,77,-1,32,77,76,-1,31,32,76,-1,31,76,75,-1,30,31,75,-1,30,75,74,-1,29,30,74,-1,29,74,73,-1,28,29,73,-1,28,72,71,-1,28,73,72,-1,27,28,71,-1,26,27,71,-1,26,71,70,-1,25,26,70,-1,25,70,69,-1,24,25,69,-1,24,69,68,-1,23,68,67,-1,23,24,68,-1,22,67,66,-1,22,23,67,-1,21,66,65,-1,21,22,66,-1,20,65,64,-1,20,21,65,-1,19,64,63,-1,19,20,64,-1,18,62,61,-1,18,63,62,-1,18,19,63,-1,17,18,61,-1,16,60,59,-1,16,61,60,-1,16,17,61,-1,15,59,58,-1,15,16,59,-1,14,15,58,-1,13,14,58,-1,13,57,56,-1,13,58,57,-1,12,13,56,-1,11,56,55,-1,11,12,56,-1,10,11,55,-1,10,55,54,-1,9,10,54,-1,9,54,53,-1,8,9,53,-1,8,52,51,-1,8,53,52,-1,7,8,51,-1,6,7,51,-1,6,51,50,-1,5,6,50,-1,5,49,48,-1,5,50,49,-1,4,5,48,-1,3,4,48,-1,3,48,47,-1,2,46,45,-1,2,47,46,-1,2,3,47,-1,1,2,45,-1,0,45,44,-1,0,1,45,-1,192,87,86,-1,192,86,98,-1,193,88,87,-1,193,87,192,-1,194,89,88,-1,194,88,193,-1,195,98,99,-1,195,192,98,-1,196,90,89,-1,196,89,194,-1,197,192,195,-1,197,193,192,-1,198,91,90,-1,198,90,196,-1,199,194,193,-1,199,193,197,-1,200,195,99,-1,200,99,100,-1,201,92,91,-1,201,91,198,-1,202,196,194,-1,202,194,199,-1,203,197,195,-1,203,195,200,-1,204,93,92,-1,204,92,201,-1,205,198,196,-1,205,196,202,-1,206,197,203,-1,206,199,197,-1,207,200,100,-1,207,100,101,-1,208,94,93,-1,208,93,204,-1,209,198,205,-1,209,201,198,-1,210,199,206,-1,210,202,199,-1,211,203,200,-1,211,200,207,-1,212,95,94,-1,212,94,208,-1,213,204,201,-1,213,201,209,-1,214,202,210,-1,214,205,202,-1,215,206,203,-1,215,203,211,-1,216,101,102,-1,216,207,101,-1,217,96,95,-1,217,97,96,-1,217,151,97,-1,217,95,212,-1,218,208,204,-1,218,204,213,-1,219,209,205,-1,219,205,214,-1,220,206,215,-1,220,210,206,-1,221,207,216,-1,221,211,207,-1,222,212,208,-1,222,208,218,-1,223,213,209,-1,223,209,219,-1,224,214,210,-1,224,210,220,-1,225,215,211,-1,225,211,221,-1,226,102,103,-1,226,216,102,-1,227,151,217,-1,227,217,212,-1,227,152,151,-1,227,212,222,-1,228,213,223,-1,228,218,213,-1,229,214,224,-1,229,219,214,-1,230,215,225,-1,230,220,215,-1,231,216,226,-1,231,221,216,-1,232,218,228,-1,232,222,218,-1,233,219,229,-1,233,223,219,-1,234,220,230,-1,234,224,220,-1,235,221,231,-1,235,225,221,-1,236,103,104,-1,236,226,103,-1,237,222,232,-1,237,227,222,-1,237,152,227,-1,237,153,152,-1,238,223,233,-1,238,228,223,-1,239,224,234,-1,239,229,224,-1,240,230,225,-1,240,225,235,-1,241,226,236,-1,241,231,226,-1,242,232,228,-1,242,228,238,-1,243,229,239,-1,243,233,229,-1,244,234,230,-1,244,230,240,-1,245,235,231,-1,245,231,241,-1,246,104,105,-1,246,236,104,-1,247,237,232,-1,247,153,237,-1,247,232,242,-1,247,154,153,-1,248,238,233,-1,248,233,243,-1,249,234,244,-1,249,239,234,-1,250,240,235,-1,250,235,245,-1,251,241,236,-1,251,236,246,-1,252,242,238,-1,252,238,248,-1,253,243,239,-1,253,239,249,-1,254,244,240,-1,254,240,250,-1,255,245,241,-1,255,241,251,-1,256,246,105,-1,256,105,106,-1,257,155,154,-1,257,247,242,-1,257,154,247,-1,257,242,252,-1,258,248,243,-1,258,243,253,-1,259,249,244,-1,259,244,254,-1,260,250,245,-1,260,245,255,-1,261,251,246,-1,261,246,256,-1,262,248,258,-1,262,252,248,-1,263,249,259,-1,263,253,249,-1,264,250,260,-1,264,254,250,-1,265,255,251,-1,265,251,261,-1,266,106,107,-1,266,256,106,-1,267,252,262,-1,267,156,155,-1,267,155,257,-1,267,257,252,-1,268,258,253,-1,268,253,263,-1,269,259,254,-1,269,254,264,-1,270,260,255,-1,270,255,265,-1,271,256,266,-1,271,261,256,-1,272,262,258,-1,272,258,268,-1,273,259,269,-1,273,263,259,-1,274,260,270,-1,274,264,260,-1,275,265,261,-1,275,261,271,-1,276,107,108,-1,276,266,107,-1,277,157,156,-1,277,267,262,-1,277,262,272,-1,277,156,267,-1,278,263,273,-1,278,268,263,-1,279,269,264,-1,279,264,274,-1,280,270,265,-1,280,265,275,-1,281,271,266,-1,281,266,276,-1,282,272,268,-1,282,268,278,-1,283,273,269,-1,283,269,279,-1,284,274,270,-1,284,270,280,-1,285,271,281,-1,285,275,271,-1,286,108,109,-1,286,276,108,-1,287,157,277,-1,287,277,272,-1,287,272,282,-1,287,158,157,-1,288,278,273,-1,288,273,283,-1,289,274,284,-1,289,279,274,-1,290,280,275,-1,290,275,285,-1,291,281,276,-1,291,276,286,-1,292,282,278,-1,292,278,288,-1,293,283,279,-1,293,279,289,-1,294,284,280,-1,294,280,290,-1,295,285,281,-1,295,281,291,-1,296,109,110,-1,296,286,109,-1,297,159,158,-1,297,287,282,-1,297,158,287,-1,297,282,292,-1,298,288,283,-1,298,283,293,-1,299,284,294,-1,299,289,284,-1,300,290,285,-1,300,285,295,-1,301,291,286,-1,301,286,296,-1,302,292,288,-1,302,288,298,-1,303,293,289,-1,303,289,299,-1,304,294,290,-1,304,290,300,-1,305,295,291,-1,305,291,301,-1,306,296,110,-1,306,110,111,-1,307,297,292,-1,307,292,302,-1,307,160,159,-1,307,159,297,-1,308,298,293,-1,308,293,303,-1,309,294,304,-1,309,299,294,-1,310,300,295,-1,310,295,305,-1,311,296,306,-1,311,301,296,-1,312,302,298,-1,312,298,308,-1,313,299,309,-1,313,303,299,-1,314,304,300,-1,314,300,310,-1,315,305,301,-1,315,301,311,-1,316,306,111,-1,316,111,112,-1,317,307,302,-1,317,160,307,-1,317,302,312,-1,317,161,160,-1,318,308,303,-1,318,303,313,-1,319,309,304,-1,319,304,314,-1,320,310,305,-1,320,305,315,-1,321,311,306,-1,321,306,316,-1,322,312,308,-1,322,308,318,-1,322,317,312,-1,323,313,309,-1,323,309,319,-1,324,314,310,-1,324,310,320,-1,325,311,321,-1,325,315,311,-1,326,112,113,-1,326,316,112,-1,327,162,161,-1,327,161,317,-1,327,317,322,-1,328,318,313,-1,328,313,323,-1,329,319,314,-1,329,314,324,-1,330,315,325,-1,330,320,315,-1,331,316,326,-1,331,321,316,-1,332,318,328,-1,332,322,318,-1,333,323,319,-1,333,319,329,-1,334,324,320,-1,334,320,330,-1,335,321,331,-1,335,325,321,-1,336,326,113,-1,336,113,114,-1,336,114,115,-1,337,327,322,-1,337,322,332,-1,337,163,162,-1,337,162,327,-1,338,323,333,-1,338,328,323,-1,339,329,324,-1,339,324,334,-1,340,330,325,-1,340,325,335,-1,341,331,326,-1,341,326,336,-1,342,337,332,-1,342,328,338,-1,342,332,328,-1,343,333,329,-1,343,329,339,-1,344,330,340,-1,344,334,330,-1,345,335,331,-1,345,331,341,-1,346,336,115,-1,347,163,337,-1,347,337,342,-1,347,164,163,-1,348,338,333,-1,348,333,343,-1,348,342,338,-1,349,339,334,-1,349,334,344,-1,350,344,340,-1,350,335,345,-1,350,340,335,-1,351,336,346,-1,351,341,336,-1,351,345,341,-1,352,342,348,-1,353,343,339,-1,353,339,349,-1,354,344,350,-1,355,345,351,-1,356,115,116,-1,356,346,115,-1,357,347,342,-1,357,164,347,-1,357,165,164,-1,357,342,352,-1,358,348,343,-1,358,343,353,-1,359,349,344,-1,359,344,354,-1,360,350,345,-1,360,345,355,-1,361,351,346,-1,361,346,356,-1,362,352,348,-1,362,348,358,-1,363,358,353,-1,363,353,349,-1,363,349,359,-1,364,354,350,-1,364,350,360,-1,365,351,361,-1,365,355,351,-1,366,356,116,-1,366,116,117,-1,367,357,352,-1,367,352,362,-1,367,166,165,-1,367,165,357,-1,368,358,363,-1,369,354,364,-1,369,359,354,-1,370,360,355,-1,370,355,365,-1,371,356,366,-1,371,361,356,-1,372,362,358,-1,372,358,368,-1,372,367,362,-1,373,359,369,-1,373,363,359,-1,374,364,360,-1,374,360,370,-1,375,361,371,-1,375,365,361,-1,376,366,117,-1,376,117,118,-1,377,166,367,-1,377,367,372,-1,377,167,166,-1,378,368,363,-1,378,363,373,-1,379,364,374,-1,379,369,364,-1,380,365,375,-1,380,370,365,-1,381,366,376,-1,381,371,366,-1,382,372,368,-1,382,368,378,-1,383,373,369,-1,383,369,379,-1,384,374,370,-1,384,370,380,-1,385,375,371,-1,385,371,381,-1,386,376,118,-1,386,118,119,-1,387,377,372,-1,387,167,377,-1,387,372,382,-1,387,168,167,-1,388,378,373,-1,388,373,383,-1,389,374,384,-1,389,379,374,-1,390,380,375,-1,390,375,385,-1,391,376,386,-1,391,381,376,-1,392,382,378,-1,392,378,388,-1,393,383,379,-1,393,379,389,-1,394,384,380,-1,394,380,390,-1,395,385,381,-1,395,381,391,-1,396,386,119,-1,396,119,120,-1,396,391,386,-1,397,169,168,-1,397,170,169,-1,397,387,382,-1,397,168,387,-1,397,382,392,-1,398,388,383,-1,398,383,393,-1,399,384,394,-1,399,389,384,-1,400,385,395,-1,400,390,385,-1,401,391,396,-1,402,392,388,-1,402,388,398,-1,403,398,393,-1,403,389,399,-1,403,393,389,-1,404,390,400,-1,404,394,390,-1,405,395,391,-1,405,391,401,-1,406,396,120,-1,406,120,121,-1,407,170,397,-1,407,397,392,-1,407,392,402,-1,408,398,403,-1,409,394,404,-1,409,399,394,-1,410,400,395,-1,410,395,405,-1,411,396,406,-1,411,401,396,-1,412,398,408,-1,412,402,398,-1,413,403,399,-1,413,399,409,-1,414,404,400,-1,414,409,404,-1,414,400,410,-1,415,405,401,-1,415,401,411,-1,416,406,121,-1,416,121,122,-1,417,407,402,-1,417,170,407,-1,417,402,412,-1,417,171,170,-1,418,408,403,-1,418,403,413,-1,419,409,414,-1,420,410,405,-1,420,405,415,-1,421,406,416,-1,421,411,406,-1,422,412,408,-1,422,408,418,-1,423,413,409,-1,423,409,419,-1,424,410,420,-1,424,414,410,-1,425,411,421,-1,425,415,411,-1,425,420,415,-1,426,416,122,-1,426,122,123,-1,427,417,412,-1,427,171,417,-1,427,412,422,-1,427,172,171,-1,428,418,413,-1,428,413,423,-1,429,419,414,-1,429,414,424,-1,430,420,425,-1,431,425,421,-1,431,421,416,-1,431,416,426,-1,432,418,428,-1,432,422,418,-1,433,419,429,-1,433,423,419,-1,434,424,420,-1,434,420,430,-1,435,425,431,-1,436,123,124,-1,436,124,125,-1,436,426,123,-1,437,427,422,-1,437,172,427,-1,437,173,172,-1,437,174,173,-1,437,422,432,-1,438,428,423,-1,438,423,433,-1,439,424,434,-1,439,429,424,-1,440,430,425,-1,440,425,435,-1,441,431,426,-1,441,435,431,-1,441,426,436,-1,442,432,428,-1,442,428,438,-1,443,429,439,-1,443,433,429,-1,444,430,440,-1,444,434,430,-1,445,435,441,-1,446,436,125,-1,447,437,432,-1,447,174,437,-1,447,432,442,-1,448,433,443,-1,448,438,433,-1,449,439,434,-1,449,434,444,-1,450,435,445,-1,450,440,435,-1,451,441,436,-1,451,436,446,-1,452,438,448,-1,452,442,438,-1,453,443,439,-1,453,439,449,-1,454,440,450,-1,454,444,440,-1,454,449,444,-1,455,445,441,-1,455,450,445,-1,455,441,451,-1,456,125,126,-1,456,126,127,-1,456,446,125,-1,457,174,447,-1,457,447,442,-1,457,442,452,-1,457,175,174,-1,457,176,175,-1,458,443,453,-1,458,448,443,-1,459,449,454,-1,460,450,455,-1,461,451,446,-1,461,446,456,-1,462,452,448,-1,462,448,458,-1,463,453,449,-1,463,449,459,-1,464,454,450,-1,464,450,460,-1,465,460,455,-1,465,451,461,-1,465,455,451,-1,466,456,127,-1,467,452,462,-1,467,457,452,-1,467,176,457,-1,468,453,463,-1,468,458,453,-1,469,459,454,-1,469,454,464,-1,470,460,465,-1,471,461,456,-1,471,456,466,-1,471,465,461,-1,472,467,462,-1,472,458,468,-1,472,462,458,-1,473,463,459,-1,473,459,469,-1,474,460,470,-1,474,464,460,-1,475,465,471,-1,476,471,466,-1,476,466,127,-1,476,127,128,-1,477,176,467,-1,477,467,472,-1,477,177,176,-1,478,468,463,-1,478,463,473,-1,479,469,464,-1,479,464,474,-1,480,470,465,-1,480,465,475,-1,481,471,476,-1,482,472,468,-1,482,468,478,-1,483,473,469,-1,483,469,479,-1,484,474,470,-1,484,470,480,-1,485,475,471,-1,485,471,481,-1,486,128,129,-1,486,476,128,-1,487,477,472,-1,487,177,477,-1,487,472,482,-1,487,178,177,-1,488,478,473,-1,488,482,478,-1,488,473,483,-1,489,479,474,-1,489,474,484,-1,490,480,475,-1,490,475,485,-1,491,481,476,-1,491,476,486,-1,492,482,488,-1,493,479,489,-1,493,483,479,-1,494,480,490,-1,494,484,480,-1,495,481,491,-1,495,485,481,-1,496,486,129,-1,496,129,130,-1,496,130,131,-1,497,487,482,-1,497,178,487,-1,497,482,492,-1,497,179,178,-1,497,180,179,-1,498,488,483,-1,498,483,493,-1,499,489,484,-1,499,484,494,-1,500,490,485,-1,500,485,495,-1,501,486,496,-1,501,491,486,-1,502,488,498,-1,502,492,488,-1,503,489,499,-1,503,493,489,-1,504,494,490,-1,504,490,500,-1,505,495,491,-1,505,491,501,-1,506,496,131,-1,506,131,132,-1,507,497,492,-1,507,492,502,-1,507,180,497,-1,508,498,493,-1,508,493,503,-1,509,494,504,-1,509,499,494,-1,510,504,500,-1,510,500,495,-1,510,495,505,-1,511,501,496,-1,511,496,506,-1,512,498,508,-1,512,502,498,-1,513,503,499,-1,513,508,503,-1,513,499,509,-1,514,504,510,-1,515,501,511,-1,515,505,501,-1,515,510,505,-1,516,506,132,-1,517,507,502,-1,517,180,507,-1,517,502,512,-1,517,181,180,-1,518,508,513,-1,519,509,504,-1,519,504,514,-1,520,514,510,-1,520,510,515,-1,521,511,506,-1,521,506,516,-1,522,512,508,-1,522,508,518,-1,523,509,519,-1,523,513,509,-1,524,514,520,-1,525,511,521,-1,525,515,511,-1,525,520,515,-1,526,132,133,-1,526,516,132,-1,526,521,516,-1,527,517,512,-1,527,181,517,-1,527,512,522,-1,527,182,181,-1,528,518,513,-1,528,513,523,-1,529,519,514,-1,529,514,524,-1,530,524,520,-1,530,520,525,-1,531,521,526,-1,532,527,522,-1,532,518,528,-1,532,522,518,-1,533,523,519,-1,533,519,529,-1,534,524,530,-1,535,521,531,-1,535,525,521,-1,536,133,134,-1,536,526,133,-1,537,182,527,-1,537,527,532,-1,537,183,182,-1,538,528,523,-1,538,523,533,-1,539,533,529,-1,539,524,534,-1,539,529,524,-1,540,525,535,-1,540,530,525,-1,541,535,531,-1,541,526,536,-1,541,531,526,-1,542,528,538,-1,542,532,528,-1,543,533,539,-1,544,539,534,-1,544,534,530,-1,544,530,540,-1,545,535,541,-1,546,541,536,-1,546,536,134,-1,546,134,135,-1,547,537,532,-1,547,183,537,-1,547,532,542,-1,547,184,183,-1,548,533,543,-1,548,538,533,-1,549,539,544,-1,550,540,535,-1,550,535,545,-1,551,545,541,-1,551,541,546,-1,552,542,538,-1,552,538,548,-1,552,547,542,-1,553,548,543,-1,553,543,539,-1,553,539,549,-1,554,544,540,-1,554,540,550,-1,554,549,544,-1,555,545,551,-1,556,135,136,-1,556,136,137,-1,556,546,135,-1,557,184,547,-1,557,547,552,-1,557,185,184,-1,558,548,553,-1,558,552,548,-1,559,549,554,-1,560,545,555,-1,560,550,545,-1,561,551,546,-1,561,546,556,-1,562,552,558,-1,563,553,549,-1,563,549,559,-1,564,550,560,-1,564,554,550,-1,565,555,551,-1,565,551,561,-1,566,137,138,-1,566,556,137,-1,567,552,562,-1,567,557,552,-1,567,185,557,-1,567,186,185,-1,568,562,558,-1,568,553,563,-1,568,558,553,-1,569,559,554,-1,569,554,564,-1,570,560,555,-1,570,555,565,-1,571,561,556,-1,571,565,561,-1,571,556,566,-1,572,562,568,-1,573,559,569,-1,573,563,559,-1,574,560,570,-1,574,564,560,-1,575,565,571,-1,575,570,565,-1,576,566,138,-1,576,138,139,-1,576,139,140,-1,576,140,141,-1,577,187,186,-1,577,567,562,-1,577,562,572,-1,577,186,567,-1,578,568,563,-1,578,563,573,-1,579,569,564,-1,579,564,574,-1,580,570,575,-1,581,571,566,-1,581,575,571,-1,581,566,576,-1,581,576,141,-1,581,141,142,-1,582,568,578,-1,582,572,568,-1,583,569,579,-1,583,573,569,-1,583,578,573,-1,584,574,570,-1,584,579,574,-1,584,570,580,-1,585,575,581,-1,585,581,142,-1,586,188,187,-1,586,577,572,-1,586,187,577,-1,586,572,582,-1,587,578,583,-1,587,582,578,-1,588,583,579,-1,588,579,584,-1,589,585,142,-1,589,580,575,-1,589,575,585,-1,589,142,143,-1,590,582,587,-1,591,587,583,-1,591,583,588,-1,592,143,144,-1,592,144,145,-1,592,584,580,-1,592,588,584,-1,592,589,143,-1,592,580,589,-1,593,189,188,-1,593,188,586,-1,593,586,582,-1,593,582,590,-1,594,590,587,-1,594,587,591,-1,595,592,145,-1,595,588,592,-1,596,590,594,-1,597,588,595,-1,597,145,146,-1,597,595,145,-1,597,591,588,-1,598,190,189,-1,598,590,596,-1,598,189,593,-1,598,593,590,-1,599,594,591,-1,599,591,597,-1,599,597,146,-1,599,146,147,-1,600,596,594,-1,600,598,596,-1,600,599,147,-1,600,147,148,-1,600,594,599,-1,601,191,190,-1,601,150,191,-1,601,190,598,-1,601,598,600,-1,601,600,148,-1,601,148,149,-1,601,149,150,-1,616,615,609,-1,614,609,615,-1,617,616,609,-1,613,609,614,-1,618,617,609,-1,612,609,613,-1,619,618,609,-1,611,609,612,-1,620,619,609,-1,610,609,611,-1,621,620,609,-1,651,609,610,-1,622,621,609,-1,606,648,647,-1,606,649,648,-1,606,650,649,-1,606,651,650,-1,606,609,651,-1,646,606,647,-1,645,606,646,-1,608,609,606,-1,644,606,645,-1,643,606,644,-1,642,606,643,-1,607,608,606,-1,658,626,625,-1,658,657,626,-1,656,627,626,-1,656,626,657,-1,659,624,623,-1,659,625,624,-1,659,658,625,-1,655,628,627,-1,655,629,628,-1,655,627,656,-1,660,623,622,-1,660,659,623,-1,654,629,655,-1,661,660,622,-1,653,630,629,-1,653,629,654,-1,652,630,653,-1,652,631,630,-1,693,631,652,-1,693,632,631,-1,692,633,632,-1,692,632,693,-1,691,633,692,-1,691,634,633,-1,690,635,634,-1,690,634,691,-1,689,635,690,-1,689,636,635,-1,688,636,689,-1,688,637,636,-1,603,622,609,-1,603,662,661,-1,603,663,662,-1,603,664,663,-1,603,665,664,-1,603,666,665,-1,603,667,666,-1,603,668,667,-1,603,669,668,-1,603,670,669,-1,603,671,670,-1,603,672,671,-1,603,673,672,-1,603,661,622,-1,674,673,603,-1,605,674,603,-1,605,675,674,-1,605,676,675,-1,605,677,676,-1,605,678,677,-1,605,679,678,-1,605,680,679,-1,605,681,680,-1,605,682,681,-1,605,683,682,-1,602,604,605,-1,602,605,603,-1,605,606,642,-1,605,642,641,-1,605,641,640,-1,605,640,639,-1,605,639,638,-1,605,638,637,-1,605,637,684,-1,684,637,685,-1,685,637,686,-1,686,637,687,-1,687,637,688,-1,605,684,683,-1,712,710,711,-1,722,720,721,-1,697,698,699,-1,727,709,710,-1,727,712,713,-1,727,713,714,-1,727,714,715,-1,727,715,716,-1,727,716,717,-1,727,717,718,-1,727,718,719,-1,727,719,720,-1,727,722,723,-1,727,723,724,-1,727,724,725,-1,727,725,726,-1,727,710,712,-1,727,720,722,-1,729,706,707,-1,729,707,708,-1,729,708,709,-1,729,727,728,-1,729,709,727,-1,731,694,695,-1,731,695,696,-1,731,696,697,-1,731,699,700,-1,731,700,701,-1,731,701,702,-1,731,702,703,-1,731,703,704,-1,731,704,705,-1,731,705,706,-1,731,729,730,-1,731,732,733,-1,731,733,734,-1,731,734,735,-1,731,735,694,-1,731,706,729,-1,731,697,699,-1,739,737,736,-1,739,738,737,-1,762,763,764,-1,762,764,765,-1,767,765,766,-1,775,770,771,-1,774,770,775,-1,776,774,773,-1,776,770,774,-1,772,776,773,-1,784,767,768,-1,784,768,769,-1,784,769,770,-1,784,776,777,-1,784,777,778,-1,784,778,779,-1,784,779,780,-1,784,780,781,-1,784,781,782,-1,784,765,767,-1,784,762,765,-1,784,770,776,-1,783,784,782,-1,785,762,784,-1,788,785,786,-1,759,760,761,-1,787,788,786,-1,758,759,761,-1,789,758,761,-1,789,761,788,-1,740,789,741,-1,756,758,789,-1,756,757,758,-1,755,756,789,-1,742,789,740,-1,754,755,789,-1,753,754,789,-1,743,789,742,-1,744,789,743,-1,745,789,744,-1,746,789,745,-1,747,753,789,-1,747,789,746,-1,750,749,753,-1,751,753,747,-1,751,750,753,-1,752,751,747,-1,748,752,747,-1,761,762,785,-1,761,785,788,-1,814,813,807,-1,812,807,813,-1,815,807,806,-1,815,814,807,-1,811,807,812,-1,816,815,806,-1,817,806,805,-1,817,816,806,-1,810,807,811,-1,809,807,810,-1,818,817,805,-1,819,818,805,-1,808,807,809,-1,804,790,819,-1,804,819,805,-1,791,790,804,-1,792,791,804,-1,803,792,804,-1,793,792,803,-1,794,793,803,-1,802,795,794,-1,802,794,803,-1,796,795,802,-1,797,796,802,-1,798,797,802,-1,799,798,802,-1,800,799,802,-1,801,800,802,-1,821,820,822,-1,821,822,823,-1,827,824,825,-1,827,825,826,-1,829,828,830,-1,829,830,831,-1,833,832,834,-1,833,834,835,-1,877,878,879,-1,877,879,921,-1,876,877,921,-1,876,921,920,-1,875,876,920,-1,875,920,919,-1,874,875,919,-1,874,919,918,-1,873,874,918,-1,873,918,917,-1,872,873,917,-1,872,917,916,-1,871,872,916,-1,871,915,914,-1,871,916,915,-1,870,871,914,-1,869,870,914,-1,869,914,913,-1,868,869,913,-1,868,913,912,-1,867,868,912,-1,867,912,911,-1,866,867,911,-1,866,911,910,-1,865,866,910,-1,865,910,909,-1,864,865,909,-1,864,908,907,-1,864,909,908,-1,863,864,907,-1,862,863,907,-1,862,907,906,-1,861,862,906,-1,861,906,905,-1,860,861,905,-1,860,905,904,-1,859,904,903,-1,859,860,904,-1,858,903,902,-1,858,859,903,-1,857,902,901,-1,857,858,902,-1,856,901,900,-1,856,857,901,-1,855,900,899,-1,855,856,900,-1,854,898,897,-1,854,899,898,-1,854,855,899,-1,853,854,897,-1,852,896,895,-1,852,897,896,-1,852,853,897,-1,851,895,894,-1,851,852,895,-1,850,851,894,-1,849,850,894,-1,849,893,892,-1,849,894,893,-1,848,849,892,-1,847,892,891,-1,847,848,892,-1,846,847,891,-1,846,891,890,-1,845,846,890,-1,845,890,889,-1,844,845,889,-1,844,888,887,-1,844,889,888,-1,843,844,887,-1,842,843,887,-1,842,887,886,-1,841,842,886,-1,841,885,884,-1,841,886,885,-1,840,841,884,-1,839,840,884,-1,839,884,883,-1,838,882,881,-1,838,883,882,-1,838,839,883,-1,837,838,881,-1,836,881,880,-1,836,837,881,-1,925,923,922,-1,925,924,923,-1,930,928,929,-1,926,928,930,-1,931,926,930,-1,934,931,932,-1,934,932,933,-1,935,936,937,-1,927,934,935,-1,927,926,931,-1,927,931,934,-1,927,935,937,-1,939,940,938,-1,939,941,940,-1,945,943,942,-1,945,944,943,-1,947,948,946,-1,947,949,948,-1,951,950,952,-1,951,952,953,-1,957,954,955,-1,957,955,956,-1,959,958,960,-1,959,960,961,-1,962,963,969,-1,989,969,968,-1,989,962,969,-1,988,968,967,-1,988,989,968,-1,987,967,966,-1,987,988,967,-1,970,965,964,-1,986,966,965,-1,986,987,966,-1,986,965,970,-1,985,986,970,-1,984,970,971,-1,984,985,970,-1,983,971,972,-1,983,984,971,-1,978,974,975,-1,982,972,973,-1,982,983,972,-1,977,974,978,-1,981,973,974,-1,981,982,973,-1,980,974,977,-1,980,981,974,-1,979,977,976,-1,979,980,977,-1,991,992,990,-1,991,993,992,-1,997,998,999,-1,997,999,1003,-1,996,1003,1002,-1,996,997,1003,-1,995,1002,1001,-1,995,996,1002,-1,994,1001,1000,-1,994,995,1001,-1,1005,1006,1004,-1,1005,1007,1006,-1,1012,1009,1010,-1,1008,1009,1012,-1,1011,1012,1010,-1,1013,1008,1012,-1,1017,1014,1015,-1,1017,1015,1016,-1,1021,1018,1019,-1,1021,1019,1020,-1,1025,1026,1027,-1,1025,1027,1023,-1,1022,1024,1025,-1,1022,1025,1023,-1,1028,1029,1032,-1,1033,1031,1030,-1,1033,1032,1031,-1,1055,1032,1033,-1,1055,1028,1032,-1,1054,1033,1034,-1,1054,1055,1033,-1,1053,1034,1035,-1,1053,1054,1034,-1,1052,1035,1036,-1,1052,1053,1035,-1,1044,1037,1038,-1,1051,1036,1037,-1,1051,1052,1036,-1,1050,1051,1037,-1,1049,1044,1043,-1,1049,1037,1044,-1,1049,1050,1037,-1,1048,1043,1042,-1,1048,1049,1043,-1,1047,1042,1041,-1,1047,1048,1042,-1,1046,1041,1040,-1,1046,1047,1041,-1,1045,1040,1039,-1,1045,1046,1040,-1,1057,1056,1058,-1,1057,1058,1059,-1,1063,1064,1065,-1,1063,1065,1069,-1,1062,1069,1068,-1,1062,1063,1069,-1,1061,1068,1067,-1,1061,1062,1068,-1,1060,1067,1066,-1,1060,1061,1067,-1,1071,1070,1072,-1,1071,1072,1073,-1,1074,1075,1076,-1,1097,1076,1077,-1,1097,1074,1076,-1,1096,1077,1078,-1,1096,1097,1077,-1,1095,1078,1079,-1,1095,1096,1078,-1,1094,1095,1079,-1,1093,1079,1080,-1,1093,1094,1079,-1,1092,1080,1081,-1,1092,1093,1080,-1,1091,1081,1082,-1,1091,1092,1081,-1,1090,1082,1083,-1,1090,1091,1082,-1,1089,1083,1084,-1,1089,1090,1083,-1,1088,1084,1085,-1,1088,1085,1086,-1,1088,1089,1084,-1,1087,1088,1086,-1,1099,1100,1098,-1,1099,1101,1100,-1,1102,1103,1104,-1,1125,1104,1105,-1,1125,1102,1104,-1,1124,1105,1106,-1,1124,1125,1105,-1,1123,1106,1107,-1,1123,1124,1106,-1,1122,1123,1107,-1,1121,1107,1108,-1,1121,1122,1107,-1,1120,1108,1109,-1,1120,1109,1110,-1,1120,1121,1108,-1,1119,1110,1111,-1,1119,1120,1110,-1,1118,1119,1111,-1,1117,1111,1112,-1,1117,1118,1111,-1,1116,1112,1113,-1,1116,1117,1112,-1,1115,1113,1114,-1,1115,1116,1113,-1,1232,1127,1126,-1,1232,1126,1138,-1,1233,1128,1127,-1,1233,1127,1232,-1,1234,1129,1128,-1,1234,1128,1233,-1,1235,1138,1139,-1,1235,1232,1138,-1,1236,1130,1129,-1,1236,1129,1234,-1,1237,1232,1235,-1,1237,1233,1232,-1,1238,1131,1130,-1,1238,1130,1236,-1,1239,1234,1233,-1,1239,1233,1237,-1,1240,1235,1139,-1,1240,1139,1140,-1,1241,1132,1131,-1,1241,1131,1238,-1,1242,1236,1234,-1,1242,1234,1239,-1,1243,1237,1235,-1,1243,1235,1240,-1,1244,1133,1132,-1,1244,1132,1241,-1,1245,1238,1236,-1,1245,1236,1242,-1,1246,1237,1243,-1,1246,1239,1237,-1,1247,1240,1140,-1,1247,1140,1141,-1,1248,1134,1133,-1,1248,1133,1244,-1,1249,1238,1245,-1,1249,1241,1238,-1,1250,1239,1246,-1,1250,1242,1239,-1,1251,1243,1240,-1,1251,1240,1247,-1,1252,1135,1134,-1,1252,1134,1248,-1,1253,1244,1241,-1,1253,1241,1249,-1,1254,1242,1250,-1,1254,1245,1242,-1,1255,1246,1243,-1,1255,1243,1251,-1,1256,1141,1142,-1,1256,1247,1141,-1,1257,1136,1135,-1,1257,1137,1136,-1,1257,1191,1137,-1,1257,1135,1252,-1,1258,1248,1244,-1,1258,1244,1253,-1,1259,1249,1245,-1,1259,1245,1254,-1,1260,1246,1255,-1,1260,1250,1246,-1,1261,1247,1256,-1,1261,1251,1247,-1,1262,1252,1248,-1,1262,1248,1258,-1,1263,1253,1249,-1,1263,1249,1259,-1,1264,1254,1250,-1,1264,1250,1260,-1,1265,1255,1251,-1,1265,1251,1261,-1,1266,1142,1143,-1,1266,1256,1142,-1,1267,1191,1257,-1,1267,1257,1252,-1,1267,1192,1191,-1,1267,1252,1262,-1,1268,1253,1263,-1,1268,1258,1253,-1,1269,1254,1264,-1,1269,1259,1254,-1,1270,1255,1265,-1,1270,1260,1255,-1,1271,1256,1266,-1,1271,1261,1256,-1,1272,1258,1268,-1,1272,1262,1258,-1,1273,1259,1269,-1,1273,1263,1259,-1,1274,1260,1270,-1,1274,1264,1260,-1,1275,1261,1271,-1,1275,1265,1261,-1,1276,1143,1144,-1,1276,1266,1143,-1,1277,1262,1272,-1,1277,1267,1262,-1,1277,1192,1267,-1,1277,1193,1192,-1,1278,1263,1273,-1,1278,1268,1263,-1,1279,1264,1274,-1,1279,1269,1264,-1,1280,1270,1265,-1,1280,1265,1275,-1,1281,1266,1276,-1,1281,1271,1266,-1,1282,1272,1268,-1,1282,1268,1278,-1,1283,1269,1279,-1,1283,1273,1269,-1,1284,1274,1270,-1,1284,1270,1280,-1,1285,1275,1271,-1,1285,1271,1281,-1,1286,1144,1145,-1,1286,1276,1144,-1,1287,1277,1272,-1,1287,1193,1277,-1,1287,1272,1282,-1,1287,1194,1193,-1,1288,1278,1273,-1,1288,1273,1283,-1,1289,1274,1284,-1,1289,1279,1274,-1,1290,1280,1275,-1,1290,1275,1285,-1,1291,1281,1276,-1,1291,1276,1286,-1,1292,1282,1278,-1,1292,1278,1288,-1,1293,1283,1279,-1,1293,1279,1289,-1,1294,1284,1280,-1,1294,1280,1290,-1,1295,1285,1281,-1,1295,1281,1291,-1,1296,1286,1145,-1,1296,1145,1146,-1,1297,1195,1194,-1,1297,1287,1282,-1,1297,1194,1287,-1,1297,1282,1292,-1,1298,1288,1283,-1,1298,1283,1293,-1,1299,1289,1284,-1,1299,1284,1294,-1,1300,1290,1285,-1,1300,1285,1295,-1,1301,1291,1286,-1,1301,1286,1296,-1,1302,1288,1298,-1,1302,1292,1288,-1,1303,1289,1299,-1,1303,1293,1289,-1,1304,1290,1300,-1,1304,1294,1290,-1,1305,1295,1291,-1,1305,1291,1301,-1,1306,1146,1147,-1,1306,1296,1146,-1,1307,1292,1302,-1,1307,1196,1195,-1,1307,1195,1297,-1,1307,1297,1292,-1,1308,1298,1293,-1,1308,1293,1303,-1,1309,1299,1294,-1,1309,1294,1304,-1,1310,1300,1295,-1,1310,1295,1305,-1,1311,1296,1306,-1,1311,1301,1296,-1,1312,1302,1298,-1,1312,1298,1308,-1,1313,1299,1309,-1,1313,1303,1299,-1,1314,1300,1310,-1,1314,1304,1300,-1,1315,1305,1301,-1,1315,1301,1311,-1,1316,1147,1148,-1,1316,1306,1147,-1,1317,1197,1196,-1,1317,1307,1302,-1,1317,1302,1312,-1,1317,1196,1307,-1,1318,1303,1313,-1,1318,1308,1303,-1,1319,1309,1304,-1,1319,1304,1314,-1,1320,1310,1305,-1,1320,1305,1315,-1,1321,1311,1306,-1,1321,1306,1316,-1,1322,1312,1308,-1,1322,1308,1318,-1,1323,1313,1309,-1,1323,1309,1319,-1,1324,1314,1310,-1,1324,1310,1320,-1,1325,1311,1321,-1,1325,1315,1311,-1,1326,1148,1149,-1,1326,1316,1148,-1,1327,1197,1317,-1,1327,1317,1312,-1,1327,1312,1322,-1,1327,1198,1197,-1,1328,1318,1313,-1,1328,1313,1323,-1,1329,1314,1324,-1,1329,1319,1314,-1,1330,1320,1315,-1,1330,1315,1325,-1,1331,1321,1316,-1,1331,1316,1326,-1,1332,1322,1318,-1,1332,1318,1328,-1,1333,1323,1319,-1,1333,1319,1329,-1,1334,1324,1320,-1,1334,1320,1330,-1,1335,1325,1321,-1,1335,1321,1331,-1,1336,1149,1150,-1,1336,1326,1149,-1,1337,1199,1198,-1,1337,1327,1322,-1,1337,1198,1327,-1,1337,1322,1332,-1,1338,1328,1323,-1,1338,1323,1333,-1,1339,1324,1334,-1,1339,1329,1324,-1,1340,1330,1325,-1,1340,1325,1335,-1,1341,1331,1326,-1,1341,1326,1336,-1,1342,1332,1328,-1,1342,1328,1338,-1,1343,1333,1329,-1,1343,1329,1339,-1,1344,1334,1330,-1,1344,1330,1340,-1,1345,1335,1331,-1,1345,1331,1341,-1,1346,1336,1150,-1,1346,1150,1151,-1,1347,1337,1332,-1,1347,1332,1342,-1,1347,1200,1199,-1,1347,1199,1337,-1,1348,1338,1333,-1,1348,1333,1343,-1,1349,1334,1344,-1,1349,1339,1334,-1,1350,1340,1335,-1,1350,1335,1345,-1,1351,1336,1346,-1,1351,1341,1336,-1,1352,1342,1338,-1,1352,1338,1348,-1,1353,1339,1349,-1,1353,1343,1339,-1,1354,1344,1340,-1,1354,1340,1350,-1,1355,1345,1341,-1,1355,1341,1351,-1,1356,1346,1151,-1,1356,1151,1152,-1,1357,1347,1342,-1,1357,1200,1347,-1,1357,1342,1352,-1,1357,1201,1200,-1,1358,1348,1343,-1,1358,1343,1353,-1,1359,1349,1344,-1,1359,1344,1354,-1,1360,1350,1345,-1,1360,1345,1355,-1,1361,1351,1346,-1,1361,1346,1356,-1,1362,1352,1348,-1,1362,1348,1358,-1,1362,1357,1352,-1,1363,1353,1349,-1,1363,1349,1359,-1,1364,1354,1350,-1,1364,1350,1360,-1,1365,1351,1361,-1,1365,1355,1351,-1,1366,1152,1153,-1,1366,1356,1152,-1,1367,1202,1201,-1,1367,1201,1357,-1,1367,1357,1362,-1,1368,1358,1353,-1,1368,1353,1363,-1,1369,1359,1354,-1,1369,1354,1364,-1,1370,1355,1365,-1,1370,1360,1355,-1,1371,1356,1366,-1,1371,1361,1356,-1,1372,1358,1368,-1,1372,1362,1358,-1,1373,1363,1359,-1,1373,1359,1369,-1,1374,1364,1360,-1,1374,1360,1370,-1,1375,1361,1371,-1,1375,1365,1361,-1,1376,1366,1153,-1,1376,1153,1154,-1,1376,1154,1155,-1,1377,1367,1362,-1,1377,1362,1372,-1,1377,1203,1202,-1,1377,1202,1367,-1,1378,1363,1373,-1,1378,1368,1363,-1,1379,1369,1364,-1,1379,1364,1374,-1,1380,1370,1365,-1,1380,1365,1375,-1,1381,1371,1366,-1,1381,1366,1376,-1,1382,1377,1372,-1,1382,1368,1378,-1,1382,1372,1368,-1,1383,1373,1369,-1,1383,1369,1379,-1,1384,1370,1380,-1,1384,1374,1370,-1,1385,1375,1371,-1,1385,1371,1381,-1,1386,1376,1155,-1,1387,1203,1377,-1,1387,1377,1382,-1,1387,1204,1203,-1,1388,1378,1373,-1,1388,1373,1383,-1,1388,1382,1378,-1,1389,1379,1374,-1,1389,1374,1384,-1,1390,1384,1380,-1,1390,1375,1385,-1,1390,1380,1375,-1,1391,1376,1386,-1,1391,1381,1376,-1,1391,1385,1381,-1,1392,1382,1388,-1,1393,1383,1379,-1,1393,1379,1389,-1,1394,1384,1390,-1,1395,1385,1391,-1,1396,1155,1156,-1,1396,1386,1155,-1,1397,1387,1382,-1,1397,1204,1387,-1,1397,1205,1204,-1,1397,1382,1392,-1,1398,1388,1383,-1,1398,1383,1393,-1,1399,1389,1384,-1,1399,1384,1394,-1,1400,1390,1385,-1,1400,1385,1395,-1,1401,1391,1386,-1,1401,1386,1396,-1,1402,1392,1388,-1,1402,1388,1398,-1,1403,1398,1393,-1,1403,1393,1389,-1,1403,1389,1399,-1,1404,1394,1390,-1,1404,1390,1400,-1,1405,1391,1401,-1,1405,1395,1391,-1,1406,1396,1156,-1,1406,1156,1157,-1,1407,1397,1392,-1,1407,1392,1402,-1,1407,1206,1205,-1,1407,1205,1397,-1,1408,1398,1403,-1,1409,1394,1404,-1,1409,1399,1394,-1,1410,1400,1395,-1,1410,1395,1405,-1,1411,1396,1406,-1,1411,1401,1396,-1,1412,1402,1398,-1,1412,1398,1408,-1,1412,1407,1402,-1,1413,1399,1409,-1,1413,1403,1399,-1,1414,1404,1400,-1,1414,1400,1410,-1,1415,1401,1411,-1,1415,1405,1401,-1,1416,1406,1157,-1,1416,1157,1158,-1,1417,1206,1407,-1,1417,1407,1412,-1,1417,1207,1206,-1,1418,1408,1403,-1,1418,1403,1413,-1,1419,1404,1414,-1,1419,1409,1404,-1,1420,1405,1415,-1,1420,1410,1405,-1,1421,1406,1416,-1,1421,1411,1406,-1,1422,1412,1408,-1,1422,1408,1418,-1,1423,1413,1409,-1,1423,1409,1419,-1,1424,1414,1410,-1,1424,1410,1420,-1,1425,1415,1411,-1,1425,1411,1421,-1,1426,1416,1158,-1,1426,1158,1159,-1,1427,1417,1412,-1,1427,1207,1417,-1,1427,1412,1422,-1,1427,1208,1207,-1,1428,1418,1413,-1,1428,1413,1423,-1,1429,1414,1424,-1,1429,1419,1414,-1,1430,1420,1415,-1,1430,1415,1425,-1,1431,1416,1426,-1,1431,1421,1416,-1,1432,1422,1418,-1,1432,1418,1428,-1,1433,1423,1419,-1,1433,1419,1429,-1,1434,1424,1420,-1,1434,1420,1430,-1,1435,1425,1421,-1,1435,1421,1431,-1,1436,1426,1159,-1,1436,1159,1160,-1,1436,1431,1426,-1,1437,1209,1208,-1,1437,1210,1209,-1,1437,1427,1422,-1,1437,1208,1427,-1,1437,1422,1432,-1,1438,1428,1423,-1,1438,1423,1433,-1,1439,1424,1434,-1,1439,1429,1424,-1,1440,1425,1435,-1,1440,1430,1425,-1,1441,1431,1436,-1,1442,1432,1428,-1,1442,1428,1438,-1,1443,1438,1433,-1,1443,1429,1439,-1,1443,1433,1429,-1,1444,1430,1440,-1,1444,1434,1430,-1,1445,1435,1431,-1,1445,1431,1441,-1,1446,1436,1160,-1,1446,1160,1161,-1,1447,1210,1437,-1,1447,1437,1432,-1,1447,1432,1442,-1,1448,1438,1443,-1,1449,1434,1444,-1,1449,1439,1434,-1,1450,1440,1435,-1,1450,1435,1445,-1,1451,1436,1446,-1,1451,1441,1436,-1,1452,1438,1448,-1,1452,1442,1438,-1,1453,1443,1439,-1,1453,1439,1449,-1,1454,1444,1440,-1,1454,1449,1444,-1,1454,1440,1450,-1,1455,1445,1441,-1,1455,1441,1451,-1,1456,1446,1161,-1,1456,1161,1162,-1,1457,1447,1442,-1,1457,1210,1447,-1,1457,1442,1452,-1,1457,1211,1210,-1,1458,1448,1443,-1,1458,1443,1453,-1,1459,1449,1454,-1,1460,1450,1445,-1,1460,1445,1455,-1,1461,1446,1456,-1,1461,1451,1446,-1,1462,1452,1448,-1,1462,1448,1458,-1,1463,1453,1449,-1,1463,1449,1459,-1,1464,1450,1460,-1,1464,1454,1450,-1,1465,1451,1461,-1,1465,1455,1451,-1,1465,1460,1455,-1,1466,1456,1162,-1,1466,1162,1163,-1,1467,1457,1452,-1,1467,1211,1457,-1,1467,1452,1462,-1,1467,1212,1211,-1,1468,1458,1453,-1,1468,1453,1463,-1,1469,1459,1454,-1,1469,1454,1464,-1,1470,1460,1465,-1,1471,1465,1461,-1,1471,1461,1456,-1,1471,1456,1466,-1,1472,1458,1468,-1,1472,1462,1458,-1,1473,1459,1469,-1,1473,1463,1459,-1,1474,1464,1460,-1,1474,1460,1470,-1,1475,1465,1471,-1,1476,1163,1164,-1,1476,1164,1165,-1,1476,1466,1163,-1,1477,1467,1462,-1,1477,1212,1467,-1,1477,1213,1212,-1,1477,1214,1213,-1,1477,1462,1472,-1,1478,1468,1463,-1,1478,1463,1473,-1,1479,1464,1474,-1,1479,1469,1464,-1,1480,1470,1465,-1,1480,1465,1475,-1,1481,1471,1466,-1,1481,1475,1471,-1,1481,1466,1476,-1,1482,1472,1468,-1,1482,1468,1478,-1,1483,1469,1479,-1,1483,1473,1469,-1,1484,1470,1480,-1,1484,1474,1470,-1,1485,1475,1481,-1,1486,1476,1165,-1,1487,1477,1472,-1,1487,1214,1477,-1,1487,1472,1482,-1,1488,1473,1483,-1,1488,1478,1473,-1,1489,1479,1474,-1,1489,1474,1484,-1,1490,1475,1485,-1,1490,1480,1475,-1,1491,1481,1476,-1,1491,1476,1486,-1,1492,1478,1488,-1,1492,1482,1478,-1,1493,1483,1479,-1,1493,1479,1489,-1,1494,1480,1490,-1,1494,1484,1480,-1,1494,1489,1484,-1,1495,1485,1481,-1,1495,1490,1485,-1,1495,1481,1491,-1,1496,1165,1166,-1,1496,1166,1167,-1,1496,1486,1165,-1,1497,1214,1487,-1,1497,1487,1482,-1,1497,1482,1492,-1,1497,1215,1214,-1,1497,1216,1215,-1,1498,1483,1493,-1,1498,1488,1483,-1,1499,1489,1494,-1,1500,1490,1495,-1,1501,1491,1486,-1,1501,1486,1496,-1,1502,1492,1488,-1,1502,1488,1498,-1,1503,1493,1489,-1,1503,1489,1499,-1,1504,1494,1490,-1,1504,1490,1500,-1,1505,1500,1495,-1,1505,1491,1501,-1,1505,1495,1491,-1,1506,1496,1167,-1,1507,1492,1502,-1,1507,1497,1492,-1,1507,1216,1497,-1,1508,1493,1503,-1,1508,1498,1493,-1,1509,1499,1494,-1,1509,1494,1504,-1,1510,1500,1505,-1,1511,1501,1496,-1,1511,1496,1506,-1,1511,1505,1501,-1,1512,1507,1502,-1,1512,1498,1508,-1,1512,1502,1498,-1,1513,1503,1499,-1,1513,1499,1509,-1,1514,1500,1510,-1,1514,1504,1500,-1,1515,1505,1511,-1,1516,1511,1506,-1,1516,1506,1167,-1,1516,1167,1168,-1,1517,1216,1507,-1,1517,1507,1512,-1,1517,1217,1216,-1,1518,1508,1503,-1,1518,1503,1513,-1,1519,1509,1504,-1,1519,1504,1514,-1,1520,1510,1505,-1,1520,1505,1515,-1,1521,1511,1516,-1,1522,1512,1508,-1,1522,1508,1518,-1,1523,1513,1509,-1,1523,1509,1519,-1,1524,1514,1510,-1,1524,1510,1520,-1,1525,1515,1511,-1,1525,1511,1521,-1,1526,1168,1169,-1,1526,1516,1168,-1,1527,1517,1512,-1,1527,1217,1517,-1,1527,1512,1522,-1,1527,1218,1217,-1,1528,1518,1513,-1,1528,1522,1518,-1,1528,1513,1523,-1,1529,1519,1514,-1,1529,1514,1524,-1,1530,1520,1515,-1,1530,1515,1525,-1,1531,1521,1516,-1,1531,1516,1526,-1,1532,1522,1528,-1,1533,1519,1529,-1,1533,1523,1519,-1,1534,1520,1530,-1,1534,1524,1520,-1,1535,1521,1531,-1,1535,1525,1521,-1,1536,1526,1169,-1,1536,1169,1170,-1,1536,1170,1171,-1,1537,1527,1522,-1,1537,1218,1527,-1,1537,1522,1532,-1,1537,1219,1218,-1,1537,1220,1219,-1,1538,1528,1523,-1,1538,1523,1533,-1,1539,1529,1524,-1,1539,1524,1534,-1,1540,1530,1525,-1,1540,1525,1535,-1,1541,1526,1536,-1,1541,1531,1526,-1,1542,1528,1538,-1,1542,1532,1528,-1,1543,1529,1539,-1,1543,1533,1529,-1,1544,1534,1530,-1,1544,1530,1540,-1,1545,1535,1531,-1,1545,1531,1541,-1,1546,1536,1171,-1,1546,1171,1172,-1,1547,1537,1532,-1,1547,1532,1542,-1,1547,1220,1537,-1,1548,1538,1533,-1,1548,1533,1543,-1,1549,1534,1544,-1,1549,1539,1534,-1,1550,1544,1540,-1,1550,1540,1535,-1,1550,1535,1545,-1,1551,1541,1536,-1,1551,1536,1546,-1,1552,1538,1548,-1,1552,1542,1538,-1,1553,1543,1539,-1,1553,1548,1543,-1,1553,1539,1549,-1,1554,1544,1550,-1,1555,1541,1551,-1,1555,1545,1541,-1,1555,1550,1545,-1,1556,1546,1172,-1,1557,1547,1542,-1,1557,1220,1547,-1,1557,1542,1552,-1,1557,1221,1220,-1,1558,1548,1553,-1,1559,1549,1544,-1,1559,1544,1554,-1,1560,1554,1550,-1,1560,1550,1555,-1,1561,1551,1546,-1,1561,1546,1556,-1,1562,1552,1548,-1,1562,1548,1558,-1,1563,1549,1559,-1,1563,1553,1549,-1,1564,1554,1560,-1,1565,1551,1561,-1,1565,1555,1551,-1,1565,1560,1555,-1,1566,1172,1173,-1,1566,1556,1172,-1,1566,1561,1556,-1,1567,1557,1552,-1,1567,1221,1557,-1,1567,1552,1562,-1,1567,1222,1221,-1,1568,1558,1553,-1,1568,1553,1563,-1,1569,1559,1554,-1,1569,1554,1564,-1,1570,1564,1560,-1,1570,1560,1565,-1,1571,1561,1566,-1,1572,1567,1562,-1,1572,1558,1568,-1,1572,1562,1558,-1,1573,1563,1559,-1,1573,1559,1569,-1,1574,1564,1570,-1,1575,1561,1571,-1,1575,1565,1561,-1,1576,1173,1174,-1,1576,1566,1173,-1,1577,1222,1567,-1,1577,1567,1572,-1,1577,1223,1222,-1,1578,1568,1563,-1,1578,1563,1573,-1,1579,1573,1569,-1,1579,1564,1574,-1,1579,1569,1564,-1,1580,1565,1575,-1,1580,1570,1565,-1,1581,1575,1571,-1,1581,1566,1576,-1,1581,1571,1566,-1,1582,1568,1578,-1,1582,1572,1568,-1,1583,1573,1579,-1,1584,1579,1574,-1,1584,1574,1570,-1,1584,1570,1580,-1,1585,1575,1581,-1,1586,1581,1576,-1,1586,1576,1174,-1,1586,1174,1175,-1,1587,1577,1572,-1,1587,1223,1577,-1,1587,1572,1582,-1,1587,1224,1223,-1,1588,1573,1583,-1,1588,1578,1573,-1,1589,1579,1584,-1,1590,1580,1575,-1,1590,1575,1585,-1,1591,1585,1581,-1,1591,1581,1586,-1,1592,1582,1578,-1,1592,1578,1588,-1,1592,1587,1582,-1,1593,1588,1583,-1,1593,1583,1579,-1,1593,1579,1589,-1,1594,1584,1580,-1,1594,1580,1590,-1,1594,1589,1584,-1,1595,1585,1591,-1,1596,1175,1176,-1,1596,1176,1177,-1,1596,1586,1175,-1,1597,1224,1587,-1,1597,1587,1592,-1,1597,1225,1224,-1,1598,1588,1593,-1,1598,1592,1588,-1,1599,1589,1594,-1,1600,1585,1595,-1,1600,1590,1585,-1,1601,1591,1586,-1,1601,1586,1596,-1,1602,1592,1598,-1,1603,1593,1589,-1,1603,1589,1599,-1,1604,1590,1600,-1,1604,1594,1590,-1,1605,1595,1591,-1,1605,1591,1601,-1,1606,1177,1178,-1,1606,1596,1177,-1,1607,1592,1602,-1,1607,1597,1592,-1,1607,1225,1597,-1,1607,1226,1225,-1,1608,1602,1598,-1,1608,1593,1603,-1,1608,1598,1593,-1,1609,1599,1594,-1,1609,1594,1604,-1,1610,1600,1595,-1,1610,1595,1605,-1,1611,1601,1596,-1,1611,1605,1601,-1,1611,1596,1606,-1,1612,1602,1608,-1,1613,1599,1609,-1,1613,1603,1599,-1,1614,1600,1610,-1,1614,1604,1600,-1,1615,1605,1611,-1,1615,1610,1605,-1,1616,1606,1178,-1,1616,1178,1179,-1,1616,1179,1180,-1,1616,1180,1181,-1,1617,1227,1226,-1,1617,1607,1602,-1,1617,1602,1612,-1,1617,1226,1607,-1,1618,1608,1603,-1,1618,1603,1613,-1,1619,1609,1604,-1,1619,1604,1614,-1,1620,1610,1615,-1,1621,1611,1606,-1,1621,1615,1611,-1,1621,1606,1616,-1,1621,1616,1181,-1,1621,1181,1182,-1,1622,1608,1618,-1,1622,1612,1608,-1,1623,1609,1619,-1,1623,1613,1609,-1,1623,1618,1613,-1,1624,1614,1610,-1,1624,1619,1614,-1,1624,1610,1620,-1,1625,1615,1621,-1,1625,1621,1182,-1,1626,1228,1227,-1,1626,1617,1612,-1,1626,1227,1617,-1,1626,1612,1622,-1,1627,1618,1623,-1,1627,1622,1618,-1,1628,1623,1619,-1,1628,1619,1624,-1,1629,1625,1182,-1,1629,1620,1615,-1,1629,1615,1625,-1,1629,1182,1183,-1,1630,1622,1627,-1,1631,1627,1623,-1,1631,1623,1628,-1,1632,1183,1184,-1,1632,1184,1185,-1,1632,1624,1620,-1,1632,1628,1624,-1,1632,1629,1183,-1,1632,1620,1629,-1,1633,1229,1228,-1,1633,1228,1626,-1,1633,1626,1622,-1,1633,1622,1630,-1,1634,1630,1627,-1,1634,1627,1631,-1,1635,1632,1185,-1,1635,1628,1632,-1,1636,1630,1634,-1,1637,1628,1635,-1,1637,1185,1186,-1,1637,1635,1185,-1,1637,1631,1628,-1,1638,1230,1229,-1,1638,1630,1636,-1,1638,1229,1633,-1,1638,1633,1630,-1,1639,1634,1631,-1,1639,1631,1637,-1,1639,1637,1186,-1,1639,1186,1187,-1,1640,1636,1634,-1,1640,1638,1636,-1,1640,1639,1187,-1,1640,1187,1188,-1,1640,1634,1639,-1,1641,1231,1230,-1,1641,1190,1231,-1,1641,1230,1638,-1,1641,1638,1640,-1,1641,1640,1188,-1,1641,1188,1189,-1,1641,1189,1190,-1,1708,1671,1670,-1,1707,1671,1708,-1,1707,1672,1671,-1,1707,1673,1672,-1,1709,1708,1670,-1,1709,1669,1668,-1,1709,1670,1669,-1,1706,1673,1707,-1,1706,1674,1673,-1,1710,1709,1668,-1,1710,1668,1667,-1,1705,1674,1706,-1,1705,1675,1674,-1,1705,1676,1675,-1,1711,1710,1667,-1,1704,1676,1705,-1,1704,1677,1676,-1,1712,1711,1667,-1,1703,1678,1677,-1,1703,1677,1704,-1,1713,1712,1667,-1,1702,1678,1703,-1,1701,1679,1678,-1,1701,1678,1702,-1,1700,1680,1679,-1,1700,1679,1701,-1,1699,1681,1680,-1,1699,1680,1700,-1,1698,1682,1681,-1,1698,1681,1699,-1,1698,1683,1682,-1,1697,1684,1683,-1,1697,1683,1698,-1,1696,1685,1684,-1,1696,1684,1697,-1,1686,1696,1695,-1,1686,1685,1696,-1,1687,1695,1694,-1,1687,1686,1695,-1,1688,1687,1694,-1,1689,1694,1693,-1,1689,1688,1694,-1,1643,1691,1690,-1,1643,1692,1691,-1,1643,1693,1692,-1,1643,1689,1693,-1,1714,1667,1666,-1,1714,1713,1667,-1,1715,1714,1666,-1,1716,1715,1666,-1,1717,1716,1666,-1,1717,1666,1665,-1,1718,1717,1665,-1,1718,1664,1663,-1,1718,1665,1664,-1,1719,1663,1662,-1,1719,1718,1663,-1,1720,1719,1662,-1,1661,1720,1662,-1,1660,1720,1661,-1,1660,1721,1720,-1,1659,1721,1660,-1,1659,1722,1721,-1,1658,1722,1659,-1,1657,1722,1658,-1,1657,1723,1722,-1,1656,1723,1657,-1,1656,1724,1723,-1,1655,1724,1656,-1,1655,1725,1724,-1,1655,1726,1725,-1,1654,1726,1655,-1,1654,1727,1726,-1,1642,1643,1690,-1,1642,1735,1734,-1,1642,1736,1735,-1,1642,1737,1736,-1,1642,1690,1737,-1,1644,1642,1734,-1,1644,1734,1733,-1,1653,1727,1654,-1,1653,1728,1727,-1,1645,1644,1733,-1,1652,1728,1653,-1,1652,1729,1728,-1,1646,1645,1733,-1,1646,1733,1732,-1,1651,1729,1652,-1,1647,1646,1732,-1,1647,1732,1731,-1,1650,1729,1651,-1,1650,1730,1729,-1,1648,1647,1731,-1,1649,1730,1650,-1,1649,1648,1731,-1,1649,1731,1730,-1,1741,1739,1738,-1,1741,1738,1740,-1,1742,1743,1744,-1,1742,1744,1745,-1,1750,1752,1751,-1,1750,1755,1752,-1,1749,1754,1755,-1,1749,1755,1750,-1,1748,1753,1754,-1,1748,1754,1749,-1,1746,1753,1748,-1,1747,1753,1746,-1,1762,1757,1756,-1,1763,1758,1757,-1,1763,1757,1762,-1,1764,1759,1758,-1,1764,1758,1763,-1,1765,1760,1759,-1,1765,1759,1764,-1,1761,1760,1765,-1,1784,1782,1783,-1,1794,1792,1793,-1,1769,1770,1771,-1,1799,1781,1782,-1,1799,1784,1785,-1,1799,1785,1786,-1,1799,1786,1787,-1,1799,1787,1788,-1,1799,1788,1789,-1,1799,1789,1790,-1,1799,1790,1791,-1,1799,1791,1792,-1,1799,1794,1795,-1,1799,1795,1796,-1,1799,1796,1797,-1,1799,1797,1798,-1,1799,1782,1784,-1,1799,1792,1794,-1,1801,1778,1779,-1,1801,1779,1780,-1,1801,1780,1781,-1,1801,1799,1800,-1,1801,1781,1799,-1,1803,1766,1767,-1,1803,1767,1768,-1,1803,1768,1769,-1,1803,1771,1772,-1,1803,1772,1773,-1,1803,1773,1774,-1,1803,1774,1775,-1,1803,1775,1776,-1,1803,1776,1777,-1,1803,1777,1778,-1,1803,1801,1802,-1,1803,1804,1805,-1,1803,1805,1806,-1,1803,1806,1807,-1,1803,1807,1766,-1,1803,1778,1801,-1,1803,1769,1771,-1,1818,1819,1820,-1,1818,1820,1831,-1,1817,1831,1830,-1,1817,1818,1831,-1,1816,1830,1829,-1,1816,1817,1830,-1,1815,1828,1827,-1,1815,1829,1828,-1,1815,1816,1829,-1,1814,1815,1827,-1,1813,1827,1826,-1,1813,1814,1827,-1,1812,1826,1825,-1,1812,1813,1826,-1,1811,1825,1824,-1,1811,1812,1825,-1,1810,1824,1823,-1,1810,1811,1824,-1,1809,1823,1822,-1,1809,1810,1823,-1,1808,1822,1821,-1,1808,1809,1822,-1,1835,1833,1832,-1,1835,1834,1833,-1,1846,1847,1848,-1,1846,1848,1859,-1,1845,1859,1858,-1,1845,1846,1859,-1,1844,1858,1857,-1,1844,1845,1858,-1,1843,1857,1856,-1,1843,1844,1857,-1,1842,1856,1855,-1,1842,1843,1856,-1,1841,1854,1853,-1,1841,1855,1854,-1,1841,1842,1855,-1,1840,1841,1853,-1,1839,1853,1852,-1,1839,1840,1853,-1,1838,1852,1851,-1,1838,1839,1852,-1,1837,1851,1850,-1,1837,1838,1851,-1,1836,1850,1849,-1,1836,1837,1850,-1,1863,1861,1860,-1,1863,1862,1861,-1,1874,1875,1876,-1,1874,1876,1887,-1,1873,1887,1886,-1,1873,1874,1887,-1,1872,1886,1885,-1,1872,1873,1886,-1,1871,1884,1883,-1,1871,1885,1884,-1,1871,1872,1885,-1,1870,1871,1883,-1,1869,1883,1882,-1,1869,1870,1883,-1,1868,1882,1881,-1,1868,1869,1882,-1,1867,1881,1880,-1,1867,1868,1881,-1,1866,1880,1879,-1,1866,1867,1880,-1,1865,1879,1878,-1,1865,1866,1879,-1,1864,1878,1877,-1,1864,1865,1878,-1,1891,1889,1888,-1,1891,1890,1889,-1,1902,1903,1904,-1,1902,1904,1915,-1,1901,1915,1914,-1,1901,1902,1915,-1,1900,1914,1913,-1,1900,1901,1914,-1,1899,1912,1911,-1,1899,1913,1912,-1,1899,1900,1913,-1,1898,1899,1911,-1,1897,1911,1910,-1,1897,1898,1911,-1,1896,1910,1909,-1,1896,1897,1910,-1,1895,1909,1908,-1,1895,1896,1909,-1,1894,1908,1907,-1,1894,1895,1908,-1,1893,1907,1906,-1,1893,1894,1907,-1,1892,1906,1905,-1,1892,1893,1906,-1,1919,1917,1916,-1,1919,1918,1917,-1,1969,1959,1960,-1,1969,1960,1961,-1,1969,1961,1962,-1,1969,1962,1963,-1,1969,1963,1964,-1,1969,1964,1965,-1,1969,1965,1966,-1,1967,1969,1966,-1,1958,1959,1969,-1,1957,1969,1967,-1,1921,1958,1969,-1,1971,1931,1932,-1,1971,1932,1920,-1,1930,1931,1971,-1,1929,1930,1971,-1,1928,1929,1971,-1,1927,1928,1971,-1,1926,1927,1971,-1,1925,1926,1971,-1,1924,1925,1971,-1,1923,1924,1971,-1,1922,1923,1971,-1,1968,1946,1947,-1,1968,1947,1948,-1,1968,1948,1949,-1,1968,1949,1950,-1,1968,1950,1951,-1,1968,1951,1952,-1,1968,1952,1953,-1,1968,1953,1954,-1,1955,1968,1954,-1,1956,1968,1955,-1,1945,1968,1956,-1,1970,1934,1935,-1,1970,1944,1933,-1,1943,1944,1970,-1,1936,1970,1935,-1,1942,1943,1970,-1,1937,1970,1936,-1,1941,1942,1970,-1,1938,1970,1937,-1,1939,1970,1938,-1,1940,1941,1970,-1,1940,1970,1939,-1,1969,1946,1968,-1,1969,1957,1946,-1,1968,1934,1970,-1,1968,1945,1934,-1,1970,1933,1971,-1,1933,1922,1971,-1,1971,1921,1969,-1,1971,1920,1921,-1,2008,2020,2019,-1,2009,2020,2008,-1,2010,2020,2009,-1,2011,2020,2010,-1,2012,1972,2020,-1,2012,2020,2011,-1,2013,1972,2012,-1,2014,1972,2013,-1,2015,1972,2014,-1,2016,1972,2015,-1,2017,1972,2016,-1,1973,1972,2017,-1,1983,1973,1982,-1,1981,1982,1973,-1,1984,1974,1973,-1,1984,1973,1983,-1,1985,1974,1984,-1,1980,1981,1973,-1,1979,1980,1973,-1,1979,1973,2017,-1,1986,1974,1985,-1,1978,1979,2017,-1,1978,2017,2018,-1,1987,1974,1986,-1,1977,1978,2018,-1,1977,2018,2007,-1,1976,1974,1987,-1,1975,1974,1976,-1,1988,1999,2000,-1,1988,1977,2007,-1,1988,2007,1999,-1,1995,1988,2000,-1,1995,2000,2001,-1,1994,2001,2002,-1,1994,1995,2001,-1,1993,2002,2003,-1,1993,1994,2002,-1,1992,2003,2004,-1,1992,1993,2003,-1,1991,2004,2005,-1,1991,1992,2004,-1,1990,1991,2005,-1,1996,1998,1997,-1,1996,2006,1998,-1,1996,2005,2006,-1,1996,1989,2005,-1,1989,1990,2005,-1,2024,2022,2021,-1,2024,2023,2022,-1,2061,2072,2073,-1,2062,2061,2073,-1,2063,2062,2073,-1,2064,2063,2073,-1,2065,2073,2026,-1,2065,2064,2073,-1,2066,2065,2026,-1,2067,2066,2026,-1,2068,2067,2026,-1,2069,2068,2026,-1,2070,2069,2026,-1,2025,2070,2026,-1,2036,2035,2025,-1,2034,2025,2035,-1,2037,2025,2027,-1,2037,2036,2025,-1,2038,2037,2027,-1,2033,2025,2034,-1,2032,2025,2033,-1,2032,2070,2025,-1,2039,2038,2027,-1,2031,2070,2032,-1,2031,2071,2070,-1,2040,2039,2027,-1,2030,2071,2031,-1,2030,2060,2071,-1,2029,2040,2027,-1,2028,2029,2027,-1,2041,2053,2052,-1,2041,2060,2030,-1,2041,2052,2060,-1,2048,2053,2041,-1,2048,2054,2053,-1,2047,2055,2054,-1,2047,2054,2048,-1,2046,2056,2055,-1,2046,2055,2047,-1,2045,2057,2056,-1,2045,2056,2046,-1,2044,2058,2057,-1,2044,2057,2045,-1,2043,2058,2044,-1,2049,2050,2051,-1,2049,2051,2059,-1,2049,2059,2058,-1,2049,2058,2042,-1,2042,2058,2043,-1,2077,2074,2075,-1,2077,2075,2076,-1,2081,2078,2079,-1,2081,2080,2078,-1,2087,2082,2083,-1,2087,2083,2084,-1,2086,2084,2085,-1,2086,2087,2084,-1,2091,2088,2089,-1,2091,2089,2090,-1,2095,2092,2093,-1,2095,2093,2094,-1,2106,2108,2107,-1,2106,2119,2108,-1,2105,2118,2119,-1,2105,2119,2106,-1,2104,2117,2118,-1,2104,2118,2105,-1,2103,2116,2117,-1,2103,2117,2104,-1,2102,2115,2116,-1,2102,2116,2103,-1,2101,2114,2115,-1,2101,2115,2102,-1,2100,2112,2113,-1,2100,2113,2114,-1,2100,2114,2101,-1,2099,2112,2100,-1,2098,2111,2112,-1,2098,2112,2099,-1,2097,2109,2110,-1,2097,2110,2111,-1,2097,2111,2098,-1,2096,2109,2097,-1,2123,2121,2120,-1,2123,2122,2121,-1,2131,2133,2132,-1,2131,2141,2133,-1,2130,2140,2141,-1,2130,2141,2131,-1,2129,2139,2140,-1,2129,2140,2130,-1,2128,2138,2139,-1,2128,2139,2129,-1,2127,2137,2138,-1,2127,2138,2128,-1,2126,2136,2137,-1,2126,2137,2127,-1,2125,2134,2135,-1,2125,2135,2136,-1,2125,2136,2126,-1,2124,2134,2125,-1,2148,2150,2149,-1,2148,2157,2150,-1,2147,2156,2157,-1,2147,2157,2148,-1,2146,2155,2156,-1,2146,2156,2147,-1,2145,2154,2155,-1,2145,2155,2146,-1,2144,2153,2154,-1,2144,2154,2145,-1,2143,2152,2153,-1,2143,2153,2144,-1,2142,2151,2152,-1,2142,2152,2143,-1,2161,2158,2159,-1,2161,2159,2160,-1,2172,2174,2173,-1,2172,2185,2174,-1,2171,2184,2185,-1,2171,2185,2172,-1,2170,2183,2184,-1,2170,2184,2171,-1,2169,2182,2183,-1,2169,2183,2170,-1,2168,2181,2182,-1,2168,2182,2169,-1,2167,2180,2181,-1,2167,2181,2168,-1,2166,2178,2179,-1,2166,2179,2180,-1,2166,2180,2167,-1,2165,2178,2166,-1,2164,2177,2178,-1,2164,2178,2165,-1,2163,2175,2176,-1,2163,2176,2177,-1,2163,2177,2164,-1,2162,2175,2163,-1,2189,2187,2186,-1,2189,2188,2187,-1,2193,2191,2190,-1,2193,2192,2191,-1,2199,2195,2194,-1,2199,2196,2195,-1,2199,2197,2196,-1,2198,2197,2199,-1,2202,2201,2200,-1,2203,2201,2202,-1,2204,2205,2206,-1,2204,2206,2207,-1
        ]
    }
}
Shape{
    appearance Appearance {
        material  Material 	{
            diffuseColor 0.8509803921568627 0.8509803921568627 0.8509803921568627
            specularColor 0.595686 0.595686 0.595686
            ambientIntensity 0.2
            transparency 0
            shininess 0.5
        }
    }
    geometry IndexedFaceSet {
        ccw TRUE
        solid FALSE
        coord DEF co Coordinate {
            point [
-1.653543 -0.553937 0.000000,-1.653543 -0.554783 0.011296,-1.653543 -0.557304 0.022339,-1.653543 -0.561442 0.032883,-1.653543 -0.567106 0.042693,-1.653543 -0.574168 0.051549,-1.653543 -0.582472 0.059253,-1.653543 -0.591831 0.065634,-1.653543 -0.602036 0.070549,-1.653543 -0.612860 0.073888,-1.653543 -0.624061 0.075576,-1.653543 -0.635388 0.075576,-1.653543 -0.646589 0.073888,-1.653543 -0.657413 0.070549,-1.653543 -0.667619 0.065634,-1.653543 -0.676978 0.059253,-1.653543 -0.685281 0.051549,-1.653543 -0.692344 0.042693,-1.653543 -0.698007 0.032883,-1.653543 -0.702146 0.022339,-1.653543 -0.704666 0.011296,-1.653543 -0.705513 0.000000,-1.771654 -0.553937 0.000000,-1.771654 -0.554783 0.011296,-1.771654 -0.557304 0.022339,-1.771654 -0.561442 0.032883,-1.771654 -0.567106 0.042693,-1.771654 -0.574168 0.051549,-1.771654 -0.582472 0.059253,-1.771654 -0.591831 0.065634,-1.771654 -0.602036 0.070549,-1.771654 -0.612860 0.073888,-1.771654 -0.624061 0.075576,-1.771654 -0.635388 0.075576,-1.771654 -0.646589 0.073888,-1.771654 -0.657413 0.070549,-1.771654 -0.667619 0.065634,-1.771654 -0.676978 0.059253,-1.771654 -0.685281 0.051549,-1.771654 -0.692344 0.042693,-1.771654 -0.698007 0.032883,-1.771654 -0.702146 0.022339,-1.771654 -0.704666 0.011296,-1.771654 -0.705513 0.000000,-1.653543 0.824016 -0.454935,-1.653543 0.824016 0.118110,-1.653543 -1.971260 0.118110,-1.653543 -1.971260 -0.118110,-1.653543 -1.380709 -0.118110,-1.653543 -1.380709 -0.117594,-1.653543 -1.229135 -0.118110,-1.653543 -1.229978 -0.106839,-1.653543 -1.232487 -0.095818,-1.653543 -1.236608 -0.085294,-1.653543 -1.242248 -0.075499,-1.653543 -1.249283 -0.066652,-1.653543 -1.257554 -0.058949,-1.653543 -1.266880 -0.052562,-1.653543 -1.277051 -0.047633,-1.653543 -1.287842 -0.044272,-1.653543 -1.299014 -0.042553,-1.653543 -1.310316 -0.042515,-1.653543 -1.321499 -0.044157,-1.653543 -1.332313 -0.047445,-1.653543 -1.342518 -0.052305,-1.653543 -1.351886 -0.058628,-1.653543 -1.360211 -0.066274,-1.653543 -1.367305 -0.075073,-1.653543 -1.373012 -0.084829,-1.653543 -1.377204 -0.095325,-1.653543 -1.379789 -0.106328,-1.653543 -1.229135 -0.462342,-1.653543 -0.705513 -0.462342,-1.653543 -0.705513 0.000000,-1.653543 -0.553937 0.000000,-1.653543 -0.554783 0.011296,-1.653543 -0.557304 0.022339,-1.653543 -0.561442 0.032883,-1.653543 -0.567106 0.042693,-1.653543 -0.574168 0.051549,-1.653543 -0.582472 0.059253,-1.653543 -0.591831 0.065634,-1.653543 -0.602036 0.070549,-1.653543 -0.612860 0.073888,-1.653543 -0.624061 0.075576,-1.653543 -0.635388 0.075576,-1.653543 -0.646589 0.073888,-1.653543 -0.657413 0.070549,-1.653543 -0.667619 0.065634,-1.653543 -0.676978 0.059253,-1.653543 -0.685281 0.051549,-1.653543 -0.692344 0.042693,-1.653543 -0.698007 0.032883,-1.653543 -0.702146 0.022339,-1.653543 -0.704666 0.011296,-1.653543 -0.553937 -0.118110,-1.653543 0.312205 -0.118110,-1.653543 0.312205 -0.064736,-1.653543 0.457874 -0.060439,-1.653543 0.457104 -0.049871,-1.653543 0.454810 -0.039526,-1.653543 0.451041 -0.029623,-1.653543 0.445876 -0.020372,-1.653543 0.439424 -0.011966,-1.653543 0.431822 -0.004585,-1.653543 0.423230 0.001616,-1.653543 0.413830 0.006506,-1.653543 0.403820 0.009982,-1.653543 0.393413 0.011970,-1.653543 0.382827 0.012428,-1.653543 0.372286 0.011346,-1.653543 0.362014 0.008748,-1.653543 0.352226 0.004689,-1.653543 0.343131 -0.000747,-1.653543 0.334919 -0.007444,-1.653543 0.327766 -0.015260,-1.653543 0.321821 -0.024031,-1.653543 0.317210 -0.033571,-1.653543 0.314031 -0.043679,-1.653543 0.312351 -0.054141,-1.653543 0.457874 -0.454935,-1.653543 -0.705513 0.000000,-1.653543 -0.705513 -0.462342,-1.655249 -0.705513 -0.486191,-1.660331 -0.705513 -0.509554,-1.668687 -0.705513 -0.531957,-1.680146 -0.705513 -0.552942,-1.694475 -0.705513 -0.572083,-1.711382 -0.705513 -0.588990,-1.730523 -0.705513 -0.603319,-1.751508 -0.705513 -0.614777,-1.773910 -0.705513 -0.623133,-1.797274 -0.705513 -0.628216,-1.821123 -0.705513 -0.629921,-2.342520 -0.705513 -0.629921,-2.342520 -0.705513 -0.511811,-1.821123 -0.705513 -0.511811,-1.771654 -0.705513 -0.462342,-1.772157 -0.705513 -0.469382,-1.773657 -0.705513 -0.476279,-1.776124 -0.705513 -0.482892,-1.779507 -0.705513 -0.489087,-1.783736 -0.705513 -0.494737,-1.788727 -0.705513 -0.499728,-1.794378 -0.705513 -0.503958,-1.800573 -0.705513 -0.507341,-1.807186 -0.705513 -0.509807,-1.814083 -0.705513 -0.511307,-1.771654 -0.705513 0.000000,-1.771654 0.824016 0.118110,-1.771654 0.824016 -0.454935,-1.771654 0.457874 -0.454935,-1.771654 0.457874 -0.060439,-1.771654 0.457104 -0.049871,-1.771654 0.454810 -0.039526,-1.771654 0.451041 -0.029623,-1.771654 0.445876 -0.020372,-1.771654 0.439424 -0.011966,-1.771654 0.431822 -0.004585,-1.771654 0.423230 0.001616,-1.771654 0.413830 0.006506,-1.771654 0.403820 0.009982,-1.771654 0.393413 0.011970,-1.771654 0.382827 0.012428,-1.771654 0.372286 0.011346,-1.771654 0.362014 0.008748,-1.771654 0.352226 0.004689,-1.771654 0.343131 -0.000747,-1.771654 0.334919 -0.007444,-1.771654 0.327766 -0.015260,-1.771654 0.321821 -0.024031,-1.771654 0.317210 -0.033571,-1.771654 0.314031 -0.043679,-1.771654 0.312351 -0.054141,-1.771654 0.312205 -0.064736,-1.771654 0.312205 -0.118110,-1.771654 -0.553937 -0.118110,-1.771654 -0.553937 0.000000,-1.771654 -0.554783 0.011296,-1.771654 -0.557304 0.022339,-1.771654 -0.561442 0.032883,-1.771654 -0.567106 0.042693,-1.771654 -0.574168 0.051549,-1.771654 -0.582472 0.059253,-1.771654 -0.591831 0.065634,-1.771654 -0.602036 0.070549,-1.771654 -0.612860 0.073888,-1.771654 -0.624061 0.075576,-1.771654 -0.635388 0.075576,-1.771654 -0.646589 0.073888,-1.771654 -0.657413 0.070549,-1.771654 -0.667619 0.065634,-1.771654 -0.676978 0.059253,-1.771654 -0.685281 0.051549,-1.771654 -0.692344 0.042693,-1.771654 -0.698007 0.032883,-1.771654 -0.702146 0.022339,-1.771654 -0.704666 0.011296,-1.771654 -0.705513 0.000000,-1.771654 -0.705513 -0.462342,-1.771654 -1.229135 -0.462342,-1.771654 -1.229135 -0.118110,-1.771654 -1.229978 -0.106839,-1.771654 -1.232487 -0.095818,-1.771654 -1.236608 -0.085294,-1.771654 -1.242248 -0.075499,-1.771654 -1.249283 -0.066652,-1.771654 -1.257554 -0.058949,-1.771654 -1.266880 -0.052562,-1.771654 -1.277051 -0.047633,-1.771654 -1.287842 -0.044272,-1.771654 -1.299014 -0.042553,-1.771654 -1.310316 -0.042515,-1.771654 -1.321499 -0.044157,-1.771654 -1.332313 -0.047445,-1.771654 -1.342518 -0.052305,-1.771654 -1.351886 -0.058628,-1.771654 -1.360211 -0.066274,-1.771654 -1.367305 -0.075073,-1.771654 -1.373012 -0.084829,-1.771654 -1.377204 -0.095325,-1.771654 -1.379789 -0.106328,-1.771654 -1.380709 -0.117594,-1.771654 -1.380709 -0.118110,-1.771654 -2.089370 -0.118110,-1.771654 -2.089370 0.118110,-1.259843 -0.553937 -0.511811,-1.315872 -0.553937 -0.507804,-1.370761 -0.553937 -0.495863,-1.423392 -0.553937 -0.476233,-1.472693 -0.553937 -0.449312,-1.517662 -0.553937 -0.415649,-1.557382 -0.553937 -0.375929,-1.591045 -0.553937 -0.330961,-1.617965 -0.553937 -0.281659,-1.637596 -0.553937 -0.229029,-1.649536 -0.553937 -0.174140,-1.653543 -0.553937 -0.118110,-0.629921 -0.553937 -0.511811,-0.629921 -0.553937 -0.629921,-1.259843 -0.553937 -0.629921,-1.332681 -0.553937 -0.624712,-1.404036 -0.553937 -0.609189,-1.472457 -0.553937 -0.583670,-1.536548 -0.553937 -0.548673,-1.595007 -0.553937 -0.504911,-1.646643 -0.553937 -0.453275,-1.690405 -0.553937 -0.394816,-1.725402 -0.553937 -0.330724,-1.750922 -0.553937 -0.262304,-1.766444 -0.553937 -0.190949,-1.771654 -0.553937 -0.118110,-1.771654 -0.553937 0.000000,-1.653543 -0.553937 0.000000,-1.762622 0.824016 0.213837,-1.767633 0.824016 0.182138,-1.770647 0.824016 0.150187,-1.771654 0.824016 0.118110,-1.646596 0.824016 0.191746,-1.650450 0.824016 0.167362,-1.652769 0.824016 0.142785,-1.653543 0.824016 0.118110,-1.653543 0.824016 -0.454935,-1.824857 0.824016 -0.626248,-1.800476 0.824016 -0.624504,-1.776592 0.824016 -0.619309,-1.753690 0.824016 -0.610767,-1.732238 0.824016 -0.599053,-1.712670 0.824016 -0.584405,-1.695387 0.824016 -0.567121,-1.680739 0.824016 -0.547554,-1.669025 0.824016 -0.526101,-1.660483 0.824016 -0.503199,-1.655287 0.824016 -0.479315,-2.342520 0.824016 -0.626248,-2.342520 0.824016 -0.508138,-1.824857 0.824016 -0.508138,-1.817285 0.824016 -0.507596,-1.809868 0.824016 -0.505983,-1.802755 0.824016 -0.503330,-1.796093 0.824016 -0.499692,-1.790016 0.824016 -0.495143,-1.784648 0.824016 -0.489776,-1.780099 0.824016 -0.483699,-1.776461 0.824016 -0.477036,-1.773809 0.824016 -0.469924,-1.772195 0.824016 -0.462507,-1.771654 0.824016 -0.454935,-1.259843 0.824016 0.511811,-1.313593 0.824016 0.508125,-1.366337 0.824016 0.497134,-1.417087 0.824016 0.479046,-1.464892 0.824016 0.454198,-1.508857 0.824016 0.423057,-1.508857 0.548425 0.423057,-1.646596 0.548425 0.191746,-1.632590 0.548425 0.244837,-1.611334 0.548425 0.295462,-1.583242 0.548425 0.342638,-1.548860 0.548425 0.385447,-1.646596 0.824016 0.191746,-1.650450 0.824016 0.167362,-1.652769 0.824016 0.142785,-1.653543 0.824016 0.118110,-1.653543 -1.971260 0.118110,-1.649536 -1.971260 0.174140,-1.637596 -1.971260 0.229029,-1.617965 -1.971260 0.281659,-1.591045 -1.971260 0.330961,-1.557382 -1.971260 0.375929,-1.517662 -1.971260 0.415649,-1.472693 -1.971260 0.449312,-1.423392 -1.971260 0.476233,-1.370761 -1.971260 0.495863,-1.315872 -1.971260 0.507804,-1.259843 -1.971260 0.511811,-1.653543 -1.971260 -0.118110,-1.692913 -2.089370 -0.118110,-1.653543 -1.971260 0.118110,-1.692913 -2.089370 0.118110,-1.259843 -1.971260 -0.511811,-1.315872 -1.971260 -0.507804,-1.370761 -1.971260 -0.495863,-1.423392 -1.971260 -0.476233,-1.472693 -1.971260 -0.449312,-1.517662 -1.971260 -0.415649,-1.557382 -1.971260 -0.375929,-1.591045 -1.971260 -0.330961,-1.617965 -1.971260 -0.281659,-1.637596 -1.971260 -0.229029,-1.649536 -1.971260 -0.174140,-1.653543 -1.971260 -0.118110,-1.653543 -1.380709 -0.118110,-1.259843 -1.380709 -0.511811,-1.315872 -1.380709 -0.507804,-1.370761 -1.380709 -0.495863,-1.423392 -1.380709 -0.476233,-1.472693 -1.380709 -0.449312,-1.517662 -1.380709 -0.415649,-1.557382 -1.380709 -0.375929,-1.591045 -1.380709 -0.330961,-1.617965 -1.380709 -0.281659,-1.637596 -1.380709 -0.229029,-1.649536 -1.380709 -0.174140,-1.259843 -1.380709 -0.511811,-0.629921 -1.380709 -0.511811,-1.315872 -1.380709 -0.507804,-1.370761 -1.380709 -0.495863,-1.423392 -1.380709 -0.476233,-1.472693 -1.380709 -0.449312,-1.517662 -1.380709 -0.415649,-1.557382 -1.380709 -0.375929,-1.591045 -1.380709 -0.330961,-1.617965 -1.380709 -0.281659,-1.637596 -1.380709 -0.229029,-1.649536 -1.380709 -0.174140,-1.653543 -1.380709 -0.118110,-1.653543 -1.380709 -0.117594,-1.771654 -1.380709 -0.117594,-1.771654 -1.380709 -0.118110,-1.259843 -1.380709 -0.629921,-1.332681 -1.380709 -0.624712,-1.404036 -1.380709 -0.609189,-1.472457 -1.380709 -0.583670,-1.536548 -1.380709 -0.548673,-1.595007 -1.380709 -0.504911,-1.646643 -1.380709 -0.453275,-1.690405 -1.380709 -0.394816,-1.725402 -1.380709 -0.330724,-1.750922 -1.380709 -0.262304,-1.766444 -1.380709 -0.190949,-0.629921 -1.380709 -0.629921,-1.653543 -1.229135 -0.118110,-1.653543 -1.229978 -0.106839,-1.653543 -1.232487 -0.095818,-1.653543 -1.236608 -0.085294,-1.653543 -1.242248 -0.075499,-1.653543 -1.249283 -0.066652,-1.653543 -1.257554 -0.058949,-1.653543 -1.266880 -0.052562,-1.653543 -1.277051 -0.047633,-1.653543 -1.287842 -0.044272,-1.653543 -1.299014 -0.042553,-1.653543 -1.310316 -0.042515,-1.653543 -1.321499 -0.044157,-1.653543 -1.332313 -0.047445,-1.653543 -1.342518 -0.052305,-1.653543 -1.351886 -0.058628,-1.653543 -1.360211 -0.066274,-1.653543 -1.367305 -0.075073,-1.653543 -1.373012 -0.084829,-1.653543 -1.377204 -0.095325,-1.653543 -1.379789 -0.106328,-1.653543 -1.380709 -0.117594,-1.771654 -1.229135 -0.118110,-1.771654 -1.229978 -0.106839,-1.771654 -1.232487 -0.095818,-1.771654 -1.236608 -0.085294,-1.771654 -1.242248 -0.075499,-1.771654 -1.249283 -0.066652,-1.771654 -1.257554 -0.058949,-1.771654 -1.266880 -0.052562,-1.771654 -1.277051 -0.047633,-1.771654 -1.287842 -0.044272,-1.771654 -1.299014 -0.042553,-1.771654 -1.310316 -0.042515,-1.771654 -1.321499 -0.044157,-1.771654 -1.332313 -0.047445,-1.771654 -1.342518 -0.052305,-1.771654 -1.351886 -0.058628,-1.771654 -1.360211 -0.066274,-1.771654 -1.367305 -0.075073,-1.771654 -1.373012 -0.084829,-1.771654 -1.377204 -0.095325,-1.771654 -1.379789 -0.106328,-1.771654 -1.380709 -0.117594,-1.653543 -1.229135 -0.118110,-1.771654 -1.229135 -0.118110,-1.771654 -1.229135 -0.462342,-1.772157 -1.229135 -0.469382,-1.773657 -1.229135 -0.476279,-1.776124 -1.229135 -0.482892,-1.779507 -1.229135 -0.489087,-1.783736 -1.229135 -0.494737,-1.788727 -1.229135 -0.499728,-1.794378 -1.229135 -0.503958,-1.800573 -1.229135 -0.507341,-1.807186 -1.229135 -0.509807,-1.814083 -1.229135 -0.511307,-1.821123 -1.229135 -0.511811,-2.180284 -1.229135 -0.511811,-2.180284 -1.229135 -0.629921,-1.821123 -1.229135 -0.629921,-1.653543 -1.229135 -0.462342,-1.655249 -1.229135 -0.486191,-1.660331 -1.229135 -0.509554,-1.668687 -1.229135 -0.531957,-1.680146 -1.229135 -0.552942,-1.694475 -1.229135 -0.572083,-1.711382 -1.229135 -0.588990,-1.730523 -1.229135 -0.603319,-1.751508 -1.229135 -0.614777,-1.773910 -1.229135 -0.623133,-1.797274 -1.229135 -0.628216,-1.653543 -0.705513 -0.462342,-1.653543 -1.229135 -0.462342,-1.655249 -1.229135 -0.486191,-1.660331 -1.229135 -0.509554,-1.668687 -1.229135 -0.531957,-1.680146 -1.229135 -0.552942,-1.694475 -1.229135 -0.572083,-1.711382 -1.229135 -0.588990,-1.730523 -1.229135 -0.603319,-1.751508 -1.229135 -0.614777,-1.773910 -1.229135 -0.623133,-1.797274 -1.229135 -0.628216,-1.821123 -1.229135 -0.629921,-1.821123 -0.705513 -0.629921,-1.655249 -0.705513 -0.486191,-1.660331 -0.705513 -0.509554,-1.668687 -0.705513 -0.531957,-1.680146 -0.705513 -0.552942,-1.694475 -0.705513 -0.572083,-1.711382 -0.705513 -0.588990,-1.730523 -0.705513 -0.603319,-1.751508 -0.705513 -0.614777,-1.773910 -0.705513 -0.623133,-1.797274 -0.705513 -0.628216,-1.259843 -0.553937 -0.511811,-1.315872 -0.553937 -0.507804,-1.370761 -0.553937 -0.495863,-1.423392 -0.553937 -0.476233,-1.472693 -0.553937 -0.449312,-1.517662 -0.553937 -0.415649,-1.557382 -0.553937 -0.375929,-1.591045 -0.553937 -0.330961,-1.617965 -0.553937 -0.281659,-1.637596 -0.553937 -0.229029,-1.649536 -0.553937 -0.174140,-1.653543 -0.553937 -0.118110,-1.653543 0.312205 -0.118110,-1.259843 0.312205 -0.511811,-1.315872 0.312205 -0.507804,-1.370761 0.312205 -0.495863,-1.423392 0.312205 -0.476233,-1.472693 0.312205 -0.449312,-1.517662 0.312205 -0.415649,-1.557382 0.312205 -0.375929,-1.591045 0.312205 -0.330961,-1.617965 0.312205 -0.281659,-1.637596 0.312205 -0.229029,-1.649536 0.312205 -0.174140,1.771654 0.312205 -0.118110,1.771654 0.312205 -0.064736,1.653543 0.312205 -0.064736,1.653543 0.312205 -0.118110,1.649536 0.312205 -0.174140,1.637596 0.312205 -0.229029,1.617965 0.312205 -0.281659,1.591045 0.312205 -0.330961,1.557382 0.312205 -0.375929,1.517662 0.312205 -0.415649,1.472693 0.312205 -0.449312,1.423392 0.312205 -0.476233,1.370761 0.312205 -0.495863,1.315872 0.312205 -0.507804,1.259843 0.312205 -0.511811,-1.259843 0.312205 -0.511811,-1.315872 0.312205 -0.507804,-1.370761 0.312205 -0.495863,-1.423392 0.312205 -0.476233,-1.472693 0.312205 -0.449312,-1.517662 0.312205 -0.415649,-1.557382 0.312205 -0.375929,-1.591045 0.312205 -0.330961,-1.617965 0.312205 -0.281659,-1.637596 0.312205 -0.229029,-1.649536 0.312205 -0.174140,-1.653543 0.312205 -0.118110,-1.653543 0.312205 -0.064736,-1.771654 0.312205 -0.064736,-1.771654 0.312205 -0.118110,-1.259843 0.312205 -0.629921,-1.332681 0.312205 -0.624712,-1.404036 0.312205 -0.609189,-1.472457 0.312205 -0.583670,-1.536548 0.312205 -0.548673,-1.595007 0.312205 -0.504911,-1.646643 0.312205 -0.453275,-1.690405 0.312205 -0.394816,-1.725402 0.312205 -0.330724,-1.750922 0.312205 -0.262304,-1.766444 0.312205 -0.190949,1.259843 0.312205 -0.629921,1.766444 0.312205 -0.190949,1.750922 0.312205 -0.262304,1.725402 0.312205 -0.330724,1.690405 0.312205 -0.394816,1.646643 0.312205 -0.453275,1.595007 0.312205 -0.504911,1.536548 0.312205 -0.548673,1.472457 0.312205 -0.583670,1.404036 0.312205 -0.609189,1.332681 0.312205 -0.624712,-1.653543 0.457874 -0.060439,-1.653543 0.457104 -0.049871,-1.653543 0.454810 -0.039526,-1.653543 0.451041 -0.029623,-1.653543 0.445876 -0.020372,-1.653543 0.439424 -0.011966,-1.653543 0.431822 -0.004585,-1.653543 0.423230 0.001616,-1.653543 0.413830 0.006506,-1.653543 0.403820 0.009982,-1.653543 0.393413 0.011970,-1.653543 0.382827 0.012428,-1.653543 0.372286 0.011346,-1.653543 0.362014 0.008748,-1.653543 0.352226 0.004689,-1.653543 0.343131 -0.000747,-1.653543 0.334919 -0.007444,-1.653543 0.327766 -0.015260,-1.653543 0.321821 -0.024031,-1.653543 0.317210 -0.033571,-1.653543 0.314031 -0.043679,-1.653543 0.312351 -0.054141,-1.653543 0.312205 -0.064736,-1.771654 0.457874 -0.060439,-1.771654 0.457104 -0.049871,-1.771654 0.454810 -0.039526,-1.771654 0.451041 -0.029623,-1.771654 0.445876 -0.020372,-1.771654 0.439424 -0.011966,-1.771654 0.431822 -0.004585,-1.771654 0.423230 0.001616,-1.771654 0.413830 0.006506,-1.771654 0.403820 0.009982,-1.771654 0.393413 0.011970,-1.771654 0.382827 0.012428,-1.771654 0.372286 0.011346,-1.771654 0.362014 0.008748,-1.771654 0.352226 0.004689,-1.771654 0.343131 -0.000747,-1.771654 0.334919 -0.007444,-1.771654 0.327766 -0.015260,-1.771654 0.321821 -0.024031,-1.771654 0.317210 -0.033571,-1.771654 0.314031 -0.043679,-1.771654 0.312351 -0.054141,-1.771654 0.312205 -0.064736,-1.653543 0.457874 -0.454935,-1.653543 0.457874 -0.060439,-1.771654 0.457874 -0.060439,-1.771654 0.457874 -0.454935,-1.824857 0.457874 -0.508138,-1.817285 0.457874 -0.507596,-1.809868 0.457874 -0.505983,-1.802755 0.457874 -0.503330,-1.796093 0.457874 -0.499692,-1.790016 0.457874 -0.495143,-1.784648 0.457874 -0.489776,-1.780099 0.457874 -0.483699,-1.776461 0.457874 -0.477036,-1.773809 0.457874 -0.469924,-1.772195 0.457874 -0.462507,-2.342520 0.457874 -0.508138,-2.342520 0.457874 -0.626248,-1.824857 0.457874 -0.626248,-1.800476 0.457874 -0.624504,-1.776592 0.457874 -0.619309,-1.753690 0.457874 -0.610767,-1.732238 0.457874 -0.599053,-1.712670 0.457874 -0.584405,-1.695387 0.457874 -0.567121,-1.680739 0.457874 -0.547554,-1.669025 0.457874 -0.526101,-1.660483 0.457874 -0.503199,-1.655287 0.457874 -0.479315,-1.824857 0.824016 -0.626248,-1.800476 0.824016 -0.624504,-1.776592 0.824016 -0.619309,-1.753690 0.824016 -0.610767,-1.732238 0.824016 -0.599053,-1.712670 0.824016 -0.584405,-1.695387 0.824016 -0.567121,-1.680739 0.824016 -0.547554,-1.669025 0.824016 -0.526101,-1.660483 0.824016 -0.503199,-1.655287 0.824016 -0.479315,-1.653543 0.824016 -0.454935,-1.653543 0.457874 -0.454935,-1.824857 0.457874 -0.626248,-1.800476 0.457874 -0.624504,-1.776592 0.457874 -0.619309,-1.753690 0.457874 -0.610767,-1.732238 0.457874 -0.599053,-1.712670 0.457874 -0.584405,-1.695387 0.457874 -0.567121,-1.680739 0.457874 -0.547554,-1.669025 0.457874 -0.526101,-1.660483 0.457874 -0.503199,-1.655287 0.457874 -0.479315,-1.821123 -0.705513 -0.629921,-1.821123 -1.229135 -0.629921,-2.180284 -1.229135 -0.629921,-2.318328 -1.117669 -0.629921,-2.313027 -1.136091 -0.629921,-2.305280 -1.153626 -0.629921,-2.295230 -1.169950 -0.629921,-2.283061 -1.184762 -0.629921,-2.268998 -1.197789 -0.629921,-2.253301 -1.208792 -0.629921,-2.236257 -1.217568 -0.629921,-2.218183 -1.223954 -0.629921,-2.199410 -1.227834 -0.629921,-2.260923 -1.038448 -0.629921,-2.269971 -1.040042 -0.629921,-2.278709 -1.042882 -0.629921,-2.286965 -1.046912 -0.629921,-2.294578 -1.052055 -0.629921,-2.301400 -1.058208 -0.629921,-2.307298 -1.065253 -0.629921,-2.312156 -1.073051 -0.629921,-2.315879 -1.081450 -0.629921,-2.318394 -1.090287 -0.629921,-2.319653 -1.099387 -0.629921,-2.319631 -1.108575 -0.629921,-2.249735 -1.036465 -0.629921,-2.238938 -1.032920 -0.629921,-2.228752 -1.027884 -0.629921,-2.219380 -1.021458 -0.629921,-2.211011 -1.013771 -0.629921,-2.203813 -1.004979 -0.629921,-2.197931 -0.995257 -0.629921,-2.193482 -0.984800 -0.629921,-2.190557 -0.973820 -0.629921,-2.189214 -0.962536 -0.629921,-2.189480 -0.951176 -0.629921,-2.191349 -0.939968 -0.629921,-2.194785 -0.929136 -0.629921,-2.199718 -0.918900 -0.629921,-2.206048 -0.909463 -0.629921,-2.213650 -0.901017 -0.629921,-2.222369 -0.893730 -0.629921,-2.232031 -0.887750 -0.629921,-2.342520 -0.829765 -0.629921,-2.342520 -0.705513 -0.629921,-2.342520 -0.705513 -0.511811,-2.342520 -0.705513 -0.629921,-2.342520 -0.829765 -0.629921,-2.342520 -0.829765 -0.511811,-1.821123 -0.705513 -0.511811,-1.821123 -1.229135 -0.511811,-2.342520 -0.705513 -0.511811,-2.342520 -0.829765 -0.511811,-2.232031 -0.887750 -0.511811,-2.260923 -1.038448 -0.511811,-2.249735 -1.036465 -0.511811,-2.238938 -1.032920 -0.511811,-2.228752 -1.027884 -0.511811,-2.219380 -1.021458 -0.511811,-2.211011 -1.013771 -0.511811,-2.203813 -1.004979 -0.511811,-2.197931 -0.995257 -0.511811,-2.193482 -0.984800 -0.511811,-2.190557 -0.973820 -0.511811,-2.189214 -0.962536 -0.511811,-2.189480 -0.951176 -0.511811,-2.191349 -0.939968 -0.511811,-2.194785 -0.929136 -0.511811,-2.199718 -0.918900 -0.511811,-2.206048 -0.909463 -0.511811,-2.213650 -0.901017 -0.511811,-2.222369 -0.893730 -0.511811,-2.269971 -1.040042 -0.511811,-2.278709 -1.042882 -0.511811,-2.286965 -1.046912 -0.511811,-2.294578 -1.052055 -0.511811,-2.301400 -1.058208 -0.511811,-2.307298 -1.065253 -0.511811,-2.312156 -1.073051 -0.511811,-2.315879 -1.081450 -0.511811,-2.318394 -1.090287 -0.511811,-2.319653 -1.099387 -0.511811,-2.319631 -1.108575 -0.511811,-2.318328 -1.117669 -0.511811,-2.313027 -1.136091 -0.511811,-2.305280 -1.153626 -0.511811,-2.295230 -1.169950 -0.511811,-2.283061 -1.184762 -0.511811,-2.268998 -1.197789 -0.511811,-2.253301 -1.208792 -0.511811,-2.236257 -1.217568 -0.511811,-2.218183 -1.223954 -0.511811,-2.199410 -1.227834 -0.511811,-2.180284 -1.229135 -0.511811,-1.771654 -0.705513 -0.462342,-1.771654 -1.229135 -0.462342,-1.772157 -1.229135 -0.469382,-1.773657 -1.229135 -0.476279,-1.776124 -1.229135 -0.482892,-1.779507 -1.229135 -0.489087,-1.783736 -1.229135 -0.494737,-1.788727 -1.229135 -0.499728,-1.794378 -1.229135 -0.503958,-1.800573 -1.229135 -0.507341,-1.807186 -1.229135 -0.509807,-1.814083 -1.229135 -0.511307,-1.821123 -1.229135 -0.511811,-1.821123 -0.705513 -0.511811,-1.772157 -0.705513 -0.469382,-1.773657 -0.705513 -0.476279,-1.776124 -0.705513 -0.482892,-1.779507 -0.705513 -0.489087,-1.783736 -0.705513 -0.494737,-1.788727 -0.705513 -0.499728,-1.794378 -0.705513 -0.503958,-1.800573 -0.705513 -0.507341,-1.807186 -0.705513 -0.509807,-1.814083 -0.705513 -0.511307,-1.824857 0.824016 -0.508138,-1.817285 0.824016 -0.507596,-1.809868 0.824016 -0.505983,-1.802755 0.824016 -0.503330,-1.796093 0.824016 -0.499692,-1.790016 0.824016 -0.495143,-1.784648 0.824016 -0.489776,-1.780099 0.824016 -0.483699,-1.776461 0.824016 -0.477036,-1.773809 0.824016 -0.469924,-1.772195 0.824016 -0.462507,-1.771654 0.824016 -0.454935,-1.771654 0.457874 -0.454935,-1.824857 0.457874 -0.508138,-1.817285 0.457874 -0.507596,-1.809868 0.457874 -0.505983,-1.802755 0.457874 -0.503330,-1.796093 0.457874 -0.499692,-1.790016 0.457874 -0.495143,-1.784648 0.457874 -0.489776,-1.780099 0.457874 -0.483699,-1.776461 0.457874 -0.477036,-1.773809 0.457874 -0.469924,-1.772195 0.457874 -0.462507,-1.259843 -0.553937 -0.629921,-1.332681 -0.553937 -0.624712,-1.404036 -0.553937 -0.609189,-1.472457 -0.553937 -0.583670,-1.536548 -0.553937 -0.548673,-1.595007 -0.553937 -0.504911,-1.646643 -0.553937 -0.453275,-1.690405 -0.553937 -0.394816,-1.725402 -0.553937 -0.330724,-1.750922 -0.553937 -0.262304,-1.766444 -0.553937 -0.190949,-1.771654 -0.553937 -0.118110,-1.771654 0.312205 -0.118110,-1.259843 0.312205 -0.629921,-1.332681 0.312205 -0.624712,-1.404036 0.312205 -0.609189,-1.472457 0.312205 -0.583670,-1.536548 0.312205 -0.548673,-1.595007 0.312205 -0.504911,-1.646643 0.312205 -0.453275,-1.690405 0.312205 -0.394816,-1.725402 0.312205 -0.330724,-1.750922 0.312205 -0.262304,-1.766444 0.312205 -0.190949,-1.771654 -2.089370 -0.118110,-1.766444 -2.089370 -0.190949,-1.750922 -2.089370 -0.262304,-1.725402 -2.089370 -0.330724,-1.690405 -2.089370 -0.394816,-1.646643 -2.089370 -0.453275,-1.595007 -2.089370 -0.504911,-1.536548 -2.089370 -0.548673,-1.472457 -2.089370 -0.583670,-1.404036 -2.089370 -0.609189,-1.332681 -2.089370 -0.624712,-1.259843 -2.089370 -0.629921,-1.771654 -1.380709 -0.118110,-1.259843 -1.380709 -0.629921,-1.332681 -1.380709 -0.624712,-1.404036 -1.380709 -0.609189,-1.472457 -1.380709 -0.583670,-1.536548 -1.380709 -0.548673,-1.595007 -1.380709 -0.504911,-1.646643 -1.380709 -0.453275,-1.690405 -1.380709 -0.394816,-1.725402 -1.380709 -0.330724,-1.750922 -1.380709 -0.262304,-1.766444 -1.380709 -0.190949,-1.259843 -2.089370 0.629921,-1.332681 -2.089370 0.624712,-1.404036 -2.089370 0.609189,-1.472457 -2.089370 0.583670,-1.536548 -2.089370 0.548673,-1.595007 -2.089370 0.504911,-1.646643 -2.089370 0.453275,-1.690405 -2.089370 0.394816,-1.725402 -2.089370 0.330724,-1.750922 -2.089370 0.262304,-1.766444 -2.089370 0.190949,-1.771654 -2.089370 0.118110,1.259843 -2.089370 0.629921,1.771654 -2.089370 0.118110,1.766444 -2.089370 0.190949,1.750922 -2.089370 0.262304,1.725402 -2.089370 0.330724,1.690405 -2.089370 0.394816,1.646643 -2.089370 0.453275,1.595007 -2.089370 0.504911,1.536548 -2.089370 0.548673,1.472457 -2.089370 0.583670,1.404036 -2.089370 0.609189,1.332681 -2.089370 0.624712,1.771654 -2.089370 -0.118110,1.259843 -2.089370 -0.629921,1.332681 -2.089370 -0.624712,1.404036 -2.089370 -0.609189,1.472457 -2.089370 -0.583670,1.536548 -2.089370 -0.548673,1.595007 -2.089370 -0.504911,1.646643 -2.089370 -0.453275,1.690405 -2.089370 -0.394816,1.725402 -2.089370 -0.330724,1.750922 -2.089370 -0.262304,1.766444 -2.089370 -0.190949,-1.259843 -2.089370 -0.629921,-1.771654 -2.089370 -0.118110,-1.766444 -2.089370 -0.190949,-1.750922 -2.089370 -0.262304,-1.725402 -2.089370 -0.330724,-1.690405 -2.089370 -0.394816,-1.646643 -2.089370 -0.453275,-1.595007 -2.089370 -0.504911,-1.536548 -2.089370 -0.548673,-1.472457 -2.089370 -0.583670,-1.404036 -2.089370 -0.609189,-1.332681 -2.089370 -0.624712,1.259843 -2.089370 -0.551181,-1.259843 -2.089370 -0.551181,1.692913 -2.089370 -0.118110,1.688505 -2.089370 -0.179743,1.675371 -2.089370 -0.240120,1.653778 -2.089370 -0.298014,1.624165 -2.089370 -0.352246,1.587136 -2.089370 -0.401711,1.543444 -2.089370 -0.445403,1.493978 -2.089370 -0.482433,1.439747 -2.089370 -0.512045,1.381853 -2.089370 -0.533639,1.321475 -2.089370 -0.546773,1.692913 -2.089370 0.118110,1.259843 -2.089370 0.551181,1.321475 -2.089370 0.546773,1.381853 -2.089370 0.533639,1.439747 -2.089370 0.512045,1.493978 -2.089370 0.482433,1.543444 -2.089370 0.445403,1.587136 -2.089370 0.401711,1.624165 -2.089370 0.352246,1.653778 -2.089370 0.298014,1.675371 -2.089370 0.240120,1.688505 -2.089370 0.179743,-1.259843 -2.089370 0.551181,-1.692913 -2.089370 0.118110,-1.688505 -2.089370 0.179743,-1.675371 -2.089370 0.240120,-1.653778 -2.089370 0.298014,-1.624165 -2.089370 0.352246,-1.587136 -2.089370 0.401711,-1.543444 -2.089370 0.445403,-1.493978 -2.089370 0.482433,-1.439747 -2.089370 0.512045,-1.381853 -2.089370 0.533639,-1.321475 -2.089370 0.546773,-1.692913 -2.089370 -0.118110,-1.321475 -2.089370 -0.546773,-1.381853 -2.089370 -0.533639,-1.439747 -2.089370 -0.512045,-1.493978 -2.089370 -0.482433,-1.543444 -2.089370 -0.445403,-1.587136 -2.089370 -0.401711,-1.624165 -2.089370 -0.352246,-1.653778 -2.089370 -0.298014,-1.675371 -2.089370 -0.240120,-1.688505 -2.089370 -0.179743,-1.583561 0.548425 0.514540,-1.583561 0.824016 0.514540,-1.762622 0.548425 0.213837,-1.744414 0.548425 0.282855,-1.716782 0.548425 0.348668,-1.680262 0.548425 0.409997,-1.635566 0.548425 0.465648,-1.762622 0.824016 0.213837,-1.767633 0.824016 0.182138,-1.770647 0.824016 0.150187,-1.771654 0.824016 0.118110,-1.771654 -2.089370 0.118110,-1.259843 -2.089370 0.629921,-1.332681 -2.089370 0.624712,-1.404036 -2.089370 0.609189,-1.472457 -2.089370 0.583670,-1.536548 -2.089370 0.548673,-1.595007 -2.089370 0.504911,-1.646643 -2.089370 0.453275,-1.690405 -2.089370 0.394816,-1.725402 -2.089370 0.330724,-1.750922 -2.089370 0.262304,-1.766444 -2.089370 0.190949,-1.259843 0.824016 0.629921,-1.329718 0.824016 0.625129,-1.398286 0.824016 0.610841,-1.464260 0.824016 0.587327,-1.526407 0.824016 0.555025,1.259843 0.312205 -0.511811,-1.259843 0.312205 -0.511811,1.259843 -0.553937 -0.511811,0.629921 -0.553937 -0.511811,0.629921 -1.380709 -0.511811,1.259843 -1.380709 -0.511811,1.259843 -1.971260 -0.511811,-1.259843 -1.971260 -0.511811,-1.259843 -1.380709 -0.511811,-0.629921 -1.380709 -0.511811,-0.629921 -0.553937 -0.511811,-1.259843 -0.553937 -0.511811,-0.629921 -1.380709 -0.629921,-0.629921 -0.553937 -0.629921,-0.629921 -1.380709 -0.511811,-0.629921 -0.553937 -0.511811,-1.259843 0.312205 -0.629921,1.259843 0.312205 -0.629921,-1.259843 -0.553937 -0.629921,-0.629921 -0.553937 -0.629921,-0.629921 -1.380709 -0.629921,-1.259843 -1.380709 -0.629921,-1.259843 -2.089370 -0.629921,1.259843 -2.089370 -0.629921,1.259843 -1.380709 -0.629921,0.629921 -1.380709 -0.629921,0.629921 -0.553937 -0.629921,1.259843 -0.553937 -0.629921,-1.762622 0.824016 0.213837,-1.646596 0.824016 0.191746,-1.762622 0.548425 0.213837,-1.646596 0.548425 0.191746,-1.824857 0.824016 -0.626248,-1.824857 0.457874 -0.626248,-2.342520 0.457874 -0.626248,-2.342520 0.824016 -0.626248,-2.342520 0.824016 -0.508138,-2.342520 0.457874 -0.508138,-2.342520 0.457874 -0.626248,-2.342520 0.824016 -0.626248,-1.824857 0.824016 -0.508138,-1.824857 0.457874 -0.508138,-2.342520 0.457874 -0.508138,-2.342520 0.824016 -0.508138,-1.259843 0.824016 0.511811,-1.259843 -1.971260 0.511811,1.259843 -1.971260 0.511811,1.259843 0.824016 0.511811,0.963031 0.824016 0.511811,0.963031 0.351575 0.511811,0.375552 0.351575 0.511811,0.375552 0.469685 0.511811,0.375552 0.824016 0.511811,-0.375552 0.824016 0.511811,-0.375552 0.469685 0.511811,-0.375552 0.351575 0.511811,-0.963031 0.351575 0.511811,-0.963031 0.824016 0.511811,-1.583561 0.824016 0.514540,-1.508857 0.824016 0.423057,-1.259843 0.824016 0.629921,-1.329718 0.824016 0.625129,-1.398286 0.824016 0.610841,-1.464260 0.824016 0.587327,-1.526407 0.824016 0.555025,-0.963031 0.824016 0.629921,-0.963031 0.824016 0.511811,-1.259843 0.824016 0.511811,-1.313593 0.824016 0.508125,-1.366337 0.824016 0.497134,-1.417087 0.824016 0.479046,-1.464892 0.824016 0.454198,-1.583561 0.824016 0.514540,-1.508857 0.824016 0.423057,-1.583561 0.548425 0.514540,-1.508857 0.548425 0.423057,-1.762622 0.548425 0.213837,-1.744414 0.548425 0.282855,-1.716782 0.548425 0.348668,-1.680262 0.548425 0.409997,-1.635566 0.548425 0.465648,-1.583561 0.548425 0.514540,-1.508857 0.548425 0.423057,-1.646596 0.548425 0.191746,-1.632590 0.548425 0.244837,-1.611334 0.548425 0.295462,-1.583242 0.548425 0.342638,-1.548860 0.548425 0.385447,-1.692913 -2.089370 0.118110,-1.688505 -2.089370 0.179743,-1.675371 -2.089370 0.240120,-1.653778 -2.089370 0.298014,-1.624165 -2.089370 0.352246,-1.587136 -2.089370 0.401711,-1.543444 -2.089370 0.445403,-1.493978 -2.089370 0.482433,-1.439747 -2.089370 0.512045,-1.381853 -2.089370 0.533639,-1.321475 -2.089370 0.546773,-1.259843 -2.089370 0.551181,-1.259843 -1.971260 0.511811,-1.653543 -1.971260 0.118110,-1.649536 -1.971260 0.174140,-1.637596 -1.971260 0.229029,-1.617965 -1.971260 0.281659,-1.591045 -1.971260 0.330961,-1.557382 -1.971260 0.375929,-1.517662 -1.971260 0.415649,-1.472693 -1.971260 0.449312,-1.423392 -1.971260 0.476233,-1.370761 -1.971260 0.495863,-1.315872 -1.971260 0.507804,-1.259843 -2.089370 -0.551181,-1.321475 -2.089370 -0.546773,-1.381853 -2.089370 -0.533639,-1.439747 -2.089370 -0.512045,-1.493978 -2.089370 -0.482433,-1.543444 -2.089370 -0.445403,-1.587136 -2.089370 -0.401711,-1.624165 -2.089370 -0.352246,-1.653778 -2.089370 -0.298014,-1.675371 -2.089370 -0.240120,-1.688505 -2.089370 -0.179743,-1.692913 -2.089370 -0.118110,-1.653543 -1.971260 -0.118110,-1.259843 -1.971260 -0.511811,-1.315872 -1.971260 -0.507804,-1.370761 -1.971260 -0.495863,-1.423392 -1.971260 -0.476233,-1.472693 -1.971260 -0.449312,-1.517662 -1.971260 -0.415649,-1.557382 -1.971260 -0.375929,-1.591045 -1.971260 -0.330961,-1.617965 -1.971260 -0.281659,-1.637596 -1.971260 -0.229029,-1.649536 -1.971260 -0.174140,-2.318328 -1.117669 -0.511811,-2.318328 -1.117669 -0.629921,-2.313027 -1.136091 -0.629921,-2.305280 -1.153626 -0.629921,-2.295230 -1.169950 -0.629921,-2.283061 -1.184762 -0.629921,-2.268998 -1.197789 -0.629921,-2.253301 -1.208792 -0.629921,-2.236257 -1.217568 -0.629921,-2.218183 -1.223954 -0.629921,-2.199410 -1.227834 -0.629921,-2.180284 -1.229135 -0.629921,-2.180284 -1.229135 -0.511811,-2.313027 -1.136091 -0.511811,-2.305280 -1.153626 -0.511811,-2.295230 -1.169950 -0.511811,-2.283061 -1.184762 -0.511811,-2.268998 -1.197789 -0.511811,-2.253301 -1.208792 -0.511811,-2.236257 -1.217568 -0.511811,-2.218183 -1.223954 -0.511811,-2.199410 -1.227834 -0.511811,1.771654 -0.553937 -0.118110,1.766444 -0.553937 -0.190949,1.750922 -0.553937 -0.262304,1.725402 -0.553937 -0.330724,1.690405 -0.553937 -0.394816,1.646643 -0.553937 -0.453275,1.595007 -0.553937 -0.504911,1.536548 -0.553937 -0.548673,1.472457 -0.553937 -0.583670,1.404036 -0.553937 -0.609189,1.332681 -0.553937 -0.624712,1.259843 -0.553937 -0.629921,1.259843 0.312205 -0.629921,1.771654 0.312205 -0.118110,1.766444 0.312205 -0.190949,1.750922 0.312205 -0.262304,1.725402 0.312205 -0.330724,1.690405 0.312205 -0.394816,1.646643 0.312205 -0.453275,1.595007 0.312205 -0.504911,1.536548 0.312205 -0.548673,1.472457 0.312205 -0.583670,1.404036 0.312205 -0.609189,1.332681 0.312205 -0.624712,1.653543 -0.553937 -0.118110,1.649536 -0.553937 -0.174140,1.637596 -0.553937 -0.229029,1.617965 -0.553937 -0.281659,1.591045 -0.553937 -0.330961,1.557382 -0.553937 -0.375929,1.517662 -0.553937 -0.415649,1.472693 -0.553937 -0.449312,1.423392 -0.553937 -0.476233,1.370761 -0.553937 -0.495863,1.315872 -0.553937 -0.507804,1.259843 -0.553937 -0.511811,1.259843 0.312205 -0.511811,1.653543 0.312205 -0.118110,1.649536 0.312205 -0.174140,1.637596 0.312205 -0.229029,1.617965 0.312205 -0.281659,1.591045 0.312205 -0.330961,1.557382 0.312205 -0.375929,1.517662 0.312205 -0.415649,1.472693 0.312205 -0.449312,1.423392 0.312205 -0.476233,1.370761 0.312205 -0.495863,1.315872 0.312205 -0.507804,1.771654 0.457874 -0.060439,1.771654 0.457104 -0.049871,1.771654 0.454810 -0.039526,1.771654 0.451041 -0.029623,1.771654 0.445876 -0.020372,1.771654 0.439424 -0.011966,1.771654 0.431822 -0.004585,1.771654 0.423230 0.001616,1.771654 0.413830 0.006506,1.771654 0.403820 0.009982,1.771654 0.393413 0.011970,1.771654 0.382827 0.012428,1.771654 0.372286 0.011346,1.771654 0.362014 0.008748,1.771654 0.352226 0.004689,1.771654 0.343131 -0.000747,1.771654 0.334919 -0.007444,1.771654 0.327766 -0.015260,1.771654 0.321821 -0.024031,1.771654 0.317210 -0.033571,1.771654 0.314031 -0.043679,1.771654 0.312351 -0.054141,1.771654 0.312205 -0.064736,1.653543 0.457874 -0.060439,1.653543 0.457104 -0.049871,1.653543 0.454810 -0.039526,1.653543 0.451041 -0.029623,1.653543 0.445876 -0.020372,1.653543 0.439424 -0.011966,1.653543 0.431822 -0.004585,1.653543 0.423230 0.001616,1.653543 0.413830 0.006506,1.653543 0.403820 0.009982,1.653543 0.393413 0.011970,1.653543 0.382827 0.012428,1.653543 0.372286 0.011346,1.653543 0.362014 0.008748,1.653543 0.352226 0.004689,1.653543 0.343131 -0.000747,1.653543 0.334919 -0.007444,1.653543 0.327766 -0.015260,1.653543 0.321821 -0.024031,1.653543 0.317210 -0.033571,1.653543 0.314031 -0.043679,1.653543 0.312351 -0.054141,1.653543 0.312205 -0.064736,-2.260923 -1.038448 -0.511811,-2.260923 -1.038448 -0.629921,-2.269971 -1.040042 -0.629921,-2.278709 -1.042882 -0.629921,-2.286965 -1.046912 -0.629921,-2.294578 -1.052055 -0.629921,-2.301400 -1.058208 -0.629921,-2.307298 -1.065253 -0.629921,-2.312156 -1.073051 -0.629921,-2.315879 -1.081450 -0.629921,-2.318394 -1.090287 -0.629921,-2.319653 -1.099387 -0.629921,-2.319631 -1.108575 -0.629921,-2.318328 -1.117669 -0.629921,-2.318328 -1.117669 -0.511811,-2.269971 -1.040042 -0.511811,-2.278709 -1.042882 -0.511811,-2.286965 -1.046912 -0.511811,-2.294578 -1.052055 -0.511811,-2.301400 -1.058208 -0.511811,-2.307298 -1.065253 -0.511811,-2.312156 -1.073051 -0.511811,-2.315879 -1.081450 -0.511811,-2.318394 -1.090287 -0.511811,-2.319653 -1.099387 -0.511811,-2.319631 -1.108575 -0.511811,-2.260923 -1.038448 -0.511811,-2.260923 -1.038448 -0.629921,-2.249735 -1.036465 -0.629921,-2.238938 -1.032920 -0.629921,-2.228752 -1.027884 -0.629921,-2.219380 -1.021458 -0.629921,-2.211011 -1.013771 -0.629921,-2.203813 -1.004979 -0.629921,-2.197931 -0.995257 -0.629921,-2.193482 -0.984800 -0.629921,-2.190557 -0.973820 -0.629921,-2.189214 -0.962536 -0.629921,-2.189480 -0.951176 -0.629921,-2.191349 -0.939968 -0.629921,-2.194785 -0.929136 -0.629921,-2.199718 -0.918900 -0.629921,-2.206048 -0.909463 -0.629921,-2.213650 -0.901017 -0.629921,-2.222369 -0.893730 -0.629921,-2.232031 -0.887750 -0.629921,-2.232031 -0.887750 -0.511811,-2.249735 -1.036465 -0.511811,-2.238938 -1.032920 -0.511811,-2.228752 -1.027884 -0.511811,-2.219380 -1.021458 -0.511811,-2.211011 -1.013771 -0.511811,-2.203813 -1.004979 -0.511811,-2.197931 -0.995257 -0.511811,-2.193482 -0.984800 -0.511811,-2.190557 -0.973820 -0.511811,-2.189214 -0.962536 -0.511811,-2.189480 -0.951176 -0.511811,-2.191349 -0.939968 -0.511811,-2.194785 -0.929136 -0.511811,-2.199718 -0.918900 -0.511811,-2.206048 -0.909463 -0.511811,-2.213650 -0.901017 -0.511811,-2.222369 -0.893730 -0.511811,-2.342520 -0.829765 -0.511811,-2.342520 -0.829765 -0.629921,-2.232031 -0.887750 -0.629921,-2.232031 -0.887750 -0.511811,1.259843 -1.971260 -0.511811,1.259843 -2.089370 -0.551181,-1.259843 -1.971260 -0.511811,-1.259843 -2.089370 -0.551181,1.692913 -2.089370 -0.118110,1.688505 -2.089370 -0.179743,1.675371 -2.089370 -0.240120,1.653778 -2.089370 -0.298014,1.624165 -2.089370 -0.352246,1.587136 -2.089370 -0.401711,1.543444 -2.089370 -0.445403,1.493978 -2.089370 -0.482433,1.439747 -2.089370 -0.512045,1.381853 -2.089370 -0.533639,1.321475 -2.089370 -0.546773,1.259843 -2.089370 -0.551181,1.259843 -1.971260 -0.511811,1.653543 -1.971260 -0.118110,1.649536 -1.971260 -0.174140,1.637596 -1.971260 -0.229029,1.617965 -1.971260 -0.281659,1.591045 -1.971260 -0.330961,1.557382 -1.971260 -0.375929,1.517662 -1.971260 -0.415649,1.472693 -1.971260 -0.449312,1.423392 -1.971260 -0.476233,1.370761 -1.971260 -0.495863,1.315872 -1.971260 -0.507804,1.653543 -1.971260 0.118110,1.692913 -2.089370 0.118110,1.653543 -1.971260 -0.118110,1.692913 -2.089370 -0.118110,1.259843 -2.089370 0.551181,1.321475 -2.089370 0.546773,1.381853 -2.089370 0.533639,1.439747 -2.089370 0.512045,1.493978 -2.089370 0.482433,1.543444 -2.089370 0.445403,1.587136 -2.089370 0.401711,1.624165 -2.089370 0.352246,1.653778 -2.089370 0.298014,1.675371 -2.089370 0.240120,1.688505 -2.089370 0.179743,1.692913 -2.089370 0.118110,1.653543 -1.971260 0.118110,1.259843 -1.971260 0.511811,1.315872 -1.971260 0.507804,1.370761 -1.971260 0.495863,1.423392 -1.971260 0.476233,1.472693 -1.971260 0.449312,1.517662 -1.971260 0.415649,1.557382 -1.971260 0.375929,1.591045 -1.971260 0.330961,1.617965 -1.971260 0.281659,1.637596 -1.971260 0.229029,1.649536 -1.971260 0.174140,-1.259843 -1.971260 0.511811,-1.259843 -2.089370 0.551181,1.259843 -1.971260 0.511811,1.259843 -2.089370 0.551181,1.771654 -1.380709 -0.118110,1.771654 -2.089370 -0.118110,1.259843 -2.089370 -0.629921,1.332681 -2.089370 -0.624712,1.404036 -2.089370 -0.609189,1.472457 -2.089370 -0.583670,1.536548 -2.089370 -0.548673,1.595007 -2.089370 -0.504911,1.646643 -2.089370 -0.453275,1.690405 -2.089370 -0.394816,1.725402 -2.089370 -0.330724,1.750922 -2.089370 -0.262304,1.766444 -2.089370 -0.190949,1.259843 -1.380709 -0.629921,1.766444 -1.380709 -0.190949,1.750922 -1.380709 -0.262304,1.725402 -1.380709 -0.330724,1.690405 -1.380709 -0.394816,1.646643 -1.380709 -0.453275,1.595007 -1.380709 -0.504911,1.536548 -1.380709 -0.548673,1.472457 -1.380709 -0.583670,1.404036 -1.380709 -0.609189,1.332681 -1.380709 -0.624712,1.762622 0.548425 0.213837,1.762622 0.824016 0.213837,1.583561 0.548425 0.514540,1.635566 0.548425 0.465648,1.680262 0.548425 0.409997,1.716782 0.548425 0.348668,1.744414 0.548425 0.282855,1.583561 0.824016 0.514540,1.526407 0.824016 0.555025,1.464260 0.824016 0.587327,1.398286 0.824016 0.610841,1.329718 0.824016 0.625129,1.259843 0.824016 0.629921,1.259843 -2.089370 0.629921,1.771654 -2.089370 0.118110,1.766444 -2.089370 0.190949,1.750922 -2.089370 0.262304,1.725402 -2.089370 0.330724,1.690405 -2.089370 0.394816,1.646643 -2.089370 0.453275,1.595007 -2.089370 0.504911,1.536548 -2.089370 0.548673,1.472457 -2.089370 0.583670,1.404036 -2.089370 0.609189,1.332681 -2.089370 0.624712,1.771654 0.824016 0.118110,1.770647 0.824016 0.150187,1.767633 0.824016 0.182138,1.259843 0.824016 0.629921,0.963031 0.824016 0.629921,1.259843 -2.089370 0.629921,-1.259843 -2.089370 0.629921,-1.259843 0.824016 0.629921,-0.963031 0.824016 0.629921,-0.963031 0.351575 0.629921,-0.375552 0.351575 0.629921,-0.375552 0.469685 0.629921,-0.375552 0.824016 0.629921,0.375552 0.824016 0.629921,0.375552 0.469685 0.629921,0.375552 0.351575 0.629921,0.963031 0.351575 0.629921,1.653543 -1.380709 -0.118110,1.653543 -1.971260 -0.118110,1.649536 -1.971260 -0.174140,1.637596 -1.971260 -0.229029,1.617965 -1.971260 -0.281659,1.591045 -1.971260 -0.330961,1.557382 -1.971260 -0.375929,1.517662 -1.971260 -0.415649,1.472693 -1.971260 -0.449312,1.423392 -1.971260 -0.476233,1.370761 -1.971260 -0.495863,1.315872 -1.971260 -0.507804,1.259843 -1.971260 -0.511811,1.259843 -1.380709 -0.511811,1.649536 -1.380709 -0.174140,1.637596 -1.380709 -0.229029,1.617965 -1.380709 -0.281659,1.591045 -1.380709 -0.330961,1.557382 -1.380709 -0.375929,1.517662 -1.380709 -0.415649,1.472693 -1.380709 -0.449312,1.423392 -1.380709 -0.476233,1.370761 -1.380709 -0.495863,1.315872 -1.380709 -0.507804,0.629921 -1.380709 -0.629921,0.629921 -1.380709 -0.511811,1.259843 -1.380709 -0.629921,1.771654 -1.380709 -0.118110,1.766444 -1.380709 -0.190949,1.750922 -1.380709 -0.262304,1.725402 -1.380709 -0.330724,1.690405 -1.380709 -0.394816,1.646643 -1.380709 -0.453275,1.595007 -1.380709 -0.504911,1.536548 -1.380709 -0.548673,1.472457 -1.380709 -0.583670,1.404036 -1.380709 -0.609189,1.332681 -1.380709 -0.624712,1.771654 -1.380709 -0.117594,1.653543 -1.380709 -0.117594,1.653543 -1.380709 -0.118110,1.649536 -1.380709 -0.174140,1.637596 -1.380709 -0.229029,1.617965 -1.380709 -0.281659,1.591045 -1.380709 -0.330961,1.557382 -1.380709 -0.375929,1.517662 -1.380709 -0.415649,1.472693 -1.380709 -0.449312,1.423392 -1.380709 -0.476233,1.370761 -1.380709 -0.495863,1.315872 -1.380709 -0.507804,1.259843 -1.380709 -0.511811,0.629921 -0.553937 -0.511811,0.629921 -0.553937 -0.629921,0.629921 -1.380709 -0.511811,0.629921 -1.380709 -0.629921,1.653543 -0.553937 -0.118110,1.653543 -0.553937 0.000000,1.771654 -0.553937 0.000000,1.771654 -0.553937 -0.118110,1.766444 -0.553937 -0.190949,1.750922 -0.553937 -0.262304,1.725402 -0.553937 -0.330724,1.690405 -0.553937 -0.394816,1.646643 -0.553937 -0.453275,1.595007 -0.553937 -0.504911,1.536548 -0.553937 -0.548673,1.472457 -0.553937 -0.583670,1.404036 -0.553937 -0.609189,1.332681 -0.553937 -0.624712,1.259843 -0.553937 -0.629921,0.629921 -0.553937 -0.629921,0.629921 -0.553937 -0.511811,1.259843 -0.553937 -0.511811,1.649536 -0.553937 -0.174140,1.637596 -0.553937 -0.229029,1.617965 -0.553937 -0.281659,1.591045 -0.553937 -0.330961,1.557382 -0.553937 -0.375929,1.517662 -0.553937 -0.415649,1.472693 -0.553937 -0.449312,1.423392 -0.553937 -0.476233,1.370761 -0.553937 -0.495863,1.315872 -0.553937 -0.507804,-0.963031 0.824016 0.629921,-0.963031 0.824016 0.511811,-0.963031 0.351575 0.629921,-0.963031 0.351575 0.511811,-0.963031 0.351575 0.629921,-0.963031 0.351575 0.511811,-0.375552 0.351575 0.629921,-0.375552 0.351575 0.511811,-0.375552 0.824016 0.511811,-0.406613 0.824016 0.510045,-0.437274 0.824016 0.504771,-0.467139 0.824016 0.496055,-0.495825 0.824016 0.484011,-0.495825 0.469685 0.484011,-0.375552 0.469685 0.511811,-0.406613 0.469685 0.510045,-0.437274 0.469685 0.504771,-0.467139 0.469685 0.496055,-0.375552 0.469685 0.629921,-0.375552 0.469685 0.511811,-0.375552 0.351575 0.511811,-0.375552 0.351575 0.629921,-0.375552 0.824016 0.511811,0.375552 0.824016 0.511811,-0.406613 0.824016 0.510045,-0.437274 0.824016 0.504771,-0.467139 0.824016 0.496055,-0.495825 0.824016 0.484011,-0.810303 0.824016 0.330429,-0.862134 0.824016 0.436560,-0.547656 0.824016 0.590141,-0.375552 0.824016 0.629921,-0.419999 0.824016 0.627395,-0.463873 0.824016 0.619847,-0.506608 0.824016 0.607376,0.375552 0.824016 0.629921,0.547656 0.824016 0.590141,0.506608 0.824016 0.607376,0.463873 0.824016 0.619847,0.419999 0.824016 0.627395,0.862134 0.824016 0.436560,0.810303 0.824016 0.330429,0.495825 0.824016 0.484011,0.467139 0.824016 0.496055,0.437274 0.824016 0.504771,0.406613 0.824016 0.510045,0.495825 0.824016 0.484011,0.467139 0.824016 0.496055,0.437274 0.824016 0.504771,0.406613 0.824016 0.510045,0.375552 0.824016 0.511811,0.375552 0.469685 0.511811,0.495825 0.469685 0.484011,0.467139 0.469685 0.496055,0.437274 0.469685 0.504771,0.406613 0.469685 0.510045,0.375552 0.469685 0.629921,0.375552 0.469685 0.511811,0.375552 0.351575 0.511811,0.375552 0.351575 0.629921,0.375552 0.351575 0.629921,0.963031 0.351575 0.629921,0.963031 0.351575 0.511811,0.375552 0.351575 0.511811,0.963031 0.824016 0.629921,0.963031 0.824016 0.511811,0.963031 0.351575 0.629921,0.963031 0.351575 0.511811,0.963031 0.824016 0.629921,0.963031 0.824016 0.511811,1.259843 0.824016 0.629921,1.583561 0.824016 0.514540,1.526407 0.824016 0.555025,1.464260 0.824016 0.587327,1.398286 0.824016 0.610841,1.329718 0.824016 0.625129,1.508857 0.824016 0.423057,1.464892 0.824016 0.454198,1.417087 0.824016 0.479046,1.366337 0.824016 0.497134,1.313593 0.824016 0.508125,1.259843 0.824016 0.511811,1.653543 0.824016 0.118110,1.652769 0.824016 0.142785,1.650450 0.824016 0.167362,1.646596 0.824016 0.191746,1.646596 0.548425 0.191746,1.508857 0.548425 0.423057,1.548860 0.548425 0.385447,1.583242 0.548425 0.342638,1.611334 0.548425 0.295462,1.632590 0.548425 0.244837,1.508857 0.824016 0.423057,1.464892 0.824016 0.454198,1.417087 0.824016 0.479046,1.366337 0.824016 0.497134,1.313593 0.824016 0.508125,1.259843 0.824016 0.511811,1.259843 -1.971260 0.511811,1.315872 -1.971260 0.507804,1.370761 -1.971260 0.495863,1.423392 -1.971260 0.476233,1.472693 -1.971260 0.449312,1.517662 -1.971260 0.415649,1.557382 -1.971260 0.375929,1.591045 -1.971260 0.330961,1.617965 -1.971260 0.281659,1.637596 -1.971260 0.229029,1.649536 -1.971260 0.174140,1.653543 -1.971260 0.118110,1.653543 -1.380709 -0.117594,1.771654 -1.380709 -0.117594,1.771654 -1.379789 -0.106328,1.771654 -1.377204 -0.095325,1.771654 -1.373012 -0.084829,1.771654 -1.367305 -0.075073,1.771654 -1.360211 -0.066274,1.771654 -1.351886 -0.058628,1.771654 -1.342518 -0.052305,1.771654 -1.332313 -0.047445,1.771654 -1.321499 -0.044157,1.771654 -1.310316 -0.042515,1.771654 -1.299014 -0.042553,1.771654 -1.287842 -0.044272,1.771654 -1.277051 -0.047633,1.771654 -1.266880 -0.052562,1.771654 -1.257554 -0.058949,1.771654 -1.249283 -0.066652,1.771654 -1.242248 -0.075499,1.771654 -1.236608 -0.085294,1.771654 -1.232487 -0.095818,1.771654 -1.229978 -0.106839,1.771654 -1.229135 -0.118110,1.653543 -1.229135 -0.118110,1.653543 -1.379789 -0.106328,1.653543 -1.377204 -0.095325,1.653543 -1.373012 -0.084829,1.653543 -1.367305 -0.075073,1.653543 -1.360211 -0.066274,1.653543 -1.351886 -0.058628,1.653543 -1.342518 -0.052305,1.653543 -1.332313 -0.047445,1.653543 -1.321499 -0.044157,1.653543 -1.310316 -0.042515,1.653543 -1.299014 -0.042553,1.653543 -1.287842 -0.044272,1.653543 -1.277051 -0.047633,1.653543 -1.266880 -0.052562,1.653543 -1.257554 -0.058949,1.653543 -1.249283 -0.066652,1.653543 -1.242248 -0.075499,1.653543 -1.236608 -0.085294,1.653543 -1.232487 -0.095818,1.653543 -1.229978 -0.106839,1.653543 -0.705513 0.000000,1.771654 -0.705513 0.000000,1.771654 -0.704666 0.011296,1.771654 -0.702146 0.022339,1.771654 -0.698007 0.032883,1.771654 -0.692344 0.042693,1.771654 -0.685281 0.051549,1.771654 -0.676978 0.059253,1.771654 -0.667619 0.065634,1.771654 -0.657413 0.070549,1.771654 -0.646589 0.073888,1.771654 -0.635388 0.075576,1.771654 -0.624061 0.075576,1.771654 -0.612860 0.073888,1.771654 -0.602036 0.070549,1.771654 -0.591831 0.065634,1.771654 -0.582472 0.059253,1.771654 -0.574168 0.051549,1.771654 -0.567106 0.042693,1.771654 -0.561442 0.032883,1.771654 -0.557304 0.022339,1.771654 -0.554783 0.011296,1.771654 -0.553937 0.000000,1.653543 -0.553937 0.000000,1.653543 -0.704666 0.011296,1.653543 -0.702146 0.022339,1.653543 -0.698007 0.032883,1.653543 -0.692344 0.042693,1.653543 -0.685281 0.051549,1.653543 -0.676978 0.059253,1.653543 -0.667619 0.065634,1.653543 -0.657413 0.070549,1.653543 -0.646589 0.073888,1.653543 -0.635388 0.075576,1.653543 -0.624061 0.075576,1.653543 -0.612860 0.073888,1.653543 -0.602036 0.070549,1.653543 -0.591831 0.065634,1.653543 -0.582472 0.059253,1.653543 -0.574168 0.051549,1.653543 -0.567106 0.042693,1.653543 -0.561442 0.032883,1.653543 -0.557304 0.022339,1.653543 -0.554783 0.011296,1.762622 0.824016 0.213837,1.646596 0.824016 0.191746,1.762622 0.548425 0.213837,1.646596 0.548425 0.191746,1.583561 0.548425 0.514540,1.508857 0.548425 0.423057,1.635566 0.548425 0.465648,1.680262 0.548425 0.409997,1.716782 0.548425 0.348668,1.744414 0.548425 0.282855,1.762622 0.548425 0.213837,1.646596 0.548425 0.191746,1.548860 0.548425 0.385447,1.583242 0.548425 0.342638,1.611334 0.548425 0.295462,1.632590 0.548425 0.244837,1.583561 0.824016 0.514540,1.508857 0.824016 0.423057,1.583561 0.548425 0.514540,1.508857 0.548425 0.423057,0.547656 0.824016 0.590141,0.506608 0.824016 0.607376,0.463873 0.824016 0.619847,0.419999 0.824016 0.627395,0.375552 0.824016 0.629921,0.375552 0.469685 0.629921,0.547656 0.469685 0.590141,0.506608 0.469685 0.607376,0.463873 0.469685 0.619847,0.419999 0.469685 0.627395,-0.375552 0.824016 0.629921,-0.419999 0.824016 0.627395,-0.463873 0.824016 0.619847,-0.506608 0.824016 0.607376,-0.547656 0.824016 0.590141,-0.547656 0.469685 0.590141,-0.375552 0.469685 0.629921,-0.419999 0.469685 0.627395,-0.463873 0.469685 0.619847,-0.506608 0.469685 0.607376,-0.495825 0.824016 0.484011,-0.495825 0.469685 0.484011,-0.810303 0.469685 0.330429,-0.810303 0.824016 0.330429,-0.375552 0.469685 0.629921,-0.375552 0.469685 0.511811,-0.406613 0.469685 0.510045,-0.437274 0.469685 0.504771,-0.467139 0.469685 0.496055,-0.495825 0.469685 0.484011,-0.810303 0.469685 0.330429,-0.862134 0.469685 0.436560,-0.547656 0.469685 0.590141,-0.419999 0.469685 0.627395,-0.463873 0.469685 0.619847,-0.506608 0.469685 0.607376,-0.810303 0.824016 0.330429,-0.810303 0.469685 0.330429,-0.862134 0.469685 0.436560,-0.862134 0.824016 0.436560,-0.547656 0.824016 0.590141,-0.547656 0.469685 0.590141,-0.862134 0.469685 0.436560,-0.862134 0.824016 0.436560,0.547656 0.824016 0.590141,0.547656 0.469685 0.590141,0.862134 0.469685 0.436560,0.862134 0.824016 0.436560,0.810303 0.824016 0.330429,0.810303 0.469685 0.330429,0.862134 0.469685 0.436560,0.862134 0.824016 0.436560,0.495825 0.824016 0.484011,0.495825 0.469685 0.484011,0.810303 0.469685 0.330429,0.810303 0.824016 0.330429,0.495825 0.469685 0.484011,0.467139 0.469685 0.496055,0.437274 0.469685 0.504771,0.406613 0.469685 0.510045,0.375552 0.469685 0.511811,0.375552 0.469685 0.629921,0.547656 0.469685 0.590141,0.506608 0.469685 0.607376,0.463873 0.469685 0.619847,0.419999 0.469685 0.627395,0.862134 0.469685 0.436560,0.810303 0.469685 0.330429,1.653543 -0.705513 0.000000,1.771654 -0.705513 0.000000,1.771654 -0.705513 -0.462342,1.772157 -0.705513 -0.469382,1.773657 -0.705513 -0.476279,1.776124 -0.705513 -0.482892,1.779507 -0.705513 -0.489087,1.783736 -0.705513 -0.494737,1.788727 -0.705513 -0.499728,1.794378 -0.705513 -0.503958,1.800573 -0.705513 -0.507341,1.807186 -0.705513 -0.509807,1.814083 -0.705513 -0.511307,1.821123 -0.705513 -0.511811,2.342520 -0.705513 -0.511811,2.342520 -0.705513 -0.629921,1.821123 -0.705513 -0.629921,1.653543 -0.705513 -0.462342,1.655249 -0.705513 -0.486191,1.660331 -0.705513 -0.509554,1.668687 -0.705513 -0.531957,1.680146 -0.705513 -0.552942,1.694475 -0.705513 -0.572083,1.711382 -0.705513 -0.588990,1.730523 -0.705513 -0.603319,1.751508 -0.705513 -0.614777,1.773910 -0.705513 -0.623133,1.797274 -0.705513 -0.628216,1.771654 -0.705513 -0.462342,1.772157 -0.705513 -0.469382,1.773657 -0.705513 -0.476279,1.776124 -0.705513 -0.482892,1.779507 -0.705513 -0.489087,1.783736 -0.705513 -0.494737,1.788727 -0.705513 -0.499728,1.794378 -0.705513 -0.503958,1.800573 -0.705513 -0.507341,1.807186 -0.705513 -0.509807,1.814083 -0.705513 -0.511307,1.821123 -0.705513 -0.511811,1.821123 -1.229135 -0.511811,1.771654 -1.229135 -0.462342,1.772157 -1.229135 -0.469382,1.773657 -1.229135 -0.476279,1.776124 -1.229135 -0.482892,1.779507 -1.229135 -0.489087,1.783736 -1.229135 -0.494737,1.788727 -1.229135 -0.499728,1.794378 -1.229135 -0.503958,1.800573 -1.229135 -0.507341,1.807186 -1.229135 -0.509807,1.814083 -1.229135 -0.511307,2.342520 -0.705513 -0.511811,2.342520 -0.829765 -0.511811,2.342520 -0.829765 -0.629921,2.342520 -0.705513 -0.629921,2.342520 -0.829765 -0.511811,2.232031 -0.887750 -0.511811,2.232031 -0.887750 -0.629921,2.342520 -0.829765 -0.629921,2.260923 -1.038448 -0.511811,2.249735 -1.036465 -0.511811,2.238938 -1.032920 -0.511811,2.228752 -1.027884 -0.511811,2.219380 -1.021458 -0.511811,2.211011 -1.013771 -0.511811,2.203813 -1.004979 -0.511811,2.197931 -0.995257 -0.511811,2.193482 -0.984800 -0.511811,2.190557 -0.973820 -0.511811,2.189214 -0.962536 -0.511811,2.189480 -0.951176 -0.511811,2.191349 -0.939968 -0.511811,2.194785 -0.929136 -0.511811,2.199718 -0.918900 -0.511811,2.206048 -0.909463 -0.511811,2.213650 -0.901017 -0.511811,2.222369 -0.893730 -0.511811,2.232031 -0.887750 -0.511811,2.232031 -0.887750 -0.629921,2.260923 -1.038448 -0.629921,2.249735 -1.036465 -0.629921,2.238938 -1.032920 -0.629921,2.228752 -1.027884 -0.629921,2.219380 -1.021458 -0.629921,2.211011 -1.013771 -0.629921,2.203813 -1.004979 -0.629921,2.197931 -0.995257 -0.629921,2.193482 -0.984800 -0.629921,2.190557 -0.973820 -0.629921,2.189214 -0.962536 -0.629921,2.189480 -0.951176 -0.629921,2.191349 -0.939968 -0.629921,2.194785 -0.929136 -0.629921,2.199718 -0.918900 -0.629921,2.206048 -0.909463 -0.629921,2.213650 -0.901017 -0.629921,2.222369 -0.893730 -0.629921,2.260923 -1.038448 -0.511811,2.269971 -1.040042 -0.511811,2.278709 -1.042882 -0.511811,2.286965 -1.046912 -0.511811,2.294578 -1.052055 -0.511811,2.301400 -1.058208 -0.511811,2.307298 -1.065253 -0.511811,2.312156 -1.073051 -0.511811,2.315879 -1.081450 -0.511811,2.318394 -1.090287 -0.511811,2.319653 -1.099387 -0.511811,2.319631 -1.108575 -0.511811,2.318328 -1.117669 -0.511811,2.318328 -1.117669 -0.629921,2.260923 -1.038448 -0.629921,2.269971 -1.040042 -0.629921,2.278709 -1.042882 -0.629921,2.286965 -1.046912 -0.629921,2.294578 -1.052055 -0.629921,2.301400 -1.058208 -0.629921,2.307298 -1.065253 -0.629921,2.312156 -1.073051 -0.629921,2.315879 -1.081450 -0.629921,2.318394 -1.090287 -0.629921,2.319653 -1.099387 -0.629921,2.319631 -1.108575 -0.629921,2.318328 -1.117669 -0.511811,2.313027 -1.136091 -0.511811,2.305280 -1.153626 -0.511811,2.295230 -1.169950 -0.511811,2.283061 -1.184762 -0.511811,2.268998 -1.197789 -0.511811,2.253301 -1.208792 -0.511811,2.236257 -1.217568 -0.511811,2.218183 -1.223954 -0.511811,2.199410 -1.227834 -0.511811,2.180284 -1.229135 -0.511811,2.180284 -1.229135 -0.629921,2.318328 -1.117669 -0.629921,2.313027 -1.136091 -0.629921,2.305280 -1.153626 -0.629921,2.295230 -1.169950 -0.629921,2.283061 -1.184762 -0.629921,2.268998 -1.197789 -0.629921,2.253301 -1.208792 -0.629921,2.236257 -1.217568 -0.629921,2.218183 -1.223954 -0.629921,2.199410 -1.227834 -0.629921,1.653543 -0.705513 -0.462342,1.655249 -0.705513 -0.486191,1.660331 -0.705513 -0.509554,1.668687 -0.705513 -0.531957,1.680146 -0.705513 -0.552942,1.694475 -0.705513 -0.572083,1.711382 -0.705513 -0.588990,1.730523 -0.705513 -0.603319,1.751508 -0.705513 -0.614777,1.773910 -0.705513 -0.623133,1.797274 -0.705513 -0.628216,1.821123 -0.705513 -0.629921,1.821123 -1.229135 -0.629921,1.653543 -1.229135 -0.462342,1.655249 -1.229135 -0.486191,1.660331 -1.229135 -0.509554,1.668687 -1.229135 -0.531957,1.680146 -1.229135 -0.552942,1.694475 -1.229135 -0.572083,1.711382 -1.229135 -0.588990,1.730523 -1.229135 -0.603319,1.751508 -1.229135 -0.614777,1.773910 -1.229135 -0.623133,1.797274 -1.229135 -0.628216,1.762622 0.824016 0.213837,1.646596 0.824016 0.191746,1.771654 0.824016 0.118110,1.770647 0.824016 0.150187,1.767633 0.824016 0.182138,1.771654 0.824016 -0.454935,1.824857 0.824016 -0.508138,1.817285 0.824016 -0.507596,1.809868 0.824016 -0.505983,1.802755 0.824016 -0.503330,1.796093 0.824016 -0.499692,1.790016 0.824016 -0.495143,1.784648 0.824016 -0.489776,1.780099 0.824016 -0.483699,1.776461 0.824016 -0.477036,1.773809 0.824016 -0.469924,1.772195 0.824016 -0.462507,2.342520 0.824016 -0.508138,2.342520 0.824016 -0.626248,1.824857 0.824016 -0.626248,1.800476 0.824016 -0.624504,1.776592 0.824016 -0.619309,1.753690 0.824016 -0.610767,1.732238 0.824016 -0.599053,1.712670 0.824016 -0.584405,1.695387 0.824016 -0.567121,1.680739 0.824016 -0.547554,1.669025 0.824016 -0.526101,1.660483 0.824016 -0.503199,1.655287 0.824016 -0.479315,1.653543 0.824016 -0.454935,1.653543 0.824016 0.118110,1.652769 0.824016 0.142785,1.650450 0.824016 0.167362,1.824857 0.824016 -0.508138,1.824857 0.457874 -0.508138,1.817285 0.457874 -0.507596,1.809868 0.457874 -0.505983,1.802755 0.457874 -0.503330,1.796093 0.457874 -0.499692,1.790016 0.457874 -0.495143,1.784648 0.457874 -0.489776,1.780099 0.457874 -0.483699,1.776461 0.457874 -0.477036,1.773809 0.457874 -0.469924,1.772195 0.457874 -0.462507,1.771654 0.457874 -0.454935,1.771654 0.824016 -0.454935,1.817285 0.824016 -0.507596,1.809868 0.824016 -0.505983,1.802755 0.824016 -0.503330,1.796093 0.824016 -0.499692,1.790016 0.824016 -0.495143,1.784648 0.824016 -0.489776,1.780099 0.824016 -0.483699,1.776461 0.824016 -0.477036,1.773809 0.824016 -0.469924,1.772195 0.824016 -0.462507,1.824857 0.824016 -0.508138,2.342520 0.824016 -0.508138,2.342520 0.457874 -0.508138,1.824857 0.457874 -0.508138,1.824857 0.824016 -0.626248,1.824857 0.457874 -0.626248,1.800476 0.457874 -0.624504,1.776592 0.457874 -0.619309,1.753690 0.457874 -0.610767,1.732238 0.457874 -0.599053,1.712670 0.457874 -0.584405,1.695387 0.457874 -0.567121,1.680739 0.457874 -0.547554,1.669025 0.457874 -0.526101,1.660483 0.457874 -0.503199,1.655287 0.457874 -0.479315,1.653543 0.457874 -0.454935,1.653543 0.824016 -0.454935,1.800476 0.824016 -0.624504,1.776592 0.824016 -0.619309,1.753690 0.824016 -0.610767,1.732238 0.824016 -0.599053,1.712670 0.824016 -0.584405,1.695387 0.824016 -0.567121,1.680739 0.824016 -0.547554,1.669025 0.824016 -0.526101,1.660483 0.824016 -0.503199,1.655287 0.824016 -0.479315,1.824857 0.824016 -0.626248,2.342520 0.824016 -0.626248,2.342520 0.457874 -0.626248,1.824857 0.457874 -0.626248,2.342520 0.824016 -0.508138,2.342520 0.824016 -0.626248,2.342520 0.457874 -0.626248,2.342520 0.457874 -0.508138,1.653543 -1.229135 -0.118110,1.771654 -1.229135 -0.118110,1.653543 -1.229135 -0.462342,1.655249 -1.229135 -0.486191,1.660331 -1.229135 -0.509554,1.668687 -1.229135 -0.531957,1.680146 -1.229135 -0.552942,1.694475 -1.229135 -0.572083,1.711382 -1.229135 -0.588990,1.730523 -1.229135 -0.603319,1.751508 -1.229135 -0.614777,1.773910 -1.229135 -0.623133,1.797274 -1.229135 -0.628216,1.821123 -1.229135 -0.629921,2.180284 -1.229135 -0.629921,2.180284 -1.229135 -0.511811,1.821123 -1.229135 -0.511811,1.771654 -1.229135 -0.462342,1.772157 -1.229135 -0.469382,1.773657 -1.229135 -0.476279,1.776124 -1.229135 -0.482892,1.779507 -1.229135 -0.489087,1.783736 -1.229135 -0.494737,1.788727 -1.229135 -0.499728,1.794378 -1.229135 -0.503958,1.800573 -1.229135 -0.507341,1.807186 -1.229135 -0.509807,1.814083 -1.229135 -0.511307,1.771654 0.457874 -0.060439,1.653543 0.457874 -0.060439,1.653543 0.457874 -0.454935,1.824857 0.457874 -0.626248,1.800476 0.457874 -0.624504,1.776592 0.457874 -0.619309,1.753690 0.457874 -0.610767,1.732238 0.457874 -0.599053,1.712670 0.457874 -0.584405,1.695387 0.457874 -0.567121,1.680739 0.457874 -0.547554,1.669025 0.457874 -0.526101,1.660483 0.457874 -0.503199,1.655287 0.457874 -0.479315,2.342520 0.457874 -0.626248,2.342520 0.457874 -0.508138,1.824857 0.457874 -0.508138,1.817285 0.457874 -0.507596,1.809868 0.457874 -0.505983,1.802755 0.457874 -0.503330,1.796093 0.457874 -0.499692,1.790016 0.457874 -0.495143,1.784648 0.457874 -0.489776,1.780099 0.457874 -0.483699,1.776461 0.457874 -0.477036,1.773809 0.457874 -0.469924,1.772195 0.457874 -0.462507,1.771654 0.457874 -0.454935,1.821123 -0.705513 -0.629921,1.821123 -1.229135 -0.629921,2.342520 -0.705513 -0.629921,2.342520 -0.829765 -0.629921,2.232031 -0.887750 -0.629921,2.260923 -1.038448 -0.629921,2.249735 -1.036465 -0.629921,2.238938 -1.032920 -0.629921,2.228752 -1.027884 -0.629921,2.219380 -1.021458 -0.629921,2.211011 -1.013771 -0.629921,2.203813 -1.004979 -0.629921,2.197931 -0.995257 -0.629921,2.193482 -0.984800 -0.629921,2.190557 -0.973820 -0.629921,2.189214 -0.962536 -0.629921,2.189480 -0.951176 -0.629921,2.191349 -0.939968 -0.629921,2.194785 -0.929136 -0.629921,2.199718 -0.918900 -0.629921,2.206048 -0.909463 -0.629921,2.213650 -0.901017 -0.629921,2.222369 -0.893730 -0.629921,2.269971 -1.040042 -0.629921,2.278709 -1.042882 -0.629921,2.286965 -1.046912 -0.629921,2.294578 -1.052055 -0.629921,2.301400 -1.058208 -0.629921,2.307298 -1.065253 -0.629921,2.312156 -1.073051 -0.629921,2.315879 -1.081450 -0.629921,2.318394 -1.090287 -0.629921,2.319653 -1.099387 -0.629921,2.319631 -1.108575 -0.629921,2.318328 -1.117669 -0.629921,2.313027 -1.136091 -0.629921,2.305280 -1.153626 -0.629921,2.295230 -1.169950 -0.629921,2.283061 -1.184762 -0.629921,2.268998 -1.197789 -0.629921,2.253301 -1.208792 -0.629921,2.236257 -1.217568 -0.629921,2.218183 -1.223954 -0.629921,2.199410 -1.227834 -0.629921,2.180284 -1.229135 -0.629921,1.821123 -0.705513 -0.511811,1.821123 -1.229135 -0.511811,2.180284 -1.229135 -0.511811,2.318328 -1.117669 -0.511811,2.313027 -1.136091 -0.511811,2.305280 -1.153626 -0.511811,2.295230 -1.169950 -0.511811,2.283061 -1.184762 -0.511811,2.268998 -1.197789 -0.511811,2.253301 -1.208792 -0.511811,2.236257 -1.217568 -0.511811,2.218183 -1.223954 -0.511811,2.199410 -1.227834 -0.511811,2.260923 -1.038448 -0.511811,2.269971 -1.040042 -0.511811,2.278709 -1.042882 -0.511811,2.286965 -1.046912 -0.511811,2.294578 -1.052055 -0.511811,2.301400 -1.058208 -0.511811,2.307298 -1.065253 -0.511811,2.312156 -1.073051 -0.511811,2.315879 -1.081450 -0.511811,2.318394 -1.090287 -0.511811,2.319653 -1.099387 -0.511811,2.319631 -1.108575 -0.511811,2.249735 -1.036465 -0.511811,2.238938 -1.032920 -0.511811,2.228752 -1.027884 -0.511811,2.219380 -1.021458 -0.511811,2.211011 -1.013771 -0.511811,2.203813 -1.004979 -0.511811,2.197931 -0.995257 -0.511811,2.193482 -0.984800 -0.511811,2.190557 -0.973820 -0.511811,2.189214 -0.962536 -0.511811,2.189480 -0.951176 -0.511811,2.191349 -0.939968 -0.511811,2.194785 -0.929136 -0.511811,2.199718 -0.918900 -0.511811,2.206048 -0.909463 -0.511811,2.213650 -0.901017 -0.511811,2.222369 -0.893730 -0.511811,2.232031 -0.887750 -0.511811,2.342520 -0.829765 -0.511811,2.342520 -0.705513 -0.511811,1.771654 0.824016 -0.454935,1.771654 0.824016 0.118110,1.771654 -2.089370 0.118110,1.771654 -2.089370 -0.118110,1.771654 -1.380709 -0.118110,1.771654 -1.380709 -0.117594,1.771654 -1.379789 -0.106328,1.771654 -1.377204 -0.095325,1.771654 -1.373012 -0.084829,1.771654 -1.367305 -0.075073,1.771654 -1.360211 -0.066274,1.771654 -1.351886 -0.058628,1.771654 -1.342518 -0.052305,1.771654 -1.332313 -0.047445,1.771654 -1.321499 -0.044157,1.771654 -1.310316 -0.042515,1.771654 -1.299014 -0.042553,1.771654 -1.287842 -0.044272,1.771654 -1.277051 -0.047633,1.771654 -1.266880 -0.052562,1.771654 -1.257554 -0.058949,1.771654 -1.249283 -0.066652,1.771654 -1.242248 -0.075499,1.771654 -1.236608 -0.085294,1.771654 -1.232487 -0.095818,1.771654 -1.229978 -0.106839,1.771654 -1.229135 -0.118110,1.771654 -1.229135 -0.462342,1.771654 -0.705513 -0.462342,1.771654 -0.705513 0.000000,1.771654 -0.704666 0.011296,1.771654 -0.702146 0.022339,1.771654 -0.698007 0.032883,1.771654 -0.692344 0.042693,1.771654 -0.685281 0.051549,1.771654 -0.676978 0.059253,1.771654 -0.667619 0.065634,1.771654 -0.657413 0.070549,1.771654 -0.646589 0.073888,1.771654 -0.635388 0.075576,1.771654 -0.624061 0.075576,1.771654 -0.612860 0.073888,1.771654 -0.602036 0.070549,1.771654 -0.591831 0.065634,1.771654 -0.582472 0.059253,1.771654 -0.574168 0.051549,1.771654 -0.567106 0.042693,1.771654 -0.561442 0.032883,1.771654 -0.557304 0.022339,1.771654 -0.554783 0.011296,1.771654 -0.553937 0.000000,1.771654 -0.553937 -0.118110,1.771654 0.312205 -0.118110,1.771654 0.312205 -0.064736,1.771654 0.457874 -0.060439,1.771654 0.457104 -0.049871,1.771654 0.454810 -0.039526,1.771654 0.451041 -0.029623,1.771654 0.445876 -0.020372,1.771654 0.439424 -0.011966,1.771654 0.431822 -0.004585,1.771654 0.423230 0.001616,1.771654 0.413830 0.006506,1.771654 0.403820 0.009982,1.771654 0.393413 0.011970,1.771654 0.382827 0.012428,1.771654 0.372286 0.011346,1.771654 0.362014 0.008748,1.771654 0.352226 0.004689,1.771654 0.343131 -0.000747,1.771654 0.334919 -0.007444,1.771654 0.327766 -0.015260,1.771654 0.321821 -0.024031,1.771654 0.317210 -0.033571,1.771654 0.314031 -0.043679,1.771654 0.312351 -0.054141,1.771654 0.457874 -0.454935,1.653543 0.824016 0.118110,1.653543 -1.971260 0.118110,1.653543 0.824016 -0.454935,1.653543 0.457874 -0.454935,1.653543 0.457874 -0.060439,1.653543 0.457104 -0.049871,1.653543 0.454810 -0.039526,1.653543 0.451041 -0.029623,1.653543 0.445876 -0.020372,1.653543 0.439424 -0.011966,1.653543 0.431822 -0.004585,1.653543 0.423230 0.001616,1.653543 0.413830 0.006506,1.653543 0.403820 0.009982,1.653543 0.393413 0.011970,1.653543 0.382827 0.012428,1.653543 0.372286 0.011346,1.653543 0.362014 0.008748,1.653543 0.352226 0.004689,1.653543 0.343131 -0.000747,1.653543 0.334919 -0.007444,1.653543 0.327766 -0.015260,1.653543 0.321821 -0.024031,1.653543 0.317210 -0.033571,1.653543 0.314031 -0.043679,1.653543 0.312351 -0.054141,1.653543 0.312205 -0.064736,1.653543 0.312205 -0.118110,1.653543 -0.553937 -0.118110,1.653543 -0.553937 0.000000,1.653543 -0.705513 0.000000,1.653543 -0.704666 0.011296,1.653543 -0.702146 0.022339,1.653543 -0.698007 0.032883,1.653543 -0.692344 0.042693,1.653543 -0.685281 0.051549,1.653543 -0.676978 0.059253,1.653543 -0.667619 0.065634,1.653543 -0.657413 0.070549,1.653543 -0.646589 0.073888,1.653543 -0.635388 0.075576,1.653543 -0.624061 0.075576,1.653543 -0.612860 0.073888,1.653543 -0.602036 0.070549,1.653543 -0.591831 0.065634,1.653543 -0.582472 0.059253,1.653543 -0.574168 0.051549,1.653543 -0.567106 0.042693,1.653543 -0.561442 0.032883,1.653543 -0.557304 0.022339,1.653543 -0.554783 0.011296,1.653543 -0.705513 -0.462342,1.653543 -1.229135 -0.462342,1.653543 -1.229135 -0.118110,1.653543 -1.380709 -0.117594,1.653543 -1.379789 -0.106328,1.653543 -1.377204 -0.095325,1.653543 -1.373012 -0.084829,1.653543 -1.367305 -0.075073,1.653543 -1.360211 -0.066274,1.653543 -1.351886 -0.058628,1.653543 -1.342518 -0.052305,1.653543 -1.332313 -0.047445,1.653543 -1.321499 -0.044157,1.653543 -1.310316 -0.042515,1.653543 -1.299014 -0.042553,1.653543 -1.287842 -0.044272,1.653543 -1.277051 -0.047633,1.653543 -1.266880 -0.052562,1.653543 -1.257554 -0.058949,1.653543 -1.249283 -0.066652,1.653543 -1.242248 -0.075499,1.653543 -1.236608 -0.085294,1.653543 -1.232487 -0.095818,1.653543 -1.229978 -0.106839,1.653543 -1.380709 -0.118110,1.653543 -1.971260 -0.118110
            ]
        }
        coordIndex [
1,22,0,-1,1,23,22,-1,2,24,23,-1,2,23,1,-1,3,25,24,-1,3,24,2,-1,4,26,25,-1,4,25,3,-1,5,27,26,-1,5,26,4,-1,6,28,27,-1,6,27,5,-1,7,29,28,-1,7,30,29,-1,7,28,6,-1,8,30,7,-1,9,31,30,-1,9,30,8,-1,10,32,31,-1,10,31,9,-1,11,33,32,-1,11,34,33,-1,11,32,10,-1,12,34,11,-1,13,34,12,-1,13,35,34,-1,14,35,13,-1,14,36,35,-1,14,37,36,-1,15,37,14,-1,16,37,15,-1,16,38,37,-1,17,38,16,-1,17,39,38,-1,18,39,17,-1,18,40,39,-1,19,40,18,-1,19,41,40,-1,20,41,19,-1,20,42,41,-1,21,42,20,-1,21,43,42,-1,98,44,45,-1,98,120,44,-1,99,98,45,-1,100,99,45,-1,101,100,45,-1,102,101,45,-1,103,102,45,-1,104,103,45,-1,105,104,45,-1,106,105,45,-1,107,106,45,-1,108,107,45,-1,109,108,45,-1,110,109,45,-1,95,96,97,-1,74,95,97,-1,74,119,118,-1,74,97,119,-1,75,74,118,-1,75,118,117,-1,76,75,117,-1,76,117,116,-1,77,76,116,-1,77,116,115,-1,78,77,115,-1,78,115,114,-1,79,78,114,-1,79,114,113,-1,80,79,113,-1,80,113,112,-1,81,80,112,-1,81,112,111,-1,82,81,111,-1,82,111,110,-1,50,71,72,-1,50,72,73,-1,51,50,73,-1,52,51,73,-1,53,73,94,-1,53,52,73,-1,54,94,93,-1,54,53,94,-1,55,93,92,-1,55,54,93,-1,56,92,91,-1,56,55,92,-1,57,91,90,-1,57,56,91,-1,58,57,90,-1,58,90,89,-1,59,89,88,-1,59,58,89,-1,60,88,87,-1,60,59,88,-1,47,48,49,-1,47,70,69,-1,47,49,70,-1,46,61,60,-1,46,62,61,-1,46,63,62,-1,46,64,63,-1,46,65,64,-1,46,66,65,-1,46,67,66,-1,46,68,67,-1,46,69,68,-1,46,87,86,-1,46,47,69,-1,46,60,87,-1,45,46,85,-1,85,46,86,-1,45,85,84,-1,45,84,83,-1,45,83,82,-1,45,82,110,-1,137,121,122,-1,137,148,121,-1,138,122,123,-1,138,137,122,-1,139,123,124,-1,139,138,123,-1,140,124,125,-1,140,139,124,-1,141,125,126,-1,141,140,125,-1,142,126,127,-1,142,141,126,-1,128,143,142,-1,128,144,143,-1,128,142,127,-1,129,144,128,-1,130,145,144,-1,130,144,129,-1,131,146,145,-1,131,145,130,-1,132,147,146,-1,132,136,147,-1,132,146,131,-1,133,136,132,-1,134,135,136,-1,134,136,133,-1,158,149,157,-1,156,157,149,-1,159,149,158,-1,155,156,149,-1,160,149,159,-1,154,155,149,-1,161,149,160,-1,153,154,149,-1,162,149,161,-1,152,153,149,-1,163,149,162,-1,164,149,163,-1,150,152,149,-1,151,152,150,-1,182,167,168,-1,183,166,167,-1,183,167,182,-1,181,168,169,-1,181,182,168,-1,184,165,166,-1,184,166,183,-1,180,169,170,-1,180,181,169,-1,185,165,184,-1,185,164,165,-1,179,170,171,-1,179,180,170,-1,178,171,172,-1,178,179,171,-1,177,172,173,-1,177,173,174,-1,177,178,172,-1,176,174,175,-1,176,177,174,-1,206,195,196,-1,207,194,195,-1,207,195,206,-1,205,196,197,-1,205,206,196,-1,208,193,194,-1,208,194,207,-1,204,197,198,-1,204,205,197,-1,209,192,193,-1,209,193,208,-1,203,204,198,-1,210,191,192,-1,210,192,209,-1,202,203,198,-1,211,190,191,-1,211,191,210,-1,201,198,199,-1,201,202,198,-1,212,190,211,-1,200,201,199,-1,225,189,190,-1,225,212,213,-1,225,213,214,-1,225,214,215,-1,225,215,216,-1,225,216,217,-1,225,217,218,-1,225,218,219,-1,225,219,220,-1,225,190,212,-1,224,225,220,-1,224,220,221,-1,224,221,222,-1,224,222,223,-1,225,149,187,-1,187,149,186,-1,186,149,185,-1,185,149,164,-1,225,187,188,-1,225,188,189,-1,231,246,245,-1,231,232,246,-1,230,244,243,-1,230,245,244,-1,230,231,245,-1,233,247,246,-1,233,246,232,-1,234,248,247,-1,234,247,233,-1,229,230,243,-1,235,249,248,-1,235,248,234,-1,228,243,242,-1,228,229,243,-1,236,250,249,-1,236,249,235,-1,227,242,241,-1,227,228,242,-1,226,241,240,-1,226,227,241,-1,237,251,250,-1,237,250,236,-1,253,252,251,-1,253,251,237,-1,238,240,239,-1,238,226,240,-1,255,254,258,-1,255,258,259,-1,255,259,260,-1,256,260,261,-1,256,255,260,-1,257,256,261,-1,287,261,262,-1,287,257,261,-1,286,262,273,-1,286,287,262,-1,285,273,272,-1,285,286,273,-1,284,272,271,-1,284,285,272,-1,283,271,270,-1,283,284,271,-1,282,270,269,-1,282,283,270,-1,281,282,269,-1,268,281,269,-1,267,280,281,-1,267,281,268,-1,266,279,280,-1,266,280,267,-1,265,278,279,-1,265,279,266,-1,264,277,278,-1,264,278,265,-1,263,276,277,-1,263,277,264,-1,274,275,276,-1,274,276,263,-1,302,304,303,-1,302,305,304,-1,295,302,301,-1,295,306,305,-1,295,305,302,-1,300,295,301,-1,296,307,306,-1,296,306,295,-1,297,308,307,-1,297,307,296,-1,298,309,308,-1,298,308,297,-1,299,310,309,-1,299,309,298,-1,294,311,310,-1,294,310,299,-1,292,294,293,-1,292,312,311,-1,292,311,294,-1,291,313,312,-1,291,312,292,-1,290,314,313,-1,290,313,291,-1,289,315,314,-1,289,314,290,-1,288,315,289,-1,319,317,316,-1,319,316,318,-1,334,321,320,-1,334,320,333,-1,335,322,321,-1,335,321,334,-1,336,323,322,-1,336,322,335,-1,337,324,323,-1,337,323,336,-1,338,325,324,-1,338,324,337,-1,339,326,325,-1,339,325,338,-1,340,327,326,-1,340,326,339,-1,341,328,327,-1,341,327,340,-1,342,329,328,-1,342,328,341,-1,343,330,329,-1,343,329,342,-1,332,331,330,-1,332,330,343,-1,356,358,357,-1,356,359,358,-1,355,370,359,-1,355,359,356,-1,354,369,370,-1,354,370,355,-1,353,368,369,-1,353,369,354,-1,352,367,368,-1,352,368,353,-1,351,366,367,-1,351,367,352,-1,365,351,350,-1,365,366,351,-1,364,350,349,-1,364,365,350,-1,363,349,348,-1,363,364,349,-1,362,348,347,-1,362,363,348,-1,361,347,346,-1,361,362,347,-1,360,346,344,-1,360,361,346,-1,371,344,345,-1,371,360,344,-1,373,394,372,-1,373,395,394,-1,374,396,395,-1,374,395,373,-1,375,397,396,-1,375,396,374,-1,376,398,397,-1,376,397,375,-1,377,399,398,-1,377,398,376,-1,378,400,399,-1,378,399,377,-1,379,401,400,-1,379,400,378,-1,380,402,401,-1,380,401,379,-1,381,403,402,-1,381,404,403,-1,381,402,380,-1,382,404,381,-1,383,405,404,-1,383,406,405,-1,383,404,382,-1,384,406,383,-1,385,406,384,-1,385,407,406,-1,386,407,385,-1,386,408,407,-1,387,408,386,-1,387,409,408,-1,387,410,409,-1,388,410,387,-1,389,410,388,-1,389,411,410,-1,390,411,389,-1,390,412,411,-1,391,412,390,-1,391,413,412,-1,392,413,391,-1,392,414,413,-1,393,414,392,-1,393,415,414,-1,429,430,431,-1,429,431,432,-1,428,432,443,-1,428,429,432,-1,427,443,442,-1,427,428,443,-1,426,442,441,-1,426,427,442,-1,425,441,440,-1,425,426,441,-1,424,440,439,-1,424,425,440,-1,438,423,424,-1,438,424,439,-1,437,422,423,-1,437,423,438,-1,436,421,422,-1,436,422,437,-1,435,420,421,-1,435,421,436,-1,434,419,420,-1,434,420,435,-1,433,418,419,-1,433,419,434,-1,416,417,418,-1,416,418,433,-1,458,444,445,-1,458,445,446,-1,459,446,447,-1,459,458,446,-1,460,447,448,-1,460,459,447,-1,461,448,449,-1,461,460,448,-1,462,449,450,-1,462,461,449,-1,463,450,451,-1,463,462,450,-1,464,451,452,-1,464,463,451,-1,465,452,453,-1,465,464,452,-1,466,453,454,-1,466,465,453,-1,467,454,455,-1,467,455,456,-1,467,466,454,-1,457,467,456,-1,482,469,468,-1,482,468,481,-1,483,470,469,-1,483,469,482,-1,484,471,470,-1,484,470,483,-1,485,472,471,-1,485,471,484,-1,486,473,472,-1,486,472,485,-1,487,474,473,-1,487,475,474,-1,487,473,486,-1,488,475,487,-1,489,476,475,-1,489,475,488,-1,490,477,476,-1,490,476,489,-1,491,478,477,-1,491,477,490,-1,480,479,478,-1,480,478,491,-1,518,520,519,-1,518,521,520,-1,517,531,532,-1,517,532,521,-1,517,521,518,-1,516,531,517,-1,515,530,531,-1,515,531,516,-1,514,529,530,-1,514,530,515,-1,513,528,529,-1,513,529,514,-1,527,513,512,-1,527,528,513,-1,526,512,511,-1,526,527,512,-1,525,511,510,-1,525,526,511,-1,509,525,510,-1,524,525,509,-1,523,509,508,-1,523,524,509,-1,522,508,507,-1,522,523,508,-1,492,494,493,-1,492,495,494,-1,533,507,506,-1,533,522,507,-1,543,505,504,-1,543,506,505,-1,543,533,506,-1,534,496,495,-1,534,497,496,-1,534,495,492,-1,542,543,504,-1,535,497,534,-1,541,503,502,-1,541,504,503,-1,541,542,504,-1,536,498,497,-1,536,497,535,-1,540,502,501,-1,540,541,502,-1,537,499,498,-1,537,498,536,-1,539,540,501,-1,538,500,499,-1,538,501,500,-1,538,539,501,-1,538,499,537,-1,545,567,544,-1,545,568,567,-1,546,569,568,-1,546,568,545,-1,547,570,569,-1,547,569,546,-1,548,571,570,-1,548,570,547,-1,549,572,571,-1,549,571,548,-1,550,573,572,-1,550,572,549,-1,551,574,573,-1,551,573,550,-1,552,575,574,-1,552,574,551,-1,553,576,575,-1,553,575,552,-1,554,577,576,-1,554,576,553,-1,555,578,577,-1,555,579,578,-1,555,577,554,-1,556,579,555,-1,557,579,556,-1,557,580,579,-1,558,580,557,-1,558,581,580,-1,559,581,558,-1,559,582,581,-1,560,582,559,-1,560,583,582,-1,560,584,583,-1,561,584,560,-1,562,584,561,-1,562,585,584,-1,563,585,562,-1,563,586,585,-1,564,586,563,-1,564,587,586,-1,565,587,564,-1,565,588,587,-1,566,588,565,-1,566,589,588,-1,599,612,613,-1,599,613,600,-1,601,613,614,-1,601,600,613,-1,598,611,612,-1,598,612,599,-1,602,614,615,-1,602,601,614,-1,597,610,611,-1,597,611,598,-1,603,615,616,-1,603,602,615,-1,596,609,610,-1,596,610,597,-1,604,616,617,-1,604,603,616,-1,595,607,608,-1,595,608,609,-1,595,609,596,-1,593,617,590,-1,593,604,617,-1,594,607,595,-1,592,590,591,-1,592,593,590,-1,606,607,594,-1,605,606,594,-1,628,629,630,-1,628,630,641,-1,627,641,640,-1,627,628,641,-1,626,640,639,-1,626,627,640,-1,625,639,638,-1,625,626,639,-1,624,638,637,-1,624,625,638,-1,623,637,636,-1,623,624,637,-1,622,636,635,-1,622,623,636,-1,621,635,634,-1,621,622,635,-1,620,634,633,-1,620,621,634,-1,619,633,632,-1,619,620,633,-1,618,632,631,-1,618,619,632,-1,670,671,644,-1,672,644,671,-1,669,644,654,-1,669,670,644,-1,673,643,644,-1,673,644,672,-1,668,650,649,-1,668,651,650,-1,668,652,651,-1,668,653,652,-1,668,654,653,-1,668,669,654,-1,674,643,673,-1,667,647,646,-1,667,648,647,-1,667,649,648,-1,667,668,649,-1,675,643,674,-1,655,646,645,-1,655,645,666,-1,655,667,646,-1,676,642,643,-1,676,643,675,-1,663,665,664,-1,663,666,665,-1,663,655,666,-1,657,656,655,-1,677,642,676,-1,658,657,655,-1,661,655,663,-1,661,663,662,-1,659,658,655,-1,660,659,655,-1,660,655,661,-1,678,642,677,-1,679,642,678,-1,680,642,679,-1,681,642,680,-1,682,642,681,-1,683,642,682,-1,686,642,683,-1,686,683,684,-1,686,684,685,-1,690,687,688,-1,690,688,689,-1,696,714,715,-1,696,715,716,-1,696,716,717,-1,696,717,718,-1,696,718,719,-1,696,719,720,-1,696,720,721,-1,696,721,722,-1,696,722,723,-1,696,723,724,-1,696,724,725,-1,696,725,726,-1,697,726,727,-1,697,727,728,-1,697,728,729,-1,697,696,726,-1,698,729,730,-1,698,730,731,-1,698,731,732,-1,698,732,733,-1,698,733,734,-1,698,697,729,-1,699,734,735,-1,699,698,734,-1,700,699,735,-1,701,700,735,-1,702,701,735,-1,703,702,735,-1,692,703,735,-1,692,704,703,-1,692,705,704,-1,692,706,705,-1,693,694,695,-1,693,695,713,-1,691,707,706,-1,691,708,707,-1,691,709,708,-1,691,710,709,-1,691,711,710,-1,691,712,711,-1,691,706,692,-1,691,713,712,-1,691,693,713,-1,750,737,736,-1,750,738,737,-1,751,739,738,-1,751,738,750,-1,752,740,739,-1,752,739,751,-1,753,741,740,-1,753,740,752,-1,754,742,741,-1,754,741,753,-1,755,743,742,-1,755,742,754,-1,756,744,743,-1,756,743,755,-1,757,745,744,-1,757,744,756,-1,758,746,745,-1,758,745,757,-1,759,747,746,-1,759,748,747,-1,759,746,758,-1,749,748,759,-1,770,772,771,-1,770,783,772,-1,769,782,783,-1,769,783,770,-1,768,781,782,-1,768,782,769,-1,767,780,781,-1,767,781,768,-1,766,779,780,-1,766,780,767,-1,765,778,779,-1,765,779,766,-1,764,777,778,-1,764,778,765,-1,763,776,777,-1,763,777,764,-1,762,775,776,-1,762,776,763,-1,761,774,775,-1,761,775,762,-1,760,773,774,-1,760,774,761,-1,798,784,785,-1,798,797,784,-1,799,785,786,-1,799,798,785,-1,800,786,787,-1,800,799,786,-1,801,787,788,-1,801,800,787,-1,802,788,789,-1,802,801,788,-1,803,789,790,-1,803,790,791,-1,803,802,789,-1,804,803,791,-1,805,791,792,-1,805,804,791,-1,806,792,793,-1,806,805,792,-1,807,793,794,-1,807,806,793,-1,796,794,795,-1,796,807,794,-1,821,819,818,-1,822,818,817,-1,822,821,818,-1,823,817,816,-1,823,822,817,-1,824,816,815,-1,824,823,816,-1,825,815,814,-1,825,824,815,-1,826,814,813,-1,826,825,814,-1,827,813,812,-1,827,826,813,-1,828,812,811,-1,828,827,812,-1,829,811,810,-1,829,828,811,-1,830,810,809,-1,830,829,810,-1,831,809,808,-1,831,830,809,-1,820,831,808,-1,923,875,922,-1,923,874,875,-1,924,874,923,-1,924,873,874,-1,921,922,875,-1,921,875,876,-1,921,876,877,-1,925,873,924,-1,925,872,873,-1,920,921,877,-1,920,877,878,-1,926,872,925,-1,926,871,872,-1,919,920,878,-1,919,878,879,-1,918,919,879,-1,927,871,926,-1,927,870,871,-1,881,918,879,-1,881,879,868,-1,917,870,927,-1,917,869,870,-1,906,869,917,-1,906,843,869,-1,907,842,843,-1,907,843,906,-1,908,841,842,-1,908,842,907,-1,909,840,841,-1,909,841,908,-1,910,839,840,-1,910,840,909,-1,911,838,839,-1,911,839,910,-1,912,838,911,-1,837,838,912,-1,913,837,912,-1,836,837,913,-1,914,836,913,-1,835,836,914,-1,915,835,914,-1,834,835,915,-1,916,834,915,-1,833,916,905,-1,833,834,916,-1,832,833,905,-1,880,881,868,-1,880,868,857,-1,892,857,858,-1,892,880,857,-1,891,892,858,-1,891,858,859,-1,890,891,859,-1,890,859,860,-1,889,890,860,-1,889,860,861,-1,888,889,861,-1,888,861,862,-1,863,888,862,-1,863,887,888,-1,864,887,863,-1,864,886,887,-1,865,886,864,-1,865,885,886,-1,866,885,865,-1,866,884,885,-1,867,884,866,-1,867,882,883,-1,867,883,884,-1,856,882,867,-1,894,832,905,-1,845,882,856,-1,845,893,882,-1,844,832,894,-1,846,893,845,-1,846,903,904,-1,846,904,893,-1,855,844,894,-1,855,894,895,-1,847,903,846,-1,854,855,895,-1,854,895,896,-1,854,896,897,-1,853,854,897,-1,848,903,847,-1,848,902,903,-1,852,897,898,-1,852,898,899,-1,852,853,897,-1,849,901,902,-1,849,902,848,-1,851,852,899,-1,850,851,899,-1,850,899,900,-1,850,900,901,-1,850,901,849,-1,937,938,939,-1,937,939,950,-1,936,937,950,-1,930,950,949,-1,930,936,950,-1,935,936,930,-1,931,949,948,-1,931,930,949,-1,932,948,947,-1,932,931,948,-1,933,947,946,-1,933,932,947,-1,934,946,945,-1,934,933,946,-1,928,945,944,-1,928,934,945,-1,955,929,928,-1,955,944,943,-1,955,928,944,-1,954,943,942,-1,954,955,943,-1,953,942,941,-1,953,954,942,-1,952,941,940,-1,952,953,941,-1,951,952,940,-1,960,962,961,-1,956,959,958,-1,963,962,960,-1,963,960,965,-1,964,963,965,-1,966,960,959,-1,966,965,960,-1,966,959,956,-1,957,967,966,-1,957,966,956,-1,968,970,971,-1,968,971,969,-1,976,978,977,-1,972,975,974,-1,981,979,978,-1,981,978,976,-1,980,979,981,-1,982,976,975,-1,982,981,976,-1,973,983,982,-1,973,975,972,-1,973,982,975,-1,985,984,986,-1,985,986,987,-1,991,988,989,-1,991,989,990,-1,995,993,992,-1,995,994,993,-1,999,997,996,-1,999,998,997,-1,1000,1012,1001,-1,1013,1012,1000,-1,1011,1002,1001,-1,1011,1001,1012,-1,1006,1002,1011,-1,1007,1011,1010,-1,1007,1006,1011,-1,1008,1010,1009,-1,1008,1007,1010,-1,1005,1002,1006,-1,1003,1005,1004,-1,1003,1002,1005,-1,1027,1015,1014,-1,1020,1027,1014,-1,1026,1027,1020,-1,1019,1026,1020,-1,1025,1026,1019,-1,1018,1024,1025,-1,1018,1025,1019,-1,1017,1023,1024,-1,1017,1024,1018,-1,1016,1023,1017,-1,1022,1023,1016,-1,1021,1022,1016,-1,1029,1030,1028,-1,1029,1031,1030,-1,1039,1032,1033,-1,1040,1039,1033,-1,1034,1040,1033,-1,1041,1040,1034,-1,1035,1041,1034,-1,1042,1041,1035,-1,1036,1042,1035,-1,1043,1042,1036,-1,1037,1038,1043,-1,1037,1043,1036,-1,1055,1067,1056,-1,1054,1066,1067,-1,1054,1067,1055,-1,1053,1065,1066,-1,1053,1066,1054,-1,1052,1064,1065,-1,1052,1065,1053,-1,1051,1063,1064,-1,1051,1064,1052,-1,1050,1062,1063,-1,1050,1063,1051,-1,1049,1061,1062,-1,1049,1062,1050,-1,1048,1060,1061,-1,1048,1061,1049,-1,1047,1059,1060,-1,1047,1060,1048,-1,1046,1058,1059,-1,1046,1059,1047,-1,1045,1057,1058,-1,1045,1058,1046,-1,1044,1057,1045,-1,1078,1080,1079,-1,1078,1091,1080,-1,1077,1090,1091,-1,1077,1091,1078,-1,1076,1089,1090,-1,1076,1090,1077,-1,1075,1088,1089,-1,1075,1089,1076,-1,1074,1087,1088,-1,1074,1088,1075,-1,1073,1086,1087,-1,1073,1087,1074,-1,1072,1084,1085,-1,1072,1085,1086,-1,1072,1086,1073,-1,1071,1084,1072,-1,1070,1083,1084,-1,1070,1084,1071,-1,1069,1082,1083,-1,1069,1083,1070,-1,1068,1081,1082,-1,1068,1082,1069,-1,1105,1092,1093,-1,1105,1093,1094,-1,1106,1094,1095,-1,1106,1105,1094,-1,1107,1095,1096,-1,1107,1106,1095,-1,1108,1096,1097,-1,1108,1107,1096,-1,1109,1097,1098,-1,1109,1108,1097,-1,1110,1098,1099,-1,1110,1109,1098,-1,1111,1099,1100,-1,1111,1110,1099,-1,1112,1100,1101,-1,1112,1111,1100,-1,1113,1101,1102,-1,1113,1112,1101,-1,1104,1102,1103,-1,1104,1113,1102,-1,1128,1114,1115,-1,1128,1127,1114,-1,1129,1115,1116,-1,1129,1128,1115,-1,1130,1116,1117,-1,1130,1129,1116,-1,1131,1117,1118,-1,1131,1130,1117,-1,1132,1118,1119,-1,1132,1119,1120,-1,1132,1131,1118,-1,1133,1132,1120,-1,1134,1120,1121,-1,1134,1133,1120,-1,1135,1121,1122,-1,1135,1134,1121,-1,1136,1122,1123,-1,1136,1123,1124,-1,1136,1135,1122,-1,1137,1124,1125,-1,1137,1136,1124,-1,1126,1137,1125,-1,1152,1139,1138,-1,1152,1138,1151,-1,1153,1140,1139,-1,1153,1139,1152,-1,1154,1141,1140,-1,1154,1140,1153,-1,1155,1142,1141,-1,1155,1141,1154,-1,1156,1143,1142,-1,1156,1144,1143,-1,1156,1142,1155,-1,1157,1144,1156,-1,1158,1145,1144,-1,1158,1144,1157,-1,1159,1146,1145,-1,1159,1145,1158,-1,1160,1147,1146,-1,1160,1148,1147,-1,1160,1146,1159,-1,1161,1149,1148,-1,1161,1148,1160,-1,1150,1149,1161,-1,1163,1185,1162,-1,1163,1186,1185,-1,1164,1187,1186,-1,1164,1186,1163,-1,1165,1188,1187,-1,1165,1187,1164,-1,1166,1189,1188,-1,1166,1188,1165,-1,1167,1190,1189,-1,1167,1189,1166,-1,1168,1191,1190,-1,1168,1190,1167,-1,1169,1192,1191,-1,1169,1191,1168,-1,1170,1193,1192,-1,1170,1192,1169,-1,1171,1194,1193,-1,1171,1193,1170,-1,1172,1195,1194,-1,1172,1194,1171,-1,1173,1196,1195,-1,1173,1195,1172,-1,1174,1197,1196,-1,1174,1196,1173,-1,1175,1197,1174,-1,1175,1198,1197,-1,1175,1199,1198,-1,1176,1199,1175,-1,1177,1199,1176,-1,1177,1200,1199,-1,1178,1200,1177,-1,1178,1201,1200,-1,1179,1201,1178,-1,1179,1202,1201,-1,1180,1202,1179,-1,1180,1203,1202,-1,1181,1203,1180,-1,1181,1204,1203,-1,1182,1204,1181,-1,1182,1205,1204,-1,1183,1205,1182,-1,1183,1206,1205,-1,1184,1206,1183,-1,1184,1207,1206,-1,1223,1208,1209,-1,1223,1209,1210,-1,1224,1210,1211,-1,1224,1223,1210,-1,1225,1211,1212,-1,1225,1224,1211,-1,1226,1212,1213,-1,1226,1225,1212,-1,1227,1213,1214,-1,1227,1226,1213,-1,1228,1214,1215,-1,1228,1227,1214,-1,1229,1215,1216,-1,1229,1228,1215,-1,1230,1216,1217,-1,1230,1217,1218,-1,1230,1229,1216,-1,1231,1230,1218,-1,1232,1218,1219,-1,1232,1231,1218,-1,1233,1219,1220,-1,1233,1232,1219,-1,1222,1220,1221,-1,1222,1233,1220,-1,1255,1235,1234,-1,1255,1236,1235,-1,1256,1237,1236,-1,1256,1236,1255,-1,1257,1238,1237,-1,1257,1237,1256,-1,1258,1239,1238,-1,1258,1238,1257,-1,1259,1240,1239,-1,1259,1239,1258,-1,1260,1241,1240,-1,1260,1240,1259,-1,1261,1242,1241,-1,1261,1241,1260,-1,1262,1243,1242,-1,1262,1242,1261,-1,1263,1244,1243,-1,1263,1243,1262,-1,1264,1245,1244,-1,1264,1244,1263,-1,1265,1246,1245,-1,1265,1245,1264,-1,1266,1247,1246,-1,1266,1246,1265,-1,1267,1248,1247,-1,1267,1247,1266,-1,1268,1249,1248,-1,1268,1248,1267,-1,1269,1249,1268,-1,1269,1250,1249,-1,1270,1250,1269,-1,1270,1251,1250,-1,1271,1251,1270,-1,1271,1252,1251,-1,1254,1252,1271,-1,1254,1253,1252,-1,1275,1272,1273,-1,1275,1273,1274,-1,1279,1277,1276,-1,1279,1276,1278,-1,1290,1292,1291,-1,1290,1303,1292,-1,1289,1302,1303,-1,1289,1303,1290,-1,1288,1301,1302,-1,1288,1302,1289,-1,1287,1300,1301,-1,1287,1301,1288,-1,1286,1299,1300,-1,1286,1300,1287,-1,1285,1298,1299,-1,1285,1299,1286,-1,1284,1297,1298,-1,1284,1298,1285,-1,1283,1296,1297,-1,1283,1297,1284,-1,1282,1295,1296,-1,1282,1296,1283,-1,1281,1294,1295,-1,1281,1295,1282,-1,1280,1293,1294,-1,1280,1294,1281,-1,1307,1305,1304,-1,1307,1304,1306,-1,1318,1320,1319,-1,1318,1331,1320,-1,1317,1330,1331,-1,1317,1331,1318,-1,1316,1329,1330,-1,1316,1330,1317,-1,1315,1328,1329,-1,1315,1329,1316,-1,1314,1327,1328,-1,1314,1328,1315,-1,1313,1326,1327,-1,1313,1327,1314,-1,1312,1325,1326,-1,1312,1326,1313,-1,1311,1324,1325,-1,1311,1325,1312,-1,1310,1323,1324,-1,1310,1324,1311,-1,1309,1322,1323,-1,1309,1323,1310,-1,1308,1321,1322,-1,1308,1322,1309,-1,1335,1333,1332,-1,1335,1332,1334,-1,1350,1336,1337,-1,1350,1337,1348,-1,1351,1348,1347,-1,1351,1350,1348,-1,1352,1347,1346,-1,1352,1351,1347,-1,1353,1346,1345,-1,1353,1352,1346,-1,1354,1345,1344,-1,1354,1353,1345,-1,1355,1344,1343,-1,1355,1354,1344,-1,1356,1343,1342,-1,1356,1355,1343,-1,1357,1342,1341,-1,1357,1356,1342,-1,1358,1341,1340,-1,1358,1357,1341,-1,1359,1339,1338,-1,1359,1340,1339,-1,1359,1358,1340,-1,1349,1359,1338,-1,1371,1372,1373,-1,1371,1373,1384,-1,1370,1384,1383,-1,1370,1371,1384,-1,1369,1383,1382,-1,1369,1370,1383,-1,1368,1382,1381,-1,1368,1369,1382,-1,1362,1381,1380,-1,1362,1368,1381,-1,1367,1368,1362,-1,1363,1380,1379,-1,1363,1362,1380,-1,1364,1379,1378,-1,1364,1363,1379,-1,1365,1378,1377,-1,1365,1364,1378,-1,1366,1377,1376,-1,1366,1365,1377,-1,1360,1376,1375,-1,1360,1366,1376,-1,1387,1361,1360,-1,1387,1360,1375,-1,1386,1375,1374,-1,1386,1387,1375,-1,1385,1386,1374,-1,1388,1401,1390,-1,1389,1401,1388,-1,1400,1390,1401,-1,1395,1391,1390,-1,1395,1390,1400,-1,1396,1400,1399,-1,1396,1395,1400,-1,1397,1399,1398,-1,1397,1396,1399,-1,1394,1391,1395,-1,1392,1394,1393,-1,1392,1391,1394,-1,1416,1403,1402,-1,1416,1404,1403,-1,1417,1405,1404,-1,1417,1404,1416,-1,1418,1406,1405,-1,1418,1405,1417,-1,1419,1407,1406,-1,1419,1406,1418,-1,1420,1408,1407,-1,1420,1407,1419,-1,1421,1409,1408,-1,1421,1408,1420,-1,1422,1410,1409,-1,1422,1409,1421,-1,1423,1411,1410,-1,1423,1410,1422,-1,1424,1412,1411,-1,1424,1411,1423,-1,1425,1413,1412,-1,1425,1412,1424,-1,1415,1414,1413,-1,1415,1413,1425,-1,1447,1434,1435,-1,1448,1447,1435,-1,1446,1433,1434,-1,1446,1434,1447,-1,1449,1435,1436,-1,1449,1448,1435,-1,1445,1432,1433,-1,1445,1433,1446,-1,1450,1436,1437,-1,1450,1449,1436,-1,1444,1431,1432,-1,1444,1432,1445,-1,1451,1437,1438,-1,1451,1450,1437,-1,1443,1430,1431,-1,1443,1431,1444,-1,1452,1438,1439,-1,1452,1451,1438,-1,1442,1429,1430,-1,1442,1430,1443,-1,1453,1439,1428,-1,1453,1452,1439,-1,1441,1440,1429,-1,1441,1429,1442,-1,1427,1428,1426,-1,1427,1453,1428,-1,1456,1455,1454,-1,1456,1457,1455,-1,1458,1460,1459,-1,1458,1461,1460,-1,1476,1462,1461,-1,1476,1461,1458,-1,1477,1463,1462,-1,1477,1462,1476,-1,1478,1464,1463,-1,1478,1463,1477,-1,1479,1465,1464,-1,1479,1464,1478,-1,1480,1466,1465,-1,1480,1465,1479,-1,1467,1480,1481,-1,1467,1466,1480,-1,1468,1481,1482,-1,1468,1467,1481,-1,1469,1482,1483,-1,1469,1468,1482,-1,1484,1469,1483,-1,1470,1469,1484,-1,1471,1484,1485,-1,1471,1485,1475,-1,1471,1470,1484,-1,1472,1471,1475,-1,1473,1475,1474,-1,1473,1472,1475,-1,1487,1486,1488,-1,1487,1488,1489,-1,1492,1491,1490,-1,1492,1493,1491,-1,1497,1499,1498,-1,1497,1503,1499,-1,1496,1502,1503,-1,1496,1503,1497,-1,1495,1501,1502,-1,1495,1502,1496,-1,1494,1500,1501,-1,1494,1501,1495,-1,1507,1505,1506,-1,1504,1505,1507,-1,1528,1526,1527,-1,1522,1526,1528,-1,1523,1528,1529,-1,1523,1529,1530,-1,1523,1522,1528,-1,1524,1530,1531,-1,1524,1523,1530,-1,1525,1531,1509,-1,1525,1524,1531,-1,1521,1525,1509,-1,1517,1509,1508,-1,1517,1521,1509,-1,1518,1508,1510,-1,1518,1517,1508,-1,1519,1510,1511,-1,1519,1518,1510,-1,1520,1511,1512,-1,1520,1519,1511,-1,1516,1512,1513,-1,1516,1520,1512,-1,1515,1513,1514,-1,1515,1516,1513,-1,1535,1537,1536,-1,1535,1541,1537,-1,1534,1540,1541,-1,1534,1541,1535,-1,1533,1539,1540,-1,1533,1540,1534,-1,1532,1538,1539,-1,1532,1539,1533,-1,1545,1544,1543,-1,1542,1545,1543,-1,1547,1548,1549,-1,1547,1549,1546,-1,1551,1552,1550,-1,1551,1553,1552,-1,1567,1555,1554,-1,1556,1567,1554,-1,1561,1566,1567,-1,1561,1567,1556,-1,1560,1565,1566,-1,1560,1566,1561,-1,1559,1564,1565,-1,1559,1565,1560,-1,1558,1563,1564,-1,1558,1564,1559,-1,1557,1562,1563,-1,1557,1563,1558,-1,1582,1584,1583,-1,1582,1585,1584,-1,1581,1586,1585,-1,1581,1585,1582,-1,1580,1587,1586,-1,1580,1586,1581,-1,1579,1588,1587,-1,1579,1587,1580,-1,1573,1589,1588,-1,1573,1588,1579,-1,1578,1573,1579,-1,1574,1590,1589,-1,1574,1589,1573,-1,1575,1591,1590,-1,1575,1590,1574,-1,1576,1592,1591,-1,1576,1591,1575,-1,1577,1593,1592,-1,1577,1592,1576,-1,1572,1594,1593,-1,1572,1593,1577,-1,1570,1572,1571,-1,1569,1595,1594,-1,1569,1572,1570,-1,1569,1594,1572,-1,1568,1595,1569,-1,1620,1597,1596,-1,1620,1598,1597,-1,1621,1599,1598,-1,1621,1598,1620,-1,1622,1600,1599,-1,1622,1599,1621,-1,1623,1601,1600,-1,1623,1600,1622,-1,1624,1602,1601,-1,1624,1601,1623,-1,1625,1603,1602,-1,1625,1602,1624,-1,1626,1604,1603,-1,1626,1603,1625,-1,1627,1605,1604,-1,1627,1604,1626,-1,1628,1606,1605,-1,1628,1605,1627,-1,1629,1607,1606,-1,1629,1606,1628,-1,1630,1608,1607,-1,1630,1607,1629,-1,1631,1609,1608,-1,1631,1608,1630,-1,1632,1609,1631,-1,1632,1610,1609,-1,1633,1610,1632,-1,1633,1611,1610,-1,1634,1611,1633,-1,1634,1612,1611,-1,1635,1612,1634,-1,1635,1613,1612,-1,1636,1613,1635,-1,1636,1614,1613,-1,1637,1614,1636,-1,1637,1615,1614,-1,1638,1616,1615,-1,1638,1615,1637,-1,1639,1617,1616,-1,1639,1616,1638,-1,1619,1617,1639,-1,1619,1618,1617,-1,1664,1641,1640,-1,1664,1642,1641,-1,1665,1643,1642,-1,1665,1642,1664,-1,1666,1644,1643,-1,1666,1643,1665,-1,1667,1645,1644,-1,1667,1644,1666,-1,1668,1646,1645,-1,1668,1645,1667,-1,1669,1647,1646,-1,1669,1646,1668,-1,1670,1648,1647,-1,1670,1647,1669,-1,1671,1649,1648,-1,1671,1648,1670,-1,1672,1650,1649,-1,1672,1649,1671,-1,1673,1651,1650,-1,1673,1650,1672,-1,1674,1652,1651,-1,1674,1651,1673,-1,1675,1653,1652,-1,1675,1652,1674,-1,1676,1653,1675,-1,1676,1654,1653,-1,1676,1655,1654,-1,1677,1655,1676,-1,1677,1656,1655,-1,1678,1656,1677,-1,1679,1656,1678,-1,1679,1657,1656,-1,1680,1657,1679,-1,1680,1658,1657,-1,1681,1658,1680,-1,1681,1659,1658,-1,1682,1660,1659,-1,1682,1659,1681,-1,1683,1661,1660,-1,1683,1660,1682,-1,1663,1661,1683,-1,1663,1662,1661,-1,1685,1686,1684,-1,1685,1687,1686,-1,1693,1694,1695,-1,1693,1695,1699,-1,1692,1699,1698,-1,1692,1693,1699,-1,1691,1698,1697,-1,1691,1692,1698,-1,1690,1689,1688,-1,1690,1696,1689,-1,1690,1697,1696,-1,1690,1691,1697,-1,1701,1700,1702,-1,1701,1702,1703,-1,1707,1708,1709,-1,1707,1709,1713,-1,1706,1713,1712,-1,1706,1707,1713,-1,1705,1712,1711,-1,1705,1706,1712,-1,1704,1711,1710,-1,1704,1705,1711,-1,1717,1718,1719,-1,1717,1719,1723,-1,1716,1723,1722,-1,1716,1717,1723,-1,1715,1722,1721,-1,1715,1716,1722,-1,1714,1721,1720,-1,1714,1715,1721,-1,1727,1724,1725,-1,1727,1725,1726,-1,1733,1735,1734,-1,1736,1733,1732,-1,1736,1735,1733,-1,1739,1732,1731,-1,1739,1736,1732,-1,1738,1731,1730,-1,1738,1739,1731,-1,1737,1730,1729,-1,1737,1738,1730,-1,1728,1737,1729,-1,1743,1740,1741,-1,1743,1741,1742,-1,1747,1745,1744,-1,1747,1746,1745,-1,1751,1748,1749,-1,1751,1749,1750,-1,1755,1753,1752,-1,1755,1754,1753,-1,1759,1757,1756,-1,1759,1758,1757,-1,1769,1764,1763,-1,1769,1765,1764,-1,1768,1763,1762,-1,1768,1769,1763,-1,1767,1762,1761,-1,1767,1768,1762,-1,1766,1761,1760,-1,1766,1767,1761,-1,1770,1760,1771,-1,1770,1766,1760,-1,1789,1772,1773,-1,1789,1773,1774,-1,1789,1774,1775,-1,1788,1784,1785,-1,1788,1785,1786,-1,1788,1786,1787,-1,1790,1789,1775,-1,1799,1784,1788,-1,1798,1783,1784,-1,1798,1784,1799,-1,1791,1775,1776,-1,1791,1790,1775,-1,1797,1782,1783,-1,1797,1783,1798,-1,1792,1776,1777,-1,1792,1791,1776,-1,1796,1781,1782,-1,1796,1782,1797,-1,1793,1777,1778,-1,1793,1792,1777,-1,1795,1779,1780,-1,1795,1780,1781,-1,1795,1781,1796,-1,1794,1778,1779,-1,1794,1793,1778,-1,1794,1779,1795,-1,1810,1812,1811,-1,1810,1823,1812,-1,1809,1822,1823,-1,1809,1823,1810,-1,1808,1821,1822,-1,1808,1822,1809,-1,1807,1820,1821,-1,1807,1821,1808,-1,1806,1819,1820,-1,1806,1820,1807,-1,1805,1818,1819,-1,1805,1819,1806,-1,1804,1817,1818,-1,1804,1818,1805,-1,1803,1815,1816,-1,1803,1816,1817,-1,1803,1817,1804,-1,1802,1815,1803,-1,1801,1814,1815,-1,1801,1815,1802,-1,1800,1813,1814,-1,1800,1814,1801,-1,1824,1825,1826,-1,1824,1826,1827,-1,1828,1829,1830,-1,1828,1830,1831,-1,1849,1851,1850,-1,1849,1869,1851,-1,1848,1868,1869,-1,1848,1869,1849,-1,1847,1867,1868,-1,1847,1868,1848,-1,1846,1866,1867,-1,1846,1867,1847,-1,1845,1865,1866,-1,1845,1866,1846,-1,1844,1864,1865,-1,1844,1865,1845,-1,1843,1863,1864,-1,1843,1864,1844,-1,1842,1862,1863,-1,1842,1863,1843,-1,1841,1861,1862,-1,1841,1862,1842,-1,1840,1859,1860,-1,1840,1860,1861,-1,1840,1861,1841,-1,1839,1859,1840,-1,1838,1858,1859,-1,1838,1859,1839,-1,1837,1857,1858,-1,1837,1858,1838,-1,1836,1855,1856,-1,1836,1856,1857,-1,1836,1857,1837,-1,1835,1855,1836,-1,1834,1855,1835,-1,1834,1854,1855,-1,1833,1854,1834,-1,1833,1852,1853,-1,1833,1853,1854,-1,1832,1852,1833,-1,1881,1882,1883,-1,1881,1883,1895,-1,1880,1895,1894,-1,1880,1881,1895,-1,1879,1894,1893,-1,1879,1880,1894,-1,1878,1893,1892,-1,1878,1879,1893,-1,1877,1892,1891,-1,1877,1878,1892,-1,1876,1891,1890,-1,1876,1877,1891,-1,1875,1889,1888,-1,1875,1890,1889,-1,1875,1876,1890,-1,1874,1875,1888,-1,1873,1888,1887,-1,1873,1874,1888,-1,1872,1887,1886,-1,1872,1873,1887,-1,1871,1886,1885,-1,1871,1872,1886,-1,1870,1885,1884,-1,1870,1871,1885,-1,1905,1906,1907,-1,1905,1907,1917,-1,1904,1917,1916,-1,1904,1905,1917,-1,1903,1916,1915,-1,1903,1904,1916,-1,1902,1915,1914,-1,1902,1903,1915,-1,1901,1914,1913,-1,1901,1902,1914,-1,1900,1913,1912,-1,1900,1901,1913,-1,1899,1912,1911,-1,1899,1900,1912,-1,1898,1911,1910,-1,1898,1899,1911,-1,1897,1910,1909,-1,1897,1898,1910,-1,1896,1909,1908,-1,1896,1897,1909,-1,1928,1929,1930,-1,1928,1930,1941,-1,1927,1941,1940,-1,1927,1928,1941,-1,1926,1940,1939,-1,1926,1927,1940,-1,1925,1939,1938,-1,1925,1926,1939,-1,1924,1938,1937,-1,1924,1925,1938,-1,1923,1936,1935,-1,1923,1937,1936,-1,1923,1924,1937,-1,1922,1923,1935,-1,1921,1934,1933,-1,1921,1935,1934,-1,1921,1922,1935,-1,1920,1921,1933,-1,1919,1933,1932,-1,1919,1920,1933,-1,1918,1932,1931,-1,1918,1919,1932,-1,1975,1943,1942,-1,1975,1942,1946,-1,1974,1946,1945,-1,1974,1975,1946,-1,1973,1945,1944,-1,1973,1974,1945,-1,1948,1959,1960,-1,1972,1944,1947,-1,1972,1947,1958,-1,1972,1973,1944,-1,1961,1949,1948,-1,1961,1948,1960,-1,1962,1949,1961,-1,1971,1972,1958,-1,1963,1950,1949,-1,1963,1951,1950,-1,1963,1949,1962,-1,1970,1957,1956,-1,1970,1958,1957,-1,1970,1971,1958,-1,1964,1951,1963,-1,1969,1956,1955,-1,1969,1970,1956,-1,1965,1952,1951,-1,1965,1953,1952,-1,1965,1951,1964,-1,1968,1955,1954,-1,1968,1969,1955,-1,1967,1968,1954,-1,1966,1954,1953,-1,1966,1967,1954,-1,1966,1953,1965,-1,1990,1977,1976,-1,1990,1978,1977,-1,1991,1979,1978,-1,1991,1978,1990,-1,1992,1980,1979,-1,1992,1979,1991,-1,1993,1981,1980,-1,1993,1982,1981,-1,1993,1980,1992,-1,1994,1982,1993,-1,1995,1983,1982,-1,1995,1982,1994,-1,1996,1984,1983,-1,1996,1983,1995,-1,1997,1985,1984,-1,1997,1984,1996,-1,1998,1986,1985,-1,1998,1987,1986,-1,1998,1985,1997,-1,1999,1987,1998,-1,1989,1988,1987,-1,1989,1987,1999,-1,2000,2002,2001,-1,2000,2003,2002,-1,2018,2004,2005,-1,2018,2005,2006,-1,2019,2006,2007,-1,2019,2018,2006,-1,2020,2007,2008,-1,2020,2019,2007,-1,2021,2008,2009,-1,2021,2020,2008,-1,2022,2009,2010,-1,2022,2021,2009,-1,2023,2010,2011,-1,2023,2022,2010,-1,2024,2011,2012,-1,2024,2023,2011,-1,2025,2012,2013,-1,2025,2024,2012,-1,2026,2013,2014,-1,2026,2014,2015,-1,2026,2025,2013,-1,2027,2026,2015,-1,2017,2015,2016,-1,2017,2027,2015,-1,2028,2029,2030,-1,2028,2030,2031,-1,2032,2034,2033,-1,2032,2035,2034,-1,2059,2043,2044,-1,2059,2058,2043,-1,2060,2044,2045,-1,2060,2059,2044,-1,2057,2042,2043,-1,2057,2043,2058,-1,2061,2045,2046,-1,2061,2060,2045,-1,2056,2041,2042,-1,2056,2042,2057,-1,2062,2046,2047,-1,2062,2061,2046,-1,2055,2040,2041,-1,2055,2041,2056,-1,2063,2047,2048,-1,2063,2062,2047,-1,2054,2039,2040,-1,2054,2040,2055,-1,2052,2048,2049,-1,2052,2063,2048,-1,2053,2038,2039,-1,2053,2039,2054,-1,2037,2036,2038,-1,2037,2038,2053,-1,2051,2049,2050,-1,2051,2052,2049,-1,2080,2067,2078,-1,2080,2078,2079,-1,2081,2068,2067,-1,2081,2067,2080,-1,2082,2069,2068,-1,2082,2068,2081,-1,2083,2070,2069,-1,2083,2069,2082,-1,2084,2071,2070,-1,2084,2070,2083,-1,2085,2072,2071,-1,2085,2071,2084,-1,2086,2072,2085,-1,2073,2072,2086,-1,2074,2086,2087,-1,2074,2087,2088,-1,2074,2073,2086,-1,2075,2074,2088,-1,2076,2088,2089,-1,2076,2075,2088,-1,2077,2089,2090,-1,2077,2076,2089,-1,2066,2090,2091,-1,2066,2077,2090,-1,2065,2091,2064,-1,2065,2066,2091,-1,2097,2115,2116,-1,2097,2116,2117,-1,2097,2117,2118,-1,2097,2118,2119,-1,2097,2119,2120,-1,2097,2120,2121,-1,2097,2121,2122,-1,2097,2122,2123,-1,2097,2123,2124,-1,2097,2124,2125,-1,2097,2125,2126,-1,2097,2126,2127,-1,2098,2127,2128,-1,2098,2128,2129,-1,2098,2129,2130,-1,2098,2097,2127,-1,2099,2130,2131,-1,2099,2131,2132,-1,2099,2132,2133,-1,2099,2133,2134,-1,2099,2134,2135,-1,2099,2098,2130,-1,2100,2135,2136,-1,2100,2099,2135,-1,2101,2100,2136,-1,2102,2101,2136,-1,2103,2102,2136,-1,2104,2103,2136,-1,2093,2104,2136,-1,2093,2105,2104,-1,2093,2106,2105,-1,2093,2107,2106,-1,2094,2095,2096,-1,2094,2096,2114,-1,2092,2108,2107,-1,2092,2109,2108,-1,2092,2110,2109,-1,2092,2111,2110,-1,2092,2112,2111,-1,2092,2113,2112,-1,2092,2107,2093,-1,2092,2114,2113,-1,2092,2094,2114,-1,2165,2166,2139,-1,2167,2139,2166,-1,2164,2139,2149,-1,2164,2165,2139,-1,2168,2138,2139,-1,2168,2139,2167,-1,2163,2145,2144,-1,2163,2146,2145,-1,2163,2147,2146,-1,2163,2148,2147,-1,2163,2149,2148,-1,2163,2164,2149,-1,2169,2138,2168,-1,2162,2142,2141,-1,2162,2143,2142,-1,2162,2144,2143,-1,2162,2163,2144,-1,2170,2138,2169,-1,2150,2141,2140,-1,2150,2140,2161,-1,2150,2162,2141,-1,2171,2137,2138,-1,2171,2138,2170,-1,2159,2161,2160,-1,2158,2150,2161,-1,2158,2161,2159,-1,2152,2151,2150,-1,2172,2137,2171,-1,2157,2150,2158,-1,2153,2152,2150,-1,2156,2150,2157,-1,2154,2153,2150,-1,2155,2150,2156,-1,2155,2154,2150,-1,2173,2137,2172,-1,2174,2137,2173,-1,2175,2137,2174,-1,2176,2137,2175,-1,2177,2137,2176,-1,2178,2137,2177,-1,2181,2137,2178,-1,2181,2178,2179,-1,2181,2179,2180,-1,2236,2182,2183,-1,2236,2258,2182,-1,2237,2236,2183,-1,2238,2237,2183,-1,2239,2238,2183,-1,2240,2239,2183,-1,2241,2240,2183,-1,2242,2241,2183,-1,2243,2242,2183,-1,2244,2243,2183,-1,2245,2244,2183,-1,2246,2245,2183,-1,2247,2246,2183,-1,2248,2247,2183,-1,2233,2234,2235,-1,2232,2233,2235,-1,2232,2257,2256,-1,2232,2235,2257,-1,2231,2232,2256,-1,2231,2256,2255,-1,2230,2231,2255,-1,2230,2255,2254,-1,2229,2230,2254,-1,2229,2254,2253,-1,2228,2229,2253,-1,2228,2253,2252,-1,2227,2228,2252,-1,2227,2252,2251,-1,2226,2227,2251,-1,2226,2251,2250,-1,2225,2226,2250,-1,2225,2250,2249,-1,2224,2225,2249,-1,2224,2249,2248,-1,2208,2209,2210,-1,2208,2210,2211,-1,2207,2208,2211,-1,2206,2207,2211,-1,2205,2211,2212,-1,2205,2206,2211,-1,2204,2212,2213,-1,2204,2205,2212,-1,2203,2213,2214,-1,2203,2204,2213,-1,2202,2214,2215,-1,2202,2203,2214,-1,2201,2215,2216,-1,2201,2202,2215,-1,2200,2216,2217,-1,2200,2201,2216,-1,2199,2217,2218,-1,2199,2200,2217,-1,2198,2199,2218,-1,2198,2218,2219,-1,2197,2198,2219,-1,2185,2186,2187,-1,2185,2187,2188,-1,2185,2188,2189,-1,2184,2197,2219,-1,2184,2189,2190,-1,2184,2190,2191,-1,2184,2191,2192,-1,2184,2192,2193,-1,2184,2193,2194,-1,2184,2194,2195,-1,2184,2195,2196,-1,2184,2196,2197,-1,2184,2185,2189,-1,2184,2219,2220,-1,2183,2184,2221,-1,2221,2184,2220,-1,2183,2221,2222,-1,2183,2222,2223,-1,2183,2223,2224,-1,2183,2224,2248,-1,2269,2259,2268,-1,2267,2268,2259,-1,2270,2259,2269,-1,2266,2267,2259,-1,2271,2259,2270,-1,2265,2266,2259,-1,2272,2259,2271,-1,2264,2265,2259,-1,2273,2259,2272,-1,2263,2264,2259,-1,2274,2259,2273,-1,2275,2259,2274,-1,2261,2263,2259,-1,2262,2263,2261,-1,2305,2278,2279,-1,2304,2277,2278,-1,2304,2278,2305,-1,2306,2279,2280,-1,2306,2305,2279,-1,2303,2276,2277,-1,2303,2277,2304,-1,2307,2280,2281,-1,2307,2306,2280,-1,2302,2275,2276,-1,2302,2276,2303,-1,2308,2307,2281,-1,2308,2281,2282,-1,2309,2282,2283,-1,2309,2308,2282,-1,2288,2283,2284,-1,2288,2284,2285,-1,2288,2309,2283,-1,2287,2288,2285,-1,2287,2285,2286,-1,2329,2292,2291,-1,2328,2293,2292,-1,2328,2292,2329,-1,2330,2291,2290,-1,2330,2329,2291,-1,2327,2294,2293,-1,2327,2293,2328,-1,2331,2290,2289,-1,2331,2330,2290,-1,2326,2295,2294,-1,2326,2294,2327,-1,2332,2331,2289,-1,2325,2296,2295,-1,2325,2295,2326,-1,2333,2332,2289,-1,2324,2297,2296,-1,2324,2296,2325,-1,2312,2289,2310,-1,2312,2333,2289,-1,2311,2312,2310,-1,2260,2298,2297,-1,2260,2316,2315,-1,2260,2317,2316,-1,2260,2318,2317,-1,2260,2319,2318,-1,2260,2320,2319,-1,2260,2321,2320,-1,2260,2322,2321,-1,2260,2323,2322,-1,2260,2324,2323,-1,2260,2297,2324,-1,2335,2260,2315,-1,2335,2314,2313,-1,2335,2315,2314,-1,2335,2313,2334,-1,2260,2259,2300,-1,2300,2259,2301,-1,2301,2259,2302,-1,2302,2259,2275,-1,2260,2300,2299,-1,2260,2299,2298,-1
        ]
    }
}
Shape{
    appearance Appearance {
        material  Material 	{
            diffuseColor 0.9686274509803922 0.8784313725490196 0.6
            specularColor 0.678039 0.614902 0.420000
            ambientIntensity 0.2
            transparency 0
            shininess 0.5
        }
    }
    geometry IndexedFaceSet {
        ccw TRUE
        solid FALSE
        coord DEF co Coordinate {
            point [
-1.133858 -1.754724 0.129134,-1.031496 -1.754724 0.129134,-1.031496 -0.790157 0.129134,-1.133858 -0.790157 0.129134,-1.133858 -0.790157 0.144882,-1.031496 -0.790157 0.144882,-1.031496 -0.790157 0.129134,-1.133858 -0.790157 0.129134,-1.133858 -1.738976 0.144882,-1.031496 -1.738976 0.144882,-1.031496 -0.790157 0.144882,-1.133858 -0.790157 0.144882,-1.133858 -1.754724 0.129134,-1.031496 -1.754724 0.129134,-1.031496 -1.738976 0.144882,-1.133858 -1.738976 0.144882,-1.133858 -1.754724 0.129134,-1.133858 -0.790157 0.129134,-1.133858 -0.790157 0.144882,-1.133858 -1.738976 0.144882,-1.031496 -1.754724 0.129134,-1.031496 -0.790157 0.129134,-1.031496 -0.790157 0.144882,-1.031496 -1.738976 0.144882,-0.543307 -1.754724 0.129134,-0.440945 -1.754724 0.129134,-0.440945 -0.790157 0.129134,-0.543307 -0.790157 0.129134,-0.543307 -0.790157 0.144882,-0.440945 -0.790157 0.144882,-0.440945 -0.790157 0.129134,-0.543307 -0.790157 0.129134,-0.543307 -1.738976 0.144882,-0.440945 -1.738976 0.144882,-0.440945 -0.790157 0.144882,-0.543307 -0.790157 0.144882,-0.543307 -1.754724 0.129134,-0.440945 -1.754724 0.129134,-0.440945 -1.738976 0.144882,-0.543307 -1.738976 0.144882,-0.543307 -1.754724 0.129134,-0.543307 -0.790157 0.129134,-0.543307 -0.790157 0.144882,-0.543307 -1.738976 0.144882,-0.440945 -1.754724 0.129134,-0.440945 -0.790157 0.129134,-0.440945 -0.790157 0.144882,-0.440945 -1.738976 0.144882,0.440945 -1.754724 0.129134,0.543307 -1.754724 0.129134,0.543307 -0.790157 0.129134,0.440945 -0.790157 0.129134,0.440945 -0.790157 0.144882,0.543307 -0.790157 0.144882,0.543307 -0.790157 0.129134,0.440945 -0.790157 0.129134,0.440945 -1.738976 0.144882,0.543307 -1.738976 0.144882,0.543307 -0.790157 0.144882,0.440945 -0.790157 0.144882,0.440945 -1.754724 0.129134,0.543307 -1.754724 0.129134,0.543307 -1.738976 0.144882,0.440945 -1.738976 0.144882,0.440945 -1.754724 0.129134,0.440945 -0.790157 0.129134,0.440945 -0.790157 0.144882,0.440945 -1.738976 0.144882,0.543307 -1.754724 0.129134,0.543307 -0.790157 0.129134,0.543307 -0.790157 0.144882,0.543307 -1.738976 0.144882,1.031496 -1.754724 0.129134,1.133858 -1.754724 0.129134,1.133858 -0.790157 0.129134,1.031496 -0.790157 0.129134,1.031496 -0.790157 0.144882,1.133858 -0.790157 0.144882,1.133858 -0.790157 0.129134,1.031496 -0.790157 0.129134,1.031496 -1.738976 0.144882,1.133858 -1.738976 0.144882,1.133858 -0.790157 0.144882,1.031496 -0.790157 0.144882,1.031496 -1.754724 0.129134,1.133858 -1.754724 0.129134,1.133858 -1.738976 0.144882,1.031496 -1.738976 0.144882,1.031496 -1.754724 0.129134,1.031496 -0.790157 0.129134,1.031496 -0.790157 0.144882,1.031496 -1.738976 0.144882,1.133858 -1.754724 0.129134,1.133858 -0.790157 0.129134,1.133858 -0.790157 0.144882,1.133858 -1.738976 0.144882,-0.346457 -1.675984 0.129134,-0.244094 -1.675984 0.129134,-0.244094 -0.790157 0.129134,-0.346457 -0.790157 0.129134,-0.346457 -0.790157 0.144882,-0.244094 -0.790157 0.144882,-0.244094 -0.790157 0.129134,-0.346457 -0.790157 0.129134,-0.346457 -1.660236 0.144882,-0.244094 -1.660236 0.144882,-0.244094 -0.790157 0.144882,-0.346457 -0.790157 0.144882,-0.346457 -1.675984 0.129134,-0.244094 -1.675984 0.129134,-0.244094 -1.660236 0.144882,-0.346457 -1.660236 0.144882,-0.346457 -1.675984 0.129134,-0.346457 -0.790157 0.129134,-0.346457 -0.790157 0.144882,-0.346457 -1.660236 0.144882,-0.244094 -1.675984 0.129134,-0.244094 -0.790157 0.129134,-0.244094 -0.790157 0.144882,-0.244094 -1.660236 0.144882,-0.149606 -1.675984 0.129134,-0.047244 -1.675984 0.129134,-0.047244 -0.790157 0.129134,-0.149606 -0.790157 0.129134,-0.149606 -0.790157 0.144882,-0.047244 -0.790157 0.144882,-0.047244 -0.790157 0.129134,-0.149606 -0.790157 0.129134,-0.149606 -1.660236 0.144882,-0.047244 -1.660236 0.144882,-0.047244 -0.790157 0.144882,-0.149606 -0.790157 0.144882,-0.149606 -1.675984 0.129134,-0.047244 -1.675984 0.129134,-0.047244 -1.660236 0.144882,-0.149606 -1.660236 0.144882,-0.149606 -1.675984 0.129134,-0.149606 -0.790157 0.129134,-0.149606 -0.790157 0.144882,-0.149606 -1.660236 0.144882,-0.047244 -1.675984 0.129134,-0.047244 -0.790157 0.129134,-0.047244 -0.790157 0.144882,-0.047244 -1.660236 0.144882,0.047244 -1.675984 0.129134,0.149606 -1.675984 0.129134,0.149606 -0.790157 0.129134,0.047244 -0.790157 0.129134,0.047244 -0.790157 0.144882,0.149606 -0.790157 0.144882,0.149606 -0.790157 0.129134,0.047244 -0.790157 0.129134,0.047244 -1.660236 0.144882,0.149606 -1.660236 0.144882,0.149606 -0.790157 0.144882,0.047244 -0.790157 0.144882,0.047244 -1.675984 0.129134,0.149606 -1.675984 0.129134,0.149606 -1.660236 0.144882,0.047244 -1.660236 0.144882,0.047244 -1.675984 0.129134,0.047244 -0.790157 0.129134,0.047244 -0.790157 0.144882,0.047244 -1.660236 0.144882,0.149606 -1.675984 0.129134,0.149606 -0.790157 0.129134,0.149606 -0.790157 0.144882,0.149606 -1.660236 0.144882,0.244094 -1.675984 0.129134,0.346457 -1.675984 0.129134,0.346457 -0.790157 0.129134,0.244094 -0.790157 0.129134,0.244094 -0.790157 0.144882,0.346457 -0.790157 0.144882,0.346457 -0.790157 0.129134,0.244094 -0.790157 0.129134,0.244094 -1.660236 0.144882,0.346457 -1.660236 0.144882,0.346457 -0.790157 0.144882,0.244094 -0.790157 0.144882,0.244094 -1.675984 0.129134,0.346457 -1.675984 0.129134,0.346457 -1.660236 0.144882,0.244094 -1.660236 0.144882,0.244094 -1.675984 0.129134,0.244094 -0.790157 0.129134,0.244094 -0.790157 0.144882,0.244094 -1.660236 0.144882,0.346457 -1.675984 0.129134,0.346457 -0.790157 0.129134,0.346457 -0.790157 0.144882,0.346457 -1.660236 0.144882,-1.031496 -1.754724 -0.129134,-1.133858 -1.754724 -0.129134,-1.133858 -0.790157 -0.129134,-1.031496 -0.790157 -0.129134,-1.031496 -0.790157 -0.144882,-1.133858 -0.790157 -0.144882,-1.133858 -0.790157 -0.129134,-1.031496 -0.790157 -0.129134,-1.031496 -1.738976 -0.144882,-1.133858 -1.738976 -0.144882,-1.133858 -0.790157 -0.144882,-1.031496 -0.790157 -0.144882,-1.031496 -1.754724 -0.129134,-1.133858 -1.754724 -0.129134,-1.133858 -1.738976 -0.144882,-1.031496 -1.738976 -0.144882,-1.031496 -1.754724 -0.129134,-1.031496 -0.790157 -0.129134,-1.031496 -0.790157 -0.144882,-1.031496 -1.738976 -0.144882,-1.133858 -1.754724 -0.129134,-1.133858 -0.790157 -0.129134,-1.133858 -0.790157 -0.144882,-1.133858 -1.738976 -0.144882,-0.440945 -1.754724 -0.129134,-0.543307 -1.754724 -0.129134,-0.543307 -0.790157 -0.129134,-0.440945 -0.790157 -0.129134,-0.440945 -0.790157 -0.144882,-0.543307 -0.790157 -0.144882,-0.543307 -0.790157 -0.129134,-0.440945 -0.790157 -0.129134,-0.440945 -1.738976 -0.144882,-0.543307 -1.738976 -0.144882,-0.543307 -0.790157 -0.144882,-0.440945 -0.790157 -0.144882,-0.440945 -1.754724 -0.129134,-0.543307 -1.754724 -0.129134,-0.543307 -1.738976 -0.144882,-0.440945 -1.738976 -0.144882,-0.440945 -1.754724 -0.129134,-0.440945 -0.790157 -0.129134,-0.440945 -0.790157 -0.144882,-0.440945 -1.738976 -0.144882,-0.543307 -1.754724 -0.129134,-0.543307 -0.790157 -0.129134,-0.543307 -0.790157 -0.144882,-0.543307 -1.738976 -0.144882,0.543307 -1.754724 -0.129134,0.440945 -1.754724 -0.129134,0.440945 -0.790157 -0.129134,0.543307 -0.790157 -0.129134,0.543307 -0.790157 -0.144882,0.440945 -0.790157 -0.144882,0.440945 -0.790157 -0.129134,0.543307 -0.790157 -0.129134,0.543307 -1.738976 -0.144882,0.440945 -1.738976 -0.144882,0.440945 -0.790157 -0.144882,0.543307 -0.790157 -0.144882,0.543307 -1.754724 -0.129134,0.440945 -1.754724 -0.129134,0.440945 -1.738976 -0.144882,0.543307 -1.738976 -0.144882,0.543307 -1.754724 -0.129134,0.543307 -0.790157 -0.129134,0.543307 -0.790157 -0.144882,0.543307 -1.738976 -0.144882,0.440945 -1.754724 -0.129134,0.440945 -0.790157 -0.129134,0.440945 -0.790157 -0.144882,0.440945 -1.738976 -0.144882,1.133858 -1.754724 -0.129134,1.031496 -1.754724 -0.129134,1.031496 -0.790157 -0.129134,1.133858 -0.790157 -0.129134,1.133858 -0.790157 -0.144882,1.031496 -0.790157 -0.144882,1.031496 -0.790157 -0.129134,1.133858 -0.790157 -0.129134,1.133858 -1.738976 -0.144882,1.031496 -1.738976 -0.144882,1.031496 -0.790157 -0.144882,1.133858 -0.790157 -0.144882,1.133858 -1.754724 -0.129134,1.031496 -1.754724 -0.129134,1.031496 -1.738976 -0.144882,1.133858 -1.738976 -0.144882,1.133858 -1.754724 -0.129134,1.133858 -0.790157 -0.129134,1.133858 -0.790157 -0.144882,1.133858 -1.738976 -0.144882,1.031496 -1.754724 -0.129134,1.031496 -0.790157 -0.129134,1.031496 -0.790157 -0.144882,1.031496 -1.738976 -0.144882,-0.244094 -1.675984 -0.129134,-0.346457 -1.675984 -0.129134,-0.346457 -0.790157 -0.129134,-0.244094 -0.790157 -0.129134,-0.244094 -0.790157 -0.144882,-0.346457 -0.790157 -0.144882,-0.346457 -0.790157 -0.129134,-0.244094 -0.790157 -0.129134,-0.244094 -1.660236 -0.144882,-0.346457 -1.660236 -0.144882,-0.346457 -0.790157 -0.144882,-0.244094 -0.790157 -0.144882,-0.244094 -1.675984 -0.129134,-0.346457 -1.675984 -0.129134,-0.346457 -1.660236 -0.144882,-0.244094 -1.660236 -0.144882,-0.244094 -1.675984 -0.129134,-0.244094 -0.790157 -0.129134,-0.244094 -0.790157 -0.144882,-0.244094 -1.660236 -0.144882,-0.346457 -1.675984 -0.129134,-0.346457 -0.790157 -0.129134,-0.346457 -0.790157 -0.144882,-0.346457 -1.660236 -0.144882,-0.047244 -1.675984 -0.129134,-0.149606 -1.675984 -0.129134,-0.149606 -0.790157 -0.129134,-0.047244 -0.790157 -0.129134,-0.047244 -0.790157 -0.144882,-0.149606 -0.790157 -0.144882,-0.149606 -0.790157 -0.129134,-0.047244 -0.790157 -0.129134,-0.047244 -1.660236 -0.144882,-0.149606 -1.660236 -0.144882,-0.149606 -0.790157 -0.144882,-0.047244 -0.790157 -0.144882,-0.047244 -1.675984 -0.129134,-0.149606 -1.675984 -0.129134,-0.149606 -1.660236 -0.144882,-0.047244 -1.660236 -0.144882,-0.047244 -1.675984 -0.129134,-0.047244 -0.790157 -0.129134,-0.047244 -0.790157 -0.144882,-0.047244 -1.660236 -0.144882,-0.149606 -1.675984 -0.129134,-0.149606 -0.790157 -0.129134,-0.149606 -0.790157 -0.144882,-0.149606 -1.660236 -0.144882,0.149606 -1.675984 -0.129134,0.047244 -1.675984 -0.129134,0.047244 -0.790157 -0.129134,0.149606 -0.790157 -0.129134,0.149606 -0.790157 -0.144882,0.047244 -0.790157 -0.144882,0.047244 -0.790157 -0.129134,0.149606 -0.790157 -0.129134,0.149606 -1.660236 -0.144882,0.047244 -1.660236 -0.144882,0.047244 -0.790157 -0.144882,0.149606 -0.790157 -0.144882,0.149606 -1.675984 -0.129134,0.047244 -1.675984 -0.129134,0.047244 -1.660236 -0.144882,0.149606 -1.660236 -0.144882,0.149606 -1.675984 -0.129134,0.149606 -0.790157 -0.129134,0.149606 -0.790157 -0.144882,0.149606 -1.660236 -0.144882,0.047244 -1.675984 -0.129134,0.047244 -0.790157 -0.129134,0.047244 -0.790157 -0.144882,0.047244 -1.660236 -0.144882,0.346457 -1.675984 -0.129134,0.244094 -1.675984 -0.129134,0.244094 -0.790157 -0.129134,0.346457 -0.790157 -0.129134,0.346457 -0.790157 -0.144882,0.244094 -0.790157 -0.144882,0.244094 -0.790157 -0.129134,0.346457 -0.790157 -0.129134,0.346457 -1.660236 -0.144882,0.244094 -1.660236 -0.144882,0.244094 -0.790157 -0.144882,0.346457 -0.790157 -0.144882,0.346457 -1.675984 -0.129134,0.244094 -1.675984 -0.129134,0.244094 -1.660236 -0.144882,0.346457 -1.660236 -0.144882,0.346457 -1.675984 -0.129134,0.346457 -0.790157 -0.129134,0.346457 -0.790157 -0.144882,0.346457 -1.660236 -0.144882,0.244094 -1.675984 -0.129134,0.244094 -0.790157 -0.129134,0.244094 -0.790157 -0.144882,0.244094 -1.660236 -0.144882,0.059055 0.709071 -0.562992,0.137795 0.709071 -0.562992,0.137795 0.709071 -0.625984,0.059055 0.709071 -0.625984,0.059055 0.709071 -0.625984,0.137795 0.709071 -0.625984,0.137795 1.079921 -0.625984,0.059055 1.079921 -0.625984,0.059055 1.079921 -0.625984,0.137795 1.079921 -0.625984,0.137795 1.079921 -0.562992,0.059055 1.079921 -0.562992,0.059055 1.079921 -0.562992,0.137795 1.079921 -0.562992,0.137795 0.709071 -0.562992,0.059055 0.709071 -0.562992,0.059055 0.709071 -0.562992,0.059055 0.709071 -0.625984,0.059055 1.079921 -0.625984,0.059055 1.079921 -0.562992,0.137795 0.709071 -0.562992,0.137795 0.709071 -0.625984,0.137795 1.079921 -0.625984,0.137795 1.079921 -0.562992,0.255906 0.709071 -0.562992,0.334646 0.709071 -0.562992,0.334646 0.709071 -0.625984,0.255906 0.709071 -0.625984,0.255906 0.709071 -0.625984,0.334646 0.709071 -0.625984,0.334646 1.079921 -0.625984,0.255906 1.079921 -0.625984,0.255906 1.079921 -0.625984,0.334646 1.079921 -0.625984,0.334646 1.079921 -0.562992,0.255906 1.079921 -0.562992,0.255906 1.079921 -0.562992,0.334646 1.079921 -0.562992,0.334646 0.709071 -0.562992,0.255906 0.709071 -0.562992,0.255906 0.709071 -0.562992,0.255906 0.709071 -0.625984,0.255906 1.079921 -0.625984,0.255906 1.079921 -0.562992,0.334646 0.709071 -0.562992,0.334646 0.709071 -0.625984,0.334646 1.079921 -0.625984,0.334646 1.079921 -0.562992,0.452756 0.709071 -0.562992,0.531496 0.709071 -0.562992,0.531496 0.709071 -0.625984,0.452756 0.709071 -0.625984,0.452756 0.709071 -0.625984,0.531496 0.709071 -0.625984,0.531496 1.079921 -0.625984,0.452756 1.079921 -0.625984,0.452756 1.079921 -0.625984,0.531496 1.079921 -0.625984,0.531496 1.079921 -0.562992,0.452756 1.079921 -0.562992,0.452756 1.079921 -0.562992,0.531496 1.079921 -0.562992,0.531496 0.709071 -0.562992,0.452756 0.709071 -0.562992,0.452756 0.709071 -0.562992,0.452756 0.709071 -0.625984,0.452756 1.079921 -0.625984,0.452756 1.079921 -0.562992,0.531496 0.709071 -0.562992,0.531496 0.709071 -0.625984,0.531496 1.079921 -0.625984,0.531496 1.079921 -0.562992,0.649606 0.709071 -0.562992,0.728346 0.709071 -0.562992,0.728346 0.709071 -0.625984,0.649606 0.709071 -0.625984,0.649606 0.709071 -0.625984,0.728346 0.709071 -0.625984,0.728346 1.079921 -0.625984,0.649606 1.079921 -0.625984,0.649606 1.079921 -0.625984,0.728346 1.079921 -0.625984,0.728346 1.079921 -0.562992,0.649606 1.079921 -0.562992,0.649606 1.079921 -0.562992,0.728346 1.079921 -0.562992,0.728346 0.709071 -0.562992,0.649606 0.709071 -0.562992,0.649606 0.709071 -0.562992,0.649606 0.709071 -0.625984,0.649606 1.079921 -0.625984,0.649606 1.079921 -0.562992,0.728346 0.709071 -0.562992,0.728346 0.709071 -0.625984,0.728346 1.079921 -0.625984,0.728346 1.079921 -0.562992,0.846457 0.709071 -0.562992,0.925197 0.709071 -0.562992,0.925197 0.709071 -0.625984,0.846457 0.709071 -0.625984,0.846457 0.709071 -0.625984,0.925197 0.709071 -0.625984,0.925197 1.079921 -0.625984,0.846457 1.079921 -0.625984,0.846457 1.079921 -0.625984,0.925197 1.079921 -0.625984,0.925197 1.079921 -0.562992,0.846457 1.079921 -0.562992,0.846457 1.079921 -0.562992,0.925197 1.079921 -0.562992,0.925197 0.709071 -0.562992,0.846457 0.709071 -0.562992,0.846457 0.709071 -0.562992,0.846457 0.709071 -0.625984,0.846457 1.079921 -0.625984,0.846457 1.079921 -0.562992,0.925197 0.709071 -0.562992,0.925197 0.709071 -0.625984,0.925197 1.079921 -0.625984,0.925197 1.079921 -0.562992,0.944882 0.709071 -0.562992,1.023622 0.709071 -0.562992,1.023622 0.709071 -0.625984,0.944882 0.709071 -0.625984,0.944882 0.709071 -0.625984,1.023622 0.709071 -0.625984,1.023622 1.079921 -0.625984,0.944882 1.079921 -0.625984,0.944882 1.079921 -0.625984,1.023622 1.079921 -0.625984,1.023622 1.079921 -0.562992,0.944882 1.079921 -0.562992,0.944882 1.079921 -0.562992,1.023622 1.079921 -0.562992,1.023622 0.709071 -0.562992,0.944882 0.709071 -0.562992,0.944882 0.709071 -0.562992,0.944882 0.709071 -0.625984,0.944882 1.079921 -0.625984,0.944882 1.079921 -0.562992,1.023622 0.709071 -0.562992,1.023622 0.709071 -0.625984,1.023622 1.079921 -0.625984,1.023622 1.079921 -0.562992,1.141732 0.709071 -0.562992,1.220472 0.709071 -0.562992,1.220472 0.709071 -0.625984,1.141732 0.709071 -0.625984,1.141732 0.709071 -0.625984,1.220472 0.709071 -0.625984,1.220472 1.079921 -0.625984,1.141732 1.079921 -0.625984,1.141732 1.079921 -0.625984,1.220472 1.079921 -0.625984,1.220472 1.079921 -0.562992,1.141732 1.079921 -0.562992,1.141732 1.079921 -0.562992,1.220472 1.079921 -0.562992,1.220472 0.709071 -0.562992,1.141732 0.709071 -0.562992,1.141732 0.709071 -0.562992,1.141732 0.709071 -0.625984,1.141732 1.079921 -0.625984,1.141732 1.079921 -0.562992,1.220472 0.709071 -0.562992,1.220472 0.709071 -0.625984,1.220472 1.079921 -0.625984,1.220472 1.079921 -0.562992,1.240157 0.709071 -0.562992,1.318898 0.709071 -0.562992,1.318898 0.709071 -0.625984,1.240157 0.709071 -0.625984,1.240157 0.709071 -0.625984,1.318898 0.709071 -0.625984,1.318898 1.079921 -0.625984,1.240157 1.079921 -0.625984,1.240157 1.079921 -0.625984,1.318898 1.079921 -0.625984,1.318898 1.079921 -0.562992,1.240157 1.079921 -0.562992,1.240157 1.079921 -0.562992,1.318898 1.079921 -0.562992,1.318898 0.709071 -0.562992,1.240157 0.709071 -0.562992,1.240157 0.709071 -0.562992,1.240157 0.709071 -0.625984,1.240157 1.079921 -0.625984,1.240157 1.079921 -0.562992,1.318898 0.709071 -0.562992,1.318898 0.709071 -0.625984,1.318898 1.079921 -0.625984,1.318898 1.079921 -0.562992,-0.137795 0.709071 -0.562992,-0.059055 0.709071 -0.562992,-0.059055 0.709071 -0.625984,-0.137795 0.709071 -0.625984,-0.137795 0.709071 -0.625984,-0.059055 0.709071 -0.625984,-0.059055 1.079921 -0.625984,-0.137795 1.079921 -0.625984,-0.137795 1.079921 -0.625984,-0.059055 1.079921 -0.625984,-0.059055 1.079921 -0.562992,-0.137795 1.079921 -0.562992,-0.137795 1.079921 -0.562992,-0.059055 1.079921 -0.562992,-0.059055 0.709071 -0.562992,-0.137795 0.709071 -0.562992,-0.137795 0.709071 -0.562992,-0.137795 0.709071 -0.625984,-0.137795 1.079921 -0.625984,-0.137795 1.079921 -0.562992,-0.059055 0.709071 -0.562992,-0.059055 0.709071 -0.625984,-0.059055 1.079921 -0.625984,-0.059055 1.079921 -0.562992,-0.334646 0.709071 -0.562992,-0.255906 0.709071 -0.562992,-0.255906 0.709071 -0.625984,-0.334646 0.709071 -0.625984,-0.334646 0.709071 -0.625984,-0.255906 0.709071 -0.625984,-0.255906 1.079921 -0.625984,-0.334646 1.079921 -0.625984,-0.334646 1.079921 -0.625984,-0.255906 1.079921 -0.625984,-0.255906 1.079921 -0.562992,-0.334646 1.079921 -0.562992,-0.334646 1.079921 -0.562992,-0.255906 1.079921 -0.562992,-0.255906 0.709071 -0.562992,-0.334646 0.709071 -0.562992,-0.334646 0.709071 -0.562992,-0.334646 0.709071 -0.625984,-0.334646 1.079921 -0.625984,-0.334646 1.079921 -0.562992,-0.255906 0.709071 -0.562992,-0.255906 0.709071 -0.625984,-0.255906 1.079921 -0.625984,-0.255906 1.079921 -0.562992,-0.531496 0.709071 -0.562992,-0.452756 0.709071 -0.562992,-0.452756 0.709071 -0.625984,-0.531496 0.709071 -0.625984,-0.531496 0.709071 -0.625984,-0.452756 0.709071 -0.625984,-0.452756 1.079921 -0.625984,-0.531496 1.079921 -0.625984,-0.531496 1.079921 -0.625984,-0.452756 1.079921 -0.625984,-0.452756 1.079921 -0.562992,-0.531496 1.079921 -0.562992,-0.531496 1.079921 -0.562992,-0.452756 1.079921 -0.562992,-0.452756 0.709071 -0.562992,-0.531496 0.709071 -0.562992,-0.531496 0.709071 -0.562992,-0.531496 0.709071 -0.625984,-0.531496 1.079921 -0.625984,-0.531496 1.079921 -0.562992,-0.452756 0.709071 -0.562992,-0.452756 0.709071 -0.625984,-0.452756 1.079921 -0.625984,-0.452756 1.079921 -0.562992,-0.728346 0.709071 -0.562992,-0.649606 0.709071 -0.562992,-0.649606 0.709071 -0.625984,-0.728346 0.709071 -0.625984,-0.728346 0.709071 -0.625984,-0.649606 0.709071 -0.625984,-0.649606 1.079921 -0.625984,-0.728346 1.079921 -0.625984,-0.728346 1.079921 -0.625984,-0.649606 1.079921 -0.625984,-0.649606 1.079921 -0.562992,-0.728346 1.079921 -0.562992,-0.728346 1.079921 -0.562992,-0.649606 1.079921 -0.562992,-0.649606 0.709071 -0.562992,-0.728346 0.709071 -0.562992,-0.728346 0.709071 -0.562992,-0.728346 0.709071 -0.625984,-0.728346 1.079921 -0.625984,-0.728346 1.079921 -0.562992,-0.649606 0.709071 -0.562992,-0.649606 0.709071 -0.625984,-0.649606 1.079921 -0.625984,-0.649606 1.079921 -0.562992,-0.925197 0.709071 -0.562992,-0.846457 0.709071 -0.562992,-0.846457 0.709071 -0.625984,-0.925197 0.709071 -0.625984,-0.925197 0.709071 -0.625984,-0.846457 0.709071 -0.625984,-0.846457 1.079921 -0.625984,-0.925197 1.079921 -0.625984,-0.925197 1.079921 -0.625984,-0.846457 1.079921 -0.625984,-0.846457 1.079921 -0.562992,-0.925197 1.079921 -0.562992,-0.925197 1.079921 -0.562992,-0.846457 1.079921 -0.562992,-0.846457 0.709071 -0.562992,-0.925197 0.709071 -0.562992,-0.925197 0.709071 -0.562992,-0.925197 0.709071 -0.625984,-0.925197 1.079921 -0.625984,-0.925197 1.079921 -0.562992,-0.846457 0.709071 -0.562992,-0.846457 0.709071 -0.625984,-0.846457 1.079921 -0.625984,-0.846457 1.079921 -0.562992,-1.023622 0.709071 -0.562992,-0.944882 0.709071 -0.562992,-0.944882 0.709071 -0.625984,-1.023622 0.709071 -0.625984,-1.023622 0.709071 -0.625984,-0.944882 0.709071 -0.625984,-0.944882 1.079921 -0.625984,-1.023622 1.079921 -0.625984,-1.023622 1.079921 -0.625984,-0.944882 1.079921 -0.625984,-0.944882 1.079921 -0.562992,-1.023622 1.079921 -0.562992,-1.023622 1.079921 -0.562992,-0.944882 1.079921 -0.562992,-0.944882 0.709071 -0.562992,-1.023622 0.709071 -0.562992,-1.023622 0.709071 -0.562992,-1.023622 0.709071 -0.625984,-1.023622 1.079921 -0.625984,-1.023622 1.079921 -0.562992,-0.944882 0.709071 -0.562992,-0.944882 0.709071 -0.625984,-0.944882 1.079921 -0.625984,-0.944882 1.079921 -0.562992,-1.220472 0.709071 -0.562992,-1.141732 0.709071 -0.562992,-1.141732 0.709071 -0.625984,-1.220472 0.709071 -0.625984,-1.220472 0.709071 -0.625984,-1.141732 0.709071 -0.625984,-1.141732 1.079921 -0.625984,-1.220472 1.079921 -0.625984,-1.220472 1.079921 -0.625984,-1.141732 1.079921 -0.625984,-1.141732 1.079921 -0.562992,-1.220472 1.079921 -0.562992,-1.220472 1.079921 -0.562992,-1.141732 1.079921 -0.562992,-1.141732 0.709071 -0.562992,-1.220472 0.709071 -0.562992,-1.220472 0.709071 -0.562992,-1.220472 0.709071 -0.625984,-1.220472 1.079921 -0.625984,-1.220472 1.079921 -0.562992,-1.141732 0.709071 -0.562992,-1.141732 0.709071 -0.625984,-1.141732 1.079921 -0.625984,-1.141732 1.079921 -0.562992,-1.318898 0.709071 -0.562992,-1.240157 0.709071 -0.562992,-1.240157 0.709071 -0.625984,-1.318898 0.709071 -0.625984,-1.318898 0.709071 -0.625984,-1.240157 0.709071 -0.625984,-1.240157 1.079921 -0.625984,-1.318898 1.079921 -0.625984,-1.318898 1.079921 -0.625984,-1.240157 1.079921 -0.625984,-1.240157 1.079921 -0.562992,-1.318898 1.079921 -0.562992,-1.318898 1.079921 -0.562992,-1.240157 1.079921 -0.562992,-1.240157 0.709071 -0.562992,-1.318898 0.709071 -0.562992,-1.318898 0.709071 -0.562992,-1.318898 0.709071 -0.625984,-1.318898 1.079921 -0.625984,-1.318898 1.079921 -0.562992,-1.240157 0.709071 -0.562992,-1.240157 0.709071 -0.625984,-1.240157 1.079921 -0.625984,-1.240157 1.079921 -0.562992
            ]
        }
        coordIndex [
3,1,0,-1,3,2,1,-1,7,4,5,-1,7,5,6,-1,11,8,9,-1,11,9,10,-1,15,12,13,-1,15,13,14,-1,19,17,16,-1,19,18,17,-1,23,20,21,-1,23,21,22,-1,27,25,24,-1,27,26,25,-1,31,28,29,-1,31,29,30,-1,35,32,33,-1,35,33,34,-1,39,36,37,-1,39,37,38,-1,43,41,40,-1,43,42,41,-1,47,44,45,-1,47,45,46,-1,51,49,48,-1,51,50,49,-1,55,52,53,-1,55,53,54,-1,59,56,57,-1,59,57,58,-1,63,60,61,-1,63,61,62,-1,67,65,64,-1,67,66,65,-1,71,68,69,-1,71,69,70,-1,75,73,72,-1,75,74,73,-1,79,76,77,-1,79,77,78,-1,83,80,81,-1,83,81,82,-1,87,84,85,-1,87,85,86,-1,91,89,88,-1,91,90,89,-1,95,92,93,-1,95,93,94,-1,99,97,96,-1,99,98,97,-1,103,100,101,-1,103,101,102,-1,107,104,105,-1,107,105,106,-1,111,108,109,-1,111,109,110,-1,115,114,113,-1,112,115,113,-1,119,117,118,-1,116,117,119,-1,123,121,120,-1,123,122,121,-1,127,124,125,-1,127,125,126,-1,131,128,129,-1,131,129,130,-1,135,132,133,-1,135,133,134,-1,139,138,137,-1,136,139,137,-1,143,141,142,-1,140,141,143,-1,147,145,144,-1,147,146,145,-1,151,148,149,-1,151,149,150,-1,155,152,153,-1,155,153,154,-1,159,156,157,-1,159,157,158,-1,163,162,161,-1,160,163,161,-1,167,165,166,-1,164,165,167,-1,171,169,168,-1,171,170,169,-1,175,172,173,-1,175,173,174,-1,179,176,177,-1,179,177,178,-1,183,180,181,-1,183,181,182,-1,187,186,185,-1,184,187,185,-1,191,189,190,-1,188,189,191,-1,195,193,192,-1,195,194,193,-1,199,196,197,-1,199,197,198,-1,203,200,201,-1,203,201,202,-1,207,204,205,-1,207,205,206,-1,211,209,208,-1,211,210,209,-1,215,212,213,-1,215,213,214,-1,219,217,216,-1,219,218,217,-1,223,220,221,-1,223,221,222,-1,227,224,225,-1,227,225,226,-1,231,228,229,-1,231,229,230,-1,235,233,232,-1,235,234,233,-1,239,236,237,-1,239,237,238,-1,243,241,240,-1,243,242,241,-1,247,244,245,-1,247,245,246,-1,251,248,249,-1,251,249,250,-1,255,252,253,-1,255,253,254,-1,259,257,256,-1,259,258,257,-1,263,260,261,-1,263,261,262,-1,267,265,264,-1,267,266,265,-1,271,268,269,-1,271,269,270,-1,275,272,273,-1,275,273,274,-1,279,276,277,-1,279,277,278,-1,283,281,280,-1,283,282,281,-1,287,284,285,-1,287,285,286,-1,291,289,288,-1,291,290,289,-1,295,292,293,-1,295,293,294,-1,299,296,297,-1,299,297,298,-1,303,300,301,-1,303,301,302,-1,307,306,305,-1,304,307,305,-1,311,309,310,-1,308,309,311,-1,315,313,312,-1,315,314,313,-1,319,316,317,-1,319,317,318,-1,323,320,321,-1,323,321,322,-1,327,324,325,-1,327,325,326,-1,331,330,329,-1,328,331,329,-1,335,333,334,-1,332,333,335,-1,339,337,336,-1,339,338,337,-1,343,340,341,-1,343,341,342,-1,347,344,345,-1,347,345,346,-1,351,348,349,-1,351,349,350,-1,355,354,353,-1,352,355,353,-1,359,357,358,-1,356,357,359,-1,363,361,360,-1,363,362,361,-1,367,364,365,-1,367,365,366,-1,371,368,369,-1,371,369,370,-1,375,372,373,-1,375,373,374,-1,379,378,377,-1,376,379,377,-1,383,381,382,-1,380,381,383,-1,387,385,384,-1,387,386,385,-1,391,389,388,-1,391,390,389,-1,395,393,392,-1,395,394,393,-1,399,397,396,-1,399,398,397,-1,400,402,401,-1,400,403,402,-1,404,405,406,-1,404,406,407,-1,411,409,408,-1,411,410,409,-1,415,413,412,-1,415,414,413,-1,419,417,416,-1,419,418,417,-1,423,421,420,-1,423,422,421,-1,424,426,425,-1,424,427,426,-1,428,429,430,-1,428,430,431,-1,435,433,432,-1,435,434,433,-1,439,437,436,-1,439,438,437,-1,443,441,440,-1,443,442,441,-1,447,445,444,-1,447,446,445,-1,448,450,449,-1,448,451,450,-1,452,453,454,-1,452,454,455,-1,459,457,456,-1,459,458,457,-1,463,461,460,-1,463,462,461,-1,467,465,464,-1,467,466,465,-1,471,469,468,-1,471,470,469,-1,472,474,473,-1,472,475,474,-1,476,477,478,-1,476,478,479,-1,483,481,480,-1,483,482,481,-1,487,485,484,-1,487,486,485,-1,491,489,488,-1,491,490,489,-1,495,493,492,-1,495,494,493,-1,496,498,497,-1,496,499,498,-1,500,501,502,-1,500,502,503,-1,507,505,504,-1,507,506,505,-1,511,509,508,-1,511,510,509,-1,515,513,512,-1,515,514,513,-1,519,517,516,-1,519,518,517,-1,520,522,521,-1,520,523,522,-1,524,525,526,-1,524,526,527,-1,531,529,528,-1,531,530,529,-1,535,533,532,-1,535,534,533,-1,539,537,536,-1,539,538,537,-1,543,541,540,-1,543,542,541,-1,544,546,545,-1,544,547,546,-1,548,549,550,-1,548,550,551,-1,555,553,552,-1,555,554,553,-1,559,557,556,-1,559,558,557,-1,563,561,560,-1,563,562,561,-1,567,565,564,-1,567,566,565,-1,568,570,569,-1,568,571,570,-1,572,573,574,-1,572,574,575,-1,579,577,576,-1,579,578,577,-1,583,581,580,-1,583,582,581,-1,587,585,584,-1,587,586,585,-1,591,589,588,-1,591,590,589,-1,592,594,593,-1,592,595,594,-1,596,597,598,-1,596,598,599,-1,603,601,600,-1,603,602,601,-1,607,605,604,-1,607,606,605,-1,611,609,608,-1,611,610,609,-1,615,613,612,-1,615,614,613,-1,616,618,617,-1,616,619,618,-1,620,621,622,-1,620,622,623,-1,627,625,624,-1,627,626,625,-1,631,629,628,-1,631,630,629,-1,635,633,632,-1,635,634,633,-1,639,637,636,-1,639,638,637,-1,640,642,641,-1,640,643,642,-1,644,645,646,-1,644,646,647,-1,651,649,648,-1,651,650,649,-1,655,653,652,-1,655,654,653,-1,659,657,656,-1,659,658,657,-1,663,661,660,-1,663,662,661,-1,664,666,665,-1,664,667,666,-1,668,669,670,-1,668,670,671,-1,675,673,672,-1,675,674,673,-1,679,677,676,-1,679,678,677,-1,683,681,680,-1,683,682,681,-1,687,685,684,-1,687,686,685,-1,688,690,689,-1,688,691,690,-1,692,693,694,-1,692,694,695,-1,699,697,696,-1,699,698,697,-1,703,701,700,-1,703,702,701,-1,707,705,704,-1,707,706,705,-1,711,709,708,-1,711,710,709,-1,712,714,713,-1,712,715,714,-1,716,717,718,-1,716,718,719,-1,723,721,720,-1,723,722,721,-1,727,725,724,-1,727,726,725,-1,731,729,728,-1,731,730,729,-1,735,733,732,-1,735,734,733,-1,736,738,737,-1,736,739,738,-1,740,741,742,-1,740,742,743,-1,747,745,744,-1,747,746,745,-1,751,749,748,-1,751,750,749,-1,755,753,752,-1,755,754,753,-1,759,757,756,-1,759,758,757,-1,760,762,761,-1,760,763,762,-1,764,765,766,-1,764,766,767,-1
        ]
    }
}
