ISO-10303-21;
HEADER;
FILE_DESCRIPTION(('Open CASCADE Model'),'2;1');
FILE_NAME('Open CASCADE Shape Model','2026-08-29T20:24:28',('Author'),(
    'Open CASCADE'),'Open CASCADE STEP processor 7.9','Open CASCADE 7.9'
  ,'Unknown');
FILE_SCHEMA(('AUTOMOTIVE_DESIGN { 1 0 10303 214 1 1 1 1 }'));
ENDSEC;
DATA;
#1 = APPLICATION_PROTOCOL_DEFINITION('international standard',
  'automotive_design',2000,#2);
#2 = APPLICATION_CONTEXT(
  'core data for automotive mechanical design processes');
#3 = SHAPE_DEFINITION_REPRESENTATION(#4,#10);
#4 = PRODUCT_DEFINITION_SHAPE('','',#5);
#5 = PRODUCT_DEFINITION('design','',#6,#9);
#6 = PRODUCT_DEFINITION_FORMATION('','',#7);
#7 = PRODUCT('USB-TYPE-C-SMD_TYPE-C-16P-QTWT',
  'USB-TYPE-C-SMD_TYPE-C-16P-QTWT','',(#8));
#8 = PRODUCT_CONTEXT('',#2,'mechanical');
#9 = PRODUCT_DEFINITION_CONTEXT('part definition',#2,'design');
#10 = SHAPE_REPRESENTATION('',(#11,#15,#2207,#5727,#5877,#6027,#6177,
    #6327,#6477,#6627,#6777,#6927,#7077,#7227,#7377,#7527,#7677,#7827,
    #7977,#8127,#8277,#8427,#8577,#8727,#8877,#9027,#9177,#9327,#9477,
    #9627,#9777,#9927,#10077,#10227,#10377),#10527);
#11 = AXIS2_PLACEMENT_3D('',#12,#13,#14);
#12 = CARTESIAN_POINT('',(0.,0.,0.));
#13 = DIRECTION('',(0.,0.,1.));
#14 = DIRECTION('',(1.,0.,-0.));
#15 = MANIFOLD_SOLID_BREP('',#16);
#16 = CLOSED_SHELL('',(#17,#50,#76,#162,#171,#202,#431,#505,#529,#546,
    #570,#587,#612,#629,#706,#730,#754,#771,#795,#819,#836,#885,#909,
    #934,#951,#977,#989,#1006,#1039,#1081,#1105,#1130,#1147,#1172,#1196,
    #1214,#1240,#1326,#1338,#1350,#1362,#1374,#1383,#1415,#1439,#1464,
    #1488,#1513,#1537,#1562,#1579,#1629,#1760,#1784,#1908,#1925,#1956,
    #1987,#2004,#2021,#2038,#2055,#2067,#2084,#2101,#2118,#2135,#2152,
    #2178,#2195));
#17 = ADVANCED_FACE('',(#18),#45,.T.);
#18 = FACE_BOUND('',#19,.T.);
#19 = EDGE_LOOP('',(#20,#29,#37,#44));
#20 = ORIENTED_EDGE('',*,*,#21,.T.);
#21 = EDGE_CURVE('',#22,#22,#24,.T.);
#22 = VERTEX_POINT('',#23);
#23 = CARTESIAN_POINT('',(3.15,1.273,-1.58));
#24 = CIRCLE('',#25,0.25);
#25 = AXIS2_PLACEMENT_3D('',#26,#27,#28);
#26 = CARTESIAN_POINT('',(2.9,1.273,-1.58));
#27 = DIRECTION('',(0.,0.,-1.));
#28 = DIRECTION('',(1.,0.,0.));
#29 = ORIENTED_EDGE('',*,*,#30,.T.);
#30 = EDGE_CURVE('',#22,#31,#33,.T.);
#31 = VERTEX_POINT('',#32);
#32 = CARTESIAN_POINT('',(3.15,1.273,-2.13));
#33 = LINE('',#34,#35);
#34 = CARTESIAN_POINT('',(3.15,1.273,-1.58));
#35 = VECTOR('',#36,1.);
#36 = DIRECTION('',(0.,0.,-1.));
#37 = ORIENTED_EDGE('',*,*,#38,.F.);
#38 = EDGE_CURVE('',#31,#31,#39,.T.);
#39 = CIRCLE('',#40,0.25);
#40 = AXIS2_PLACEMENT_3D('',#41,#42,#43);
#41 = CARTESIAN_POINT('',(2.9,1.273,-2.13));
#42 = DIRECTION('',(0.,0.,-1.));
#43 = DIRECTION('',(1.,0.,0.));
#44 = ORIENTED_EDGE('',*,*,#30,.F.);
#45 = CYLINDRICAL_SURFACE('',#46,0.25);
#46 = AXIS2_PLACEMENT_3D('',#47,#48,#49);
#47 = CARTESIAN_POINT('',(2.9,1.273,-1.58));
#48 = DIRECTION('',(0.,0.,1.));
#49 = DIRECTION('',(1.,0.,0.));
#50 = ADVANCED_FACE('',(#51),#71,.T.);
#51 = FACE_BOUND('',#52,.T.);
#52 = EDGE_LOOP('',(#53,#62,#63,#64));
#53 = ORIENTED_EDGE('',*,*,#54,.F.);
#54 = EDGE_CURVE('',#31,#55,#57,.T.);
#55 = VERTEX_POINT('',#56);
#56 = CARTESIAN_POINT('',(3.05,1.273,-2.23));
#57 = CIRCLE('',#58,0.1);
#58 = AXIS2_PLACEMENT_3D('',#59,#60,#61);
#59 = CARTESIAN_POINT('',(3.05,1.273,-2.13));
#60 = DIRECTION('',(-0.,1.,0.));
#61 = DIRECTION('',(1.,0.,0.));
#62 = ORIENTED_EDGE('',*,*,#38,.T.);
#63 = ORIENTED_EDGE('',*,*,#54,.T.);
#64 = ORIENTED_EDGE('',*,*,#65,.F.);
#65 = EDGE_CURVE('',#55,#55,#66,.T.);
#66 = CIRCLE('',#67,0.15);
#67 = AXIS2_PLACEMENT_3D('',#68,#69,#70);
#68 = CARTESIAN_POINT('',(2.9,1.273,-2.23));
#69 = DIRECTION('',(0.,0.,-1.));
#70 = DIRECTION('',(1.,0.,0.));
#71 = TOROIDAL_SURFACE('',#72,0.15,0.1);
#72 = AXIS2_PLACEMENT_3D('',#73,#74,#75);
#73 = CARTESIAN_POINT('',(2.9,1.273,-2.13));
#74 = DIRECTION('',(-0.,-0.,-1.));
#75 = DIRECTION('',(1.,0.,0.));
#76 = ADVANCED_FACE('',(#77,#143,#146),#157,.T.);
#77 = FACE_BOUND('',#78,.T.);
#78 = EDGE_LOOP('',(#79,#89,#97,#105,#113,#121,#129,#137));
#79 = ORIENTED_EDGE('',*,*,#80,.F.);
#80 = EDGE_CURVE('',#81,#83,#85,.T.);
#81 = VERTEX_POINT('',#82);
#82 = CARTESIAN_POINT('',(-3.6,2.093,-1.58));
#83 = VERTEX_POINT('',#84);
#84 = CARTESIAN_POINT('',(-3.6,0.843,-1.58));
#85 = LINE('',#86,#87);
#86 = CARTESIAN_POINT('',(-3.6,2.093,-1.58));
#87 = VECTOR('',#88,1.);
#88 = DIRECTION('',(0.,-1.,2.2E-16));
#89 = ORIENTED_EDGE('',*,*,#90,.F.);
#90 = EDGE_CURVE('',#91,#81,#93,.T.);
#91 = VERTEX_POINT('',#92);
#92 = CARTESIAN_POINT('',(-3.4,2.093,-1.58));
#93 = LINE('',#94,#95);
#94 = CARTESIAN_POINT('',(3.6,2.093,-1.58));
#95 = VECTOR('',#96,1.);
#96 = DIRECTION('',(-1.,0.,0.));
#97 = ORIENTED_EDGE('',*,*,#98,.T.);
#98 = EDGE_CURVE('',#91,#99,#101,.T.);
#99 = VERTEX_POINT('',#100);
#100 = CARTESIAN_POINT('',(-3.4,1.793,-1.58));
#101 = LINE('',#102,#103);
#102 = CARTESIAN_POINT('',(-3.4,1.7805,-1.58));
#103 = VECTOR('',#104,1.);
#104 = DIRECTION('',(0.,-1.,0.));
#105 = ORIENTED_EDGE('',*,*,#106,.T.);
#106 = EDGE_CURVE('',#99,#107,#109,.T.);
#107 = VERTEX_POINT('',#108);
#108 = CARTESIAN_POINT('',(3.4,1.793,-1.58));
#109 = LINE('',#110,#111);
#110 = CARTESIAN_POINT('',(0.,1.793,-1.58));
#111 = VECTOR('',#112,1.);
#112 = DIRECTION('',(1.,0.,0.));
#113 = ORIENTED_EDGE('',*,*,#114,.T.);
#114 = EDGE_CURVE('',#107,#115,#117,.T.);
#115 = VERTEX_POINT('',#116);
#116 = CARTESIAN_POINT('',(3.4,2.093,-1.58));
#117 = LINE('',#118,#119);
#118 = CARTESIAN_POINT('',(3.4,1.7805,-1.58));
#119 = VECTOR('',#120,1.);
#120 = DIRECTION('',(0.,1.,0.));
#121 = ORIENTED_EDGE('',*,*,#122,.F.);
#122 = EDGE_CURVE('',#123,#115,#125,.T.);
#123 = VERTEX_POINT('',#124);
#124 = CARTESIAN_POINT('',(3.6,2.093,-1.58));
#125 = LINE('',#126,#127);
#126 = CARTESIAN_POINT('',(3.6,2.093,-1.58));
#127 = VECTOR('',#128,1.);
#128 = DIRECTION('',(-1.,0.,0.));
#129 = ORIENTED_EDGE('',*,*,#130,.T.);
#130 = EDGE_CURVE('',#123,#131,#133,.T.);
#131 = VERTEX_POINT('',#132);
#132 = CARTESIAN_POINT('',(3.6,0.843,-1.58));
#133 = LINE('',#134,#135);
#134 = CARTESIAN_POINT('',(3.6,2.093,-1.58));
#135 = VECTOR('',#136,1.);
#136 = DIRECTION('',(0.,-1.,2.2E-16));
#137 = ORIENTED_EDGE('',*,*,#138,.F.);
#138 = EDGE_CURVE('',#83,#131,#139,.T.);
#139 = LINE('',#140,#141);
#140 = CARTESIAN_POINT('',(-3.6,0.843,-1.58));
#141 = VECTOR('',#142,1.);
#142 = DIRECTION('',(1.,0.,0.));
#143 = FACE_BOUND('',#144,.T.);
#144 = EDGE_LOOP('',(#145));
#145 = ORIENTED_EDGE('',*,*,#21,.F.);
#146 = FACE_BOUND('',#147,.T.);
#147 = EDGE_LOOP('',(#148));
#148 = ORIENTED_EDGE('',*,*,#149,.F.);
#149 = EDGE_CURVE('',#150,#150,#152,.T.);
#150 = VERTEX_POINT('',#151);
#151 = CARTESIAN_POINT('',(-2.65,1.273,-1.58));
#152 = CIRCLE('',#153,0.25);
#153 = AXIS2_PLACEMENT_3D('',#154,#155,#156);
#154 = CARTESIAN_POINT('',(-2.9,1.273,-1.58));
#155 = DIRECTION('',(0.,0.,-1.));
#156 = DIRECTION('',(1.,0.,0.));
#157 = PLANE('',#158);
#158 = AXIS2_PLACEMENT_3D('',#159,#160,#161);
#159 = CARTESIAN_POINT('',(0.,1.468,-1.58));
#160 = DIRECTION('',(-0.,-0.,-1.));
#161 = DIRECTION('',(-1.,0.,0.));
#162 = ADVANCED_FACE('',(#163),#166,.F.);
#163 = FACE_BOUND('',#164,.F.);
#164 = EDGE_LOOP('',(#165));
#165 = ORIENTED_EDGE('',*,*,#65,.F.);
#166 = PLANE('',#167);
#167 = AXIS2_PLACEMENT_3D('',#168,#169,#170);
#168 = CARTESIAN_POINT('',(-1.7E-16,1.273,-2.23));
#169 = DIRECTION('',(0.,0.,1.));
#170 = DIRECTION('',(1.,0.,0.));
#171 = ADVANCED_FACE('',(#172),#197,.F.);
#172 = FACE_BOUND('',#173,.F.);
#173 = EDGE_LOOP('',(#174,#184,#190,#191));
#174 = ORIENTED_EDGE('',*,*,#175,.T.);
#175 = EDGE_CURVE('',#176,#178,#180,.T.);
#176 = VERTEX_POINT('',#177);
#177 = CARTESIAN_POINT('',(-3.6,2.093,-1.28));
#178 = VERTEX_POINT('',#179);
#179 = CARTESIAN_POINT('',(-3.6,0.843,-1.28));
#180 = LINE('',#181,#182);
#181 = CARTESIAN_POINT('',(-3.6,2.093,-1.28));
#182 = VECTOR('',#183,1.);
#183 = DIRECTION('',(0.,-1.,2.2E-16));
#184 = ORIENTED_EDGE('',*,*,#185,.T.);
#185 = EDGE_CURVE('',#178,#83,#186,.T.);
#186 = LINE('',#187,#188);
#187 = CARTESIAN_POINT('',(-3.6,0.843,-1.28));
#188 = VECTOR('',#189,1.);
#189 = DIRECTION('',(0.,0.,-1.));
#190 = ORIENTED_EDGE('',*,*,#80,.F.);
#191 = ORIENTED_EDGE('',*,*,#192,.F.);
#192 = EDGE_CURVE('',#176,#81,#193,.T.);
#193 = LINE('',#194,#195);
#194 = CARTESIAN_POINT('',(-3.6,2.093,-1.28));
#195 = VECTOR('',#196,1.);
#196 = DIRECTION('',(0.,0.,-1.));
#197 = PLANE('',#198);
#198 = AXIS2_PLACEMENT_3D('',#199,#200,#201);
#199 = CARTESIAN_POINT('',(-3.6,2.093,-1.28));
#200 = DIRECTION('',(1.,0.,0.));
#201 = DIRECTION('',(0.,-2.2E-16,-1.));
#202 = ADVANCED_FACE('',(#203),#426,.T.);
#203 = FACE_BOUND('',#204,.T.);
#204 = EDGE_LOOP('',(#205,#215,#224,#232,#241,#249,#258,#266,#274,#280,
    #281,#289,#297,#303,#304,#305,#313,#321,#330,#338,#347,#355,#364,
    #372,#380,#388,#396,#404,#412,#420));
#205 = ORIENTED_EDGE('',*,*,#206,.F.);
#206 = EDGE_CURVE('',#207,#209,#211,.T.);
#207 = VERTEX_POINT('',#208);
#208 = CARTESIAN_POINT('',(3.2,2.093,1.28));
#209 = VERTEX_POINT('',#210);
#210 = CARTESIAN_POINT('',(2.464592,2.093,1.28));
#211 = LINE('',#212,#213);
#212 = CARTESIAN_POINT('',(3.2,2.093,1.28));
#213 = VECTOR('',#214,1.);
#214 = DIRECTION('',(-1.,0.,0.));
#215 = ORIENTED_EDGE('',*,*,#216,.T.);
#216 = EDGE_CURVE('',#207,#217,#219,.T.);
#217 = VERTEX_POINT('',#218);
#218 = CARTESIAN_POINT('',(3.8740117799,2.093,1.011412763841));
#219 = CIRCLE('',#220,0.98);
#220 = AXIS2_PLACEMENT_3D('',#221,#222,#223);
#221 = CARTESIAN_POINT('',(3.2,2.093,0.3));
#222 = DIRECTION('',(0.,1.,-0.));
#223 = DIRECTION('',(-1.,0.,0.));
#224 = ORIENTED_EDGE('',*,*,#225,.T.);
#225 = EDGE_CURVE('',#217,#226,#228,.T.);
#226 = VERTEX_POINT('',#227);
#227 = CARTESIAN_POINT('',(4.064121838531,2.093,1.212072049448));
#228 = LINE('',#229,#230);
#229 = CARTESIAN_POINT('',(3.2,2.093,0.3));
#230 = VECTOR('',#231,1.);
#231 = DIRECTION('',(0.687767122347,0.,0.725931391675));
#232 = ORIENTED_EDGE('',*,*,#233,.F.);
#233 = EDGE_CURVE('',#234,#226,#236,.T.);
#234 = VERTEX_POINT('',#235);
#235 = CARTESIAN_POINT('',(4.416547,2.093,0.613999));
#236 = CIRCLE('',#237,1.256416322407);
#237 = AXIS2_PLACEMENT_3D('',#238,#239,#240);
#238 = CARTESIAN_POINT('',(3.2,2.093,0.3));
#239 = DIRECTION('',(0.,-1.,0.));
#240 = DIRECTION('',(1.,0.,0.));
#241 = ORIENTED_EDGE('',*,*,#242,.T.);
#242 = EDGE_CURVE('',#234,#243,#245,.T.);
#243 = VERTEX_POINT('',#244);
#244 = CARTESIAN_POINT('',(4.148902078665,2.093,0.544918037526));
#245 = LINE('',#246,#247);
#246 = CARTESIAN_POINT('',(4.416547,2.093,0.613999));
#247 = VECTOR('',#248,1.);
#248 = DIRECTION('',(-0.968267427209,-0.,-0.249916364823));
#249 = ORIENTED_EDGE('',*,*,#250,.T.);
#250 = EDGE_CURVE('',#243,#251,#253,.T.);
#251 = VERTEX_POINT('',#252);
#252 = CARTESIAN_POINT('',(4.18,2.093,0.3));
#253 = CIRCLE('',#254,0.98);
#254 = AXIS2_PLACEMENT_3D('',#255,#256,#257);
#255 = CARTESIAN_POINT('',(3.2,2.093,0.3));
#256 = DIRECTION('',(0.,1.,-0.));
#257 = DIRECTION('',(-1.,0.,0.));
#258 = ORIENTED_EDGE('',*,*,#259,.T.);
#259 = EDGE_CURVE('',#251,#260,#262,.T.);
#260 = VERTEX_POINT('',#261);
#261 = CARTESIAN_POINT('',(4.18,2.093,-1.28));
#262 = LINE('',#263,#264);
#263 = CARTESIAN_POINT('',(4.18,2.093,-0.3));
#264 = VECTOR('',#265,1.);
#265 = DIRECTION('',(0.,-2.2E-16,-1.));
#266 = ORIENTED_EDGE('',*,*,#267,.T.);
#267 = EDGE_CURVE('',#260,#268,#270,.T.);
#268 = VERTEX_POINT('',#269);
#269 = CARTESIAN_POINT('',(3.6,2.093,-1.28));
#270 = LINE('',#271,#272);
#271 = CARTESIAN_POINT('',(4.18,2.093,-1.28));
#272 = VECTOR('',#273,1.);
#273 = DIRECTION('',(-1.,0.,0.));
#274 = ORIENTED_EDGE('',*,*,#275,.T.);
#275 = EDGE_CURVE('',#268,#123,#276,.T.);
#276 = LINE('',#277,#278);
#277 = CARTESIAN_POINT('',(3.6,2.093,-1.28));
#278 = VECTOR('',#279,1.);
#279 = DIRECTION('',(0.,0.,-1.));
#280 = ORIENTED_EDGE('',*,*,#122,.T.);
#281 = ORIENTED_EDGE('',*,*,#282,.T.);
#282 = EDGE_CURVE('',#115,#283,#285,.T.);
#283 = VERTEX_POINT('',#284);
#284 = CARTESIAN_POINT('',(3.4,2.093,-1.43));
#285 = LINE('',#286,#287);
#286 = CARTESIAN_POINT('',(3.4,2.093,-3.012679));
#287 = VECTOR('',#288,1.);
#288 = DIRECTION('',(0.,0.,1.));
#289 = ORIENTED_EDGE('',*,*,#290,.T.);
#290 = EDGE_CURVE('',#283,#291,#293,.T.);
#291 = VERTEX_POINT('',#292);
#292 = CARTESIAN_POINT('',(-3.4,2.093,-1.43));
#293 = LINE('',#294,#295);
#294 = CARTESIAN_POINT('',(3.4,2.093,-1.43));
#295 = VECTOR('',#296,1.);
#296 = DIRECTION('',(-1.,0.,0.));
#297 = ORIENTED_EDGE('',*,*,#298,.T.);
#298 = EDGE_CURVE('',#291,#91,#299,.T.);
#299 = LINE('',#300,#301);
#300 = CARTESIAN_POINT('',(-3.4,2.093,-1.43));
#301 = VECTOR('',#302,1.);
#302 = DIRECTION('',(0.,0.,-1.));
#303 = ORIENTED_EDGE('',*,*,#90,.T.);
#304 = ORIENTED_EDGE('',*,*,#192,.F.);
#305 = ORIENTED_EDGE('',*,*,#306,.F.);
#306 = EDGE_CURVE('',#307,#176,#309,.T.);
#307 = VERTEX_POINT('',#308);
#308 = CARTESIAN_POINT('',(-4.18,2.093,-1.28));
#309 = LINE('',#310,#311);
#310 = CARTESIAN_POINT('',(-4.18,2.093,-1.28));
#311 = VECTOR('',#312,1.);
#312 = DIRECTION('',(1.,0.,0.));
#313 = ORIENTED_EDGE('',*,*,#314,.F.);
#314 = EDGE_CURVE('',#315,#307,#317,.T.);
#315 = VERTEX_POINT('',#316);
#316 = CARTESIAN_POINT('',(-4.18,2.093,0.3));
#317 = LINE('',#318,#319);
#318 = CARTESIAN_POINT('',(-4.18,2.093,0.3));
#319 = VECTOR('',#320,1.);
#320 = DIRECTION('',(0.,-2.2E-16,-1.));
#321 = ORIENTED_EDGE('',*,*,#322,.T.);
#322 = EDGE_CURVE('',#315,#323,#325,.T.);
#323 = VERTEX_POINT('',#324);
#324 = CARTESIAN_POINT('',(-4.148902078665,2.093,0.544918037526));
#325 = CIRCLE('',#326,0.98);
#326 = AXIS2_PLACEMENT_3D('',#327,#328,#329);
#327 = CARTESIAN_POINT('',(-3.2,2.093,0.3));
#328 = DIRECTION('',(0.,1.,-0.));
#329 = DIRECTION('',(-1.,0.,0.));
#330 = ORIENTED_EDGE('',*,*,#331,.F.);
#331 = EDGE_CURVE('',#332,#323,#334,.T.);
#332 = VERTEX_POINT('',#333);
#333 = CARTESIAN_POINT('',(-4.416547,2.093,0.613999));
#334 = LINE('',#335,#336);
#335 = CARTESIAN_POINT('',(-4.416547,2.093,0.613999));
#336 = VECTOR('',#337,1.);
#337 = DIRECTION('',(0.968267427209,0.,-0.249916364823));
#338 = ORIENTED_EDGE('',*,*,#339,.F.);
#339 = EDGE_CURVE('',#340,#332,#342,.T.);
#340 = VERTEX_POINT('',#341);
#341 = CARTESIAN_POINT('',(-4.064121838531,2.093,1.212072049448));
#342 = CIRCLE('',#343,1.256416322407);
#343 = AXIS2_PLACEMENT_3D('',#344,#345,#346);
#344 = CARTESIAN_POINT('',(-3.2,2.093,0.3));
#345 = DIRECTION('',(0.,-1.,0.));
#346 = DIRECTION('',(1.,0.,0.));
#347 = ORIENTED_EDGE('',*,*,#348,.F.);
#348 = EDGE_CURVE('',#349,#340,#351,.T.);
#349 = VERTEX_POINT('',#350);
#350 = CARTESIAN_POINT('',(-3.8740117799,2.093,1.011412763841));
#351 = LINE('',#352,#353);
#352 = CARTESIAN_POINT('',(-3.2,2.093,0.3));
#353 = VECTOR('',#354,1.);
#354 = DIRECTION('',(-0.687767122347,0.,0.725931391675));
#355 = ORIENTED_EDGE('',*,*,#356,.T.);
#356 = EDGE_CURVE('',#349,#357,#359,.T.);
#357 = VERTEX_POINT('',#358);
#358 = CARTESIAN_POINT('',(-3.2,2.093,1.28));
#359 = CIRCLE('',#360,0.98);
#360 = AXIS2_PLACEMENT_3D('',#361,#362,#363);
#361 = CARTESIAN_POINT('',(-3.2,2.093,0.3));
#362 = DIRECTION('',(0.,1.,-0.));
#363 = DIRECTION('',(-1.,0.,0.));
#364 = ORIENTED_EDGE('',*,*,#365,.F.);
#365 = EDGE_CURVE('',#366,#357,#368,.T.);
#366 = VERTEX_POINT('',#367);
#367 = CARTESIAN_POINT('',(-2.464592,2.093,1.28));
#368 = LINE('',#369,#370);
#369 = CARTESIAN_POINT('',(3.2,2.093,1.28));
#370 = VECTOR('',#371,1.);
#371 = DIRECTION('',(-1.,0.,0.));
#372 = ORIENTED_EDGE('',*,*,#373,.T.);
#373 = EDGE_CURVE('',#366,#374,#376,.T.);
#374 = VERTEX_POINT('',#375);
#375 = CARTESIAN_POINT('',(-2.464592,2.093,0.821531));
#376 = LINE('',#377,#378);
#377 = CARTESIAN_POINT('',(-2.464592,2.093,1.490388));
#378 = VECTOR('',#379,1.);
#379 = DIRECTION('',(0.,0.,-1.));
#380 = ORIENTED_EDGE('',*,*,#381,.T.);
#381 = EDGE_CURVE('',#374,#382,#384,.T.);
#382 = VERTEX_POINT('',#383);
#383 = CARTESIAN_POINT('',(-0.966935,2.093,0.821531));
#384 = LINE('',#385,#386);
#385 = CARTESIAN_POINT('',(-2.464592,2.093,0.821531));
#386 = VECTOR('',#387,1.);
#387 = DIRECTION('',(1.,0.,0.));
#388 = ORIENTED_EDGE('',*,*,#389,.T.);
#389 = EDGE_CURVE('',#382,#390,#392,.T.);
#390 = VERTEX_POINT('',#391);
#391 = CARTESIAN_POINT('',(-0.966935,2.093,1.28));
#392 = LINE('',#393,#394);
#393 = CARTESIAN_POINT('',(-0.966935,2.093,0.821531));
#394 = VECTOR('',#395,1.);
#395 = DIRECTION('',(0.,0.,1.));
#396 = ORIENTED_EDGE('',*,*,#397,.F.);
#397 = EDGE_CURVE('',#398,#390,#400,.T.);
#398 = VERTEX_POINT('',#399);
#399 = CARTESIAN_POINT('',(0.966935,2.093,1.28));
#400 = LINE('',#401,#402);
#401 = CARTESIAN_POINT('',(3.2,2.093,1.28));
#402 = VECTOR('',#403,1.);
#403 = DIRECTION('',(-1.,0.,0.));
#404 = ORIENTED_EDGE('',*,*,#405,.F.);
#405 = EDGE_CURVE('',#406,#398,#408,.T.);
#406 = VERTEX_POINT('',#407);
#407 = CARTESIAN_POINT('',(0.966935,2.093,0.821531));
#408 = LINE('',#409,#410);
#409 = CARTESIAN_POINT('',(0.966935,2.093,0.821531));
#410 = VECTOR('',#411,1.);
#411 = DIRECTION('',(0.,0.,1.));
#412 = ORIENTED_EDGE('',*,*,#413,.F.);
#413 = EDGE_CURVE('',#414,#406,#416,.T.);
#414 = VERTEX_POINT('',#415);
#415 = CARTESIAN_POINT('',(2.464592,2.093,0.821531));
#416 = LINE('',#417,#418);
#417 = CARTESIAN_POINT('',(2.464592,2.093,0.821531));
#418 = VECTOR('',#419,1.);
#419 = DIRECTION('',(-1.,0.,0.));
#420 = ORIENTED_EDGE('',*,*,#421,.F.);
#421 = EDGE_CURVE('',#209,#414,#422,.T.);
#422 = LINE('',#423,#424);
#423 = CARTESIAN_POINT('',(2.464592,2.093,1.490388));
#424 = VECTOR('',#425,1.);
#425 = DIRECTION('',(0.,0.,-1.));
#426 = PLANE('',#427);
#427 = AXIS2_PLACEMENT_3D('',#428,#429,#430);
#428 = CARTESIAN_POINT('',(2.7E-16,2.093,-0.124847718804));
#429 = DIRECTION('',(0.,1.,-2.2E-16));
#430 = DIRECTION('',(0.,2.2E-16,1.));
#431 = ADVANCED_FACE('',(#432),#500,.F.);
#432 = FACE_BOUND('',#433,.F.);
#433 = EDGE_LOOP('',(#434,#445,#453,#461,#467,#468,#469,#477,#485,#494)
  );
#434 = ORIENTED_EDGE('',*,*,#435,.T.);
#435 = EDGE_CURVE('',#436,#438,#440,.T.);
#436 = VERTEX_POINT('',#437);
#437 = CARTESIAN_POINT('',(3.200000017464,0.843,-1.28));
#438 = VERTEX_POINT('',#439);
#439 = CARTESIAN_POINT('',(4.18,0.843,-0.3));
#440 = CIRCLE('',#441,0.98);
#441 = AXIS2_PLACEMENT_3D('',#442,#443,#444);
#442 = CARTESIAN_POINT('',(3.2,0.843,-0.3));
#443 = DIRECTION('',(0.,-1.,2.2E-16));
#444 = DIRECTION('',(-1.,0.,0.));
#445 = ORIENTED_EDGE('',*,*,#446,.T.);
#446 = EDGE_CURVE('',#438,#447,#449,.T.);
#447 = VERTEX_POINT('',#448);
#448 = CARTESIAN_POINT('',(4.18,0.843,-1.28));
#449 = LINE('',#450,#451);
#450 = CARTESIAN_POINT('',(4.18,0.843,-0.3));
#451 = VECTOR('',#452,1.);
#452 = DIRECTION('',(0.,0.,-1.));
#453 = ORIENTED_EDGE('',*,*,#454,.T.);
#454 = EDGE_CURVE('',#447,#455,#457,.T.);
#455 = VERTEX_POINT('',#456);
#456 = CARTESIAN_POINT('',(3.6,0.843,-1.28));
#457 = LINE('',#458,#459);
#458 = CARTESIAN_POINT('',(4.18,0.843,-1.28));
#459 = VECTOR('',#460,1.);
#460 = DIRECTION('',(-1.,0.,0.));
#461 = ORIENTED_EDGE('',*,*,#462,.T.);
#462 = EDGE_CURVE('',#455,#131,#463,.T.);
#463 = LINE('',#464,#465);
#464 = CARTESIAN_POINT('',(3.6,0.843,-1.28));
#465 = VECTOR('',#466,1.);
#466 = DIRECTION('',(0.,0.,-1.));
#467 = ORIENTED_EDGE('',*,*,#138,.F.);
#468 = ORIENTED_EDGE('',*,*,#185,.F.);
#469 = ORIENTED_EDGE('',*,*,#470,.F.);
#470 = EDGE_CURVE('',#471,#178,#473,.T.);
#471 = VERTEX_POINT('',#472);
#472 = CARTESIAN_POINT('',(-4.18,0.843,-1.28));
#473 = LINE('',#474,#475);
#474 = CARTESIAN_POINT('',(-4.18,0.843,-1.28));
#475 = VECTOR('',#476,1.);
#476 = DIRECTION('',(1.,0.,0.));
#477 = ORIENTED_EDGE('',*,*,#478,.F.);
#478 = EDGE_CURVE('',#479,#471,#481,.T.);
#479 = VERTEX_POINT('',#480);
#480 = CARTESIAN_POINT('',(-4.18,0.843,-0.3));
#481 = LINE('',#482,#483);
#482 = CARTESIAN_POINT('',(-4.18,0.843,-0.3));
#483 = VECTOR('',#484,1.);
#484 = DIRECTION('',(0.,0.,-1.));
#485 = ORIENTED_EDGE('',*,*,#486,.T.);
#486 = EDGE_CURVE('',#479,#487,#489,.T.);
#487 = VERTEX_POINT('',#488);
#488 = CARTESIAN_POINT('',(-3.2,0.843,-1.28));
#489 = CIRCLE('',#490,0.98);
#490 = AXIS2_PLACEMENT_3D('',#491,#492,#493);
#491 = CARTESIAN_POINT('',(-3.2,0.843,-0.3));
#492 = DIRECTION('',(0.,-1.,2.2E-16));
#493 = DIRECTION('',(-1.,0.,0.));
#494 = ORIENTED_EDGE('',*,*,#495,.F.);
#495 = EDGE_CURVE('',#436,#487,#496,.T.);
#496 = LINE('',#497,#498);
#497 = CARTESIAN_POINT('',(1.600000008733,0.843,-1.28));
#498 = VECTOR('',#499,1.);
#499 = DIRECTION('',(-1.,0.,0.));
#500 = PLANE('',#501);
#501 = AXIS2_PLACEMENT_3D('',#502,#503,#504);
#502 = CARTESIAN_POINT('',(5.E-17,0.843,-0.921950207469));
#503 = DIRECTION('',(0.,1.,0.));
#504 = DIRECTION('',(0.,0.,1.));
#505 = ADVANCED_FACE('',(#506),#524,.T.);
#506 = FACE_BOUND('',#507,.T.);
#507 = EDGE_LOOP('',(#508,#509,#517,#523));
#508 = ORIENTED_EDGE('',*,*,#298,.F.);
#509 = ORIENTED_EDGE('',*,*,#510,.T.);
#510 = EDGE_CURVE('',#291,#511,#513,.T.);
#511 = VERTEX_POINT('',#512);
#512 = CARTESIAN_POINT('',(-3.4,1.793,-1.43));
#513 = LINE('',#514,#515);
#514 = CARTESIAN_POINT('',(-3.4,2.093,-1.43));
#515 = VECTOR('',#516,1.);
#516 = DIRECTION('',(0.,-1.,2.2E-16));
#517 = ORIENTED_EDGE('',*,*,#518,.T.);
#518 = EDGE_CURVE('',#511,#99,#519,.T.);
#519 = LINE('',#520,#521);
#520 = CARTESIAN_POINT('',(-3.4,1.793,-1.43));
#521 = VECTOR('',#522,1.);
#522 = DIRECTION('',(0.,0.,-1.));
#523 = ORIENTED_EDGE('',*,*,#98,.F.);
#524 = PLANE('',#525);
#525 = AXIS2_PLACEMENT_3D('',#526,#527,#528);
#526 = CARTESIAN_POINT('',(-3.4,2.093,-1.43));
#527 = DIRECTION('',(1.,0.,0.));
#528 = DIRECTION('',(0.,-2.2E-16,-1.));
#529 = ADVANCED_FACE('',(#530),#541,.T.);
#530 = FACE_BOUND('',#531,.T.);
#531 = EDGE_LOOP('',(#532,#538,#539,#540));
#532 = ORIENTED_EDGE('',*,*,#533,.T.);
#533 = EDGE_CURVE('',#268,#455,#534,.T.);
#534 = LINE('',#535,#536);
#535 = CARTESIAN_POINT('',(3.6,2.093,-1.28));
#536 = VECTOR('',#537,1.);
#537 = DIRECTION('',(0.,-1.,2.2E-16));
#538 = ORIENTED_EDGE('',*,*,#462,.T.);
#539 = ORIENTED_EDGE('',*,*,#130,.F.);
#540 = ORIENTED_EDGE('',*,*,#275,.F.);
#541 = PLANE('',#542);
#542 = AXIS2_PLACEMENT_3D('',#543,#544,#545);
#543 = CARTESIAN_POINT('',(3.6,2.093,-1.28));
#544 = DIRECTION('',(1.,0.,0.));
#545 = DIRECTION('',(0.,-2.2E-16,-1.));
#546 = ADVANCED_FACE('',(#547),#565,.T.);
#547 = FACE_BOUND('',#548,.T.);
#548 = EDGE_LOOP('',(#549,#557,#558,#559));
#549 = ORIENTED_EDGE('',*,*,#550,.F.);
#550 = EDGE_CURVE('',#107,#551,#553,.T.);
#551 = VERTEX_POINT('',#552);
#552 = CARTESIAN_POINT('',(3.4,1.793,-1.43));
#553 = LINE('',#554,#555);
#554 = CARTESIAN_POINT('',(3.4,1.793,-3.012679));
#555 = VECTOR('',#556,1.);
#556 = DIRECTION('',(0.,0.,1.));
#557 = ORIENTED_EDGE('',*,*,#106,.F.);
#558 = ORIENTED_EDGE('',*,*,#518,.F.);
#559 = ORIENTED_EDGE('',*,*,#560,.F.);
#560 = EDGE_CURVE('',#551,#511,#561,.T.);
#561 = LINE('',#562,#563);
#562 = CARTESIAN_POINT('',(3.4,1.793,-1.43));
#563 = VECTOR('',#564,1.);
#564 = DIRECTION('',(-1.,0.,0.));
#565 = PLANE('',#566);
#566 = AXIS2_PLACEMENT_3D('',#567,#568,#569);
#567 = CARTESIAN_POINT('',(0.,1.793,-2.2213395));
#568 = DIRECTION('',(0.,1.,0.));
#569 = DIRECTION('',(0.,0.,1.));
#570 = ADVANCED_FACE('',(#571),#582,.T.);
#571 = FACE_BOUND('',#572,.T.);
#572 = EDGE_LOOP('',(#573,#574,#575,#576));
#573 = ORIENTED_EDGE('',*,*,#282,.F.);
#574 = ORIENTED_EDGE('',*,*,#114,.F.);
#575 = ORIENTED_EDGE('',*,*,#550,.T.);
#576 = ORIENTED_EDGE('',*,*,#577,.F.);
#577 = EDGE_CURVE('',#283,#551,#578,.T.);
#578 = LINE('',#579,#580);
#579 = CARTESIAN_POINT('',(3.4,2.093,-1.43));
#580 = VECTOR('',#581,1.);
#581 = DIRECTION('',(0.,-1.,2.2E-16));
#582 = PLANE('',#583);
#583 = AXIS2_PLACEMENT_3D('',#584,#585,#586);
#584 = CARTESIAN_POINT('',(3.4,2.093,-3.012679));
#585 = DIRECTION('',(-1.,0.,0.));
#586 = DIRECTION('',(0.,2.2E-16,1.));
#587 = ADVANCED_FACE('',(#588),#607,.T.);
#588 = FACE_BOUND('',#589,.T.);
#589 = EDGE_LOOP('',(#590,#591,#599,#606));
#590 = ORIENTED_EDGE('',*,*,#149,.T.);
#591 = ORIENTED_EDGE('',*,*,#592,.T.);
#592 = EDGE_CURVE('',#150,#593,#595,.T.);
#593 = VERTEX_POINT('',#594);
#594 = CARTESIAN_POINT('',(-2.65,1.273,-2.13));
#595 = LINE('',#596,#597);
#596 = CARTESIAN_POINT('',(-2.65,1.273,-1.58));
#597 = VECTOR('',#598,1.);
#598 = DIRECTION('',(0.,0.,-1.));
#599 = ORIENTED_EDGE('',*,*,#600,.F.);
#600 = EDGE_CURVE('',#593,#593,#601,.T.);
#601 = CIRCLE('',#602,0.25);
#602 = AXIS2_PLACEMENT_3D('',#603,#604,#605);
#603 = CARTESIAN_POINT('',(-2.9,1.273,-2.13));
#604 = DIRECTION('',(0.,0.,-1.));
#605 = DIRECTION('',(1.,0.,0.));
#606 = ORIENTED_EDGE('',*,*,#592,.F.);
#607 = CYLINDRICAL_SURFACE('',#608,0.25);
#608 = AXIS2_PLACEMENT_3D('',#609,#610,#611);
#609 = CARTESIAN_POINT('',(-2.9,1.273,-1.58));
#610 = DIRECTION('',(0.,0.,1.));
#611 = DIRECTION('',(1.,0.,0.));
#612 = ADVANCED_FACE('',(#613),#624,.F.);
#613 = FACE_BOUND('',#614,.F.);
#614 = EDGE_LOOP('',(#615,#621,#622,#623));
#615 = ORIENTED_EDGE('',*,*,#616,.T.);
#616 = EDGE_CURVE('',#307,#471,#617,.T.);
#617 = LINE('',#618,#619);
#618 = CARTESIAN_POINT('',(-4.18,2.093,-1.28));
#619 = VECTOR('',#620,1.);
#620 = DIRECTION('',(0.,-1.,2.2E-16));
#621 = ORIENTED_EDGE('',*,*,#470,.T.);
#622 = ORIENTED_EDGE('',*,*,#175,.F.);
#623 = ORIENTED_EDGE('',*,*,#306,.F.);
#624 = PLANE('',#625);
#625 = AXIS2_PLACEMENT_3D('',#626,#627,#628);
#626 = CARTESIAN_POINT('',(-4.18,2.093,-1.28));
#627 = DIRECTION('',(0.,2.2E-16,1.));
#628 = DIRECTION('',(1.,0.,0.));
#629 = ADVANCED_FACE('',(#630),#701,.T.);
#630 = FACE_BOUND('',#631,.T.);
#631 = EDGE_LOOP('',(#632,#642,#648,#649,#657,#665,#671,#672,#680,#688,
    #694,#695));
#632 = ORIENTED_EDGE('',*,*,#633,.F.);
#633 = EDGE_CURVE('',#634,#636,#638,.T.);
#634 = VERTEX_POINT('',#635);
#635 = CARTESIAN_POINT('',(3.2,-0.507,1.28));
#636 = VERTEX_POINT('',#637);
#637 = CARTESIAN_POINT('',(-3.2,-0.507,1.28));
#638 = LINE('',#639,#640);
#639 = CARTESIAN_POINT('',(3.2,-0.507,1.28));
#640 = VECTOR('',#641,1.);
#641 = DIRECTION('',(-1.,0.,0.));
#642 = ORIENTED_EDGE('',*,*,#643,.T.);
#643 = EDGE_CURVE('',#634,#207,#644,.T.);
#644 = LINE('',#645,#646);
#645 = CARTESIAN_POINT('',(3.2,-0.507,1.28));
#646 = VECTOR('',#647,1.);
#647 = DIRECTION('',(0.,1.,-2.2E-16));
#648 = ORIENTED_EDGE('',*,*,#206,.T.);
#649 = ORIENTED_EDGE('',*,*,#650,.F.);
#650 = EDGE_CURVE('',#651,#209,#653,.T.);
#651 = VERTEX_POINT('',#652);
#652 = CARTESIAN_POINT('',(2.464592,1.193,1.28));
#653 = LINE('',#654,#655);
#654 = CARTESIAN_POINT('',(2.464592,0.793,1.28));
#655 = VECTOR('',#656,1.);
#656 = DIRECTION('',(0.,1.,-2.2E-16));
#657 = ORIENTED_EDGE('',*,*,#658,.T.);
#658 = EDGE_CURVE('',#651,#659,#661,.T.);
#659 = VERTEX_POINT('',#660);
#660 = CARTESIAN_POINT('',(0.966935,1.193,1.28));
#661 = LINE('',#662,#663);
#662 = CARTESIAN_POINT('',(1.6,1.193,1.28));
#663 = VECTOR('',#664,1.);
#664 = DIRECTION('',(-1.,0.,0.));
#665 = ORIENTED_EDGE('',*,*,#666,.F.);
#666 = EDGE_CURVE('',#398,#659,#667,.T.);
#667 = LINE('',#668,#669);
#668 = CARTESIAN_POINT('',(0.966935,0.793,1.28));
#669 = VECTOR('',#670,1.);
#670 = DIRECTION('',(0.,-1.,2.2E-16));
#671 = ORIENTED_EDGE('',*,*,#397,.T.);
#672 = ORIENTED_EDGE('',*,*,#673,.T.);
#673 = EDGE_CURVE('',#390,#674,#676,.T.);
#674 = VERTEX_POINT('',#675);
#675 = CARTESIAN_POINT('',(-0.966935,1.193,1.28));
#676 = LINE('',#677,#678);
#677 = CARTESIAN_POINT('',(-0.966935,0.793,1.28));
#678 = VECTOR('',#679,1.);
#679 = DIRECTION('',(0.,-1.,2.2E-16));
#680 = ORIENTED_EDGE('',*,*,#681,.T.);
#681 = EDGE_CURVE('',#674,#682,#684,.T.);
#682 = VERTEX_POINT('',#683);
#683 = CARTESIAN_POINT('',(-2.464592,1.193,1.28));
#684 = LINE('',#685,#686);
#685 = CARTESIAN_POINT('',(1.6,1.193,1.28));
#686 = VECTOR('',#687,1.);
#687 = DIRECTION('',(-1.,0.,0.));
#688 = ORIENTED_EDGE('',*,*,#689,.T.);
#689 = EDGE_CURVE('',#682,#366,#690,.T.);
#690 = LINE('',#691,#692);
#691 = CARTESIAN_POINT('',(-2.464592,0.793,1.28));
#692 = VECTOR('',#693,1.);
#693 = DIRECTION('',(0.,1.,-2.2E-16));
#694 = ORIENTED_EDGE('',*,*,#365,.T.);
#695 = ORIENTED_EDGE('',*,*,#696,.F.);
#696 = EDGE_CURVE('',#636,#357,#697,.T.);
#697 = LINE('',#698,#699);
#698 = CARTESIAN_POINT('',(-3.2,-0.507,1.28));
#699 = VECTOR('',#700,1.);
#700 = DIRECTION('',(0.,1.,-2.2E-16));
#701 = PLANE('',#702);
#702 = AXIS2_PLACEMENT_3D('',#703,#704,#705);
#703 = CARTESIAN_POINT('',(3.2,-0.507,1.28));
#704 = DIRECTION('',(0.,2.2E-16,1.));
#705 = DIRECTION('',(-1.,0.,0.));
#706 = ADVANCED_FACE('',(#707),#725,.F.);
#707 = FACE_BOUND('',#708,.F.);
#708 = EDGE_LOOP('',(#709,#710,#711,#719));
#709 = ORIENTED_EDGE('',*,*,#421,.F.);
#710 = ORIENTED_EDGE('',*,*,#650,.F.);
#711 = ORIENTED_EDGE('',*,*,#712,.T.);
#712 = EDGE_CURVE('',#651,#713,#715,.T.);
#713 = VERTEX_POINT('',#714);
#714 = CARTESIAN_POINT('',(2.464592,1.193,0.821531));
#715 = LINE('',#716,#717);
#716 = CARTESIAN_POINT('',(2.464592,1.193,1.490388));
#717 = VECTOR('',#718,1.);
#718 = DIRECTION('',(0.,0.,-1.));
#719 = ORIENTED_EDGE('',*,*,#720,.F.);
#720 = EDGE_CURVE('',#414,#713,#721,.T.);
#721 = LINE('',#722,#723);
#722 = CARTESIAN_POINT('',(2.464592,2.093,0.821531));
#723 = VECTOR('',#724,1.);
#724 = DIRECTION('',(0.,-1.,2.2E-16));
#725 = PLANE('',#726);
#726 = AXIS2_PLACEMENT_3D('',#727,#728,#729);
#727 = CARTESIAN_POINT('',(2.464592,2.093,1.490388));
#728 = DIRECTION('',(1.,0.,0.));
#729 = DIRECTION('',(0.,-2.2E-16,-1.));
#730 = ADVANCED_FACE('',(#731),#749,.F.);
#731 = FACE_BOUND('',#732,.F.);
#732 = EDGE_LOOP('',(#733,#734,#742,#748));
#733 = ORIENTED_EDGE('',*,*,#720,.T.);
#734 = ORIENTED_EDGE('',*,*,#735,.T.);
#735 = EDGE_CURVE('',#713,#736,#738,.T.);
#736 = VERTEX_POINT('',#737);
#737 = CARTESIAN_POINT('',(0.966935,1.193,0.821531));
#738 = LINE('',#739,#740);
#739 = CARTESIAN_POINT('',(2.464592,1.193,0.821531));
#740 = VECTOR('',#741,1.);
#741 = DIRECTION('',(-1.,0.,0.));
#742 = ORIENTED_EDGE('',*,*,#743,.F.);
#743 = EDGE_CURVE('',#406,#736,#744,.T.);
#744 = LINE('',#745,#746);
#745 = CARTESIAN_POINT('',(0.966935,2.093,0.821531));
#746 = VECTOR('',#747,1.);
#747 = DIRECTION('',(0.,-1.,2.2E-16));
#748 = ORIENTED_EDGE('',*,*,#413,.F.);
#749 = PLANE('',#750);
#750 = AXIS2_PLACEMENT_3D('',#751,#752,#753);
#751 = CARTESIAN_POINT('',(2.464592,2.093,0.821531));
#752 = DIRECTION('',(-0.,-2.2E-16,-1.));
#753 = DIRECTION('',(-1.,0.,0.));
#754 = ADVANCED_FACE('',(#755),#766,.F.);
#755 = FACE_BOUND('',#756,.F.);
#756 = EDGE_LOOP('',(#757,#758,#759,#765));
#757 = ORIENTED_EDGE('',*,*,#405,.F.);
#758 = ORIENTED_EDGE('',*,*,#743,.T.);
#759 = ORIENTED_EDGE('',*,*,#760,.T.);
#760 = EDGE_CURVE('',#736,#659,#761,.T.);
#761 = LINE('',#762,#763);
#762 = CARTESIAN_POINT('',(0.966935,1.193,0.821531));
#763 = VECTOR('',#764,1.);
#764 = DIRECTION('',(0.,0.,1.));
#765 = ORIENTED_EDGE('',*,*,#666,.F.);
#766 = PLANE('',#767);
#767 = AXIS2_PLACEMENT_3D('',#768,#769,#770);
#768 = CARTESIAN_POINT('',(0.966935,2.093,0.821531));
#769 = DIRECTION('',(-1.,0.,0.));
#770 = DIRECTION('',(0.,2.2E-16,1.));
#771 = ADVANCED_FACE('',(#772),#790,.T.);
#772 = FACE_BOUND('',#773,.T.);
#773 = EDGE_LOOP('',(#774,#775,#783,#789));
#774 = ORIENTED_EDGE('',*,*,#389,.F.);
#775 = ORIENTED_EDGE('',*,*,#776,.T.);
#776 = EDGE_CURVE('',#382,#777,#779,.T.);
#777 = VERTEX_POINT('',#778);
#778 = CARTESIAN_POINT('',(-0.966935,1.193,0.821531));
#779 = LINE('',#780,#781);
#780 = CARTESIAN_POINT('',(-0.966935,2.093,0.821531));
#781 = VECTOR('',#782,1.);
#782 = DIRECTION('',(0.,-1.,2.2E-16));
#783 = ORIENTED_EDGE('',*,*,#784,.T.);
#784 = EDGE_CURVE('',#777,#674,#785,.T.);
#785 = LINE('',#786,#787);
#786 = CARTESIAN_POINT('',(-0.966935,1.193,0.821531));
#787 = VECTOR('',#788,1.);
#788 = DIRECTION('',(0.,0.,1.));
#789 = ORIENTED_EDGE('',*,*,#673,.F.);
#790 = PLANE('',#791);
#791 = AXIS2_PLACEMENT_3D('',#792,#793,#794);
#792 = CARTESIAN_POINT('',(-0.966935,2.093,0.821531));
#793 = DIRECTION('',(-1.,0.,0.));
#794 = DIRECTION('',(0.,2.2E-16,1.));
#795 = ADVANCED_FACE('',(#796),#814,.T.);
#796 = FACE_BOUND('',#797,.T.);
#797 = EDGE_LOOP('',(#798,#806,#812,#813));
#798 = ORIENTED_EDGE('',*,*,#799,.T.);
#799 = EDGE_CURVE('',#374,#800,#802,.T.);
#800 = VERTEX_POINT('',#801);
#801 = CARTESIAN_POINT('',(-2.464592,1.193,0.821531));
#802 = LINE('',#803,#804);
#803 = CARTESIAN_POINT('',(-2.464592,2.093,0.821531));
#804 = VECTOR('',#805,1.);
#805 = DIRECTION('',(0.,-1.,2.2E-16));
#806 = ORIENTED_EDGE('',*,*,#807,.T.);
#807 = EDGE_CURVE('',#800,#777,#808,.T.);
#808 = LINE('',#809,#810);
#809 = CARTESIAN_POINT('',(-2.464592,1.193,0.821531));
#810 = VECTOR('',#811,1.);
#811 = DIRECTION('',(1.,0.,0.));
#812 = ORIENTED_EDGE('',*,*,#776,.F.);
#813 = ORIENTED_EDGE('',*,*,#381,.F.);
#814 = PLANE('',#815);
#815 = AXIS2_PLACEMENT_3D('',#816,#817,#818);
#816 = CARTESIAN_POINT('',(-2.464592,2.093,0.821531));
#817 = DIRECTION('',(0.,2.2E-16,1.));
#818 = DIRECTION('',(1.,0.,0.));
#819 = ADVANCED_FACE('',(#820),#831,.T.);
#820 = FACE_BOUND('',#821,.T.);
#821 = EDGE_LOOP('',(#822,#823,#824,#830));
#822 = ORIENTED_EDGE('',*,*,#373,.F.);
#823 = ORIENTED_EDGE('',*,*,#689,.F.);
#824 = ORIENTED_EDGE('',*,*,#825,.T.);
#825 = EDGE_CURVE('',#682,#800,#826,.T.);
#826 = LINE('',#827,#828);
#827 = CARTESIAN_POINT('',(-2.464592,1.193,1.490388));
#828 = VECTOR('',#829,1.);
#829 = DIRECTION('',(0.,0.,-1.));
#830 = ORIENTED_EDGE('',*,*,#799,.F.);
#831 = PLANE('',#832);
#832 = AXIS2_PLACEMENT_3D('',#833,#834,#835);
#833 = CARTESIAN_POINT('',(-2.464592,2.093,1.490388));
#834 = DIRECTION('',(1.,0.,0.));
#835 = DIRECTION('',(0.,-2.2E-16,-1.));
#836 = ADVANCED_FACE('',(#837),#880,.T.);
#837 = FACE_BOUND('',#838,.T.);
#838 = EDGE_LOOP('',(#839,#840,#841,#849,#858,#864,#865,#873));
#839 = ORIENTED_EDGE('',*,*,#696,.T.);
#840 = ORIENTED_EDGE('',*,*,#356,.F.);
#841 = ORIENTED_EDGE('',*,*,#842,.T.);
#842 = EDGE_CURVE('',#349,#843,#845,.T.);
#843 = VERTEX_POINT('',#844);
#844 = CARTESIAN_POINT('',(-3.8740117799,1.393,1.011412763841));
#845 = LINE('',#846,#847);
#846 = CARTESIAN_POINT('',(-3.8740117799,-0.507,1.011412763841));
#847 = VECTOR('',#848,1.);
#848 = DIRECTION('',(0.,-1.,2.2E-16));
#849 = ORIENTED_EDGE('',*,*,#850,.T.);
#850 = EDGE_CURVE('',#843,#851,#853,.T.);
#851 = VERTEX_POINT('',#852);
#852 = CARTESIAN_POINT('',(-4.148902078665,1.393,0.544918037526));
#853 = CIRCLE('',#854,0.98);
#854 = AXIS2_PLACEMENT_3D('',#855,#856,#857);
#855 = CARTESIAN_POINT('',(-3.2,1.393,0.3));
#856 = DIRECTION('',(0.,-1.,2.2E-16));
#857 = DIRECTION('',(-1.,0.,0.));
#858 = ORIENTED_EDGE('',*,*,#859,.F.);
#859 = EDGE_CURVE('',#323,#851,#860,.T.);
#860 = LINE('',#861,#862);
#861 = CARTESIAN_POINT('',(-4.148902078665,-0.507,0.544918037526));
#862 = VECTOR('',#863,1.);
#863 = DIRECTION('',(0.,-1.,2.2E-16));
#864 = ORIENTED_EDGE('',*,*,#322,.F.);
#865 = ORIENTED_EDGE('',*,*,#866,.F.);
#866 = EDGE_CURVE('',#867,#315,#869,.T.);
#867 = VERTEX_POINT('',#868);
#868 = CARTESIAN_POINT('',(-4.18,-0.507,0.3));
#869 = LINE('',#870,#871);
#870 = CARTESIAN_POINT('',(-4.18,-0.507,0.3));
#871 = VECTOR('',#872,1.);
#872 = DIRECTION('',(0.,1.,-2.2E-16));
#873 = ORIENTED_EDGE('',*,*,#874,.T.);
#874 = EDGE_CURVE('',#867,#636,#875,.T.);
#875 = CIRCLE('',#876,0.98);
#876 = AXIS2_PLACEMENT_3D('',#877,#878,#879);
#877 = CARTESIAN_POINT('',(-3.2,-0.507,0.3));
#878 = DIRECTION('',(0.,1.,-0.));
#879 = DIRECTION('',(-1.,0.,0.));
#880 = CYLINDRICAL_SURFACE('',#881,0.98);
#881 = AXIS2_PLACEMENT_3D('',#882,#883,#884);
#882 = CARTESIAN_POINT('',(-3.2,-0.507,0.3));
#883 = DIRECTION('',(0.,-1.,2.2E-16));
#884 = DIRECTION('',(-1.,0.,0.));
#885 = ADVANCED_FACE('',(#886),#904,.F.);
#886 = FACE_BOUND('',#887,.F.);
#887 = EDGE_LOOP('',(#888,#889,#890,#898));
#888 = ORIENTED_EDGE('',*,*,#348,.F.);
#889 = ORIENTED_EDGE('',*,*,#842,.T.);
#890 = ORIENTED_EDGE('',*,*,#891,.T.);
#891 = EDGE_CURVE('',#843,#892,#894,.T.);
#892 = VERTEX_POINT('',#893);
#893 = CARTESIAN_POINT('',(-4.064121838531,1.393,1.212072049448));
#894 = LINE('',#895,#896);
#895 = CARTESIAN_POINT('',(-3.2,1.393,0.3));
#896 = VECTOR('',#897,1.);
#897 = DIRECTION('',(-0.687767122347,0.,0.725931391675));
#898 = ORIENTED_EDGE('',*,*,#899,.F.);
#899 = EDGE_CURVE('',#340,#892,#900,.T.);
#900 = LINE('',#901,#902);
#901 = CARTESIAN_POINT('',(-4.064121838531,2.093,1.212072049448));
#902 = VECTOR('',#903,1.);
#903 = DIRECTION('',(0.,-1.,2.2E-16));
#904 = PLANE('',#905);
#905 = AXIS2_PLACEMENT_3D('',#906,#907,#908);
#906 = CARTESIAN_POINT('',(-3.2,2.093,0.3));
#907 = DIRECTION('',(-0.725931391675,-1.499999999997E-16,-0.687767122347
    ));
#908 = DIRECTION('',(-0.687767122347,1.599999999997E-16,0.725931391675)
  );
#909 = ADVANCED_FACE('',(#910),#929,.T.);
#910 = FACE_BOUND('',#911,.T.);
#911 = EDGE_LOOP('',(#912,#913,#921,#928));
#912 = ORIENTED_EDGE('',*,*,#339,.T.);
#913 = ORIENTED_EDGE('',*,*,#914,.T.);
#914 = EDGE_CURVE('',#332,#915,#917,.T.);
#915 = VERTEX_POINT('',#916);
#916 = CARTESIAN_POINT('',(-4.416547,1.393,0.613999));
#917 = LINE('',#918,#919);
#918 = CARTESIAN_POINT('',(-4.416547,2.093,0.613999));
#919 = VECTOR('',#920,1.);
#920 = DIRECTION('',(0.,-1.,2.2E-16));
#921 = ORIENTED_EDGE('',*,*,#922,.F.);
#922 = EDGE_CURVE('',#892,#915,#923,.T.);
#923 = CIRCLE('',#924,1.256416322407);
#924 = AXIS2_PLACEMENT_3D('',#925,#926,#927);
#925 = CARTESIAN_POINT('',(-3.2,1.393,0.3));
#926 = DIRECTION('',(0.,-1.,0.));
#927 = DIRECTION('',(1.,0.,0.));
#928 = ORIENTED_EDGE('',*,*,#899,.F.);
#929 = CYLINDRICAL_SURFACE('',#930,1.256416322407);
#930 = AXIS2_PLACEMENT_3D('',#931,#932,#933);
#931 = CARTESIAN_POINT('',(-3.2,2.093,0.3));
#932 = DIRECTION('',(0.,1.,-2.2E-16));
#933 = DIRECTION('',(1.,0.,0.));
#934 = ADVANCED_FACE('',(#935),#946,.F.);
#935 = FACE_BOUND('',#936,.F.);
#936 = EDGE_LOOP('',(#937,#938,#939,#945));
#937 = ORIENTED_EDGE('',*,*,#331,.F.);
#938 = ORIENTED_EDGE('',*,*,#914,.T.);
#939 = ORIENTED_EDGE('',*,*,#940,.T.);
#940 = EDGE_CURVE('',#915,#851,#941,.T.);
#941 = LINE('',#942,#943);
#942 = CARTESIAN_POINT('',(-4.416547,1.393,0.613999));
#943 = VECTOR('',#944,1.);
#944 = DIRECTION('',(0.968267427209,0.,-0.249916364823));
#945 = ORIENTED_EDGE('',*,*,#859,.F.);
#946 = PLANE('',#947);
#947 = AXIS2_PLACEMENT_3D('',#948,#949,#950);
#948 = CARTESIAN_POINT('',(-4.416547,2.093,0.613999));
#949 = DIRECTION('',(0.249916364823,2.1E-16,0.968267427209));
#950 = DIRECTION('',(0.968267427209,-5.999999999997E-17,-0.249916364823)
  );
#951 = ADVANCED_FACE('',(#952),#972,.T.);
#952 = FACE_BOUND('',#953,.T.);
#953 = EDGE_LOOP('',(#954,#955,#956,#957,#958,#966));
#954 = ORIENTED_EDGE('',*,*,#866,.T.);
#955 = ORIENTED_EDGE('',*,*,#314,.T.);
#956 = ORIENTED_EDGE('',*,*,#616,.T.);
#957 = ORIENTED_EDGE('',*,*,#478,.F.);
#958 = ORIENTED_EDGE('',*,*,#959,.F.);
#959 = EDGE_CURVE('',#960,#479,#962,.T.);
#960 = VERTEX_POINT('',#961);
#961 = CARTESIAN_POINT('',(-4.18,-0.507,-0.3));
#962 = LINE('',#963,#964);
#963 = CARTESIAN_POINT('',(-4.18,-0.507,-0.3));
#964 = VECTOR('',#965,1.);
#965 = DIRECTION('',(0.,1.,-2.2E-16));
#966 = ORIENTED_EDGE('',*,*,#967,.F.);
#967 = EDGE_CURVE('',#867,#960,#968,.T.);
#968 = LINE('',#969,#970);
#969 = CARTESIAN_POINT('',(-4.18,-0.507,0.3));
#970 = VECTOR('',#971,1.);
#971 = DIRECTION('',(0.,0.,-1.));
#972 = PLANE('',#973);
#973 = AXIS2_PLACEMENT_3D('',#974,#975,#976);
#974 = CARTESIAN_POINT('',(-4.18,0.951253588517,-0.331746411483));
#975 = DIRECTION('',(-1.,-0.,-0.));
#976 = DIRECTION('',(0.,0.,-1.));
#977 = ADVANCED_FACE('',(#978),#984,.T.);
#978 = FACE_BOUND('',#979,.T.);
#979 = EDGE_LOOP('',(#980,#981,#982,#983));
#980 = ORIENTED_EDGE('',*,*,#577,.T.);
#981 = ORIENTED_EDGE('',*,*,#560,.T.);
#982 = ORIENTED_EDGE('',*,*,#510,.F.);
#983 = ORIENTED_EDGE('',*,*,#290,.F.);
#984 = PLANE('',#985);
#985 = AXIS2_PLACEMENT_3D('',#986,#987,#988);
#986 = CARTESIAN_POINT('',(3.4,2.093,-1.43));
#987 = DIRECTION('',(-0.,-2.2E-16,-1.));
#988 = DIRECTION('',(-1.,0.,0.));
#989 = ADVANCED_FACE('',(#990),#1001,.T.);
#990 = FACE_BOUND('',#991,.T.);
#991 = EDGE_LOOP('',(#992,#998,#999,#1000));
#992 = ORIENTED_EDGE('',*,*,#993,.T.);
#993 = EDGE_CURVE('',#260,#447,#994,.T.);
#994 = LINE('',#995,#996);
#995 = CARTESIAN_POINT('',(4.18,2.093,-1.28));
#996 = VECTOR('',#997,1.);
#997 = DIRECTION('',(0.,-1.,2.2E-16));
#998 = ORIENTED_EDGE('',*,*,#454,.T.);
#999 = ORIENTED_EDGE('',*,*,#533,.F.);
#1000 = ORIENTED_EDGE('',*,*,#267,.F.);
#1001 = PLANE('',#1002);
#1002 = AXIS2_PLACEMENT_3D('',#1003,#1004,#1005);
#1003 = CARTESIAN_POINT('',(4.18,2.093,-1.28));
#1004 = DIRECTION('',(-0.,-2.2E-16,-1.));
#1005 = DIRECTION('',(-1.,0.,0.));
#1006 = ADVANCED_FACE('',(#1007),#1034,.T.);
#1007 = FACE_BOUND('',#1008,.T.);
#1008 = EDGE_LOOP('',(#1009,#1017,#1025,#1031,#1032,#1033));
#1009 = ORIENTED_EDGE('',*,*,#1010,.F.);
#1010 = EDGE_CURVE('',#1011,#251,#1013,.T.);
#1011 = VERTEX_POINT('',#1012);
#1012 = CARTESIAN_POINT('',(4.18,-0.507,0.3));
#1013 = LINE('',#1014,#1015);
#1014 = CARTESIAN_POINT('',(4.18,-0.507,0.3));
#1015 = VECTOR('',#1016,1.);
#1016 = DIRECTION('',(0.,1.,-2.2E-16));
#1017 = ORIENTED_EDGE('',*,*,#1018,.T.);
#1018 = EDGE_CURVE('',#1011,#1019,#1021,.T.);
#1019 = VERTEX_POINT('',#1020);
#1020 = CARTESIAN_POINT('',(4.18,-0.507,-0.3));
#1021 = LINE('',#1022,#1023);
#1022 = CARTESIAN_POINT('',(4.18,-0.507,0.3));
#1023 = VECTOR('',#1024,1.);
#1024 = DIRECTION('',(0.,0.,-1.));
#1025 = ORIENTED_EDGE('',*,*,#1026,.T.);
#1026 = EDGE_CURVE('',#1019,#438,#1027,.T.);
#1027 = LINE('',#1028,#1029);
#1028 = CARTESIAN_POINT('',(4.18,-0.507,-0.3));
#1029 = VECTOR('',#1030,1.);
#1030 = DIRECTION('',(0.,1.,-2.2E-16));
#1031 = ORIENTED_EDGE('',*,*,#446,.T.);
#1032 = ORIENTED_EDGE('',*,*,#993,.F.);
#1033 = ORIENTED_EDGE('',*,*,#259,.F.);
#1034 = PLANE('',#1035);
#1035 = AXIS2_PLACEMENT_3D('',#1036,#1037,#1038);
#1036 = CARTESIAN_POINT('',(4.18,0.951253588517,-0.331746411483));
#1037 = DIRECTION('',(1.,0.,0.));
#1038 = DIRECTION('',(0.,0.,1.));
#1039 = ADVANCED_FACE('',(#1040),#1076,.T.);
#1040 = FACE_BOUND('',#1041,.T.);
#1041 = EDGE_LOOP('',(#1042,#1043,#1044,#1052,#1061,#1067,#1068,#1069));
#1042 = ORIENTED_EDGE('',*,*,#1010,.T.);
#1043 = ORIENTED_EDGE('',*,*,#250,.F.);
#1044 = ORIENTED_EDGE('',*,*,#1045,.T.);
#1045 = EDGE_CURVE('',#243,#1046,#1048,.T.);
#1046 = VERTEX_POINT('',#1047);
#1047 = CARTESIAN_POINT('',(4.148902078665,1.393,0.544918037526));
#1048 = LINE('',#1049,#1050);
#1049 = CARTESIAN_POINT('',(4.148902078665,-0.507,0.544918037526));
#1050 = VECTOR('',#1051,1.);
#1051 = DIRECTION('',(0.,-1.,2.2E-16));
#1052 = ORIENTED_EDGE('',*,*,#1053,.T.);
#1053 = EDGE_CURVE('',#1046,#1054,#1056,.T.);
#1054 = VERTEX_POINT('',#1055);
#1055 = CARTESIAN_POINT('',(3.8740117799,1.393,1.011412763841));
#1056 = CIRCLE('',#1057,0.98);
#1057 = AXIS2_PLACEMENT_3D('',#1058,#1059,#1060);
#1058 = CARTESIAN_POINT('',(3.2,1.393,0.3));
#1059 = DIRECTION('',(0.,-1.,2.2E-16));
#1060 = DIRECTION('',(-1.,0.,0.));
#1061 = ORIENTED_EDGE('',*,*,#1062,.F.);
#1062 = EDGE_CURVE('',#217,#1054,#1063,.T.);
#1063 = LINE('',#1064,#1065);
#1064 = CARTESIAN_POINT('',(3.8740117799,-0.507,1.011412763841));
#1065 = VECTOR('',#1066,1.);
#1066 = DIRECTION('',(0.,-1.,2.2E-16));
#1067 = ORIENTED_EDGE('',*,*,#216,.F.);
#1068 = ORIENTED_EDGE('',*,*,#643,.F.);
#1069 = ORIENTED_EDGE('',*,*,#1070,.T.);
#1070 = EDGE_CURVE('',#634,#1011,#1071,.T.);
#1071 = CIRCLE('',#1072,0.98);
#1072 = AXIS2_PLACEMENT_3D('',#1073,#1074,#1075);
#1073 = CARTESIAN_POINT('',(3.2,-0.507,0.3));
#1074 = DIRECTION('',(0.,1.,-0.));
#1075 = DIRECTION('',(-1.,0.,0.));
#1076 = CYLINDRICAL_SURFACE('',#1077,0.98);
#1077 = AXIS2_PLACEMENT_3D('',#1078,#1079,#1080);
#1078 = CARTESIAN_POINT('',(3.2,-0.507,0.3));
#1079 = DIRECTION('',(0.,-1.,2.2E-16));
#1080 = DIRECTION('',(-1.,0.,0.));
#1081 = ADVANCED_FACE('',(#1082),#1100,.T.);
#1082 = FACE_BOUND('',#1083,.T.);
#1083 = EDGE_LOOP('',(#1084,#1085,#1093,#1099));
#1084 = ORIENTED_EDGE('',*,*,#242,.F.);
#1085 = ORIENTED_EDGE('',*,*,#1086,.T.);
#1086 = EDGE_CURVE('',#234,#1087,#1089,.T.);
#1087 = VERTEX_POINT('',#1088);
#1088 = CARTESIAN_POINT('',(4.416547,1.393,0.613999));
#1089 = LINE('',#1090,#1091);
#1090 = CARTESIAN_POINT('',(4.416547,2.093,0.613999));
#1091 = VECTOR('',#1092,1.);
#1092 = DIRECTION('',(0.,-1.,2.2E-16));
#1093 = ORIENTED_EDGE('',*,*,#1094,.T.);
#1094 = EDGE_CURVE('',#1087,#1046,#1095,.T.);
#1095 = LINE('',#1096,#1097);
#1096 = CARTESIAN_POINT('',(4.416547,1.393,0.613999));
#1097 = VECTOR('',#1098,1.);
#1098 = DIRECTION('',(-0.968267427209,-0.,-0.249916364823));
#1099 = ORIENTED_EDGE('',*,*,#1045,.F.);
#1100 = PLANE('',#1101);
#1101 = AXIS2_PLACEMENT_3D('',#1102,#1103,#1104);
#1102 = CARTESIAN_POINT('',(4.416547,2.093,0.613999));
#1103 = DIRECTION('',(0.249916364823,-2.1E-16,-0.968267427209));
#1104 = DIRECTION('',(-0.968267427209,-5.999999999997E-17,
    -0.249916364823));
#1105 = ADVANCED_FACE('',(#1106),#1125,.T.);
#1106 = FACE_BOUND('',#1107,.T.);
#1107 = EDGE_LOOP('',(#1108,#1109,#1117,#1124));
#1108 = ORIENTED_EDGE('',*,*,#233,.T.);
#1109 = ORIENTED_EDGE('',*,*,#1110,.T.);
#1110 = EDGE_CURVE('',#226,#1111,#1113,.T.);
#1111 = VERTEX_POINT('',#1112);
#1112 = CARTESIAN_POINT('',(4.064121838531,1.393,1.212072049448));
#1113 = LINE('',#1114,#1115);
#1114 = CARTESIAN_POINT('',(4.064121838531,2.093,1.212072049448));
#1115 = VECTOR('',#1116,1.);
#1116 = DIRECTION('',(0.,-1.,2.2E-16));
#1117 = ORIENTED_EDGE('',*,*,#1118,.F.);
#1118 = EDGE_CURVE('',#1087,#1111,#1119,.T.);
#1119 = CIRCLE('',#1120,1.256416322407);
#1120 = AXIS2_PLACEMENT_3D('',#1121,#1122,#1123);
#1121 = CARTESIAN_POINT('',(3.2,1.393,0.3));
#1122 = DIRECTION('',(0.,-1.,0.));
#1123 = DIRECTION('',(1.,0.,0.));
#1124 = ORIENTED_EDGE('',*,*,#1086,.F.);
#1125 = CYLINDRICAL_SURFACE('',#1126,1.256416322407);
#1126 = AXIS2_PLACEMENT_3D('',#1127,#1128,#1129);
#1127 = CARTESIAN_POINT('',(3.2,2.093,0.3));
#1128 = DIRECTION('',(0.,1.,-2.2E-16));
#1129 = DIRECTION('',(1.,0.,0.));
#1130 = ADVANCED_FACE('',(#1131),#1142,.T.);
#1131 = FACE_BOUND('',#1132,.T.);
#1132 = EDGE_LOOP('',(#1133,#1134,#1135,#1141));
#1133 = ORIENTED_EDGE('',*,*,#225,.F.);
#1134 = ORIENTED_EDGE('',*,*,#1062,.T.);
#1135 = ORIENTED_EDGE('',*,*,#1136,.T.);
#1136 = EDGE_CURVE('',#1054,#1111,#1137,.T.);
#1137 = LINE('',#1138,#1139);
#1138 = CARTESIAN_POINT('',(3.2,1.393,0.3));
#1139 = VECTOR('',#1140,1.);
#1140 = DIRECTION('',(0.687767122347,0.,0.725931391675));
#1141 = ORIENTED_EDGE('',*,*,#1110,.F.);
#1142 = PLANE('',#1143);
#1143 = AXIS2_PLACEMENT_3D('',#1144,#1145,#1146);
#1144 = CARTESIAN_POINT('',(3.2,2.093,0.3));
#1145 = DIRECTION('',(-0.725931391675,1.499999999997E-16,0.687767122347)
  );
#1146 = DIRECTION('',(0.687767122347,1.599999999997E-16,0.725931391675)
  );
#1147 = ADVANCED_FACE('',(#1148),#1167,.T.);
#1148 = FACE_BOUND('',#1149,.T.);
#1149 = EDGE_LOOP('',(#1150,#1158,#1159,#1160));
#1150 = ORIENTED_EDGE('',*,*,#1151,.T.);
#1151 = EDGE_CURVE('',#1152,#436,#1154,.T.);
#1152 = VERTEX_POINT('',#1153);
#1153 = CARTESIAN_POINT('',(3.200000017464,-0.507,-1.28));
#1154 = LINE('',#1155,#1156);
#1155 = CARTESIAN_POINT('',(3.200000017464,-0.507,-1.28));
#1156 = VECTOR('',#1157,1.);
#1157 = DIRECTION('',(0.,1.,-2.2E-16));
#1158 = ORIENTED_EDGE('',*,*,#435,.T.);
#1159 = ORIENTED_EDGE('',*,*,#1026,.F.);
#1160 = ORIENTED_EDGE('',*,*,#1161,.T.);
#1161 = EDGE_CURVE('',#1019,#1152,#1162,.T.);
#1162 = CIRCLE('',#1163,0.98);
#1163 = AXIS2_PLACEMENT_3D('',#1164,#1165,#1166);
#1164 = CARTESIAN_POINT('',(3.2,-0.507,-0.3));
#1165 = DIRECTION('',(0.,1.,-0.));
#1166 = DIRECTION('',(-1.,0.,0.));
#1167 = CYLINDRICAL_SURFACE('',#1168,0.98);
#1168 = AXIS2_PLACEMENT_3D('',#1169,#1170,#1171);
#1169 = CARTESIAN_POINT('',(3.2,-0.507,-0.3));
#1170 = DIRECTION('',(0.,-1.,2.2E-16));
#1171 = DIRECTION('',(-1.,0.,0.));
#1172 = ADVANCED_FACE('',(#1173),#1191,.F.);
#1173 = FACE_BOUND('',#1174,.F.);
#1174 = EDGE_LOOP('',(#1175,#1183,#1184,#1185));
#1175 = ORIENTED_EDGE('',*,*,#1176,.F.);
#1176 = EDGE_CURVE('',#1152,#1177,#1179,.T.);
#1177 = VERTEX_POINT('',#1178);
#1178 = CARTESIAN_POINT('',(-3.2,-0.507,-1.28));
#1179 = LINE('',#1180,#1181);
#1180 = CARTESIAN_POINT('',(3.200000017465,-0.507,-1.28));
#1181 = VECTOR('',#1182,1.);
#1182 = DIRECTION('',(-1.,0.,0.));
#1183 = ORIENTED_EDGE('',*,*,#1151,.T.);
#1184 = ORIENTED_EDGE('',*,*,#495,.T.);
#1185 = ORIENTED_EDGE('',*,*,#1186,.F.);
#1186 = EDGE_CURVE('',#1177,#487,#1187,.T.);
#1187 = LINE('',#1188,#1189);
#1188 = CARTESIAN_POINT('',(-3.2,-0.507,-1.28));
#1189 = VECTOR('',#1190,1.);
#1190 = DIRECTION('',(0.,1.,-2.2E-16));
#1191 = PLANE('',#1192);
#1192 = AXIS2_PLACEMENT_3D('',#1193,#1194,#1195);
#1193 = CARTESIAN_POINT('',(3.200000017465,-0.507,-1.28));
#1194 = DIRECTION('',(0.,2.2E-16,1.));
#1195 = DIRECTION('',(-1.,0.,0.));
#1196 = ADVANCED_FACE('',(#1197),#1209,.T.);
#1197 = FACE_BOUND('',#1198,.T.);
#1198 = EDGE_LOOP('',(#1199,#1200,#1201,#1202));
#1199 = ORIENTED_EDGE('',*,*,#959,.T.);
#1200 = ORIENTED_EDGE('',*,*,#486,.T.);
#1201 = ORIENTED_EDGE('',*,*,#1186,.F.);
#1202 = ORIENTED_EDGE('',*,*,#1203,.T.);
#1203 = EDGE_CURVE('',#1177,#960,#1204,.T.);
#1204 = CIRCLE('',#1205,0.98);
#1205 = AXIS2_PLACEMENT_3D('',#1206,#1207,#1208);
#1206 = CARTESIAN_POINT('',(-3.2,-0.507,-0.3));
#1207 = DIRECTION('',(0.,1.,-0.));
#1208 = DIRECTION('',(-1.,0.,0.));
#1209 = CYLINDRICAL_SURFACE('',#1210,0.98);
#1210 = AXIS2_PLACEMENT_3D('',#1211,#1212,#1213);
#1211 = CARTESIAN_POINT('',(-3.2,-0.507,-0.3));
#1212 = DIRECTION('',(0.,-1.,2.2E-16));
#1213 = DIRECTION('',(-1.,0.,0.));
#1214 = ADVANCED_FACE('',(#1215),#1235,.T.);
#1215 = FACE_BOUND('',#1216,.T.);
#1216 = EDGE_LOOP('',(#1217,#1226,#1227,#1228));
#1217 = ORIENTED_EDGE('',*,*,#1218,.F.);
#1218 = EDGE_CURVE('',#593,#1219,#1221,.T.);
#1219 = VERTEX_POINT('',#1220);
#1220 = CARTESIAN_POINT('',(-2.75,1.273,-2.23));
#1221 = CIRCLE('',#1222,0.1);
#1222 = AXIS2_PLACEMENT_3D('',#1223,#1224,#1225);
#1223 = CARTESIAN_POINT('',(-2.75,1.273,-2.13));
#1224 = DIRECTION('',(-0.,1.,0.));
#1225 = DIRECTION('',(1.,0.,0.));
#1226 = ORIENTED_EDGE('',*,*,#600,.T.);
#1227 = ORIENTED_EDGE('',*,*,#1218,.T.);
#1228 = ORIENTED_EDGE('',*,*,#1229,.F.);
#1229 = EDGE_CURVE('',#1219,#1219,#1230,.T.);
#1230 = CIRCLE('',#1231,0.15);
#1231 = AXIS2_PLACEMENT_3D('',#1232,#1233,#1234);
#1232 = CARTESIAN_POINT('',(-2.9,1.273,-2.23));
#1233 = DIRECTION('',(0.,0.,-1.));
#1234 = DIRECTION('',(1.,0.,0.));
#1235 = TOROIDAL_SURFACE('',#1236,0.15,0.1);
#1236 = AXIS2_PLACEMENT_3D('',#1237,#1238,#1239);
#1237 = CARTESIAN_POINT('',(-2.9,1.273,-2.13));
#1238 = DIRECTION('',(-0.,-0.,-1.));
#1239 = DIRECTION('',(1.,0.,0.));
#1240 = ADVANCED_FACE('',(#1241,#1251),#1321,.F.);
#1241 = FACE_BOUND('',#1242,.F.);
#1242 = EDGE_LOOP('',(#1243,#1244,#1245,#1246,#1247,#1248,#1249,#1250));
#1243 = ORIENTED_EDGE('',*,*,#633,.F.);
#1244 = ORIENTED_EDGE('',*,*,#1070,.T.);
#1245 = ORIENTED_EDGE('',*,*,#1018,.T.);
#1246 = ORIENTED_EDGE('',*,*,#1161,.T.);
#1247 = ORIENTED_EDGE('',*,*,#1176,.T.);
#1248 = ORIENTED_EDGE('',*,*,#1203,.T.);
#1249 = ORIENTED_EDGE('',*,*,#967,.F.);
#1250 = ORIENTED_EDGE('',*,*,#874,.T.);
#1251 = FACE_BOUND('',#1252,.F.);
#1252 = EDGE_LOOP('',(#1253,#1264,#1272,#1281,#1289,#1298,#1306,#1315));
#1253 = ORIENTED_EDGE('',*,*,#1254,.T.);
#1254 = EDGE_CURVE('',#1255,#1257,#1259,.T.);
#1255 = VERTEX_POINT('',#1256);
#1256 = CARTESIAN_POINT('',(-2.95,-0.507,0.6));
#1257 = VERTEX_POINT('',#1258);
#1258 = CARTESIAN_POINT('',(-3.35,-0.507,0.2));
#1259 = CIRCLE('',#1260,0.4);
#1260 = AXIS2_PLACEMENT_3D('',#1261,#1262,#1263);
#1261 = CARTESIAN_POINT('',(-2.95,-0.507,0.2));
#1262 = DIRECTION('',(0.,-1.,0.));
#1263 = DIRECTION('',(1.,0.,0.));
#1264 = ORIENTED_EDGE('',*,*,#1265,.T.);
#1265 = EDGE_CURVE('',#1257,#1266,#1268,.T.);
#1266 = VERTEX_POINT('',#1267);
#1267 = CARTESIAN_POINT('',(-3.35,-0.507,-0.2));
#1268 = LINE('',#1269,#1270);
#1269 = CARTESIAN_POINT('',(-3.35,-0.507,0.2));
#1270 = VECTOR('',#1271,1.);
#1271 = DIRECTION('',(0.,0.,-1.));
#1272 = ORIENTED_EDGE('',*,*,#1273,.T.);
#1273 = EDGE_CURVE('',#1266,#1274,#1276,.T.);
#1274 = VERTEX_POINT('',#1275);
#1275 = CARTESIAN_POINT('',(-2.95,-0.507,-0.6));
#1276 = CIRCLE('',#1277,0.4);
#1277 = AXIS2_PLACEMENT_3D('',#1278,#1279,#1280);
#1278 = CARTESIAN_POINT('',(-2.95,-0.507,-0.2));
#1279 = DIRECTION('',(0.,-1.,0.));
#1280 = DIRECTION('',(1.,0.,0.));
#1281 = ORIENTED_EDGE('',*,*,#1282,.T.);
#1282 = EDGE_CURVE('',#1274,#1283,#1285,.T.);
#1283 = VERTEX_POINT('',#1284);
#1284 = CARTESIAN_POINT('',(2.95,-0.507,-0.6));
#1285 = LINE('',#1286,#1287);
#1286 = CARTESIAN_POINT('',(-2.95,-0.507,-0.6));
#1287 = VECTOR('',#1288,1.);
#1288 = DIRECTION('',(1.,0.,0.));
#1289 = ORIENTED_EDGE('',*,*,#1290,.T.);
#1290 = EDGE_CURVE('',#1283,#1291,#1293,.T.);
#1291 = VERTEX_POINT('',#1292);
#1292 = CARTESIAN_POINT('',(3.35,-0.507,-0.2));
#1293 = CIRCLE('',#1294,0.4);
#1294 = AXIS2_PLACEMENT_3D('',#1295,#1296,#1297);
#1295 = CARTESIAN_POINT('',(2.95,-0.507,-0.2));
#1296 = DIRECTION('',(0.,-1.,0.));
#1297 = DIRECTION('',(1.,0.,0.));
#1298 = ORIENTED_EDGE('',*,*,#1299,.T.);
#1299 = EDGE_CURVE('',#1291,#1300,#1302,.T.);
#1300 = VERTEX_POINT('',#1301);
#1301 = CARTESIAN_POINT('',(3.35,-0.507,0.2));
#1302 = LINE('',#1303,#1304);
#1303 = CARTESIAN_POINT('',(3.35,-0.507,-0.2));
#1304 = VECTOR('',#1305,1.);
#1305 = DIRECTION('',(0.,0.,1.));
#1306 = ORIENTED_EDGE('',*,*,#1307,.T.);
#1307 = EDGE_CURVE('',#1300,#1308,#1310,.T.);
#1308 = VERTEX_POINT('',#1309);
#1309 = CARTESIAN_POINT('',(2.95,-0.507,0.6));
#1310 = CIRCLE('',#1311,0.4);
#1311 = AXIS2_PLACEMENT_3D('',#1312,#1313,#1314);
#1312 = CARTESIAN_POINT('',(2.95,-0.507,0.2));
#1313 = DIRECTION('',(0.,-1.,0.));
#1314 = DIRECTION('',(1.,0.,0.));
#1315 = ORIENTED_EDGE('',*,*,#1316,.T.);
#1316 = EDGE_CURVE('',#1308,#1255,#1317,.T.);
#1317 = LINE('',#1318,#1319);
#1318 = CARTESIAN_POINT('',(2.95,-0.507,0.6));
#1319 = VECTOR('',#1320,1.);
#1320 = DIRECTION('',(-1.,0.,0.));
#1321 = PLANE('',#1322);
#1322 = AXIS2_PLACEMENT_3D('',#1323,#1324,#1325);
#1323 = CARTESIAN_POINT('',(1.3194931E-10,-0.507,-7.482946E-11));
#1324 = DIRECTION('',(0.,1.,-3.3E-16));
#1325 = DIRECTION('',(0.,3.3E-16,1.));
#1326 = ADVANCED_FACE('',(#1327),#1333,.T.);
#1327 = FACE_BOUND('',#1328,.T.);
#1328 = EDGE_LOOP('',(#1329,#1330,#1331,#1332));
#1329 = ORIENTED_EDGE('',*,*,#807,.F.);
#1330 = ORIENTED_EDGE('',*,*,#825,.F.);
#1331 = ORIENTED_EDGE('',*,*,#681,.F.);
#1332 = ORIENTED_EDGE('',*,*,#784,.F.);
#1333 = PLANE('',#1334);
#1334 = AXIS2_PLACEMENT_3D('',#1335,#1336,#1337);
#1335 = CARTESIAN_POINT('',(1.E-16,1.193,1.1559595));
#1336 = DIRECTION('',(0.,1.,0.));
#1337 = DIRECTION('',(0.,0.,1.));
#1338 = ADVANCED_FACE('',(#1339),#1345,.T.);
#1339 = FACE_BOUND('',#1340,.T.);
#1340 = EDGE_LOOP('',(#1341,#1342,#1343,#1344));
#1341 = ORIENTED_EDGE('',*,*,#712,.T.);
#1342 = ORIENTED_EDGE('',*,*,#735,.T.);
#1343 = ORIENTED_EDGE('',*,*,#760,.T.);
#1344 = ORIENTED_EDGE('',*,*,#658,.F.);
#1345 = PLANE('',#1346);
#1346 = AXIS2_PLACEMENT_3D('',#1347,#1348,#1349);
#1347 = CARTESIAN_POINT('',(1.E-16,1.193,1.1559595));
#1348 = DIRECTION('',(0.,1.,0.));
#1349 = DIRECTION('',(0.,0.,1.));
#1350 = ADVANCED_FACE('',(#1351),#1357,.F.);
#1351 = FACE_BOUND('',#1352,.F.);
#1352 = EDGE_LOOP('',(#1353,#1354,#1355,#1356));
#1353 = ORIENTED_EDGE('',*,*,#891,.F.);
#1354 = ORIENTED_EDGE('',*,*,#850,.T.);
#1355 = ORIENTED_EDGE('',*,*,#940,.F.);
#1356 = ORIENTED_EDGE('',*,*,#922,.F.);
#1357 = PLANE('',#1358);
#1358 = AXIS2_PLACEMENT_3D('',#1359,#1360,#1361);
#1359 = CARTESIAN_POINT('',(2.1E-16,1.393,0.676684136646));
#1360 = DIRECTION('',(0.,1.,0.));
#1361 = DIRECTION('',(0.,0.,1.));
#1362 = ADVANCED_FACE('',(#1363),#1369,.F.);
#1363 = FACE_BOUND('',#1364,.F.);
#1364 = EDGE_LOOP('',(#1365,#1366,#1367,#1368));
#1365 = ORIENTED_EDGE('',*,*,#1053,.T.);
#1366 = ORIENTED_EDGE('',*,*,#1136,.T.);
#1367 = ORIENTED_EDGE('',*,*,#1118,.F.);
#1368 = ORIENTED_EDGE('',*,*,#1094,.T.);
#1369 = PLANE('',#1370);
#1370 = AXIS2_PLACEMENT_3D('',#1371,#1372,#1373);
#1371 = CARTESIAN_POINT('',(2.1E-16,1.393,0.676684136646));
#1372 = DIRECTION('',(0.,1.,0.));
#1373 = DIRECTION('',(0.,0.,1.));
#1374 = ADVANCED_FACE('',(#1375),#1378,.F.);
#1375 = FACE_BOUND('',#1376,.F.);
#1376 = EDGE_LOOP('',(#1377));
#1377 = ORIENTED_EDGE('',*,*,#1229,.F.);
#1378 = PLANE('',#1379);
#1379 = AXIS2_PLACEMENT_3D('',#1380,#1381,#1382);
#1380 = CARTESIAN_POINT('',(-1.7E-16,1.273,-2.23));
#1381 = DIRECTION('',(0.,0.,1.));
#1382 = DIRECTION('',(1.,0.,0.));
#1383 = ADVANCED_FACE('',(#1384),#1410,.T.);
#1384 = FACE_BOUND('',#1385,.T.);
#1385 = EDGE_LOOP('',(#1386,#1387,#1395,#1404));
#1386 = ORIENTED_EDGE('',*,*,#1254,.T.);
#1387 = ORIENTED_EDGE('',*,*,#1388,.T.);
#1388 = EDGE_CURVE('',#1257,#1389,#1391,.T.);
#1389 = VERTEX_POINT('',#1390);
#1390 = CARTESIAN_POINT('',(-3.35,-2.007,0.2));
#1391 = LINE('',#1392,#1393);
#1392 = CARTESIAN_POINT('',(-3.35,-0.507,0.2));
#1393 = VECTOR('',#1394,1.);
#1394 = DIRECTION('',(0.,-1.,2.2E-16));
#1395 = ORIENTED_EDGE('',*,*,#1396,.F.);
#1396 = EDGE_CURVE('',#1397,#1389,#1399,.T.);
#1397 = VERTEX_POINT('',#1398);
#1398 = CARTESIAN_POINT('',(-2.95,-2.007,0.6));
#1399 = CIRCLE('',#1400,0.4);
#1400 = AXIS2_PLACEMENT_3D('',#1401,#1402,#1403);
#1401 = CARTESIAN_POINT('',(-2.95,-2.007,0.2));
#1402 = DIRECTION('',(0.,-1.,0.));
#1403 = DIRECTION('',(1.,0.,0.));
#1404 = ORIENTED_EDGE('',*,*,#1405,.F.);
#1405 = EDGE_CURVE('',#1255,#1397,#1406,.T.);
#1406 = LINE('',#1407,#1408);
#1407 = CARTESIAN_POINT('',(-2.95,-0.507,0.6));
#1408 = VECTOR('',#1409,1.);
#1409 = DIRECTION('',(0.,-1.,2.2E-16));
#1410 = CYLINDRICAL_SURFACE('',#1411,0.4);
#1411 = AXIS2_PLACEMENT_3D('',#1412,#1413,#1414);
#1412 = CARTESIAN_POINT('',(-2.95,-0.507,0.2));
#1413 = DIRECTION('',(0.,1.,-2.2E-16));
#1414 = DIRECTION('',(1.,0.,0.));
#1415 = ADVANCED_FACE('',(#1416),#1434,.F.);
#1416 = FACE_BOUND('',#1417,.F.);
#1417 = EDGE_LOOP('',(#1418,#1426,#1432,#1433));
#1418 = ORIENTED_EDGE('',*,*,#1419,.T.);
#1419 = EDGE_CURVE('',#1308,#1420,#1422,.T.);
#1420 = VERTEX_POINT('',#1421);
#1421 = CARTESIAN_POINT('',(2.95,-2.007,0.6));
#1422 = LINE('',#1423,#1424);
#1423 = CARTESIAN_POINT('',(2.95,-0.507,0.6));
#1424 = VECTOR('',#1425,1.);
#1425 = DIRECTION('',(0.,-1.,2.2E-16));
#1426 = ORIENTED_EDGE('',*,*,#1427,.T.);
#1427 = EDGE_CURVE('',#1420,#1397,#1428,.T.);
#1428 = LINE('',#1429,#1430);
#1429 = CARTESIAN_POINT('',(2.95,-2.007,0.6));
#1430 = VECTOR('',#1431,1.);
#1431 = DIRECTION('',(-1.,0.,0.));
#1432 = ORIENTED_EDGE('',*,*,#1405,.F.);
#1433 = ORIENTED_EDGE('',*,*,#1316,.F.);
#1434 = PLANE('',#1435);
#1435 = AXIS2_PLACEMENT_3D('',#1436,#1437,#1438);
#1436 = CARTESIAN_POINT('',(2.95,-0.507,0.6));
#1437 = DIRECTION('',(-0.,-2.2E-16,-1.));
#1438 = DIRECTION('',(-1.,0.,0.));
#1439 = ADVANCED_FACE('',(#1440),#1459,.T.);
#1440 = FACE_BOUND('',#1441,.T.);
#1441 = EDGE_LOOP('',(#1442,#1443,#1444,#1453));
#1442 = ORIENTED_EDGE('',*,*,#1307,.T.);
#1443 = ORIENTED_EDGE('',*,*,#1419,.T.);
#1444 = ORIENTED_EDGE('',*,*,#1445,.F.);
#1445 = EDGE_CURVE('',#1446,#1420,#1448,.T.);
#1446 = VERTEX_POINT('',#1447);
#1447 = CARTESIAN_POINT('',(3.35,-2.007,0.2));
#1448 = CIRCLE('',#1449,0.4);
#1449 = AXIS2_PLACEMENT_3D('',#1450,#1451,#1452);
#1450 = CARTESIAN_POINT('',(2.95,-2.007,0.2));
#1451 = DIRECTION('',(0.,-1.,0.));
#1452 = DIRECTION('',(1.,0.,0.));
#1453 = ORIENTED_EDGE('',*,*,#1454,.F.);
#1454 = EDGE_CURVE('',#1300,#1446,#1455,.T.);
#1455 = LINE('',#1456,#1457);
#1456 = CARTESIAN_POINT('',(3.35,-0.507,0.2));
#1457 = VECTOR('',#1458,1.);
#1458 = DIRECTION('',(0.,-1.,2.2E-16));
#1459 = CYLINDRICAL_SURFACE('',#1460,0.4);
#1460 = AXIS2_PLACEMENT_3D('',#1461,#1462,#1463);
#1461 = CARTESIAN_POINT('',(2.95,-0.507,0.2));
#1462 = DIRECTION('',(0.,1.,-2.2E-16));
#1463 = DIRECTION('',(1.,0.,0.));
#1464 = ADVANCED_FACE('',(#1465),#1483,.F.);
#1465 = FACE_BOUND('',#1466,.F.);
#1466 = EDGE_LOOP('',(#1467,#1475,#1481,#1482));
#1467 = ORIENTED_EDGE('',*,*,#1468,.T.);
#1468 = EDGE_CURVE('',#1291,#1469,#1471,.T.);
#1469 = VERTEX_POINT('',#1470);
#1470 = CARTESIAN_POINT('',(3.35,-2.007,-0.2));
#1471 = LINE('',#1472,#1473);
#1472 = CARTESIAN_POINT('',(3.35,-0.507,-0.2));
#1473 = VECTOR('',#1474,1.);
#1474 = DIRECTION('',(0.,-1.,2.2E-16));
#1475 = ORIENTED_EDGE('',*,*,#1476,.T.);
#1476 = EDGE_CURVE('',#1469,#1446,#1477,.T.);
#1477 = LINE('',#1478,#1479);
#1478 = CARTESIAN_POINT('',(3.35,-2.007,-0.2));
#1479 = VECTOR('',#1480,1.);
#1480 = DIRECTION('',(0.,0.,1.));
#1481 = ORIENTED_EDGE('',*,*,#1454,.F.);
#1482 = ORIENTED_EDGE('',*,*,#1299,.F.);
#1483 = PLANE('',#1484);
#1484 = AXIS2_PLACEMENT_3D('',#1485,#1486,#1487);
#1485 = CARTESIAN_POINT('',(3.35,-0.507,-0.2));
#1486 = DIRECTION('',(-1.,0.,0.));
#1487 = DIRECTION('',(0.,2.2E-16,1.));
#1488 = ADVANCED_FACE('',(#1489),#1508,.T.);
#1489 = FACE_BOUND('',#1490,.T.);
#1490 = EDGE_LOOP('',(#1491,#1492,#1493,#1502));
#1491 = ORIENTED_EDGE('',*,*,#1290,.T.);
#1492 = ORIENTED_EDGE('',*,*,#1468,.T.);
#1493 = ORIENTED_EDGE('',*,*,#1494,.F.);
#1494 = EDGE_CURVE('',#1495,#1469,#1497,.T.);
#1495 = VERTEX_POINT('',#1496);
#1496 = CARTESIAN_POINT('',(2.95,-2.007,-0.6));
#1497 = CIRCLE('',#1498,0.4);
#1498 = AXIS2_PLACEMENT_3D('',#1499,#1500,#1501);
#1499 = CARTESIAN_POINT('',(2.95,-2.007,-0.2));
#1500 = DIRECTION('',(0.,-1.,0.));
#1501 = DIRECTION('',(1.,0.,0.));
#1502 = ORIENTED_EDGE('',*,*,#1503,.F.);
#1503 = EDGE_CURVE('',#1283,#1495,#1504,.T.);
#1504 = LINE('',#1505,#1506);
#1505 = CARTESIAN_POINT('',(2.95,-0.507,-0.6));
#1506 = VECTOR('',#1507,1.);
#1507 = DIRECTION('',(0.,-1.,2.2E-16));
#1508 = CYLINDRICAL_SURFACE('',#1509,0.4);
#1509 = AXIS2_PLACEMENT_3D('',#1510,#1511,#1512);
#1510 = CARTESIAN_POINT('',(2.95,-0.507,-0.2));
#1511 = DIRECTION('',(0.,1.,-2.2E-16));
#1512 = DIRECTION('',(1.,0.,0.));
#1513 = ADVANCED_FACE('',(#1514),#1532,.F.);
#1514 = FACE_BOUND('',#1515,.F.);
#1515 = EDGE_LOOP('',(#1516,#1524,#1530,#1531));
#1516 = ORIENTED_EDGE('',*,*,#1517,.T.);
#1517 = EDGE_CURVE('',#1274,#1518,#1520,.T.);
#1518 = VERTEX_POINT('',#1519);
#1519 = CARTESIAN_POINT('',(-2.95,-2.007,-0.6));
#1520 = LINE('',#1521,#1522);
#1521 = CARTESIAN_POINT('',(-2.95,-0.507,-0.6));
#1522 = VECTOR('',#1523,1.);
#1523 = DIRECTION('',(0.,-1.,2.2E-16));
#1524 = ORIENTED_EDGE('',*,*,#1525,.T.);
#1525 = EDGE_CURVE('',#1518,#1495,#1526,.T.);
#1526 = LINE('',#1527,#1528);
#1527 = CARTESIAN_POINT('',(-2.95,-2.007,-0.6));
#1528 = VECTOR('',#1529,1.);
#1529 = DIRECTION('',(1.,0.,0.));
#1530 = ORIENTED_EDGE('',*,*,#1503,.F.);
#1531 = ORIENTED_EDGE('',*,*,#1282,.F.);
#1532 = PLANE('',#1533);
#1533 = AXIS2_PLACEMENT_3D('',#1534,#1535,#1536);
#1534 = CARTESIAN_POINT('',(-2.95,-0.507,-0.6));
#1535 = DIRECTION('',(0.,2.2E-16,1.));
#1536 = DIRECTION('',(1.,0.,0.));
#1537 = ADVANCED_FACE('',(#1538),#1557,.T.);
#1538 = FACE_BOUND('',#1539,.T.);
#1539 = EDGE_LOOP('',(#1540,#1541,#1542,#1551));
#1540 = ORIENTED_EDGE('',*,*,#1273,.T.);
#1541 = ORIENTED_EDGE('',*,*,#1517,.T.);
#1542 = ORIENTED_EDGE('',*,*,#1543,.F.);
#1543 = EDGE_CURVE('',#1544,#1518,#1546,.T.);
#1544 = VERTEX_POINT('',#1545);
#1545 = CARTESIAN_POINT('',(-3.35,-2.007,-0.2));
#1546 = CIRCLE('',#1547,0.4);
#1547 = AXIS2_PLACEMENT_3D('',#1548,#1549,#1550);
#1548 = CARTESIAN_POINT('',(-2.95,-2.007,-0.2));
#1549 = DIRECTION('',(0.,-1.,0.));
#1550 = DIRECTION('',(1.,0.,0.));
#1551 = ORIENTED_EDGE('',*,*,#1552,.F.);
#1552 = EDGE_CURVE('',#1266,#1544,#1553,.T.);
#1553 = LINE('',#1554,#1555);
#1554 = CARTESIAN_POINT('',(-3.35,-0.507,-0.2));
#1555 = VECTOR('',#1556,1.);
#1556 = DIRECTION('',(0.,-1.,2.2E-16));
#1557 = CYLINDRICAL_SURFACE('',#1558,0.4);
#1558 = AXIS2_PLACEMENT_3D('',#1559,#1560,#1561);
#1559 = CARTESIAN_POINT('',(-2.95,-0.507,-0.2));
#1560 = DIRECTION('',(0.,1.,-2.2E-16));
#1561 = DIRECTION('',(1.,0.,0.));
#1562 = ADVANCED_FACE('',(#1563),#1574,.F.);
#1563 = FACE_BOUND('',#1564,.F.);
#1564 = EDGE_LOOP('',(#1565,#1566,#1572,#1573));
#1565 = ORIENTED_EDGE('',*,*,#1388,.T.);
#1566 = ORIENTED_EDGE('',*,*,#1567,.T.);
#1567 = EDGE_CURVE('',#1389,#1544,#1568,.T.);
#1568 = LINE('',#1569,#1570);
#1569 = CARTESIAN_POINT('',(-3.35,-2.007,0.2));
#1570 = VECTOR('',#1571,1.);
#1571 = DIRECTION('',(0.,0.,-1.));
#1572 = ORIENTED_EDGE('',*,*,#1552,.F.);
#1573 = ORIENTED_EDGE('',*,*,#1265,.F.);
#1574 = PLANE('',#1575);
#1575 = AXIS2_PLACEMENT_3D('',#1576,#1577,#1578);
#1576 = CARTESIAN_POINT('',(-3.35,-0.507,0.2));
#1577 = DIRECTION('',(1.,0.,0.));
#1578 = DIRECTION('',(0.,-2.2E-16,-1.));
#1579 = ADVANCED_FACE('',(#1580,#1590),#1624,.F.);
#1580 = FACE_BOUND('',#1581,.F.);
#1581 = EDGE_LOOP('',(#1582,#1583,#1584,#1585,#1586,#1587,#1588,#1589));
#1582 = ORIENTED_EDGE('',*,*,#1567,.F.);
#1583 = ORIENTED_EDGE('',*,*,#1396,.F.);
#1584 = ORIENTED_EDGE('',*,*,#1427,.F.);
#1585 = ORIENTED_EDGE('',*,*,#1445,.F.);
#1586 = ORIENTED_EDGE('',*,*,#1476,.F.);
#1587 = ORIENTED_EDGE('',*,*,#1494,.F.);
#1588 = ORIENTED_EDGE('',*,*,#1525,.F.);
#1589 = ORIENTED_EDGE('',*,*,#1543,.F.);
#1590 = FACE_BOUND('',#1591,.F.);
#1591 = EDGE_LOOP('',(#1592,#1602,#1610,#1618));
#1592 = ORIENTED_EDGE('',*,*,#1593,.F.);
#1593 = EDGE_CURVE('',#1594,#1596,#1598,.T.);
#1594 = VERTEX_POINT('',#1595);
#1595 = CARTESIAN_POINT('',(3.3,-2.007,-0.33));
#1596 = VERTEX_POINT('',#1597);
#1597 = CARTESIAN_POINT('',(-3.3,-2.007,-0.33));
#1598 = LINE('',#1599,#1600);
#1599 = CARTESIAN_POINT('',(-1.312209363514E-03,-2.007,-0.33));
#1600 = VECTOR('',#1601,1.);
#1601 = DIRECTION('',(-1.,0.,0.));
#1602 = ORIENTED_EDGE('',*,*,#1603,.T.);
#1603 = EDGE_CURVE('',#1594,#1604,#1606,.T.);
#1604 = VERTEX_POINT('',#1605);
#1605 = CARTESIAN_POINT('',(3.3,-2.007,0.33));
#1606 = LINE('',#1607,#1608);
#1607 = CARTESIAN_POINT('',(3.3,-2.007,-0.33));
#1608 = VECTOR('',#1609,1.);
#1609 = DIRECTION('',(0.,0.,1.));
#1610 = ORIENTED_EDGE('',*,*,#1611,.T.);
#1611 = EDGE_CURVE('',#1604,#1612,#1614,.T.);
#1612 = VERTEX_POINT('',#1613);
#1613 = CARTESIAN_POINT('',(-3.3,-2.007,0.33));
#1614 = LINE('',#1615,#1616);
#1615 = CARTESIAN_POINT('',(-1.312209363514E-03,-2.007,0.33));
#1616 = VECTOR('',#1617,1.);
#1617 = DIRECTION('',(-1.,0.,0.));
#1618 = ORIENTED_EDGE('',*,*,#1619,.F.);
#1619 = EDGE_CURVE('',#1596,#1612,#1620,.T.);
#1620 = LINE('',#1621,#1622);
#1621 = CARTESIAN_POINT('',(-3.3,-2.007,-0.33));
#1622 = VECTOR('',#1623,1.);
#1623 = DIRECTION('',(0.,0.,1.));
#1624 = PLANE('',#1625);
#1625 = AXIS2_PLACEMENT_3D('',#1626,#1627,#1628);
#1626 = CARTESIAN_POINT('',(-1.3E-16,-2.007,4.9E-16));
#1627 = DIRECTION('',(0.,1.,0.));
#1628 = DIRECTION('',(0.,0.,1.));
#1629 = ADVANCED_FACE('',(#1630),#1755,.F.);
#1630 = FACE_BOUND('',#1631,.F.);
#1631 = EDGE_LOOP('',(#1632,#1642,#1650,#1658,#1666,#1675,#1683,#1692,
    #1698,#1699,#1707,#1716,#1724,#1733,#1741,#1749));
#1632 = ORIENTED_EDGE('',*,*,#1633,.T.);
#1633 = EDGE_CURVE('',#1634,#1636,#1638,.T.);
#1634 = VERTEX_POINT('',#1635);
#1635 = CARTESIAN_POINT('',(-3.1,-4.757,-0.33));
#1636 = VERTEX_POINT('',#1637);
#1637 = CARTESIAN_POINT('',(3.1,-4.757,-0.33));
#1638 = LINE('',#1639,#1640);
#1639 = CARTESIAN_POINT('',(-3.,-4.757,-0.33));
#1640 = VECTOR('',#1641,1.);
#1641 = DIRECTION('',(1.,0.,0.));
#1642 = ORIENTED_EDGE('',*,*,#1643,.T.);
#1643 = EDGE_CURVE('',#1636,#1644,#1646,.T.);
#1644 = VERTEX_POINT('',#1645);
#1645 = CARTESIAN_POINT('',(3.35,-4.257,-0.33));
#1646 = LINE('',#1647,#1648);
#1647 = CARTESIAN_POINT('',(3.,-4.957,-0.33));
#1648 = VECTOR('',#1649,1.);
#1649 = DIRECTION('',(0.4472135955,0.894427191,0.));
#1650 = ORIENTED_EDGE('',*,*,#1651,.T.);
#1651 = EDGE_CURVE('',#1644,#1652,#1654,.T.);
#1652 = VERTEX_POINT('',#1653);
#1653 = CARTESIAN_POINT('',(3.35,-3.787,-0.33));
#1654 = LINE('',#1655,#1656);
#1655 = CARTESIAN_POINT('',(3.35,-4.257,-0.33));
#1656 = VECTOR('',#1657,1.);
#1657 = DIRECTION('',(0.,1.,0.));
#1658 = ORIENTED_EDGE('',*,*,#1659,.T.);
#1659 = EDGE_CURVE('',#1652,#1660,#1662,.T.);
#1660 = VERTEX_POINT('',#1661);
#1661 = CARTESIAN_POINT('',(3.2,-3.787,-0.33));
#1662 = LINE('',#1663,#1664);
#1663 = CARTESIAN_POINT('',(3.35,-3.787,-0.33));
#1664 = VECTOR('',#1665,1.);
#1665 = DIRECTION('',(-1.,0.,0.));
#1666 = ORIENTED_EDGE('',*,*,#1667,.F.);
#1667 = EDGE_CURVE('',#1668,#1660,#1670,.T.);
#1668 = VERTEX_POINT('',#1669);
#1669 = CARTESIAN_POINT('',(3.,-3.587,-0.33));
#1670 = CIRCLE('',#1671,0.2);
#1671 = AXIS2_PLACEMENT_3D('',#1672,#1673,#1674);
#1672 = CARTESIAN_POINT('',(3.2,-3.587,-0.33));
#1673 = DIRECTION('',(0.,0.,1.));
#1674 = DIRECTION('',(1.,0.,0.));
#1675 = ORIENTED_EDGE('',*,*,#1676,.F.);
#1676 = EDGE_CURVE('',#1677,#1668,#1679,.T.);
#1677 = VERTEX_POINT('',#1678);
#1678 = CARTESIAN_POINT('',(3.,-2.377,-0.33));
#1679 = LINE('',#1680,#1681);
#1680 = CARTESIAN_POINT('',(3.,-2.377,-0.33));
#1681 = VECTOR('',#1682,1.);
#1682 = DIRECTION('',(0.,-1.,0.));
#1683 = ORIENTED_EDGE('',*,*,#1684,.F.);
#1684 = EDGE_CURVE('',#1685,#1677,#1687,.T.);
#1685 = VERTEX_POINT('',#1686);
#1686 = CARTESIAN_POINT('',(3.070028984872,-2.199935224073,-0.33));
#1687 = CIRCLE('',#1688,0.2);
#1688 = AXIS2_PLACEMENT_3D('',#1689,#1690,#1691);
#1689 = CARTESIAN_POINT('',(3.198573459515,-2.353155059731,-0.33));
#1690 = DIRECTION('',(0.,0.,1.));
#1691 = DIRECTION('',(1.,0.,0.));
#1692 = ORIENTED_EDGE('',*,*,#1693,.F.);
#1693 = EDGE_CURVE('',#1594,#1685,#1694,.T.);
#1694 = LINE('',#1695,#1696);
#1695 = CARTESIAN_POINT('',(3.3,-2.007,-0.33));
#1696 = VECTOR('',#1697,1.);
#1697 = DIRECTION('',(-0.766099178263,-0.642722373241,0.));
#1698 = ORIENTED_EDGE('',*,*,#1593,.T.);
#1699 = ORIENTED_EDGE('',*,*,#1700,.T.);
#1700 = EDGE_CURVE('',#1596,#1701,#1703,.T.);
#1701 = VERTEX_POINT('',#1702);
#1702 = CARTESIAN_POINT('',(-3.069951912278,-2.174253755523,-0.33));
#1703 = LINE('',#1704,#1705);
#1704 = CARTESIAN_POINT('',(-3.3,-2.007,-0.33));
#1705 = VECTOR('',#1706,1.);
#1706 = DIRECTION('',(0.808826293344,-0.588047640244,0.));
#1707 = ORIENTED_EDGE('',*,*,#1708,.F.);
#1708 = EDGE_CURVE('',#1709,#1701,#1711,.T.);
#1709 = VERTEX_POINT('',#1710);
#1710 = CARTESIAN_POINT('',(-2.989145457359,-2.361140672239,-0.33));
#1711 = CIRCLE('',#1712,0.2);
#1712 = AXIS2_PLACEMENT_3D('',#1713,#1714,#1715);
#1713 = CARTESIAN_POINT('',(-3.187561440326,-2.336019014192,-0.33));
#1714 = DIRECTION('',(0.,0.,1.));
#1715 = DIRECTION('',(1.,0.,0.));
#1716 = ORIENTED_EDGE('',*,*,#1717,.T.);
#1717 = EDGE_CURVE('',#1709,#1718,#1720,.T.);
#1718 = VERTEX_POINT('',#1719);
#1719 = CARTESIAN_POINT('',(-2.989145457359,-3.587,-0.33));
#1720 = LINE('',#1721,#1722);
#1721 = CARTESIAN_POINT('',(-2.989145457359,-2.361140672239,-0.33));
#1722 = VECTOR('',#1723,1.);
#1723 = DIRECTION('',(0.,-1.,0.));
#1724 = ORIENTED_EDGE('',*,*,#1725,.F.);
#1725 = EDGE_CURVE('',#1726,#1718,#1728,.T.);
#1726 = VERTEX_POINT('',#1727);
#1727 = CARTESIAN_POINT('',(-3.189145457359,-3.787,-0.33));
#1728 = CIRCLE('',#1729,0.2);
#1729 = AXIS2_PLACEMENT_3D('',#1730,#1731,#1732);
#1730 = CARTESIAN_POINT('',(-3.189145457359,-3.587,-0.33));
#1731 = DIRECTION('',(0.,0.,1.));
#1732 = DIRECTION('',(1.,0.,0.));
#1733 = ORIENTED_EDGE('',*,*,#1734,.F.);
#1734 = EDGE_CURVE('',#1735,#1726,#1737,.T.);
#1735 = VERTEX_POINT('',#1736);
#1736 = CARTESIAN_POINT('',(-3.35,-3.787,-0.33));
#1737 = LINE('',#1738,#1739);
#1738 = CARTESIAN_POINT('',(-3.35,-3.787,-0.33));
#1739 = VECTOR('',#1740,1.);
#1740 = DIRECTION('',(1.,0.,0.));
#1741 = ORIENTED_EDGE('',*,*,#1742,.F.);
#1742 = EDGE_CURVE('',#1743,#1735,#1745,.T.);
#1743 = VERTEX_POINT('',#1744);
#1744 = CARTESIAN_POINT('',(-3.35,-4.257,-0.33));
#1745 = LINE('',#1746,#1747);
#1746 = CARTESIAN_POINT('',(-3.35,-4.257,-0.33));
#1747 = VECTOR('',#1748,1.);
#1748 = DIRECTION('',(0.,1.,0.));
#1749 = ORIENTED_EDGE('',*,*,#1750,.F.);
#1750 = EDGE_CURVE('',#1634,#1743,#1751,.T.);
#1751 = LINE('',#1752,#1753);
#1752 = CARTESIAN_POINT('',(-3.,-4.957,-0.33));
#1753 = VECTOR('',#1754,1.);
#1754 = DIRECTION('',(-0.4472135955,0.894427191,0.));
#1755 = PLANE('',#1756);
#1756 = AXIS2_PLACEMENT_3D('',#1757,#1758,#1759);
#1757 = CARTESIAN_POINT('',(-2.624418727028E-03,-2.70365743342,-0.33));
#1758 = DIRECTION('',(0.,0.,1.));
#1759 = DIRECTION('',(1.,0.,0.));
#1760 = ADVANCED_FACE('',(#1761),#1779,.F.);
#1761 = FACE_BOUND('',#1762,.F.);
#1762 = EDGE_LOOP('',(#1763,#1764,#1772,#1778));
#1763 = ORIENTED_EDGE('',*,*,#1619,.T.);
#1764 = ORIENTED_EDGE('',*,*,#1765,.T.);
#1765 = EDGE_CURVE('',#1612,#1766,#1768,.T.);
#1766 = VERTEX_POINT('',#1767);
#1767 = CARTESIAN_POINT('',(-3.069951912278,-2.174253755523,0.33));
#1768 = LINE('',#1769,#1770);
#1769 = CARTESIAN_POINT('',(-3.3,-2.007,0.33));
#1770 = VECTOR('',#1771,1.);
#1771 = DIRECTION('',(0.808826293344,-0.588047640244,0.));
#1772 = ORIENTED_EDGE('',*,*,#1773,.F.);
#1773 = EDGE_CURVE('',#1701,#1766,#1774,.T.);
#1774 = LINE('',#1775,#1776);
#1775 = CARTESIAN_POINT('',(-3.069951912278,-2.174253755523,-0.33));
#1776 = VECTOR('',#1777,1.);
#1777 = DIRECTION('',(0.,0.,1.));
#1778 = ORIENTED_EDGE('',*,*,#1700,.F.);
#1779 = PLANE('',#1780);
#1780 = AXIS2_PLACEMENT_3D('',#1781,#1782,#1783);
#1781 = CARTESIAN_POINT('',(-3.3,-2.007,-0.33));
#1782 = DIRECTION('',(0.588047640244,0.808826293344,0.));
#1783 = DIRECTION('',(0.808826293344,-0.588047640244,0.));
#1784 = ADVANCED_FACE('',(#1785),#1903,.T.);
#1785 = FACE_BOUND('',#1786,.T.);
#1786 = EDGE_LOOP('',(#1787,#1797,#1805,#1813,#1821,#1830,#1838,#1847,
    #1853,#1854,#1855,#1864,#1872,#1881,#1889,#1897));
#1787 = ORIENTED_EDGE('',*,*,#1788,.F.);
#1788 = EDGE_CURVE('',#1789,#1791,#1793,.T.);
#1789 = VERTEX_POINT('',#1790);
#1790 = CARTESIAN_POINT('',(3.1,-4.757,0.33));
#1791 = VERTEX_POINT('',#1792);
#1792 = CARTESIAN_POINT('',(-3.1,-4.757,0.33));
#1793 = LINE('',#1794,#1795);
#1794 = CARTESIAN_POINT('',(3.,-4.757,0.33));
#1795 = VECTOR('',#1796,1.);
#1796 = DIRECTION('',(-1.,0.,0.));
#1797 = ORIENTED_EDGE('',*,*,#1798,.T.);
#1798 = EDGE_CURVE('',#1789,#1799,#1801,.T.);
#1799 = VERTEX_POINT('',#1800);
#1800 = CARTESIAN_POINT('',(3.35,-4.257,0.33));
#1801 = LINE('',#1802,#1803);
#1802 = CARTESIAN_POINT('',(3.,-4.957,0.33));
#1803 = VECTOR('',#1804,1.);
#1804 = DIRECTION('',(0.4472135955,0.894427191,0.));
#1805 = ORIENTED_EDGE('',*,*,#1806,.T.);
#1806 = EDGE_CURVE('',#1799,#1807,#1809,.T.);
#1807 = VERTEX_POINT('',#1808);
#1808 = CARTESIAN_POINT('',(3.35,-3.787,0.33));
#1809 = LINE('',#1810,#1811);
#1810 = CARTESIAN_POINT('',(3.35,-4.257,0.33));
#1811 = VECTOR('',#1812,1.);
#1812 = DIRECTION('',(0.,1.,0.));
#1813 = ORIENTED_EDGE('',*,*,#1814,.T.);
#1814 = EDGE_CURVE('',#1807,#1815,#1817,.T.);
#1815 = VERTEX_POINT('',#1816);
#1816 = CARTESIAN_POINT('',(3.2,-3.787,0.33));
#1817 = LINE('',#1818,#1819);
#1818 = CARTESIAN_POINT('',(3.35,-3.787,0.33));
#1819 = VECTOR('',#1820,1.);
#1820 = DIRECTION('',(-1.,0.,0.));
#1821 = ORIENTED_EDGE('',*,*,#1822,.F.);
#1822 = EDGE_CURVE('',#1823,#1815,#1825,.T.);
#1823 = VERTEX_POINT('',#1824);
#1824 = CARTESIAN_POINT('',(3.,-3.587,0.33));
#1825 = CIRCLE('',#1826,0.2);
#1826 = AXIS2_PLACEMENT_3D('',#1827,#1828,#1829);
#1827 = CARTESIAN_POINT('',(3.2,-3.587,0.33));
#1828 = DIRECTION('',(0.,0.,1.));
#1829 = DIRECTION('',(1.,0.,0.));
#1830 = ORIENTED_EDGE('',*,*,#1831,.F.);
#1831 = EDGE_CURVE('',#1832,#1823,#1834,.T.);
#1832 = VERTEX_POINT('',#1833);
#1833 = CARTESIAN_POINT('',(3.,-2.377,0.33));
#1834 = LINE('',#1835,#1836);
#1835 = CARTESIAN_POINT('',(3.,-2.377,0.33));
#1836 = VECTOR('',#1837,1.);
#1837 = DIRECTION('',(0.,-1.,0.));
#1838 = ORIENTED_EDGE('',*,*,#1839,.F.);
#1839 = EDGE_CURVE('',#1840,#1832,#1842,.T.);
#1840 = VERTEX_POINT('',#1841);
#1841 = CARTESIAN_POINT('',(3.070028984872,-2.199935224073,0.33));
#1842 = CIRCLE('',#1843,0.2);
#1843 = AXIS2_PLACEMENT_3D('',#1844,#1845,#1846);
#1844 = CARTESIAN_POINT('',(3.198573459515,-2.353155059731,0.33));
#1845 = DIRECTION('',(0.,0.,1.));
#1846 = DIRECTION('',(1.,0.,0.));
#1847 = ORIENTED_EDGE('',*,*,#1848,.F.);
#1848 = EDGE_CURVE('',#1604,#1840,#1849,.T.);
#1849 = LINE('',#1850,#1851);
#1850 = CARTESIAN_POINT('',(3.3,-2.007,0.33));
#1851 = VECTOR('',#1852,1.);
#1852 = DIRECTION('',(-0.766099178263,-0.642722373241,0.));
#1853 = ORIENTED_EDGE('',*,*,#1611,.T.);
#1854 = ORIENTED_EDGE('',*,*,#1765,.T.);
#1855 = ORIENTED_EDGE('',*,*,#1856,.F.);
#1856 = EDGE_CURVE('',#1857,#1766,#1859,.T.);
#1857 = VERTEX_POINT('',#1858);
#1858 = CARTESIAN_POINT('',(-2.989145457359,-2.361140672239,0.33));
#1859 = CIRCLE('',#1860,0.2);
#1860 = AXIS2_PLACEMENT_3D('',#1861,#1862,#1863);
#1861 = CARTESIAN_POINT('',(-3.187561440326,-2.336019014192,0.33));
#1862 = DIRECTION('',(0.,0.,1.));
#1863 = DIRECTION('',(1.,0.,0.));
#1864 = ORIENTED_EDGE('',*,*,#1865,.T.);
#1865 = EDGE_CURVE('',#1857,#1866,#1868,.T.);
#1866 = VERTEX_POINT('',#1867);
#1867 = CARTESIAN_POINT('',(-2.989145457359,-3.587,0.33));
#1868 = LINE('',#1869,#1870);
#1869 = CARTESIAN_POINT('',(-2.989145457359,-2.361140672239,0.33));
#1870 = VECTOR('',#1871,1.);
#1871 = DIRECTION('',(0.,-1.,0.));
#1872 = ORIENTED_EDGE('',*,*,#1873,.F.);
#1873 = EDGE_CURVE('',#1874,#1866,#1876,.T.);
#1874 = VERTEX_POINT('',#1875);
#1875 = CARTESIAN_POINT('',(-3.189145457359,-3.787,0.33));
#1876 = CIRCLE('',#1877,0.2);
#1877 = AXIS2_PLACEMENT_3D('',#1878,#1879,#1880);
#1878 = CARTESIAN_POINT('',(-3.189145457359,-3.587,0.33));
#1879 = DIRECTION('',(0.,0.,1.));
#1880 = DIRECTION('',(1.,0.,0.));
#1881 = ORIENTED_EDGE('',*,*,#1882,.F.);
#1882 = EDGE_CURVE('',#1883,#1874,#1885,.T.);
#1883 = VERTEX_POINT('',#1884);
#1884 = CARTESIAN_POINT('',(-3.35,-3.787,0.33));
#1885 = LINE('',#1886,#1887);
#1886 = CARTESIAN_POINT('',(-3.35,-3.787,0.33));
#1887 = VECTOR('',#1888,1.);
#1888 = DIRECTION('',(1.,0.,0.));
#1889 = ORIENTED_EDGE('',*,*,#1890,.F.);
#1890 = EDGE_CURVE('',#1891,#1883,#1893,.T.);
#1891 = VERTEX_POINT('',#1892);
#1892 = CARTESIAN_POINT('',(-3.35,-4.257,0.33));
#1893 = LINE('',#1894,#1895);
#1894 = CARTESIAN_POINT('',(-3.35,-4.257,0.33));
#1895 = VECTOR('',#1896,1.);
#1896 = DIRECTION('',(0.,1.,0.));
#1897 = ORIENTED_EDGE('',*,*,#1898,.F.);
#1898 = EDGE_CURVE('',#1791,#1891,#1899,.T.);
#1899 = LINE('',#1900,#1901);
#1900 = CARTESIAN_POINT('',(-3.,-4.957,0.33));
#1901 = VECTOR('',#1902,1.);
#1902 = DIRECTION('',(-0.4472135955,0.894427191,0.));
#1903 = PLANE('',#1904);
#1904 = AXIS2_PLACEMENT_3D('',#1905,#1906,#1907);
#1905 = CARTESIAN_POINT('',(-2.624418727028E-03,-2.70365743342,0.33));
#1906 = DIRECTION('',(0.,0.,1.));
#1907 = DIRECTION('',(1.,0.,0.));
#1908 = ADVANCED_FACE('',(#1909),#1920,.T.);
#1909 = FACE_BOUND('',#1910,.T.);
#1910 = EDGE_LOOP('',(#1911,#1912,#1913,#1919));
#1911 = ORIENTED_EDGE('',*,*,#1603,.T.);
#1912 = ORIENTED_EDGE('',*,*,#1848,.T.);
#1913 = ORIENTED_EDGE('',*,*,#1914,.F.);
#1914 = EDGE_CURVE('',#1685,#1840,#1915,.T.);
#1915 = LINE('',#1916,#1917);
#1916 = CARTESIAN_POINT('',(3.070028984872,-2.199935224073,-0.33));
#1917 = VECTOR('',#1918,1.);
#1918 = DIRECTION('',(0.,0.,1.));
#1919 = ORIENTED_EDGE('',*,*,#1693,.F.);
#1920 = PLANE('',#1921);
#1921 = AXIS2_PLACEMENT_3D('',#1922,#1923,#1924);
#1922 = CARTESIAN_POINT('',(3.3,-2.007,-0.33));
#1923 = DIRECTION('',(0.642722373241,-0.766099178263,0.));
#1924 = DIRECTION('',(-0.766099178263,-0.642722373241,0.));
#1925 = ADVANCED_FACE('',(#1926),#1951,.F.);
#1926 = FACE_BOUND('',#1927,.F.);
#1927 = EDGE_LOOP('',(#1928,#1936,#1944,#1950));
#1928 = ORIENTED_EDGE('',*,*,#1929,.F.);
#1929 = EDGE_CURVE('',#1930,#1634,#1932,.T.);
#1930 = VERTEX_POINT('',#1931);
#1931 = CARTESIAN_POINT('',(-3.,-4.957,-0.18));
#1932 = LINE('',#1933,#1934);
#1933 = CARTESIAN_POINT('',(-3.037068965517,-4.882862068966,
    -0.235603448276));
#1934 = VECTOR('',#1935,1.);
#1935 = DIRECTION('',(-0.371390676354,0.742781352708,-0.557086014531));
#1936 = ORIENTED_EDGE('',*,*,#1937,.T.);
#1937 = EDGE_CURVE('',#1930,#1938,#1940,.T.);
#1938 = VERTEX_POINT('',#1939);
#1939 = CARTESIAN_POINT('',(3.,-4.957,-0.18));
#1940 = LINE('',#1941,#1942);
#1941 = CARTESIAN_POINT('',(-3.,-4.957,-0.18));
#1942 = VECTOR('',#1943,1.);
#1943 = DIRECTION('',(1.,0.,0.));
#1944 = ORIENTED_EDGE('',*,*,#1945,.T.);
#1945 = EDGE_CURVE('',#1938,#1636,#1946,.T.);
#1946 = LINE('',#1947,#1948);
#1947 = CARTESIAN_POINT('',(2.623275862069,-5.710448275862,
    0.385086206897));
#1948 = VECTOR('',#1949,1.);
#1949 = DIRECTION('',(0.371390676354,0.742781352708,-0.557086014531));
#1950 = ORIENTED_EDGE('',*,*,#1633,.F.);
#1951 = PLANE('',#1952);
#1952 = AXIS2_PLACEMENT_3D('',#1953,#1954,#1955);
#1953 = CARTESIAN_POINT('',(-3.,-4.857,-0.255));
#1954 = DIRECTION('',(0.,0.6,0.8));
#1955 = DIRECTION('',(1.,0.,0.));
#1956 = ADVANCED_FACE('',(#1957),#1982,.T.);
#1957 = FACE_BOUND('',#1958,.T.);
#1958 = EDGE_LOOP('',(#1959,#1967,#1973,#1974,#1980,#1981));
#1959 = ORIENTED_EDGE('',*,*,#1960,.T.);
#1960 = EDGE_CURVE('',#1930,#1961,#1963,.T.);
#1961 = VERTEX_POINT('',#1962);
#1962 = CARTESIAN_POINT('',(-3.,-4.957,0.18));
#1963 = LINE('',#1964,#1965);
#1964 = CARTESIAN_POINT('',(-3.,-4.957,-0.33));
#1965 = VECTOR('',#1966,1.);
#1966 = DIRECTION('',(0.,0.,1.));
#1967 = ORIENTED_EDGE('',*,*,#1968,.F.);
#1968 = EDGE_CURVE('',#1791,#1961,#1969,.T.);
#1969 = LINE('',#1970,#1971);
#1970 = CARTESIAN_POINT('',(-2.555,-5.847,-0.4875));
#1971 = VECTOR('',#1972,1.);
#1972 = DIRECTION('',(0.371390676354,-0.742781352708,-0.557086014531));
#1973 = ORIENTED_EDGE('',*,*,#1898,.T.);
#1974 = ORIENTED_EDGE('',*,*,#1975,.F.);
#1975 = EDGE_CURVE('',#1743,#1891,#1976,.T.);
#1976 = LINE('',#1977,#1978);
#1977 = CARTESIAN_POINT('',(-3.35,-4.257,-0.33));
#1978 = VECTOR('',#1979,1.);
#1979 = DIRECTION('',(0.,0.,1.));
#1980 = ORIENTED_EDGE('',*,*,#1750,.F.);
#1981 = ORIENTED_EDGE('',*,*,#1929,.F.);
#1982 = PLANE('',#1983);
#1983 = AXIS2_PLACEMENT_3D('',#1984,#1985,#1986);
#1984 = CARTESIAN_POINT('',(-3.,-4.957,-0.33));
#1985 = DIRECTION('',(-0.894427191,-0.4472135955,0.));
#1986 = DIRECTION('',(-0.4472135955,0.894427191,0.));
#1987 = ADVANCED_FACE('',(#1988),#1999,.T.);
#1988 = FACE_BOUND('',#1989,.T.);
#1989 = EDGE_LOOP('',(#1990,#1991,#1992,#1998));
#1990 = ORIENTED_EDGE('',*,*,#1975,.T.);
#1991 = ORIENTED_EDGE('',*,*,#1890,.T.);
#1992 = ORIENTED_EDGE('',*,*,#1993,.F.);
#1993 = EDGE_CURVE('',#1735,#1883,#1994,.T.);
#1994 = LINE('',#1995,#1996);
#1995 = CARTESIAN_POINT('',(-3.35,-3.787,-0.33));
#1996 = VECTOR('',#1997,1.);
#1997 = DIRECTION('',(0.,0.,1.));
#1998 = ORIENTED_EDGE('',*,*,#1742,.F.);
#1999 = PLANE('',#2000);
#2000 = AXIS2_PLACEMENT_3D('',#2001,#2002,#2003);
#2001 = CARTESIAN_POINT('',(-3.35,-4.257,-0.33));
#2002 = DIRECTION('',(-1.,0.,0.));
#2003 = DIRECTION('',(0.,1.,0.));
#2004 = ADVANCED_FACE('',(#2005),#2016,.T.);
#2005 = FACE_BOUND('',#2006,.T.);
#2006 = EDGE_LOOP('',(#2007,#2008,#2009,#2015));
#2007 = ORIENTED_EDGE('',*,*,#1993,.T.);
#2008 = ORIENTED_EDGE('',*,*,#1882,.T.);
#2009 = ORIENTED_EDGE('',*,*,#2010,.F.);
#2010 = EDGE_CURVE('',#1726,#1874,#2011,.T.);
#2011 = LINE('',#2012,#2013);
#2012 = CARTESIAN_POINT('',(-3.189145457359,-3.787,-0.33));
#2013 = VECTOR('',#2014,1.);
#2014 = DIRECTION('',(0.,0.,1.));
#2015 = ORIENTED_EDGE('',*,*,#1734,.F.);
#2016 = PLANE('',#2017);
#2017 = AXIS2_PLACEMENT_3D('',#2018,#2019,#2020);
#2018 = CARTESIAN_POINT('',(-3.35,-3.787,-0.33));
#2019 = DIRECTION('',(0.,1.,0.));
#2020 = DIRECTION('',(1.,0.,0.));
#2021 = ADVANCED_FACE('',(#2022),#2033,.F.);
#2022 = FACE_BOUND('',#2023,.F.);
#2023 = EDGE_LOOP('',(#2024,#2025,#2031,#2032));
#2024 = ORIENTED_EDGE('',*,*,#1725,.T.);
#2025 = ORIENTED_EDGE('',*,*,#2026,.T.);
#2026 = EDGE_CURVE('',#1718,#1866,#2027,.T.);
#2027 = LINE('',#2028,#2029);
#2028 = CARTESIAN_POINT('',(-2.989145457359,-3.587,-0.33));
#2029 = VECTOR('',#2030,1.);
#2030 = DIRECTION('',(0.,0.,1.));
#2031 = ORIENTED_EDGE('',*,*,#1873,.F.);
#2032 = ORIENTED_EDGE('',*,*,#2010,.F.);
#2033 = CYLINDRICAL_SURFACE('',#2034,0.2);
#2034 = AXIS2_PLACEMENT_3D('',#2035,#2036,#2037);
#2035 = CARTESIAN_POINT('',(-3.189145457359,-3.587,-0.33));
#2036 = DIRECTION('',(-0.,-0.,-1.));
#2037 = DIRECTION('',(1.,0.,0.));
#2038 = ADVANCED_FACE('',(#2039),#2050,.F.);
#2039 = FACE_BOUND('',#2040,.F.);
#2040 = EDGE_LOOP('',(#2041,#2047,#2048,#2049));
#2041 = ORIENTED_EDGE('',*,*,#2042,.T.);
#2042 = EDGE_CURVE('',#1709,#1857,#2043,.T.);
#2043 = LINE('',#2044,#2045);
#2044 = CARTESIAN_POINT('',(-2.989145457359,-2.361140672239,-0.33));
#2045 = VECTOR('',#2046,1.);
#2046 = DIRECTION('',(0.,0.,1.));
#2047 = ORIENTED_EDGE('',*,*,#1865,.T.);
#2048 = ORIENTED_EDGE('',*,*,#2026,.F.);
#2049 = ORIENTED_EDGE('',*,*,#1717,.F.);
#2050 = PLANE('',#2051);
#2051 = AXIS2_PLACEMENT_3D('',#2052,#2053,#2054);
#2052 = CARTESIAN_POINT('',(-2.989145457359,-2.361140672239,-0.33));
#2053 = DIRECTION('',(1.,0.,0.));
#2054 = DIRECTION('',(0.,-1.,0.));
#2055 = ADVANCED_FACE('',(#2056),#2062,.F.);
#2056 = FACE_BOUND('',#2057,.F.);
#2057 = EDGE_LOOP('',(#2058,#2059,#2060,#2061));
#2058 = ORIENTED_EDGE('',*,*,#1708,.T.);
#2059 = ORIENTED_EDGE('',*,*,#1773,.T.);
#2060 = ORIENTED_EDGE('',*,*,#1856,.F.);
#2061 = ORIENTED_EDGE('',*,*,#2042,.F.);
#2062 = CYLINDRICAL_SURFACE('',#2063,0.2);
#2063 = AXIS2_PLACEMENT_3D('',#2064,#2065,#2066);
#2064 = CARTESIAN_POINT('',(-3.187561440326,-2.336019014192,-0.33));
#2065 = DIRECTION('',(-0.,-0.,-1.));
#2066 = DIRECTION('',(1.,0.,0.));
#2067 = ADVANCED_FACE('',(#2068),#2079,.F.);
#2068 = FACE_BOUND('',#2069,.F.);
#2069 = EDGE_LOOP('',(#2070,#2071,#2077,#2078));
#2070 = ORIENTED_EDGE('',*,*,#1684,.T.);
#2071 = ORIENTED_EDGE('',*,*,#2072,.T.);
#2072 = EDGE_CURVE('',#1677,#1832,#2073,.T.);
#2073 = LINE('',#2074,#2075);
#2074 = CARTESIAN_POINT('',(3.,-2.377,-0.33));
#2075 = VECTOR('',#2076,1.);
#2076 = DIRECTION('',(0.,0.,1.));
#2077 = ORIENTED_EDGE('',*,*,#1839,.F.);
#2078 = ORIENTED_EDGE('',*,*,#1914,.F.);
#2079 = CYLINDRICAL_SURFACE('',#2080,0.2);
#2080 = AXIS2_PLACEMENT_3D('',#2081,#2082,#2083);
#2081 = CARTESIAN_POINT('',(3.198573459515,-2.353155059731,-0.33));
#2082 = DIRECTION('',(-0.,-0.,-1.));
#2083 = DIRECTION('',(1.,0.,0.));
#2084 = ADVANCED_FACE('',(#2085),#2096,.T.);
#2085 = FACE_BOUND('',#2086,.T.);
#2086 = EDGE_LOOP('',(#2087,#2088,#2089,#2095));
#2087 = ORIENTED_EDGE('',*,*,#2072,.T.);
#2088 = ORIENTED_EDGE('',*,*,#1831,.T.);
#2089 = ORIENTED_EDGE('',*,*,#2090,.F.);
#2090 = EDGE_CURVE('',#1668,#1823,#2091,.T.);
#2091 = LINE('',#2092,#2093);
#2092 = CARTESIAN_POINT('',(3.,-3.587,-0.33));
#2093 = VECTOR('',#2094,1.);
#2094 = DIRECTION('',(0.,0.,1.));
#2095 = ORIENTED_EDGE('',*,*,#1676,.F.);
#2096 = PLANE('',#2097);
#2097 = AXIS2_PLACEMENT_3D('',#2098,#2099,#2100);
#2098 = CARTESIAN_POINT('',(3.,-2.377,-0.33));
#2099 = DIRECTION('',(1.,0.,0.));
#2100 = DIRECTION('',(0.,-1.,0.));
#2101 = ADVANCED_FACE('',(#2102),#2113,.F.);
#2102 = FACE_BOUND('',#2103,.F.);
#2103 = EDGE_LOOP('',(#2104,#2105,#2111,#2112));
#2104 = ORIENTED_EDGE('',*,*,#1667,.T.);
#2105 = ORIENTED_EDGE('',*,*,#2106,.T.);
#2106 = EDGE_CURVE('',#1660,#1815,#2107,.T.);
#2107 = LINE('',#2108,#2109);
#2108 = CARTESIAN_POINT('',(3.2,-3.787,-0.33));
#2109 = VECTOR('',#2110,1.);
#2110 = DIRECTION('',(0.,0.,1.));
#2111 = ORIENTED_EDGE('',*,*,#1822,.F.);
#2112 = ORIENTED_EDGE('',*,*,#2090,.F.);
#2113 = CYLINDRICAL_SURFACE('',#2114,0.2);
#2114 = AXIS2_PLACEMENT_3D('',#2115,#2116,#2117);
#2115 = CARTESIAN_POINT('',(3.2,-3.587,-0.33));
#2116 = DIRECTION('',(-0.,-0.,-1.));
#2117 = DIRECTION('',(1.,0.,0.));
#2118 = ADVANCED_FACE('',(#2119),#2130,.F.);
#2119 = FACE_BOUND('',#2120,.F.);
#2120 = EDGE_LOOP('',(#2121,#2127,#2128,#2129));
#2121 = ORIENTED_EDGE('',*,*,#2122,.T.);
#2122 = EDGE_CURVE('',#1652,#1807,#2123,.T.);
#2123 = LINE('',#2124,#2125);
#2124 = CARTESIAN_POINT('',(3.35,-3.787,-0.33));
#2125 = VECTOR('',#2126,1.);
#2126 = DIRECTION('',(0.,0.,1.));
#2127 = ORIENTED_EDGE('',*,*,#1814,.T.);
#2128 = ORIENTED_EDGE('',*,*,#2106,.F.);
#2129 = ORIENTED_EDGE('',*,*,#1659,.F.);
#2130 = PLANE('',#2131);
#2131 = AXIS2_PLACEMENT_3D('',#2132,#2133,#2134);
#2132 = CARTESIAN_POINT('',(3.35,-3.787,-0.33));
#2133 = DIRECTION('',(0.,-1.,0.));
#2134 = DIRECTION('',(-1.,0.,0.));
#2135 = ADVANCED_FACE('',(#2136),#2147,.F.);
#2136 = FACE_BOUND('',#2137,.F.);
#2137 = EDGE_LOOP('',(#2138,#2144,#2145,#2146));
#2138 = ORIENTED_EDGE('',*,*,#2139,.T.);
#2139 = EDGE_CURVE('',#1644,#1799,#2140,.T.);
#2140 = LINE('',#2141,#2142);
#2141 = CARTESIAN_POINT('',(3.35,-4.257,-0.33));
#2142 = VECTOR('',#2143,1.);
#2143 = DIRECTION('',(0.,0.,1.));
#2144 = ORIENTED_EDGE('',*,*,#1806,.T.);
#2145 = ORIENTED_EDGE('',*,*,#2122,.F.);
#2146 = ORIENTED_EDGE('',*,*,#1651,.F.);
#2147 = PLANE('',#2148);
#2148 = AXIS2_PLACEMENT_3D('',#2149,#2150,#2151);
#2149 = CARTESIAN_POINT('',(3.35,-4.257,-0.33));
#2150 = DIRECTION('',(-1.,0.,0.));
#2151 = DIRECTION('',(0.,1.,0.));
#2152 = ADVANCED_FACE('',(#2153),#2173,.F.);
#2153 = FACE_BOUND('',#2154,.F.);
#2154 = EDGE_LOOP('',(#2155,#2163,#2169,#2170,#2171,#2172));
#2155 = ORIENTED_EDGE('',*,*,#2156,.T.);
#2156 = EDGE_CURVE('',#1938,#2157,#2159,.T.);
#2157 = VERTEX_POINT('',#2158);
#2158 = CARTESIAN_POINT('',(3.,-4.957,0.18));
#2159 = LINE('',#2160,#2161);
#2160 = CARTESIAN_POINT('',(3.,-4.957,-0.33));
#2161 = VECTOR('',#2162,1.);
#2162 = DIRECTION('',(0.,0.,1.));
#2163 = ORIENTED_EDGE('',*,*,#2164,.F.);
#2164 = EDGE_CURVE('',#1789,#2157,#2165,.T.);
#2165 = LINE('',#2166,#2167);
#2166 = CARTESIAN_POINT('',(2.968793103448,-5.019413793103,
    0.133189655172));
#2167 = VECTOR('',#2168,1.);
#2168 = DIRECTION('',(-0.371390676354,-0.742781352708,-0.557086014531));
#2169 = ORIENTED_EDGE('',*,*,#1798,.T.);
#2170 = ORIENTED_EDGE('',*,*,#2139,.F.);
#2171 = ORIENTED_EDGE('',*,*,#1643,.F.);
#2172 = ORIENTED_EDGE('',*,*,#1945,.F.);
#2173 = PLANE('',#2174);
#2174 = AXIS2_PLACEMENT_3D('',#2175,#2176,#2177);
#2175 = CARTESIAN_POINT('',(3.,-4.957,-0.33));
#2176 = DIRECTION('',(-0.894427191,0.4472135955,0.));
#2177 = DIRECTION('',(0.4472135955,0.894427191,0.));
#2178 = ADVANCED_FACE('',(#2179),#2190,.T.);
#2179 = FACE_BOUND('',#2180,.T.);
#2180 = EDGE_LOOP('',(#2181,#2182,#2183,#2184));
#2181 = ORIENTED_EDGE('',*,*,#2164,.F.);
#2182 = ORIENTED_EDGE('',*,*,#1788,.T.);
#2183 = ORIENTED_EDGE('',*,*,#1968,.T.);
#2184 = ORIENTED_EDGE('',*,*,#2185,.F.);
#2185 = EDGE_CURVE('',#2157,#1961,#2186,.T.);
#2186 = LINE('',#2187,#2188);
#2187 = CARTESIAN_POINT('',(3.,-4.957,0.18));
#2188 = VECTOR('',#2189,1.);
#2189 = DIRECTION('',(-1.,0.,0.));
#2190 = PLANE('',#2191);
#2191 = AXIS2_PLACEMENT_3D('',#2192,#2193,#2194);
#2192 = CARTESIAN_POINT('',(3.,-4.857,0.255));
#2193 = DIRECTION('',(0.,-0.6,0.8));
#2194 = DIRECTION('',(-1.,0.,0.));
#2195 = ADVANCED_FACE('',(#2196),#2202,.T.);
#2196 = FACE_BOUND('',#2197,.T.);
#2197 = EDGE_LOOP('',(#2198,#2199,#2200,#2201));
#2198 = ORIENTED_EDGE('',*,*,#2156,.T.);
#2199 = ORIENTED_EDGE('',*,*,#2185,.T.);
#2200 = ORIENTED_EDGE('',*,*,#1960,.F.);
#2201 = ORIENTED_EDGE('',*,*,#1937,.T.);
#2202 = PLANE('',#2203);
#2203 = AXIS2_PLACEMENT_3D('',#2204,#2205,#2206);
#2204 = CARTESIAN_POINT('',(0.,-4.957,-1.E-17));
#2205 = DIRECTION('',(-0.,-1.,-0.));
#2206 = DIRECTION('',(0.,0.,-1.));
#2207 = MANIFOLD_SOLID_BREP('',#2208);
#2208 = CLOSED_SHELL('',(#2209,#2251,#2380,#2438,#2560,#2611,#2685,#2744
    ,#2775,#2808,#2856,#2873,#2924,#2941,#2966,#3048,#3065,#3116,#3133,
    #3185,#3209,#3259,#3271,#3288,#3305,#3330,#3450,#3501,#3566,#3583,
    #3636,#3653,#3670,#3687,#3699,#3810,#3841,#3858,#3870,#3887,#3904,
    #3921,#3946,#3971,#4004,#4021,#4038,#4050,#4067,#4092,#4116,#4139,
    #4151,#4176,#4242,#4332,#4357,#4397,#4414,#4449,#4466,#4483,#4516,
    #4533,#4615,#4640,#4662,#4679,#4696,#4723,#4774,#4807,#4840,#4862,
    #4879,#4891,#4916,#4941,#4965,#4991,#5008,#5020,#5044,#5068,#5085,
    #5099,#5164,#5196,#5227,#5258,#5291,#5324,#5357,#5389,#5456,#5488,
    #5512,#5544,#5568,#5585,#5621,#5647,#5663,#5679,#5703));
#2209 = ADVANCED_FACE('',(#2210),#2246,.F.);
#2210 = FACE_BOUND('',#2211,.F.);
#2211 = EDGE_LOOP('',(#2212,#2223,#2231,#2240));
#2212 = ORIENTED_EDGE('',*,*,#2213,.F.);
#2213 = EDGE_CURVE('',#2214,#2216,#2218,.T.);
#2214 = VERTEX_POINT('',#2215);
#2215 = CARTESIAN_POINT('',(-4.2,-1.407,0.));
#2216 = VERTEX_POINT('',#2217);
#2217 = CARTESIAN_POINT('',(-4.2,-1.792002236217,0.));
#2218 = CIRCLE('',#2219,0.192501118109);
#2219 = AXIS2_PLACEMENT_3D('',#2220,#2221,#2222);
#2220 = CARTESIAN_POINT('',(-4.2,-1.599501118109,-1.1E-16));
#2221 = DIRECTION('',(1.,-2.2E-16,2.2E-16));
#2222 = DIRECTION('',(2.2E-16,1.,-2.2E-16));
#2223 = ORIENTED_EDGE('',*,*,#2224,.T.);
#2224 = EDGE_CURVE('',#2214,#2225,#2227,.T.);
#2225 = VERTEX_POINT('',#2226);
#2226 = CARTESIAN_POINT('',(-4.5,-1.407,0.));
#2227 = LINE('',#2228,#2229);
#2228 = CARTESIAN_POINT('',(-1.6,-1.407,4.2E-16));
#2229 = VECTOR('',#2230,1.);
#2230 = DIRECTION('',(-1.,2.2E-16,-2.2E-16));
#2231 = ORIENTED_EDGE('',*,*,#2232,.T.);
#2232 = EDGE_CURVE('',#2225,#2233,#2235,.T.);
#2233 = VERTEX_POINT('',#2234);
#2234 = CARTESIAN_POINT('',(-4.5,-1.792002236217,0.));
#2235 = CIRCLE('',#2236,0.192501118109);
#2236 = AXIS2_PLACEMENT_3D('',#2237,#2238,#2239);
#2237 = CARTESIAN_POINT('',(-4.5,-1.599501118109,-1.8E-16));
#2238 = DIRECTION('',(1.,-2.2E-16,2.2E-16));
#2239 = DIRECTION('',(2.2E-16,1.,-2.2E-16));
#2240 = ORIENTED_EDGE('',*,*,#2241,.F.);
#2241 = EDGE_CURVE('',#2216,#2233,#2242,.T.);
#2242 = LINE('',#2243,#2244);
#2243 = CARTESIAN_POINT('',(-1.6,-1.792002236217,5.2E-16));
#2244 = VECTOR('',#2245,1.);
#2245 = DIRECTION('',(-1.,2.2E-16,-2.2E-16));
#2246 = CYLINDRICAL_SURFACE('',#2247,0.192501118109);
#2247 = AXIS2_PLACEMENT_3D('',#2248,#2249,#2250);
#2248 = CARTESIAN_POINT('',(-1.6,-1.599501118109,4.6E-16));
#2249 = DIRECTION('',(1.,-2.2E-16,2.2E-16));
#2250 = DIRECTION('',(2.2E-16,1.,-2.2E-16));
#2251 = ADVANCED_FACE('',(#2252),#2375,.T.);
#2252 = FACE_BOUND('',#2253,.T.);
#2253 = EDGE_LOOP('',(#2254,#2264,#2272,#2280,#2288,#2296,#2305,#2313,
    #2321,#2327,#2328,#2336,#2344,#2352,#2361,#2369));
#2254 = ORIENTED_EDGE('',*,*,#2255,.T.);
#2255 = EDGE_CURVE('',#2256,#2258,#2260,.T.);
#2256 = VERTEX_POINT('',#2257);
#2257 = CARTESIAN_POINT('',(-4.2,2.093,-1.15553481674));
#2258 = VERTEX_POINT('',#2259);
#2259 = CARTESIAN_POINT('',(-4.2,2.093,0.3));
#2260 = LINE('',#2261,#2262);
#2261 = CARTESIAN_POINT('',(-4.2,2.093,-0.3));
#2262 = VECTOR('',#2263,1.);
#2263 = DIRECTION('',(0.,0.,1.));
#2264 = ORIENTED_EDGE('',*,*,#2265,.T.);
#2265 = EDGE_CURVE('',#2258,#2266,#2268,.T.);
#2266 = VERTEX_POINT('',#2267);
#2267 = CARTESIAN_POINT('',(-4.2,-5.007,0.3));
#2268 = LINE('',#2269,#2270);
#2269 = CARTESIAN_POINT('',(-4.2,2.093,0.3));
#2270 = VECTOR('',#2271,1.);
#2271 = DIRECTION('',(0.,-1.,4.4E-16));
#2272 = ORIENTED_EDGE('',*,*,#2273,.F.);
#2273 = EDGE_CURVE('',#2274,#2266,#2276,.T.);
#2274 = VERTEX_POINT('',#2275);
#2275 = CARTESIAN_POINT('',(-4.2,-5.007,-0.3));
#2276 = LINE('',#2277,#2278);
#2277 = CARTESIAN_POINT('',(-4.2,-5.007,-0.3));
#2278 = VECTOR('',#2279,1.);
#2279 = DIRECTION('',(0.,4.4E-16,1.));
#2280 = ORIENTED_EDGE('',*,*,#2281,.F.);
#2281 = EDGE_CURVE('',#2282,#2274,#2284,.T.);
#2282 = VERTEX_POINT('',#2283);
#2283 = CARTESIAN_POINT('',(-4.2,-3.507,-0.3));
#2284 = LINE('',#2285,#2286);
#2285 = CARTESIAN_POINT('',(-4.2,2.093,-0.3));
#2286 = VECTOR('',#2287,1.);
#2287 = DIRECTION('',(0.,-1.,4.4E-16));
#2288 = ORIENTED_EDGE('',*,*,#2289,.F.);
#2289 = EDGE_CURVE('',#2290,#2282,#2292,.T.);
#2290 = VERTEX_POINT('',#2291);
#2291 = CARTESIAN_POINT('',(-4.2,-3.507,-0.298687796725));
#2292 = LINE('',#2293,#2294);
#2293 = CARTESIAN_POINT('',(-4.2,-3.507,-1.1981805));
#2294 = VECTOR('',#2295,1.);
#2295 = DIRECTION('',(0.,-2.2E-16,-1.));
#2296 = ORIENTED_EDGE('',*,*,#2297,.F.);
#2297 = EDGE_CURVE('',#2298,#2290,#2300,.T.);
#2298 = VERTEX_POINT('',#2299);
#2299 = CARTESIAN_POINT('',(-4.2,-3.122002236217,-0.3));
#2300 = CIRCLE('',#2301,0.192501118109);
#2301 = AXIS2_PLACEMENT_3D('',#2302,#2303,#2304);
#2302 = CARTESIAN_POINT('',(-4.2,-3.314503354326,-0.3));
#2303 = DIRECTION('',(1.,-2.2E-16,2.2E-16));
#2304 = DIRECTION('',(2.2E-16,1.,-2.2E-16));
#2305 = ORIENTED_EDGE('',*,*,#2306,.T.);
#2306 = EDGE_CURVE('',#2298,#2307,#2309,.T.);
#2307 = VERTEX_POINT('',#2308);
#2308 = CARTESIAN_POINT('',(-4.2,-3.122002236217,-1.174347999999));
#2309 = LINE('',#2310,#2311);
#2310 = CARTESIAN_POINT('',(-4.2,-3.122002236217,-0.3));
#2311 = VECTOR('',#2312,1.);
#2312 = DIRECTION('',(0.,2.22044604925E-16,-1.));
#2313 = ORIENTED_EDGE('',*,*,#2314,.F.);
#2314 = EDGE_CURVE('',#2315,#2307,#2317,.T.);
#2315 = VERTEX_POINT('',#2316);
#2316 = CARTESIAN_POINT('',(-4.2,-1.792002236217,-1.174347999999));
#2317 = LINE('',#2318,#2319);
#2318 = CARTESIAN_POINT('',(-4.2,-1.792002236217,-1.174347999999));
#2319 = VECTOR('',#2320,1.);
#2320 = DIRECTION('',(0.,-1.,-2.22044604925E-16));
#2321 = ORIENTED_EDGE('',*,*,#2322,.F.);
#2322 = EDGE_CURVE('',#2216,#2315,#2323,.T.);
#2323 = LINE('',#2324,#2325);
#2324 = CARTESIAN_POINT('',(-4.2,-1.792002236217,-0.3));
#2325 = VECTOR('',#2326,1.);
#2326 = DIRECTION('',(0.,2.22044604925E-16,-1.));
#2327 = ORIENTED_EDGE('',*,*,#2213,.F.);
#2328 = ORIENTED_EDGE('',*,*,#2329,.F.);
#2329 = EDGE_CURVE('',#2330,#2214,#2332,.T.);
#2330 = VERTEX_POINT('',#2331);
#2331 = CARTESIAN_POINT('',(-4.2,-1.407,-0.3));
#2332 = LINE('',#2333,#2334);
#2333 = CARTESIAN_POINT('',(-4.2,-1.407,-0.15));
#2334 = VECTOR('',#2335,1.);
#2335 = DIRECTION('',(0.,2.2E-16,1.));
#2336 = ORIENTED_EDGE('',*,*,#2337,.F.);
#2337 = EDGE_CURVE('',#2338,#2330,#2340,.T.);
#2338 = VERTEX_POINT('',#2339);
#2339 = CARTESIAN_POINT('',(-4.2,0.793,-0.3));
#2340 = LINE('',#2341,#2342);
#2341 = CARTESIAN_POINT('',(-4.2,2.093,-0.3));
#2342 = VECTOR('',#2343,1.);
#2343 = DIRECTION('',(0.,-1.,4.4E-16));
#2344 = ORIENTED_EDGE('',*,*,#2345,.T.);
#2345 = EDGE_CURVE('',#2338,#2346,#2348,.T.);
#2346 = VERTEX_POINT('',#2347);
#2347 = CARTESIAN_POINT('',(-4.2,0.793,-0.164428435225));
#2348 = LINE('',#2349,#2350);
#2349 = CARTESIAN_POINT('',(-4.2,0.793,-0.232214217613));
#2350 = VECTOR('',#2351,1.);
#2351 = DIRECTION('',(0.,2.2E-16,1.));
#2352 = ORIENTED_EDGE('',*,*,#2353,.F.);
#2353 = EDGE_CURVE('',#2354,#2346,#2356,.T.);
#2354 = VERTEX_POINT('',#2355);
#2355 = CARTESIAN_POINT('',(-4.2,1.163,-0.153514169899));
#2356 = CIRCLE('',#2357,0.185160974578);
#2357 = AXIS2_PLACEMENT_3D('',#2358,#2359,#2360);
#2358 = CARTESIAN_POINT('',(-4.2,0.977839025422,-0.153514169899));
#2359 = DIRECTION('',(1.,-0.,0.));
#2360 = DIRECTION('',(0.,1.,-2.2E-16));
#2361 = ORIENTED_EDGE('',*,*,#2362,.F.);
#2362 = EDGE_CURVE('',#2363,#2354,#2365,.T.);
#2363 = VERTEX_POINT('',#2364);
#2364 = CARTESIAN_POINT('',(-4.2,1.163,-1.15553481674));
#2365 = LINE('',#2366,#2367);
#2366 = CARTESIAN_POINT('',(-4.2,1.163,-0.22675708495));
#2367 = VECTOR('',#2368,1.);
#2368 = DIRECTION('',(0.,2.2E-16,1.));
#2369 = ORIENTED_EDGE('',*,*,#2370,.F.);
#2370 = EDGE_CURVE('',#2256,#2363,#2371,.T.);
#2371 = LINE('',#2372,#2373);
#2372 = CARTESIAN_POINT('',(-4.2,2.093,-1.15553481674));
#2373 = VECTOR('',#2374,1.);
#2374 = DIRECTION('',(0.,-1.,2.22044604925E-16));
#2375 = PLANE('',#2376);
#2376 = AXIS2_PLACEMENT_3D('',#2377,#2378,#2379);
#2377 = CARTESIAN_POINT('',(-4.2,-1.24930851225,-0.215442582833));
#2378 = DIRECTION('',(1.,3.676283087327E-31,-1.655650714219E-15));
#2379 = DIRECTION('',(1.655650714219E-15,-2.22044604925E-16,1.));
#2380 = ADVANCED_FACE('',(#2381),#2433,.T.);
#2381 = FACE_BOUND('',#2382,.T.);
#2382 = EDGE_LOOP('',(#2383,#2384,#2393,#2401,#2409,#2417,#2426,#2432));
#2383 = ORIENTED_EDGE('',*,*,#2322,.T.);
#2384 = ORIENTED_EDGE('',*,*,#2385,.T.);
#2385 = EDGE_CURVE('',#2315,#2386,#2388,.T.);
#2386 = VERTEX_POINT('',#2387);
#2387 = CARTESIAN_POINT('',(-4.625652000001,-1.792002236217,-1.6));
#2388 = CIRCLE('',#2389,0.425652000001);
#2389 = AXIS2_PLACEMENT_3D('',#2390,#2391,#2392);
#2390 = CARTESIAN_POINT('',(-4.625652000001,-1.792002236217,
    -1.174347999999));
#2391 = DIRECTION('',(-0.,1.,2.22044604925E-16));
#2392 = DIRECTION('',(1.,0.,0.));
#2393 = ORIENTED_EDGE('',*,*,#2394,.T.);
#2394 = EDGE_CURVE('',#2386,#2395,#2397,.T.);
#2395 = VERTEX_POINT('',#2396);
#2396 = CARTESIAN_POINT('',(-5.95,-1.792002236217,-1.6));
#2397 = LINE('',#2398,#2399);
#2398 = CARTESIAN_POINT('',(-4.625652000001,-1.792002236217,-1.6));
#2399 = VECTOR('',#2400,1.);
#2400 = DIRECTION('',(-1.,0.,0.));
#2401 = ORIENTED_EDGE('',*,*,#2402,.F.);
#2402 = EDGE_CURVE('',#2403,#2395,#2405,.T.);
#2403 = VERTEX_POINT('',#2404);
#2404 = CARTESIAN_POINT('',(-5.95,-1.792002236217,-1.3));
#2405 = LINE('',#2406,#2407);
#2406 = CARTESIAN_POINT('',(-5.95,-1.792002236217,-1.3));
#2407 = VECTOR('',#2408,1.);
#2408 = DIRECTION('',(0.,0.,-1.));
#2409 = ORIENTED_EDGE('',*,*,#2410,.F.);
#2410 = EDGE_CURVE('',#2411,#2403,#2413,.T.);
#2411 = VERTEX_POINT('',#2412);
#2412 = CARTESIAN_POINT('',(-4.625652000001,-1.792002236217,-1.3));
#2413 = LINE('',#2414,#2415);
#2414 = CARTESIAN_POINT('',(-4.921793,-1.792002236217,-1.3));
#2415 = VECTOR('',#2416,1.);
#2416 = DIRECTION('',(-1.,0.,0.));
#2417 = ORIENTED_EDGE('',*,*,#2418,.F.);
#2418 = EDGE_CURVE('',#2419,#2411,#2421,.T.);
#2419 = VERTEX_POINT('',#2420);
#2420 = CARTESIAN_POINT('',(-4.5,-1.792002236217,-1.174347999999));
#2421 = CIRCLE('',#2422,0.125652000001);
#2422 = AXIS2_PLACEMENT_3D('',#2423,#2424,#2425);
#2423 = CARTESIAN_POINT('',(-4.625652000001,-1.792002236217,
    -1.174347999999));
#2424 = DIRECTION('',(-0.,1.,2.22044604925E-16));
#2425 = DIRECTION('',(1.,0.,0.));
#2426 = ORIENTED_EDGE('',*,*,#2427,.T.);
#2427 = EDGE_CURVE('',#2419,#2233,#2428,.T.);
#2428 = LINE('',#2429,#2430);
#2429 = CARTESIAN_POINT('',(-4.5,-1.792002236217,1.25E-15));
#2430 = VECTOR('',#2431,1.);
#2431 = DIRECTION('',(0.,2.2E-16,1.));
#2432 = ORIENTED_EDGE('',*,*,#2241,.F.);
#2433 = PLANE('',#2434);
#2434 = AXIS2_PLACEMENT_3D('',#2435,#2436,#2437);
#2435 = CARTESIAN_POINT('',(-4.816373835131,-1.792002236217,
    -1.061490649949));
#2436 = DIRECTION('',(0.,1.,-1.387955277881E-16));
#2437 = DIRECTION('',(0.,-1.387955277881E-16,-1.));
#2438 = ADVANCED_FACE('',(#2439),#2555,.T.);
#2439 = FACE_BOUND('',#2440,.T.);
#2440 = EDGE_LOOP('',(#2441,#2451,#2459,#2467,#2476,#2484,#2492,#2498,
    #2499,#2500,#2508,#2516,#2525,#2533,#2541,#2549));
#2441 = ORIENTED_EDGE('',*,*,#2442,.T.);
#2442 = EDGE_CURVE('',#2443,#2445,#2447,.T.);
#2443 = VERTEX_POINT('',#2444);
#2444 = CARTESIAN_POINT('',(-4.5,2.093,0.3));
#2445 = VERTEX_POINT('',#2446);
#2446 = CARTESIAN_POINT('',(-4.5,2.093,-1.15553481674));
#2447 = LINE('',#2448,#2449);
#2448 = CARTESIAN_POINT('',(-4.5,2.093,-0.3));
#2449 = VECTOR('',#2450,1.);
#2450 = DIRECTION('',(0.,-2.22044604925E-16,-1.));
#2451 = ORIENTED_EDGE('',*,*,#2452,.T.);
#2452 = EDGE_CURVE('',#2445,#2453,#2455,.T.);
#2453 = VERTEX_POINT('',#2454);
#2454 = CARTESIAN_POINT('',(-4.5,1.163,-1.15553481674));
#2455 = LINE('',#2456,#2457);
#2456 = CARTESIAN_POINT('',(-4.5,2.093,-1.15553481674));
#2457 = VECTOR('',#2458,1.);
#2458 = DIRECTION('',(0.,-1.,2.22044604925E-16));
#2459 = ORIENTED_EDGE('',*,*,#2460,.F.);
#2460 = EDGE_CURVE('',#2461,#2453,#2463,.T.);
#2461 = VERTEX_POINT('',#2462);
#2462 = CARTESIAN_POINT('',(-4.5,1.163,-0.153514169899));
#2463 = LINE('',#2464,#2465);
#2464 = CARTESIAN_POINT('',(-4.5,1.163,-0.3));
#2465 = VECTOR('',#2466,1.);
#2466 = DIRECTION('',(0.,-2.22044604925E-16,-1.));
#2467 = ORIENTED_EDGE('',*,*,#2468,.T.);
#2468 = EDGE_CURVE('',#2461,#2469,#2471,.T.);
#2469 = VERTEX_POINT('',#2470);
#2470 = CARTESIAN_POINT('',(-4.5,0.793,-0.164428435225));
#2471 = CIRCLE('',#2472,0.185160974578);
#2472 = AXIS2_PLACEMENT_3D('',#2473,#2474,#2475);
#2473 = CARTESIAN_POINT('',(-4.5,0.977839025422,-0.153514169899));
#2474 = DIRECTION('',(1.,-0.,0.));
#2475 = DIRECTION('',(0.,1.,-2.2E-16));
#2476 = ORIENTED_EDGE('',*,*,#2477,.T.);
#2477 = EDGE_CURVE('',#2469,#2478,#2480,.T.);
#2478 = VERTEX_POINT('',#2479);
#2479 = CARTESIAN_POINT('',(-4.5,0.793,-0.3));
#2480 = LINE('',#2481,#2482);
#2481 = CARTESIAN_POINT('',(-4.5,0.793,6.778578238731E-02));
#2482 = VECTOR('',#2483,1.);
#2483 = DIRECTION('',(0.,-2.2E-16,-1.));
#2484 = ORIENTED_EDGE('',*,*,#2485,.T.);
#2485 = EDGE_CURVE('',#2478,#2486,#2488,.T.);
#2486 = VERTEX_POINT('',#2487);
#2487 = CARTESIAN_POINT('',(-4.5,-1.407,-0.3));
#2488 = LINE('',#2489,#2490);
#2489 = CARTESIAN_POINT('',(-4.5,2.093,-0.3));
#2490 = VECTOR('',#2491,1.);
#2491 = DIRECTION('',(0.,-1.,4.4E-16));
#2492 = ORIENTED_EDGE('',*,*,#2493,.F.);
#2493 = EDGE_CURVE('',#2225,#2486,#2494,.T.);
#2494 = LINE('',#2495,#2496);
#2495 = CARTESIAN_POINT('',(-4.5,-1.407,0.15));
#2496 = VECTOR('',#2497,1.);
#2497 = DIRECTION('',(0.,-2.2E-16,-1.));
#2498 = ORIENTED_EDGE('',*,*,#2232,.T.);
#2499 = ORIENTED_EDGE('',*,*,#2427,.F.);
#2500 = ORIENTED_EDGE('',*,*,#2501,.T.);
#2501 = EDGE_CURVE('',#2419,#2502,#2504,.T.);
#2502 = VERTEX_POINT('',#2503);
#2503 = CARTESIAN_POINT('',(-4.5,-3.122002236217,-1.174347999999));
#2504 = LINE('',#2505,#2506);
#2505 = CARTESIAN_POINT('',(-4.5,-1.792002236217,-1.174347999999));
#2506 = VECTOR('',#2507,1.);
#2507 = DIRECTION('',(0.,-1.,-2.22044604925E-16));
#2508 = ORIENTED_EDGE('',*,*,#2509,.F.);
#2509 = EDGE_CURVE('',#2510,#2502,#2512,.T.);
#2510 = VERTEX_POINT('',#2511);
#2511 = CARTESIAN_POINT('',(-4.5,-3.122002236217,-0.3));
#2512 = LINE('',#2513,#2514);
#2513 = CARTESIAN_POINT('',(-4.5,-3.122002236217,-0.3));
#2514 = VECTOR('',#2515,1.);
#2515 = DIRECTION('',(0.,2.22044604925E-16,-1.));
#2516 = ORIENTED_EDGE('',*,*,#2517,.T.);
#2517 = EDGE_CURVE('',#2510,#2518,#2520,.T.);
#2518 = VERTEX_POINT('',#2519);
#2519 = CARTESIAN_POINT('',(-4.5,-3.507,-0.298687796725));
#2520 = CIRCLE('',#2521,0.192501118109);
#2521 = AXIS2_PLACEMENT_3D('',#2522,#2523,#2524);
#2522 = CARTESIAN_POINT('',(-4.5,-3.314503354326,-0.3));
#2523 = DIRECTION('',(1.,-2.2E-16,2.2E-16));
#2524 = DIRECTION('',(2.2E-16,1.,-2.2E-16));
#2525 = ORIENTED_EDGE('',*,*,#2526,.F.);
#2526 = EDGE_CURVE('',#2527,#2518,#2529,.T.);
#2527 = VERTEX_POINT('',#2528);
#2528 = CARTESIAN_POINT('',(-4.5,-3.507,-0.3));
#2529 = LINE('',#2530,#2531);
#2530 = CARTESIAN_POINT('',(-4.5,-3.507,-0.8981805));
#2531 = VECTOR('',#2532,1.);
#2532 = DIRECTION('',(0.,2.2E-16,1.));
#2533 = ORIENTED_EDGE('',*,*,#2534,.T.);
#2534 = EDGE_CURVE('',#2527,#2535,#2537,.T.);
#2535 = VERTEX_POINT('',#2536);
#2536 = CARTESIAN_POINT('',(-4.5,-5.307,-0.3));
#2537 = LINE('',#2538,#2539);
#2538 = CARTESIAN_POINT('',(-4.5,2.093,-0.3));
#2539 = VECTOR('',#2540,1.);
#2540 = DIRECTION('',(0.,-1.,4.4E-16));
#2541 = ORIENTED_EDGE('',*,*,#2542,.F.);
#2542 = EDGE_CURVE('',#2543,#2535,#2545,.T.);
#2543 = VERTEX_POINT('',#2544);
#2544 = CARTESIAN_POINT('',(-4.5,-5.307,0.3));
#2545 = LINE('',#2546,#2547);
#2546 = CARTESIAN_POINT('',(-4.5,-5.307,0.3));
#2547 = VECTOR('',#2548,1.);
#2548 = DIRECTION('',(0.,0.,-1.));
#2549 = ORIENTED_EDGE('',*,*,#2550,.F.);
#2550 = EDGE_CURVE('',#2443,#2543,#2551,.T.);
#2551 = LINE('',#2552,#2553);
#2552 = CARTESIAN_POINT('',(-4.5,2.093,0.3));
#2553 = VECTOR('',#2554,1.);
#2554 = DIRECTION('',(0.,-1.,4.4E-16));
#2555 = PLANE('',#2556);
#2556 = AXIS2_PLACEMENT_3D('',#2557,#2558,#2559);
#2557 = CARTESIAN_POINT('',(-4.5,-1.369976933739,-0.209264107898));
#2558 = DIRECTION('',(-1.,-2.607755920753E-31,1.174428859298E-15));
#2559 = DIRECTION('',(-1.174428859298E-15,2.22044604925E-16,-1.));
#2560 = ADVANCED_FACE('',(#2561),#2606,.F.);
#2561 = FACE_BOUND('',#2562,.T.);
#2562 = EDGE_LOOP('',(#2563,#2564,#2565,#2566,#2575,#2583,#2591,#2599));
#2563 = ORIENTED_EDGE('',*,*,#2329,.T.);
#2564 = ORIENTED_EDGE('',*,*,#2224,.T.);
#2565 = ORIENTED_EDGE('',*,*,#2493,.T.);
#2566 = ORIENTED_EDGE('',*,*,#2567,.F.);
#2567 = EDGE_CURVE('',#2568,#2486,#2570,.T.);
#2568 = VERTEX_POINT('',#2569);
#2569 = CARTESIAN_POINT('',(-3.2,-1.407,-1.6));
#2570 = CIRCLE('',#2571,1.3);
#2571 = AXIS2_PLACEMENT_3D('',#2572,#2573,#2574);
#2572 = CARTESIAN_POINT('',(-3.2,-1.407,-0.3));
#2573 = DIRECTION('',(0.,1.,-4.4E-16));
#2574 = DIRECTION('',(1.,0.,0.));
#2575 = ORIENTED_EDGE('',*,*,#2576,.T.);
#2576 = EDGE_CURVE('',#2568,#2577,#2579,.T.);
#2577 = VERTEX_POINT('',#2578);
#2578 = CARTESIAN_POINT('',(-1.6,-1.407,-1.6));
#2579 = LINE('',#2580,#2581);
#2580 = CARTESIAN_POINT('',(-2.4,-1.407,-1.6));
#2581 = VECTOR('',#2582,1.);
#2582 = DIRECTION('',(1.,-2.2E-16,0.));
#2583 = ORIENTED_EDGE('',*,*,#2584,.F.);
#2584 = EDGE_CURVE('',#2585,#2577,#2587,.T.);
#2585 = VERTEX_POINT('',#2586);
#2586 = CARTESIAN_POINT('',(-1.6,-1.407,-1.3));
#2587 = LINE('',#2588,#2589);
#2588 = CARTESIAN_POINT('',(-1.6,-1.407,-3.6E-16));
#2589 = VECTOR('',#2590,1.);
#2590 = DIRECTION('',(2.2E-16,0.,-1.));
#2591 = ORIENTED_EDGE('',*,*,#2592,.T.);
#2592 = EDGE_CURVE('',#2585,#2593,#2595,.T.);
#2593 = VERTEX_POINT('',#2594);
#2594 = CARTESIAN_POINT('',(-3.2,-1.407,-1.3));
#2595 = LINE('',#2596,#2597);
#2596 = CARTESIAN_POINT('',(0.8,-1.407,-1.3));
#2597 = VECTOR('',#2598,1.);
#2598 = DIRECTION('',(-1.,2.2E-16,0.));
#2599 = ORIENTED_EDGE('',*,*,#2600,.T.);
#2600 = EDGE_CURVE('',#2593,#2330,#2601,.T.);
#2601 = CIRCLE('',#2602,1.);
#2602 = AXIS2_PLACEMENT_3D('',#2603,#2604,#2605);
#2603 = CARTESIAN_POINT('',(-3.2,-1.407,-0.3));
#2604 = DIRECTION('',(0.,1.,-4.4E-16));
#2605 = DIRECTION('',(1.,0.,0.));
#2606 = PLANE('',#2607);
#2607 = AXIS2_PLACEMENT_3D('',#2608,#2609,#2610);
#2608 = CARTESIAN_POINT('',(-1.6,-1.407,4.2E-16));
#2609 = DIRECTION('',(2.2E-16,1.,-2.2E-16));
#2610 = DIRECTION('',(-2.2E-16,2.2E-16,1.));
#2611 = ADVANCED_FACE('',(#2612),#2680,.T.);
#2612 = FACE_BOUND('',#2613,.T.);
#2613 = EDGE_LOOP('',(#2614,#2623,#2631,#2638,#2639,#2648,#2656,#2664,
    #2672,#2679));
#2614 = ORIENTED_EDGE('',*,*,#2615,.F.);
#2615 = EDGE_CURVE('',#2616,#2443,#2618,.T.);
#2616 = VERTEX_POINT('',#2617);
#2617 = CARTESIAN_POINT('',(-4.477059115704,2.093,0.543146077489));
#2618 = CIRCLE('',#2619,1.3);
#2619 = AXIS2_PLACEMENT_3D('',#2620,#2621,#2622);
#2620 = CARTESIAN_POINT('',(-3.2,2.093,0.3));
#2621 = DIRECTION('',(0.,-1.,0.));
#2622 = DIRECTION('',(1.,0.,0.));
#2623 = ORIENTED_EDGE('',*,*,#2624,.T.);
#2624 = EDGE_CURVE('',#2616,#2625,#2627,.T.);
#2625 = VERTEX_POINT('',#2626);
#2626 = CARTESIAN_POINT('',(-4.182353165926,2.093,0.487035444223));
#2627 = LINE('',#2628,#2629);
#2628 = CARTESIAN_POINT('',(-4.782166,2.093,0.601237));
#2629 = VECTOR('',#2630,1.);
#2630 = DIRECTION('',(0.982353165926,0.,-0.187035444223));
#2631 = ORIENTED_EDGE('',*,*,#2632,.T.);
#2632 = EDGE_CURVE('',#2625,#2258,#2633,.T.);
#2633 = CIRCLE('',#2634,1.);
#2634 = AXIS2_PLACEMENT_3D('',#2635,#2636,#2637);
#2635 = CARTESIAN_POINT('',(-3.2,2.093,0.3));
#2636 = DIRECTION('',(0.,-1.,0.));
#2637 = DIRECTION('',(1.,0.,0.));
#2638 = ORIENTED_EDGE('',*,*,#2255,.F.);
#2639 = ORIENTED_EDGE('',*,*,#2640,.F.);
#2640 = EDGE_CURVE('',#2641,#2256,#2643,.T.);
#2641 = VERTEX_POINT('',#2642);
#2642 = CARTESIAN_POINT('',(-4.63513553169,2.093,-1.590670348429));
#2643 = CIRCLE('',#2644,0.43513553169);
#2644 = AXIS2_PLACEMENT_3D('',#2645,#2646,#2647);
#2645 = CARTESIAN_POINT('',(-4.63513553169,2.093,-1.15553481674));
#2646 = DIRECTION('',(0.,-1.,2.22044604925E-16));
#2647 = DIRECTION('',(1.,0.,0.));
#2648 = ORIENTED_EDGE('',*,*,#2649,.T.);
#2649 = EDGE_CURVE('',#2641,#2650,#2652,.T.);
#2650 = VERTEX_POINT('',#2651);
#2651 = CARTESIAN_POINT('',(-5.95,2.093,-1.590670348429));
#2652 = LINE('',#2653,#2654);
#2653 = CARTESIAN_POINT('',(-4.63513553169,2.093,-1.590670348429));
#2654 = VECTOR('',#2655,1.);
#2655 = DIRECTION('',(-1.,0.,0.));
#2656 = ORIENTED_EDGE('',*,*,#2657,.F.);
#2657 = EDGE_CURVE('',#2658,#2650,#2660,.T.);
#2658 = VERTEX_POINT('',#2659);
#2659 = CARTESIAN_POINT('',(-5.95,2.093,-1.290670348429));
#2660 = LINE('',#2661,#2662);
#2661 = CARTESIAN_POINT('',(-5.95,2.093,-1.290670348429));
#2662 = VECTOR('',#2663,1.);
#2663 = DIRECTION('',(0.,-2.22044604925E-16,-1.));
#2664 = ORIENTED_EDGE('',*,*,#2665,.F.);
#2665 = EDGE_CURVE('',#2666,#2658,#2668,.T.);
#2666 = VERTEX_POINT('',#2667);
#2667 = CARTESIAN_POINT('',(-4.63513553169,2.093,-1.290670348429));
#2668 = LINE('',#2669,#2670);
#2669 = CARTESIAN_POINT('',(-4.63513553169,2.093,-1.290670348429));
#2670 = VECTOR('',#2671,1.);
#2671 = DIRECTION('',(-1.,0.,0.));
#2672 = ORIENTED_EDGE('',*,*,#2673,.T.);
#2673 = EDGE_CURVE('',#2666,#2445,#2674,.T.);
#2674 = CIRCLE('',#2675,0.13513553169);
#2675 = AXIS2_PLACEMENT_3D('',#2676,#2677,#2678);
#2676 = CARTESIAN_POINT('',(-4.63513553169,2.093,-1.15553481674));
#2677 = DIRECTION('',(0.,-1.,2.22044604925E-16));
#2678 = DIRECTION('',(1.,0.,0.));
#2679 = ORIENTED_EDGE('',*,*,#2442,.F.);
#2680 = PLANE('',#2681);
#2681 = AXIS2_PLACEMENT_3D('',#2682,#2683,#2684);
#2682 = CARTESIAN_POINT('',(-4.753525133904,2.093,-0.852403860781));
#2683 = DIRECTION('',(0.,1.,-1.862284100128E-16));
#2684 = DIRECTION('',(0.,-1.862284100128E-16,-1.));
#2685 = ADVANCED_FACE('',(#2686),#2739,.F.);
#2686 = FACE_BOUND('',#2687,.F.);
#2687 = EDGE_LOOP('',(#2688,#2699,#2707,#2716,#2722,#2723,#2724,#2733));
#2688 = ORIENTED_EDGE('',*,*,#2689,.T.);
#2689 = EDGE_CURVE('',#2690,#2692,#2694,.T.);
#2690 = VERTEX_POINT('',#2691);
#2691 = CARTESIAN_POINT('',(-3.200000004491,2.093,1.3));
#2692 = VERTEX_POINT('',#2693);
#2693 = CARTESIAN_POINT('',(-3.832496011173,2.093,1.074563616399));
#2694 = CIRCLE('',#2695,1.);
#2695 = AXIS2_PLACEMENT_3D('',#2696,#2697,#2698);
#2696 = CARTESIAN_POINT('',(-3.2,2.093,0.3));
#2697 = DIRECTION('',(0.,-1.,0.));
#2698 = DIRECTION('',(1.,0.,0.));
#2699 = ORIENTED_EDGE('',*,*,#2700,.F.);
#2700 = EDGE_CURVE('',#2701,#2692,#2703,.T.);
#2701 = VERTEX_POINT('',#2702);
#2702 = CARTESIAN_POINT('',(-3.832496011173,1.393,1.074563616399));
#2703 = LINE('',#2704,#2705);
#2704 = CARTESIAN_POINT('',(-3.832496011173,2.093,1.074563616399));
#2705 = VECTOR('',#2706,1.);
#2706 = DIRECTION('',(0.,1.,-4.4E-16));
#2707 = ORIENTED_EDGE('',*,*,#2708,.F.);
#2708 = EDGE_CURVE('',#2709,#2701,#2711,.T.);
#2709 = VERTEX_POINT('',#2710);
#2710 = CARTESIAN_POINT('',(-4.182353165926,1.393,0.487035444223));
#2711 = CIRCLE('',#2712,1.);
#2712 = AXIS2_PLACEMENT_3D('',#2713,#2714,#2715);
#2713 = CARTESIAN_POINT('',(-3.2,1.393,0.3));
#2714 = DIRECTION('',(0.,1.,-4.4E-16));
#2715 = DIRECTION('',(1.,0.,0.));
#2716 = ORIENTED_EDGE('',*,*,#2717,.T.);
#2717 = EDGE_CURVE('',#2709,#2625,#2718,.T.);
#2718 = LINE('',#2719,#2720);
#2719 = CARTESIAN_POINT('',(-4.182353165926,2.093,0.487035444223));
#2720 = VECTOR('',#2721,1.);
#2721 = DIRECTION('',(0.,1.,-4.4E-16));
#2722 = ORIENTED_EDGE('',*,*,#2632,.T.);
#2723 = ORIENTED_EDGE('',*,*,#2265,.T.);
#2724 = ORIENTED_EDGE('',*,*,#2725,.T.);
#2725 = EDGE_CURVE('',#2266,#2726,#2728,.T.);
#2726 = VERTEX_POINT('',#2727);
#2727 = CARTESIAN_POINT('',(-3.200000004491,-5.007,1.3));
#2728 = CIRCLE('',#2729,1.);
#2729 = AXIS2_PLACEMENT_3D('',#2730,#2731,#2732);
#2730 = CARTESIAN_POINT('',(-3.2,-5.007,0.3));
#2731 = DIRECTION('',(0.,1.,-2.2E-16));
#2732 = DIRECTION('',(-1.,3.916E-31,1.78E-15));
#2733 = ORIENTED_EDGE('',*,*,#2734,.F.);
#2734 = EDGE_CURVE('',#2690,#2726,#2735,.T.);
#2735 = LINE('',#2736,#2737);
#2736 = CARTESIAN_POINT('',(-3.200000004491,2.093,1.3));
#2737 = VECTOR('',#2738,1.);
#2738 = DIRECTION('',(0.,-1.,4.4E-16));
#2739 = CYLINDRICAL_SURFACE('',#2740,1.);
#2740 = AXIS2_PLACEMENT_3D('',#2741,#2742,#2743);
#2741 = CARTESIAN_POINT('',(-3.2,2.093,0.3));
#2742 = DIRECTION('',(0.,1.,-4.4E-16));
#2743 = DIRECTION('',(1.,0.,0.));
#2744 = ADVANCED_FACE('',(#2745),#2770,.T.);
#2745 = FACE_BOUND('',#2746,.T.);
#2746 = EDGE_LOOP('',(#2747,#2755,#2756,#2764));
#2747 = ORIENTED_EDGE('',*,*,#2748,.F.);
#2748 = EDGE_CURVE('',#2274,#2749,#2751,.T.);
#2749 = VERTEX_POINT('',#2750);
#2750 = CARTESIAN_POINT('',(-4.3,-5.307,-0.3));
#2751 = LINE('',#2752,#2753);
#2752 = CARTESIAN_POINT('',(-4.2,-5.007,-0.3));
#2753 = VECTOR('',#2754,1.);
#2754 = DIRECTION('',(-0.316227766017,-0.948683298051,1.899999999997E-16
    ));
#2755 = ORIENTED_EDGE('',*,*,#2273,.T.);
#2756 = ORIENTED_EDGE('',*,*,#2757,.T.);
#2757 = EDGE_CURVE('',#2266,#2758,#2760,.T.);
#2758 = VERTEX_POINT('',#2759);
#2759 = CARTESIAN_POINT('',(-4.3,-5.307,0.3));
#2760 = LINE('',#2761,#2762);
#2761 = CARTESIAN_POINT('',(-4.25,-5.157,0.3));
#2762 = VECTOR('',#2763,1.);
#2763 = DIRECTION('',(-0.316227766017,-0.948683298051,4.199999999994E-16
    ));
#2764 = ORIENTED_EDGE('',*,*,#2765,.F.);
#2765 = EDGE_CURVE('',#2749,#2758,#2766,.T.);
#2766 = LINE('',#2767,#2768);
#2767 = CARTESIAN_POINT('',(-4.3,-5.307,-0.3));
#2768 = VECTOR('',#2769,1.);
#2769 = DIRECTION('',(0.,4.4E-16,1.));
#2770 = PLANE('',#2771);
#2771 = AXIS2_PLACEMENT_3D('',#2772,#2773,#2774);
#2772 = CARTESIAN_POINT('',(-4.25,-5.157,-0.3));
#2773 = DIRECTION('',(0.948683298051,-0.316227766017,7.999999999988E-17)
  );
#2774 = DIRECTION('',(5.910533615607E-17,4.302982212813E-16,1.));
#2775 = ADVANCED_FACE('',(#2776),#2803,.F.);
#2776 = FACE_BOUND('',#2777,.F.);
#2777 = EDGE_LOOP('',(#2778,#2787,#2788,#2797));
#2778 = ORIENTED_EDGE('',*,*,#2779,.T.);
#2779 = EDGE_CURVE('',#2780,#2274,#2782,.T.);
#2780 = VERTEX_POINT('',#2781);
#2781 = CARTESIAN_POINT('',(-3.2,-5.007,-1.3));
#2782 = CIRCLE('',#2783,1.);
#2783 = AXIS2_PLACEMENT_3D('',#2784,#2785,#2786);
#2784 = CARTESIAN_POINT('',(-3.2,-5.007,-0.3));
#2785 = DIRECTION('',(0.,1.,-2.2E-16));
#2786 = DIRECTION('',(0.,-2.2E-16,-1.));
#2787 = ORIENTED_EDGE('',*,*,#2281,.F.);
#2788 = ORIENTED_EDGE('',*,*,#2789,.F.);
#2789 = EDGE_CURVE('',#2790,#2282,#2792,.T.);
#2790 = VERTEX_POINT('',#2791);
#2791 = CARTESIAN_POINT('',(-3.2,-3.507,-1.3));
#2792 = CIRCLE('',#2793,1.);
#2793 = AXIS2_PLACEMENT_3D('',#2794,#2795,#2796);
#2794 = CARTESIAN_POINT('',(-3.2,-3.507,-0.3));
#2795 = DIRECTION('',(0.,1.,-4.4E-16));
#2796 = DIRECTION('',(1.,0.,0.));
#2797 = ORIENTED_EDGE('',*,*,#2798,.T.);
#2798 = EDGE_CURVE('',#2790,#2780,#2799,.T.);
#2799 = LINE('',#2800,#2801);
#2800 = CARTESIAN_POINT('',(-3.2,2.093,-1.3));
#2801 = VECTOR('',#2802,1.);
#2802 = DIRECTION('',(0.,-1.,4.4E-16));
#2803 = CYLINDRICAL_SURFACE('',#2804,1.);
#2804 = AXIS2_PLACEMENT_3D('',#2805,#2806,#2807);
#2805 = CARTESIAN_POINT('',(-3.2,2.093,-0.3));
#2806 = DIRECTION('',(0.,1.,-4.4E-16));
#2807 = DIRECTION('',(1.,0.,0.));
#2808 = ADVANCED_FACE('',(#2809),#2851,.F.);
#2809 = FACE_BOUND('',#2810,.T.);
#2810 = EDGE_LOOP('',(#2811,#2821,#2829,#2836,#2837,#2843,#2844,#2845));
#2811 = ORIENTED_EDGE('',*,*,#2812,.F.);
#2812 = EDGE_CURVE('',#2813,#2815,#2817,.T.);
#2813 = VERTEX_POINT('',#2814);
#2814 = CARTESIAN_POINT('',(-1.6,-3.507,-1.6));
#2815 = VERTEX_POINT('',#2816);
#2816 = CARTESIAN_POINT('',(-1.6,-3.507,-1.3));
#2817 = LINE('',#2818,#2819);
#2818 = CARTESIAN_POINT('',(-1.6,-3.507,-2.096361));
#2819 = VECTOR('',#2820,1.);
#2820 = DIRECTION('',(-2.2E-16,0.,1.));
#2821 = ORIENTED_EDGE('',*,*,#2822,.T.);
#2822 = EDGE_CURVE('',#2813,#2823,#2825,.T.);
#2823 = VERTEX_POINT('',#2824);
#2824 = CARTESIAN_POINT('',(-3.2,-3.507,-1.6));
#2825 = LINE('',#2826,#2827);
#2826 = CARTESIAN_POINT('',(-2.4,-3.507,-1.6));
#2827 = VECTOR('',#2828,1.);
#2828 = DIRECTION('',(-1.,2.2E-16,0.));
#2829 = ORIENTED_EDGE('',*,*,#2830,.T.);
#2830 = EDGE_CURVE('',#2823,#2527,#2831,.T.);
#2831 = CIRCLE('',#2832,1.3);
#2832 = AXIS2_PLACEMENT_3D('',#2833,#2834,#2835);
#2833 = CARTESIAN_POINT('',(-3.2,-3.507,-0.3));
#2834 = DIRECTION('',(0.,1.,-4.4E-16));
#2835 = DIRECTION('',(1.,0.,0.));
#2836 = ORIENTED_EDGE('',*,*,#2526,.T.);
#2837 = ORIENTED_EDGE('',*,*,#2838,.F.);
#2838 = EDGE_CURVE('',#2290,#2518,#2839,.T.);
#2839 = LINE('',#2840,#2841);
#2840 = CARTESIAN_POINT('',(-1.6,-3.507,-0.298687796725));
#2841 = VECTOR('',#2842,1.);
#2842 = DIRECTION('',(-1.,2.2E-16,-2.2E-16));
#2843 = ORIENTED_EDGE('',*,*,#2289,.T.);
#2844 = ORIENTED_EDGE('',*,*,#2789,.F.);
#2845 = ORIENTED_EDGE('',*,*,#2846,.T.);
#2846 = EDGE_CURVE('',#2790,#2815,#2847,.T.);
#2847 = LINE('',#2848,#2849);
#2848 = CARTESIAN_POINT('',(0.8,-3.507,-1.3));
#2849 = VECTOR('',#2850,1.);
#2850 = DIRECTION('',(1.,-2.2E-16,0.));
#2851 = PLANE('',#2852);
#2852 = AXIS2_PLACEMENT_3D('',#2853,#2854,#2855);
#2853 = CARTESIAN_POINT('',(-1.6,-3.507,-2.096361));
#2854 = DIRECTION('',(-2.2E-16,-1.,2.2E-16));
#2855 = DIRECTION('',(2.2E-16,-2.2E-16,-1.));
#2856 = ADVANCED_FACE('',(#2857),#2868,.F.);
#2857 = FACE_BOUND('',#2858,.F.);
#2858 = EDGE_LOOP('',(#2859,#2860,#2866,#2867));
#2859 = ORIENTED_EDGE('',*,*,#2297,.F.);
#2860 = ORIENTED_EDGE('',*,*,#2861,.T.);
#2861 = EDGE_CURVE('',#2298,#2510,#2862,.T.);
#2862 = LINE('',#2863,#2864);
#2863 = CARTESIAN_POINT('',(-1.6,-3.122002236217,-0.3));
#2864 = VECTOR('',#2865,1.);
#2865 = DIRECTION('',(-1.,2.2E-16,-2.2E-16));
#2866 = ORIENTED_EDGE('',*,*,#2517,.T.);
#2867 = ORIENTED_EDGE('',*,*,#2838,.F.);
#2868 = CYLINDRICAL_SURFACE('',#2869,0.192501118109);
#2869 = AXIS2_PLACEMENT_3D('',#2870,#2871,#2872);
#2870 = CARTESIAN_POINT('',(-1.6,-3.314503354326,-0.3));
#2871 = DIRECTION('',(1.,-2.2E-16,2.2E-16));
#2872 = DIRECTION('',(2.2E-16,1.,-2.2E-16));
#2873 = ADVANCED_FACE('',(#2874),#2919,.T.);
#2874 = FACE_BOUND('',#2875,.T.);
#2875 = EDGE_LOOP('',(#2876,#2877,#2878,#2887,#2895,#2903,#2911,#2918));
#2876 = ORIENTED_EDGE('',*,*,#2861,.T.);
#2877 = ORIENTED_EDGE('',*,*,#2509,.T.);
#2878 = ORIENTED_EDGE('',*,*,#2879,.T.);
#2879 = EDGE_CURVE('',#2502,#2880,#2882,.T.);
#2880 = VERTEX_POINT('',#2881);
#2881 = CARTESIAN_POINT('',(-4.625652000001,-3.122002236217,-1.3));
#2882 = CIRCLE('',#2883,0.125652000001);
#2883 = AXIS2_PLACEMENT_3D('',#2884,#2885,#2886);
#2884 = CARTESIAN_POINT('',(-4.625652000001,-3.122002236217,
    -1.174347999999));
#2885 = DIRECTION('',(-0.,1.,2.22044604925E-16));
#2886 = DIRECTION('',(1.,0.,0.));
#2887 = ORIENTED_EDGE('',*,*,#2888,.T.);
#2888 = EDGE_CURVE('',#2880,#2889,#2891,.T.);
#2889 = VERTEX_POINT('',#2890);
#2890 = CARTESIAN_POINT('',(-5.537922052224,-3.122002236217,-1.3));
#2891 = LINE('',#2892,#2893);
#2892 = CARTESIAN_POINT('',(-4.625652000001,-3.122002236217,-1.3));
#2893 = VECTOR('',#2894,1.);
#2894 = DIRECTION('',(-1.,0.,0.));
#2895 = ORIENTED_EDGE('',*,*,#2896,.T.);
#2896 = EDGE_CURVE('',#2889,#2897,#2899,.T.);
#2897 = VERTEX_POINT('',#2898);
#2898 = CARTESIAN_POINT('',(-5.537922052224,-3.122002236217,-1.6));
#2899 = LINE('',#2900,#2901);
#2900 = CARTESIAN_POINT('',(-5.537922052224,-3.122002236217,-1.3));
#2901 = VECTOR('',#2902,1.);
#2902 = DIRECTION('',(0.,0.,-1.));
#2903 = ORIENTED_EDGE('',*,*,#2904,.F.);
#2904 = EDGE_CURVE('',#2905,#2897,#2907,.T.);
#2905 = VERTEX_POINT('',#2906);
#2906 = CARTESIAN_POINT('',(-4.625652000001,-3.122002236217,-1.6));
#2907 = LINE('',#2908,#2909);
#2908 = CARTESIAN_POINT('',(-4.921793,-3.122002236217,-1.6));
#2909 = VECTOR('',#2910,1.);
#2910 = DIRECTION('',(-1.,-1.4415460795E-15,0.));
#2911 = ORIENTED_EDGE('',*,*,#2912,.F.);
#2912 = EDGE_CURVE('',#2307,#2905,#2913,.T.);
#2913 = CIRCLE('',#2914,0.425652000001);
#2914 = AXIS2_PLACEMENT_3D('',#2915,#2916,#2917);
#2915 = CARTESIAN_POINT('',(-4.625652000001,-3.122002236217,
    -1.174347999999));
#2916 = DIRECTION('',(-0.,1.,2.22044604925E-16));
#2917 = DIRECTION('',(1.,0.,0.));
#2918 = ORIENTED_EDGE('',*,*,#2306,.F.);
#2919 = PLANE('',#2920);
#2920 = AXIS2_PLACEMENT_3D('',#2921,#2922,#2923);
#2921 = CARTESIAN_POINT('',(-4.695429011697,-3.122002236217,
    -1.124461260463));
#2922 = DIRECTION('',(6.935381556725E-16,-1.,-2.22044604925E-16));
#2923 = DIRECTION('',(1.,6.935381556725E-16,1.539964057767E-31));
#2924 = ADVANCED_FACE('',(#2925),#2936,.T.);
#2925 = FACE_BOUND('',#2926,.T.);
#2926 = EDGE_LOOP('',(#2927,#2928,#2929,#2935));
#2927 = ORIENTED_EDGE('',*,*,#2314,.T.);
#2928 = ORIENTED_EDGE('',*,*,#2912,.T.);
#2929 = ORIENTED_EDGE('',*,*,#2930,.F.);
#2930 = EDGE_CURVE('',#2386,#2905,#2931,.T.);
#2931 = LINE('',#2932,#2933);
#2932 = CARTESIAN_POINT('',(-4.625652000001,-1.792002236217,-1.6));
#2933 = VECTOR('',#2934,1.);
#2934 = DIRECTION('',(0.,-1.,-2.22044604925E-16));
#2935 = ORIENTED_EDGE('',*,*,#2385,.F.);
#2936 = CYLINDRICAL_SURFACE('',#2937,0.425652000001);
#2937 = AXIS2_PLACEMENT_3D('',#2938,#2939,#2940);
#2938 = CARTESIAN_POINT('',(-4.625652000001,-1.792002236217,
    -1.174347999999));
#2939 = DIRECTION('',(0.,1.,2.22044604925E-16));
#2940 = DIRECTION('',(1.,0.,0.));
#2941 = ADVANCED_FACE('',(#2942),#2961,.F.);
#2942 = FACE_BOUND('',#2943,.F.);
#2943 = EDGE_LOOP('',(#2944,#2945,#2946,#2955));
#2944 = ORIENTED_EDGE('',*,*,#2600,.T.);
#2945 = ORIENTED_EDGE('',*,*,#2337,.F.);
#2946 = ORIENTED_EDGE('',*,*,#2947,.F.);
#2947 = EDGE_CURVE('',#2948,#2338,#2950,.T.);
#2948 = VERTEX_POINT('',#2949);
#2949 = CARTESIAN_POINT('',(-3.2,0.793,-1.3));
#2950 = CIRCLE('',#2951,1.);
#2951 = AXIS2_PLACEMENT_3D('',#2952,#2953,#2954);
#2952 = CARTESIAN_POINT('',(-3.2,0.793,-0.3));
#2953 = DIRECTION('',(0.,1.,-4.4E-16));
#2954 = DIRECTION('',(1.,0.,0.));
#2955 = ORIENTED_EDGE('',*,*,#2956,.T.);
#2956 = EDGE_CURVE('',#2948,#2593,#2957,.T.);
#2957 = LINE('',#2958,#2959);
#2958 = CARTESIAN_POINT('',(-3.2,2.093,-1.3));
#2959 = VECTOR('',#2960,1.);
#2960 = DIRECTION('',(0.,-1.,4.4E-16));
#2961 = CYLINDRICAL_SURFACE('',#2962,1.);
#2962 = AXIS2_PLACEMENT_3D('',#2963,#2964,#2965);
#2963 = CARTESIAN_POINT('',(-3.2,2.093,-0.3));
#2964 = DIRECTION('',(0.,1.,-4.4E-16));
#2965 = DIRECTION('',(1.,0.,0.));
#2966 = ADVANCED_FACE('',(#2967),#3043,.F.);
#2967 = FACE_BOUND('',#2968,.F.);
#2968 = EDGE_LOOP('',(#2969,#2979,#2987,#2995,#3004,#3010,#3011,#3012,
    #3018,#3019,#3028,#3036));
#2969 = ORIENTED_EDGE('',*,*,#2970,.T.);
#2970 = EDGE_CURVE('',#2971,#2973,#2975,.T.);
#2971 = VERTEX_POINT('',#2972);
#2972 = CARTESIAN_POINT('',(4.5,0.793,-0.3));
#2973 = VERTEX_POINT('',#2974);
#2974 = CARTESIAN_POINT('',(4.5,0.793,-0.164428435225));
#2975 = LINE('',#2976,#2977);
#2976 = CARTESIAN_POINT('',(4.5,0.793,-0.232214217613));
#2977 = VECTOR('',#2978,1.);
#2978 = DIRECTION('',(0.,2.2E-16,1.));
#2979 = ORIENTED_EDGE('',*,*,#2980,.T.);
#2980 = EDGE_CURVE('',#2973,#2981,#2983,.T.);
#2981 = VERTEX_POINT('',#2982);
#2982 = CARTESIAN_POINT('',(4.2,0.793,-0.164428435225));
#2983 = LINE('',#2984,#2985);
#2984 = CARTESIAN_POINT('',(5.,0.793,-0.164428435225));
#2985 = VECTOR('',#2986,1.);
#2986 = DIRECTION('',(-1.,0.,0.));
#2987 = ORIENTED_EDGE('',*,*,#2988,.T.);
#2988 = EDGE_CURVE('',#2981,#2989,#2991,.T.);
#2989 = VERTEX_POINT('',#2990);
#2990 = CARTESIAN_POINT('',(4.2,0.793,-0.3));
#2991 = LINE('',#2992,#2993);
#2992 = CARTESIAN_POINT('',(4.2,0.793,6.778578238731E-02));
#2993 = VECTOR('',#2994,1.);
#2994 = DIRECTION('',(0.,-2.2E-16,-1.));
#2995 = ORIENTED_EDGE('',*,*,#2996,.T.);
#2996 = EDGE_CURVE('',#2989,#2997,#2999,.T.);
#2997 = VERTEX_POINT('',#2998);
#2998 = CARTESIAN_POINT('',(3.2,0.793,-1.3));
#2999 = CIRCLE('',#3000,1.);
#3000 = AXIS2_PLACEMENT_3D('',#3001,#3002,#3003);
#3001 = CARTESIAN_POINT('',(3.2,0.793,-0.3));
#3002 = DIRECTION('',(0.,1.,-4.4E-16));
#3003 = DIRECTION('',(1.,0.,0.));
#3004 = ORIENTED_EDGE('',*,*,#3005,.T.);
#3005 = EDGE_CURVE('',#2997,#2948,#3006,.T.);
#3006 = LINE('',#3007,#3008);
#3007 = CARTESIAN_POINT('',(4.1,0.793,-1.3));
#3008 = VECTOR('',#3009,1.);
#3009 = DIRECTION('',(-1.,0.,0.));
#3010 = ORIENTED_EDGE('',*,*,#2947,.T.);
#3011 = ORIENTED_EDGE('',*,*,#2345,.T.);
#3012 = ORIENTED_EDGE('',*,*,#3013,.T.);
#3013 = EDGE_CURVE('',#2346,#2469,#3014,.T.);
#3014 = LINE('',#3015,#3016);
#3015 = CARTESIAN_POINT('',(5.,0.793,-0.164428435225));
#3016 = VECTOR('',#3017,1.);
#3017 = DIRECTION('',(-1.,0.,0.));
#3018 = ORIENTED_EDGE('',*,*,#2477,.T.);
#3019 = ORIENTED_EDGE('',*,*,#3020,.F.);
#3020 = EDGE_CURVE('',#3021,#2478,#3023,.T.);
#3021 = VERTEX_POINT('',#3022);
#3022 = CARTESIAN_POINT('',(-3.2,0.793,-1.6));
#3023 = CIRCLE('',#3024,1.3);
#3024 = AXIS2_PLACEMENT_3D('',#3025,#3026,#3027);
#3025 = CARTESIAN_POINT('',(-3.2,0.793,-0.3));
#3026 = DIRECTION('',(0.,1.,-4.4E-16));
#3027 = DIRECTION('',(1.,0.,0.));
#3028 = ORIENTED_EDGE('',*,*,#3029,.T.);
#3029 = EDGE_CURVE('',#3021,#3030,#3032,.T.);
#3030 = VERTEX_POINT('',#3031);
#3031 = CARTESIAN_POINT('',(3.2,0.793,-1.6));
#3032 = LINE('',#3033,#3034);
#3033 = CARTESIAN_POINT('',(0.9,0.793,-1.6));
#3034 = VECTOR('',#3035,1.);
#3035 = DIRECTION('',(1.,0.,0.));
#3036 = ORIENTED_EDGE('',*,*,#3037,.F.);
#3037 = EDGE_CURVE('',#2971,#3030,#3038,.T.);
#3038 = CIRCLE('',#3039,1.3);
#3039 = AXIS2_PLACEMENT_3D('',#3040,#3041,#3042);
#3040 = CARTESIAN_POINT('',(3.2,0.793,-0.3));
#3041 = DIRECTION('',(0.,1.,-4.4E-16));
#3042 = DIRECTION('',(1.,0.,0.));
#3043 = PLANE('',#3044);
#3044 = AXIS2_PLACEMENT_3D('',#3045,#3046,#3047);
#3045 = CARTESIAN_POINT('',(5.,0.793,-0.164428435225));
#3046 = DIRECTION('',(0.,-1.,2.2E-16));
#3047 = DIRECTION('',(0.,-2.2E-16,-1.));
#3048 = ADVANCED_FACE('',(#3049),#3060,.F.);
#3049 = FACE_BOUND('',#3050,.F.);
#3050 = EDGE_LOOP('',(#3051,#3052,#3058,#3059));
#3051 = ORIENTED_EDGE('',*,*,#2353,.F.);
#3052 = ORIENTED_EDGE('',*,*,#3053,.T.);
#3053 = EDGE_CURVE('',#2354,#2461,#3054,.T.);
#3054 = LINE('',#3055,#3056);
#3055 = CARTESIAN_POINT('',(5.,1.163,-0.153514169899));
#3056 = VECTOR('',#3057,1.);
#3057 = DIRECTION('',(-1.,0.,0.));
#3058 = ORIENTED_EDGE('',*,*,#2468,.T.);
#3059 = ORIENTED_EDGE('',*,*,#3013,.F.);
#3060 = CYLINDRICAL_SURFACE('',#3061,0.185160974578);
#3061 = AXIS2_PLACEMENT_3D('',#3062,#3063,#3064);
#3062 = CARTESIAN_POINT('',(5.,0.977839025422,-0.153514169899));
#3063 = DIRECTION('',(1.,0.,0.));
#3064 = DIRECTION('',(0.,1.,-2.2E-16));
#3065 = ADVANCED_FACE('',(#3066),#3111,.T.);
#3066 = FACE_BOUND('',#3067,.T.);
#3067 = EDGE_LOOP('',(#3068,#3069,#3070,#3071,#3080,#3088,#3096,#3104));
#3068 = ORIENTED_EDGE('',*,*,#2362,.T.);
#3069 = ORIENTED_EDGE('',*,*,#3053,.T.);
#3070 = ORIENTED_EDGE('',*,*,#2460,.T.);
#3071 = ORIENTED_EDGE('',*,*,#3072,.F.);
#3072 = EDGE_CURVE('',#3073,#2453,#3075,.T.);
#3073 = VERTEX_POINT('',#3074);
#3074 = CARTESIAN_POINT('',(-4.63513553169,1.163,-1.290670348429));
#3075 = CIRCLE('',#3076,0.13513553169);
#3076 = AXIS2_PLACEMENT_3D('',#3077,#3078,#3079);
#3077 = CARTESIAN_POINT('',(-4.63513553169,1.163,-1.15553481674));
#3078 = DIRECTION('',(0.,-1.,2.22044604925E-16));
#3079 = DIRECTION('',(1.,0.,0.));
#3080 = ORIENTED_EDGE('',*,*,#3081,.T.);
#3081 = EDGE_CURVE('',#3073,#3082,#3084,.T.);
#3082 = VERTEX_POINT('',#3083);
#3083 = CARTESIAN_POINT('',(-5.95,1.163,-1.290670348429));
#3084 = LINE('',#3085,#3086);
#3085 = CARTESIAN_POINT('',(-4.63513553169,1.163,-1.290670348429));
#3086 = VECTOR('',#3087,1.);
#3087 = DIRECTION('',(-1.,0.,0.));
#3088 = ORIENTED_EDGE('',*,*,#3089,.T.);
#3089 = EDGE_CURVE('',#3082,#3090,#3092,.T.);
#3090 = VERTEX_POINT('',#3091);
#3091 = CARTESIAN_POINT('',(-5.95,1.163,-1.590670348429));
#3092 = LINE('',#3093,#3094);
#3093 = CARTESIAN_POINT('',(-5.95,1.163,-1.290670348429));
#3094 = VECTOR('',#3095,1.);
#3095 = DIRECTION('',(0.,-2.22044604925E-16,-1.));
#3096 = ORIENTED_EDGE('',*,*,#3097,.F.);
#3097 = EDGE_CURVE('',#3098,#3090,#3100,.T.);
#3098 = VERTEX_POINT('',#3099);
#3099 = CARTESIAN_POINT('',(-4.63513553169,1.163,-1.590670348429));
#3100 = LINE('',#3101,#3102);
#3101 = CARTESIAN_POINT('',(-4.63513553169,1.163,-1.590670348429));
#3102 = VECTOR('',#3103,1.);
#3103 = DIRECTION('',(-1.,0.,0.));
#3104 = ORIENTED_EDGE('',*,*,#3105,.T.);
#3105 = EDGE_CURVE('',#3098,#2363,#3106,.T.);
#3106 = CIRCLE('',#3107,0.43513553169);
#3107 = AXIS2_PLACEMENT_3D('',#3108,#3109,#3110);
#3108 = CARTESIAN_POINT('',(-4.63513553169,1.163,-1.15553481674));
#3109 = DIRECTION('',(0.,-1.,2.22044604925E-16));
#3110 = DIRECTION('',(1.,0.,0.));
#3111 = PLANE('',#3112);
#3112 = AXIS2_PLACEMENT_3D('',#3113,#3114,#3115);
#3113 = CARTESIAN_POINT('',(-4.841992927534,1.163,-1.111616580006));
#3114 = DIRECTION('',(0.,-1.,2.338710713409E-16));
#3115 = DIRECTION('',(0.,2.338710713409E-16,1.));
#3116 = ADVANCED_FACE('',(#3117),#3128,.T.);
#3117 = FACE_BOUND('',#3118,.T.);
#3118 = EDGE_LOOP('',(#3119,#3120,#3121,#3122));
#3119 = ORIENTED_EDGE('',*,*,#2640,.T.);
#3120 = ORIENTED_EDGE('',*,*,#2370,.T.);
#3121 = ORIENTED_EDGE('',*,*,#3105,.F.);
#3122 = ORIENTED_EDGE('',*,*,#3123,.F.);
#3123 = EDGE_CURVE('',#2641,#3098,#3124,.T.);
#3124 = LINE('',#3125,#3126);
#3125 = CARTESIAN_POINT('',(-4.63513553169,2.093,-1.590670348429));
#3126 = VECTOR('',#3127,1.);
#3127 = DIRECTION('',(0.,-1.,2.22044604925E-16));
#3128 = CYLINDRICAL_SURFACE('',#3129,0.43513553169);
#3129 = AXIS2_PLACEMENT_3D('',#3130,#3131,#3132);
#3130 = CARTESIAN_POINT('',(-4.63513553169,2.093,-1.15553481674));
#3131 = DIRECTION('',(0.,1.,-2.22044604925E-16));
#3132 = DIRECTION('',(1.,0.,0.));
#3133 = ADVANCED_FACE('',(#3134),#3180,.T.);
#3134 = FACE_BOUND('',#3135,.T.);
#3135 = EDGE_LOOP('',(#3136,#3137,#3138,#3147,#3156,#3165,#3173,#3179));
#3136 = ORIENTED_EDGE('',*,*,#2930,.T.);
#3137 = ORIENTED_EDGE('',*,*,#2904,.T.);
#3138 = ORIENTED_EDGE('',*,*,#3139,.F.);
#3139 = EDGE_CURVE('',#3140,#2897,#3142,.T.);
#3140 = VERTEX_POINT('',#3141);
#3141 = CARTESIAN_POINT('',(-5.888552797426,-2.838879799276,-1.6));
#3142 = CIRCLE('',#3143,0.358679156577);
#3143 = AXIS2_PLACEMENT_3D('',#3144,#3145,#3146);
#3144 = CARTESIAN_POINT('',(-5.537922052224,-2.763323079641,-1.6));
#3145 = DIRECTION('',(0.,0.,1.));
#3146 = DIRECTION('',(-1.,0.,0.));
#3147 = ORIENTED_EDGE('',*,*,#3148,.F.);
#3148 = EDGE_CURVE('',#3149,#3140,#3151,.T.);
#3149 = VERTEX_POINT('',#3150);
#3150 = CARTESIAN_POINT('',(-5.742745498817,-2.6376572418,-1.6));
#3151 = CIRCLE('',#3152,0.166961622333);
#3152 = AXIS2_PLACEMENT_3D('',#3153,#3154,#3155);
#3153 = CARTESIAN_POINT('',(-5.725337631489,-2.803708888847,-1.6));
#3154 = DIRECTION('',(0.,0.,1.));
#3155 = DIRECTION('',(-1.,0.,0.));
#3156 = ORIENTED_EDGE('',*,*,#3157,.T.);
#3157 = EDGE_CURVE('',#3149,#3158,#3160,.T.);
#3158 = VERTEX_POINT('',#3159);
#3159 = CARTESIAN_POINT('',(-5.669359814017,-2.254884896966,-1.6));
#3160 = CIRCLE('',#3161,0.203600494866);
#3161 = AXIS2_PLACEMENT_3D('',#3162,#3163,#3164);
#3162 = CARTESIAN_POINT('',(-5.763973433434,-2.435166411633,-1.6));
#3163 = DIRECTION('',(0.,0.,1.));
#3164 = DIRECTION('',(-1.,0.,0.));
#3165 = ORIENTED_EDGE('',*,*,#3166,.F.);
#3166 = EDGE_CURVE('',#3167,#3158,#3169,.T.);
#3167 = VERTEX_POINT('',#3168);
#3168 = CARTESIAN_POINT('',(-5.95,-2.107602,-1.6));
#3169 = LINE('',#3170,#3171);
#3170 = CARTESIAN_POINT('',(-5.95,-2.107602,-1.6));
#3171 = VECTOR('',#3172,1.);
#3172 = DIRECTION('',(0.885466976814,-0.464702305752,0.));
#3173 = ORIENTED_EDGE('',*,*,#3174,.F.);
#3174 = EDGE_CURVE('',#2395,#3167,#3175,.T.);
#3175 = LINE('',#3176,#3177);
#3176 = CARTESIAN_POINT('',(-5.95,-1.792002236217,-1.6));
#3177 = VECTOR('',#3178,1.);
#3178 = DIRECTION('',(0.,-1.,0.));
#3179 = ORIENTED_EDGE('',*,*,#2394,.F.);
#3180 = PLANE('',#3181);
#3181 = AXIS2_PLACEMENT_3D('',#3182,#3183,#3184);
#3182 = CARTESIAN_POINT('',(-5.260007177624,-2.424814012891,-1.6));
#3183 = DIRECTION('',(5.607203817321E-16,2.22044604925E-16,-1.));
#3184 = DIRECTION('',(-1.,1.245049356351E-31,-5.607203817321E-16));
#3185 = ADVANCED_FACE('',(#3186),#3204,.T.);
#3186 = FACE_BOUND('',#3187,.T.);
#3187 = EDGE_LOOP('',(#3188,#3189,#3190,#3198));
#3188 = ORIENTED_EDGE('',*,*,#2402,.T.);
#3189 = ORIENTED_EDGE('',*,*,#3174,.T.);
#3190 = ORIENTED_EDGE('',*,*,#3191,.F.);
#3191 = EDGE_CURVE('',#3192,#3167,#3194,.T.);
#3192 = VERTEX_POINT('',#3193);
#3193 = CARTESIAN_POINT('',(-5.95,-2.107602,-1.3));
#3194 = LINE('',#3195,#3196);
#3195 = CARTESIAN_POINT('',(-5.95,-2.107602,-1.3));
#3196 = VECTOR('',#3197,1.);
#3197 = DIRECTION('',(0.,0.,-1.));
#3198 = ORIENTED_EDGE('',*,*,#3199,.F.);
#3199 = EDGE_CURVE('',#2403,#3192,#3200,.T.);
#3200 = LINE('',#3201,#3202);
#3201 = CARTESIAN_POINT('',(-5.95,-1.792002236217,-1.3));
#3202 = VECTOR('',#3203,1.);
#3203 = DIRECTION('',(0.,-1.,0.));
#3204 = PLANE('',#3205);
#3205 = AXIS2_PLACEMENT_3D('',#3206,#3207,#3208);
#3206 = CARTESIAN_POINT('',(-5.95,-1.792002236217,-1.3));
#3207 = DIRECTION('',(-1.,0.,0.));
#3208 = DIRECTION('',(0.,-1.,0.));
#3209 = ADVANCED_FACE('',(#3210),#3254,.T.);
#3210 = FACE_BOUND('',#3211,.T.);
#3211 = EDGE_LOOP('',(#3212,#3218,#3219,#3220,#3228,#3237,#3246,#3253));
#3212 = ORIENTED_EDGE('',*,*,#3213,.F.);
#3213 = EDGE_CURVE('',#2411,#2880,#3214,.T.);
#3214 = LINE('',#3215,#3216);
#3215 = CARTESIAN_POINT('',(-4.625652000001,-1.792002236217,-1.3));
#3216 = VECTOR('',#3217,1.);
#3217 = DIRECTION('',(0.,-1.,-2.22044604925E-16));
#3218 = ORIENTED_EDGE('',*,*,#2410,.T.);
#3219 = ORIENTED_EDGE('',*,*,#3199,.T.);
#3220 = ORIENTED_EDGE('',*,*,#3221,.T.);
#3221 = EDGE_CURVE('',#3192,#3222,#3224,.T.);
#3222 = VERTEX_POINT('',#3223);
#3223 = CARTESIAN_POINT('',(-5.669359814017,-2.254884896966,-1.3));
#3224 = LINE('',#3225,#3226);
#3225 = CARTESIAN_POINT('',(-5.95,-2.107602,-1.3));
#3226 = VECTOR('',#3227,1.);
#3227 = DIRECTION('',(0.885466976814,-0.464702305752,0.));
#3228 = ORIENTED_EDGE('',*,*,#3229,.F.);
#3229 = EDGE_CURVE('',#3230,#3222,#3232,.T.);
#3230 = VERTEX_POINT('',#3231);
#3231 = CARTESIAN_POINT('',(-5.742745498817,-2.6376572418,-1.3));
#3232 = CIRCLE('',#3233,0.203600494866);
#3233 = AXIS2_PLACEMENT_3D('',#3234,#3235,#3236);
#3234 = CARTESIAN_POINT('',(-5.763973433434,-2.435166411633,-1.3));
#3235 = DIRECTION('',(0.,0.,1.));
#3236 = DIRECTION('',(-1.,0.,0.));
#3237 = ORIENTED_EDGE('',*,*,#3238,.T.);
#3238 = EDGE_CURVE('',#3230,#3239,#3241,.T.);
#3239 = VERTEX_POINT('',#3240);
#3240 = CARTESIAN_POINT('',(-5.888552797426,-2.838879799276,-1.3));
#3241 = CIRCLE('',#3242,0.166961622333);
#3242 = AXIS2_PLACEMENT_3D('',#3243,#3244,#3245);
#3243 = CARTESIAN_POINT('',(-5.725337631489,-2.803708888847,-1.3));
#3244 = DIRECTION('',(0.,0.,1.));
#3245 = DIRECTION('',(-1.,0.,0.));
#3246 = ORIENTED_EDGE('',*,*,#3247,.T.);
#3247 = EDGE_CURVE('',#3239,#2889,#3248,.T.);
#3248 = CIRCLE('',#3249,0.358679156577);
#3249 = AXIS2_PLACEMENT_3D('',#3250,#3251,#3252);
#3250 = CARTESIAN_POINT('',(-5.537922052224,-2.763323079641,-1.3));
#3251 = DIRECTION('',(0.,0.,1.));
#3252 = DIRECTION('',(-1.,0.,0.));
#3253 = ORIENTED_EDGE('',*,*,#2888,.F.);
#3254 = PLANE('',#3255);
#3255 = AXIS2_PLACEMENT_3D('',#3256,#3257,#3258);
#3256 = CARTESIAN_POINT('',(-5.260007177624,-2.424814012891,-1.3));
#3257 = DIRECTION('',(7.09445245395E-16,-2.22044604925E-16,1.));
#3258 = DIRECTION('',(1.,1.575284892297E-31,-7.09445245395E-16));
#3259 = ADVANCED_FACE('',(#3260),#3266,.F.);
#3260 = FACE_BOUND('',#3261,.F.);
#3261 = EDGE_LOOP('',(#3262,#3263,#3264,#3265));
#3262 = ORIENTED_EDGE('',*,*,#2501,.T.);
#3263 = ORIENTED_EDGE('',*,*,#2879,.T.);
#3264 = ORIENTED_EDGE('',*,*,#3213,.F.);
#3265 = ORIENTED_EDGE('',*,*,#2418,.F.);
#3266 = CYLINDRICAL_SURFACE('',#3267,0.125652000001);
#3267 = AXIS2_PLACEMENT_3D('',#3268,#3269,#3270);
#3268 = CARTESIAN_POINT('',(-4.625652000001,-1.792002236217,
    -1.174347999999));
#3269 = DIRECTION('',(0.,1.,2.22044604925E-16));
#3270 = DIRECTION('',(1.,0.,0.));
#3271 = ADVANCED_FACE('',(#3272),#3283,.F.);
#3272 = FACE_BOUND('',#3273,.F.);
#3273 = EDGE_LOOP('',(#3274,#3275,#3276,#3277));
#3274 = ORIENTED_EDGE('',*,*,#2673,.T.);
#3275 = ORIENTED_EDGE('',*,*,#2452,.T.);
#3276 = ORIENTED_EDGE('',*,*,#3072,.F.);
#3277 = ORIENTED_EDGE('',*,*,#3278,.F.);
#3278 = EDGE_CURVE('',#2666,#3073,#3279,.T.);
#3279 = LINE('',#3280,#3281);
#3280 = CARTESIAN_POINT('',(-4.63513553169,2.093,-1.290670348429));
#3281 = VECTOR('',#3282,1.);
#3282 = DIRECTION('',(0.,-1.,2.22044604925E-16));
#3283 = CYLINDRICAL_SURFACE('',#3284,0.13513553169);
#3284 = AXIS2_PLACEMENT_3D('',#3285,#3286,#3287);
#3285 = CARTESIAN_POINT('',(-4.63513553169,2.093,-1.15553481674));
#3286 = DIRECTION('',(0.,1.,-2.22044604925E-16));
#3287 = DIRECTION('',(1.,0.,0.));
#3288 = ADVANCED_FACE('',(#3289),#3300,.T.);
#3289 = FACE_BOUND('',#3290,.T.);
#3290 = EDGE_LOOP('',(#3291,#3292,#3293,#3294));
#3291 = ORIENTED_EDGE('',*,*,#2567,.T.);
#3292 = ORIENTED_EDGE('',*,*,#2485,.F.);
#3293 = ORIENTED_EDGE('',*,*,#3020,.F.);
#3294 = ORIENTED_EDGE('',*,*,#3295,.T.);
#3295 = EDGE_CURVE('',#3021,#2568,#3296,.T.);
#3296 = LINE('',#3297,#3298);
#3297 = CARTESIAN_POINT('',(-3.2,2.093,-1.6));
#3298 = VECTOR('',#3299,1.);
#3299 = DIRECTION('',(0.,-1.,4.4E-16));
#3300 = CYLINDRICAL_SURFACE('',#3301,1.3);
#3301 = AXIS2_PLACEMENT_3D('',#3302,#3303,#3304);
#3302 = CARTESIAN_POINT('',(-3.2,2.093,-0.3));
#3303 = DIRECTION('',(0.,1.,-4.4E-16));
#3304 = DIRECTION('',(1.,0.,0.));
#3305 = ADVANCED_FACE('',(#3306),#3325,.T.);
#3306 = FACE_BOUND('',#3307,.T.);
#3307 = EDGE_LOOP('',(#3308,#3317,#3318,#3319));
#3308 = ORIENTED_EDGE('',*,*,#3309,.F.);
#3309 = EDGE_CURVE('',#2535,#3310,#3312,.T.);
#3310 = VERTEX_POINT('',#3311);
#3311 = CARTESIAN_POINT('',(-3.2,-5.307,-1.6));
#3312 = CIRCLE('',#3313,1.3);
#3313 = AXIS2_PLACEMENT_3D('',#3314,#3315,#3316);
#3314 = CARTESIAN_POINT('',(-3.2,-5.307,-0.3));
#3315 = DIRECTION('',(0.,-1.,0.));
#3316 = DIRECTION('',(1.,0.,0.));
#3317 = ORIENTED_EDGE('',*,*,#2534,.F.);
#3318 = ORIENTED_EDGE('',*,*,#2830,.F.);
#3319 = ORIENTED_EDGE('',*,*,#3320,.T.);
#3320 = EDGE_CURVE('',#2823,#3310,#3321,.T.);
#3321 = LINE('',#3322,#3323);
#3322 = CARTESIAN_POINT('',(-3.2,2.093,-1.6));
#3323 = VECTOR('',#3324,1.);
#3324 = DIRECTION('',(0.,-1.,4.4E-16));
#3325 = CYLINDRICAL_SURFACE('',#3326,1.3);
#3326 = AXIS2_PLACEMENT_3D('',#3327,#3328,#3329);
#3327 = CARTESIAN_POINT('',(-3.2,2.093,-0.3));
#3328 = DIRECTION('',(0.,1.,-4.4E-16));
#3329 = DIRECTION('',(1.,0.,0.));
#3330 = ADVANCED_FACE('',(#3331,#3392),#3445,.F.);
#3331 = FACE_BOUND('',#3332,.F.);
#3332 = EDGE_LOOP('',(#3333,#3343,#3352,#3360,#3369,#3377,#3384,#3385));
#3333 = ORIENTED_EDGE('',*,*,#3334,.F.);
#3334 = EDGE_CURVE('',#3335,#3337,#3339,.T.);
#3335 = VERTEX_POINT('',#3336);
#3336 = CARTESIAN_POINT('',(3.2,-5.307,-1.4));
#3337 = VERTEX_POINT('',#3338);
#3338 = CARTESIAN_POINT('',(-3.2,-5.307,-1.4));
#3339 = LINE('',#3340,#3341);
#3340 = CARTESIAN_POINT('',(3.2,-5.307,-1.4));
#3341 = VECTOR('',#3342,1.);
#3342 = DIRECTION('',(-1.,0.,0.));
#3343 = ORIENTED_EDGE('',*,*,#3344,.F.);
#3344 = EDGE_CURVE('',#3345,#3335,#3347,.T.);
#3345 = VERTEX_POINT('',#3346);
#3346 = CARTESIAN_POINT('',(4.3,-5.307,-0.3));
#3347 = CIRCLE('',#3348,1.1);
#3348 = AXIS2_PLACEMENT_3D('',#3349,#3350,#3351);
#3349 = CARTESIAN_POINT('',(3.2,-5.307,-0.3));
#3350 = DIRECTION('',(0.,1.,-2.2E-16));
#3351 = DIRECTION('',(1.,3.168E-31,1.44E-15));
#3352 = ORIENTED_EDGE('',*,*,#3353,.F.);
#3353 = EDGE_CURVE('',#3354,#3345,#3356,.T.);
#3354 = VERTEX_POINT('',#3355);
#3355 = CARTESIAN_POINT('',(4.3,-5.307,0.3));
#3356 = LINE('',#3357,#3358);
#3357 = CARTESIAN_POINT('',(4.3,-5.307,0.3));
#3358 = VECTOR('',#3359,1.);
#3359 = DIRECTION('',(0.,-4.4E-16,-1.));
#3360 = ORIENTED_EDGE('',*,*,#3361,.F.);
#3361 = EDGE_CURVE('',#3362,#3354,#3364,.T.);
#3362 = VERTEX_POINT('',#3363);
#3363 = CARTESIAN_POINT('',(3.2,-5.307,1.4));
#3364 = CIRCLE('',#3365,1.1);
#3365 = AXIS2_PLACEMENT_3D('',#3366,#3367,#3368);
#3366 = CARTESIAN_POINT('',(3.2,-5.307,0.3));
#3367 = DIRECTION('',(3.483422479331E-48,1.,-2.2E-16));
#3368 = DIRECTION('',(4.4E-16,2.2E-16,1.));
#3369 = ORIENTED_EDGE('',*,*,#3370,.F.);
#3370 = EDGE_CURVE('',#3371,#3362,#3373,.T.);
#3371 = VERTEX_POINT('',#3372);
#3372 = CARTESIAN_POINT('',(-3.200000004941,-5.307,1.4));
#3373 = LINE('',#3374,#3375);
#3374 = CARTESIAN_POINT('',(-3.200000004491,-5.307,1.4));
#3375 = VECTOR('',#3376,1.);
#3376 = DIRECTION('',(1.,0.,0.));
#3377 = ORIENTED_EDGE('',*,*,#3378,.F.);
#3378 = EDGE_CURVE('',#2758,#3371,#3379,.T.);
#3379 = CIRCLE('',#3380,1.1);
#3380 = AXIS2_PLACEMENT_3D('',#3381,#3382,#3383);
#3381 = CARTESIAN_POINT('',(-3.2,-5.307,0.3));
#3382 = DIRECTION('',(0.,1.,-2.2E-16));
#3383 = DIRECTION('',(-1.,3.916E-31,1.78E-15));
#3384 = ORIENTED_EDGE('',*,*,#2765,.F.);
#3385 = ORIENTED_EDGE('',*,*,#3386,.F.);
#3386 = EDGE_CURVE('',#3337,#2749,#3387,.T.);
#3387 = CIRCLE('',#3388,1.1);
#3388 = AXIS2_PLACEMENT_3D('',#3389,#3390,#3391);
#3389 = CARTESIAN_POINT('',(-3.2,-5.307,-0.3));
#3390 = DIRECTION('',(0.,1.,-2.2E-16));
#3391 = DIRECTION('',(0.,-2.2E-16,-1.));
#3392 = FACE_BOUND('',#3393,.T.);
#3393 = EDGE_LOOP('',(#3394,#3395,#3396,#3404,#3413,#3421,#3430,#3438));
#3394 = ORIENTED_EDGE('',*,*,#2542,.T.);
#3395 = ORIENTED_EDGE('',*,*,#3309,.T.);
#3396 = ORIENTED_EDGE('',*,*,#3397,.T.);
#3397 = EDGE_CURVE('',#3310,#3398,#3400,.T.);
#3398 = VERTEX_POINT('',#3399);
#3399 = CARTESIAN_POINT('',(3.2,-5.307,-1.6));
#3400 = LINE('',#3401,#3402);
#3401 = CARTESIAN_POINT('',(-3.2,-5.307,-1.6));
#3402 = VECTOR('',#3403,1.);
#3403 = DIRECTION('',(1.,0.,0.));
#3404 = ORIENTED_EDGE('',*,*,#3405,.T.);
#3405 = EDGE_CURVE('',#3398,#3406,#3408,.T.);
#3406 = VERTEX_POINT('',#3407);
#3407 = CARTESIAN_POINT('',(4.5,-5.307,-0.3));
#3408 = CIRCLE('',#3409,1.3);
#3409 = AXIS2_PLACEMENT_3D('',#3410,#3411,#3412);
#3410 = CARTESIAN_POINT('',(3.2,-5.307,-0.3));
#3411 = DIRECTION('',(0.,-1.,0.));
#3412 = DIRECTION('',(1.,0.,0.));
#3413 = ORIENTED_EDGE('',*,*,#3414,.T.);
#3414 = EDGE_CURVE('',#3406,#3415,#3417,.T.);
#3415 = VERTEX_POINT('',#3416);
#3416 = CARTESIAN_POINT('',(4.5,-5.307,0.3));
#3417 = LINE('',#3418,#3419);
#3418 = CARTESIAN_POINT('',(4.5,-5.307,-0.3));
#3419 = VECTOR('',#3420,1.);
#3420 = DIRECTION('',(0.,0.,1.));
#3421 = ORIENTED_EDGE('',*,*,#3422,.T.);
#3422 = EDGE_CURVE('',#3415,#3423,#3425,.T.);
#3423 = VERTEX_POINT('',#3424);
#3424 = CARTESIAN_POINT('',(3.2,-5.307,1.6));
#3425 = CIRCLE('',#3426,1.3);
#3426 = AXIS2_PLACEMENT_3D('',#3427,#3428,#3429);
#3427 = CARTESIAN_POINT('',(3.2,-5.307,0.3));
#3428 = DIRECTION('',(0.,-1.,0.));
#3429 = DIRECTION('',(1.,0.,0.));
#3430 = ORIENTED_EDGE('',*,*,#3431,.T.);
#3431 = EDGE_CURVE('',#3423,#3432,#3434,.T.);
#3432 = VERTEX_POINT('',#3433);
#3433 = CARTESIAN_POINT('',(-3.2,-5.307,1.6));
#3434 = LINE('',#3435,#3436);
#3435 = CARTESIAN_POINT('',(3.2,-5.307,1.6));
#3436 = VECTOR('',#3437,1.);
#3437 = DIRECTION('',(-1.,0.,0.));
#3438 = ORIENTED_EDGE('',*,*,#3439,.T.);
#3439 = EDGE_CURVE('',#3432,#2543,#3440,.T.);
#3440 = CIRCLE('',#3441,1.3);
#3441 = AXIS2_PLACEMENT_3D('',#3442,#3443,#3444);
#3442 = CARTESIAN_POINT('',(-3.2,-5.307,0.3));
#3443 = DIRECTION('',(0.,-1.,0.));
#3444 = DIRECTION('',(1.,0.,0.));
#3445 = PLANE('',#3446);
#3446 = AXIS2_PLACEMENT_3D('',#3447,#3448,#3449);
#3447 = CARTESIAN_POINT('',(-1.616321E-11,-5.307,9.290346270063E-12));
#3448 = DIRECTION('',(0.,1.,0.));
#3449 = DIRECTION('',(0.,0.,1.));
#3450 = ADVANCED_FACE('',(#3451),#3496,.T.);
#3451 = FACE_BOUND('',#3452,.T.);
#3452 = EDGE_LOOP('',(#3453,#3463,#3472,#3478,#3479,#3480,#3481,#3489));
#3453 = ORIENTED_EDGE('',*,*,#3454,.F.);
#3454 = EDGE_CURVE('',#3455,#3457,#3459,.T.);
#3455 = VERTEX_POINT('',#3456);
#3456 = CARTESIAN_POINT('',(-4.022244814525,1.393,1.306932701319));
#3457 = VERTEX_POINT('',#3458);
#3458 = CARTESIAN_POINT('',(-4.022244814525,2.093,1.306932701319));
#3459 = LINE('',#3460,#3461);
#3460 = CARTESIAN_POINT('',(-4.022244814525,2.093,1.306932701319));
#3461 = VECTOR('',#3462,1.);
#3462 = DIRECTION('',(0.,1.,-4.4E-16));
#3463 = ORIENTED_EDGE('',*,*,#3464,.F.);
#3464 = EDGE_CURVE('',#3465,#3455,#3467,.T.);
#3465 = VERTEX_POINT('',#3466);
#3466 = CARTESIAN_POINT('',(-4.477059115704,1.393,0.543146077489));
#3467 = CIRCLE('',#3468,1.3);
#3468 = AXIS2_PLACEMENT_3D('',#3469,#3470,#3471);
#3469 = CARTESIAN_POINT('',(-3.2,1.393,0.3));
#3470 = DIRECTION('',(0.,1.,-4.4E-16));
#3471 = DIRECTION('',(1.,0.,0.));
#3472 = ORIENTED_EDGE('',*,*,#3473,.T.);
#3473 = EDGE_CURVE('',#3465,#2616,#3474,.T.);
#3474 = LINE('',#3475,#3476);
#3475 = CARTESIAN_POINT('',(-4.477059115704,2.093,0.543146077489));
#3476 = VECTOR('',#3477,1.);
#3477 = DIRECTION('',(0.,1.,-4.4E-16));
#3478 = ORIENTED_EDGE('',*,*,#2615,.T.);
#3479 = ORIENTED_EDGE('',*,*,#2550,.T.);
#3480 = ORIENTED_EDGE('',*,*,#3439,.F.);
#3481 = ORIENTED_EDGE('',*,*,#3482,.F.);
#3482 = EDGE_CURVE('',#3483,#3432,#3485,.T.);
#3483 = VERTEX_POINT('',#3484);
#3484 = CARTESIAN_POINT('',(-3.2,2.093,1.6));
#3485 = LINE('',#3486,#3487);
#3486 = CARTESIAN_POINT('',(-3.2,2.093,1.6));
#3487 = VECTOR('',#3488,1.);
#3488 = DIRECTION('',(0.,-1.,4.4E-16));
#3489 = ORIENTED_EDGE('',*,*,#3490,.T.);
#3490 = EDGE_CURVE('',#3483,#3457,#3491,.T.);
#3491 = CIRCLE('',#3492,1.3);
#3492 = AXIS2_PLACEMENT_3D('',#3493,#3494,#3495);
#3493 = CARTESIAN_POINT('',(-3.2,2.093,0.3));
#3494 = DIRECTION('',(0.,-1.,0.));
#3495 = DIRECTION('',(1.,0.,0.));
#3496 = CYLINDRICAL_SURFACE('',#3497,1.3);
#3497 = AXIS2_PLACEMENT_3D('',#3498,#3499,#3500);
#3498 = CARTESIAN_POINT('',(-3.2,2.093,0.3));
#3499 = DIRECTION('',(0.,1.,-4.4E-16));
#3500 = DIRECTION('',(1.,0.,0.));
#3501 = ADVANCED_FACE('',(#3502),#3561,.F.);
#3502 = FACE_BOUND('',#3503,.F.);
#3503 = EDGE_LOOP('',(#3504,#3505,#3513,#3521,#3529,#3537,#3545,#3551,
    #3552,#3553,#3559,#3560));
#3504 = ORIENTED_EDGE('',*,*,#3005,.F.);
#3505 = ORIENTED_EDGE('',*,*,#3506,.T.);
#3506 = EDGE_CURVE('',#2997,#3507,#3509,.T.);
#3507 = VERTEX_POINT('',#3508);
#3508 = CARTESIAN_POINT('',(3.2,-1.407,-1.3));
#3509 = LINE('',#3510,#3511);
#3510 = CARTESIAN_POINT('',(3.2,2.093,-1.3));
#3511 = VECTOR('',#3512,1.);
#3512 = DIRECTION('',(0.,-1.,4.4E-16));
#3513 = ORIENTED_EDGE('',*,*,#3514,.F.);
#3514 = EDGE_CURVE('',#3515,#3507,#3517,.T.);
#3515 = VERTEX_POINT('',#3516);
#3516 = CARTESIAN_POINT('',(1.6,-1.407,-1.3));
#3517 = LINE('',#3518,#3519);
#3518 = CARTESIAN_POINT('',(2.4,-1.407,-1.3));
#3519 = VECTOR('',#3520,1.);
#3520 = DIRECTION('',(1.,0.,0.));
#3521 = ORIENTED_EDGE('',*,*,#3522,.T.);
#3522 = EDGE_CURVE('',#3515,#3523,#3525,.T.);
#3523 = VERTEX_POINT('',#3524);
#3524 = CARTESIAN_POINT('',(1.6,-3.507,-1.3));
#3525 = LINE('',#3526,#3527);
#3526 = CARTESIAN_POINT('',(1.6,-0.15270430208,-1.3));
#3527 = VECTOR('',#3528,1.);
#3528 = DIRECTION('',(0.,-1.,4.4E-16));
#3529 = ORIENTED_EDGE('',*,*,#3530,.F.);
#3530 = EDGE_CURVE('',#3531,#3523,#3533,.T.);
#3531 = VERTEX_POINT('',#3532);
#3532 = CARTESIAN_POINT('',(3.2,-3.507,-1.3));
#3533 = LINE('',#3534,#3535);
#3534 = CARTESIAN_POINT('',(2.4,-3.507,-1.3));
#3535 = VECTOR('',#3536,1.);
#3536 = DIRECTION('',(-1.,0.,0.));
#3537 = ORIENTED_EDGE('',*,*,#3538,.T.);
#3538 = EDGE_CURVE('',#3531,#3539,#3541,.T.);
#3539 = VERTEX_POINT('',#3540);
#3540 = CARTESIAN_POINT('',(3.2,-5.007,-1.3));
#3541 = LINE('',#3542,#3543);
#3542 = CARTESIAN_POINT('',(3.2,2.093,-1.3));
#3543 = VECTOR('',#3544,1.);
#3544 = DIRECTION('',(0.,-1.,4.4E-16));
#3545 = ORIENTED_EDGE('',*,*,#3546,.T.);
#3546 = EDGE_CURVE('',#3539,#2780,#3547,.T.);
#3547 = LINE('',#3548,#3549);
#3548 = CARTESIAN_POINT('',(3.2,-5.007,-1.3));
#3549 = VECTOR('',#3550,1.);
#3550 = DIRECTION('',(-1.,0.,0.));
#3551 = ORIENTED_EDGE('',*,*,#2798,.F.);
#3552 = ORIENTED_EDGE('',*,*,#2846,.T.);
#3553 = ORIENTED_EDGE('',*,*,#3554,.F.);
#3554 = EDGE_CURVE('',#2585,#2815,#3555,.T.);
#3555 = LINE('',#3556,#3557);
#3556 = CARTESIAN_POINT('',(-1.6,-0.15270430208,-1.3));
#3557 = VECTOR('',#3558,1.);
#3558 = DIRECTION('',(-2.2E-16,-1.,4.4E-16));
#3559 = ORIENTED_EDGE('',*,*,#2592,.T.);
#3560 = ORIENTED_EDGE('',*,*,#2956,.F.);
#3561 = PLANE('',#3562);
#3562 = AXIS2_PLACEMENT_3D('',#3563,#3564,#3565);
#3563 = CARTESIAN_POINT('',(3.2,2.093,-1.3));
#3564 = DIRECTION('',(0.,-4.4E-16,-1.));
#3565 = DIRECTION('',(-1.,0.,0.));
#3566 = ADVANCED_FACE('',(#3567),#3578,.T.);
#3567 = FACE_BOUND('',#3568,.F.);
#3568 = EDGE_LOOP('',(#3569,#3570,#3571,#3572));
#3569 = ORIENTED_EDGE('',*,*,#2584,.F.);
#3570 = ORIENTED_EDGE('',*,*,#3554,.T.);
#3571 = ORIENTED_EDGE('',*,*,#2812,.F.);
#3572 = ORIENTED_EDGE('',*,*,#3573,.T.);
#3573 = EDGE_CURVE('',#2813,#2577,#3574,.T.);
#3574 = LINE('',#3575,#3576);
#3575 = CARTESIAN_POINT('',(-1.6,-0.15270430208,-1.6));
#3576 = VECTOR('',#3577,1.);
#3577 = DIRECTION('',(2.2E-16,1.,-4.4E-16));
#3578 = PLANE('',#3579);
#3579 = AXIS2_PLACEMENT_3D('',#3580,#3581,#3582);
#3580 = CARTESIAN_POINT('',(-1.6,-2.39840860416,-1.052754821444));
#3581 = DIRECTION('',(-1.,2.2E-16,-2.2E-16));
#3582 = DIRECTION('',(2.2E-16,1.741711239665E-48,-1.));
#3583 = ADVANCED_FACE('',(#3584),#3631,.F.);
#3584 = FACE_BOUND('',#3585,.F.);
#3585 = EDGE_LOOP('',(#3586,#3587,#3588,#3589,#3590,#3591,#3592,#3593,
    #3601,#3609,#3617,#3625));
#3586 = ORIENTED_EDGE('',*,*,#3029,.F.);
#3587 = ORIENTED_EDGE('',*,*,#3295,.T.);
#3588 = ORIENTED_EDGE('',*,*,#2576,.T.);
#3589 = ORIENTED_EDGE('',*,*,#3573,.F.);
#3590 = ORIENTED_EDGE('',*,*,#2822,.T.);
#3591 = ORIENTED_EDGE('',*,*,#3320,.T.);
#3592 = ORIENTED_EDGE('',*,*,#3397,.T.);
#3593 = ORIENTED_EDGE('',*,*,#3594,.F.);
#3594 = EDGE_CURVE('',#3595,#3398,#3597,.T.);
#3595 = VERTEX_POINT('',#3596);
#3596 = CARTESIAN_POINT('',(3.2,-3.507,-1.6));
#3597 = LINE('',#3598,#3599);
#3598 = CARTESIAN_POINT('',(3.2,2.093,-1.6));
#3599 = VECTOR('',#3600,1.);
#3600 = DIRECTION('',(0.,-1.,4.4E-16));
#3601 = ORIENTED_EDGE('',*,*,#3602,.F.);
#3602 = EDGE_CURVE('',#3603,#3595,#3605,.T.);
#3603 = VERTEX_POINT('',#3604);
#3604 = CARTESIAN_POINT('',(1.6,-3.507,-1.6));
#3605 = LINE('',#3606,#3607);
#3606 = CARTESIAN_POINT('',(-0.8,-3.507,-1.6));
#3607 = VECTOR('',#3608,1.);
#3608 = DIRECTION('',(1.,0.,0.));
#3609 = ORIENTED_EDGE('',*,*,#3610,.T.);
#3610 = EDGE_CURVE('',#3603,#3611,#3613,.T.);
#3611 = VERTEX_POINT('',#3612);
#3612 = CARTESIAN_POINT('',(1.6,-1.407,-1.6));
#3613 = LINE('',#3614,#3615);
#3614 = CARTESIAN_POINT('',(1.6,-0.15270430208,-1.6));
#3615 = VECTOR('',#3616,1.);
#3616 = DIRECTION('',(0.,1.,-4.4E-16));
#3617 = ORIENTED_EDGE('',*,*,#3618,.F.);
#3618 = EDGE_CURVE('',#3619,#3611,#3621,.T.);
#3619 = VERTEX_POINT('',#3620);
#3620 = CARTESIAN_POINT('',(3.2,-1.407,-1.6));
#3621 = LINE('',#3622,#3623);
#3622 = CARTESIAN_POINT('',(-0.8,-1.407,-1.6));
#3623 = VECTOR('',#3624,1.);
#3624 = DIRECTION('',(-1.,0.,0.));
#3625 = ORIENTED_EDGE('',*,*,#3626,.F.);
#3626 = EDGE_CURVE('',#3030,#3619,#3627,.T.);
#3627 = LINE('',#3628,#3629);
#3628 = CARTESIAN_POINT('',(3.2,2.093,-1.6));
#3629 = VECTOR('',#3630,1.);
#3630 = DIRECTION('',(0.,-1.,4.4E-16));
#3631 = PLANE('',#3632);
#3632 = AXIS2_PLACEMENT_3D('',#3633,#3634,#3635);
#3633 = CARTESIAN_POINT('',(-3.2,2.093,-1.6));
#3634 = DIRECTION('',(0.,4.4E-16,1.));
#3635 = DIRECTION('',(1.,0.,0.));
#3636 = ADVANCED_FACE('',(#3637),#3648,.T.);
#3637 = FACE_BOUND('',#3638,.T.);
#3638 = EDGE_LOOP('',(#3639,#3640,#3641,#3647));
#3639 = ORIENTED_EDGE('',*,*,#2624,.F.);
#3640 = ORIENTED_EDGE('',*,*,#3473,.F.);
#3641 = ORIENTED_EDGE('',*,*,#3642,.T.);
#3642 = EDGE_CURVE('',#3465,#2709,#3643,.T.);
#3643 = LINE('',#3644,#3645);
#3644 = CARTESIAN_POINT('',(-4.782166,1.393,0.601237));
#3645 = VECTOR('',#3646,1.);
#3646 = DIRECTION('',(0.982353165926,0.,-0.187035444223));
#3647 = ORIENTED_EDGE('',*,*,#2717,.T.);
#3648 = PLANE('',#3649);
#3649 = AXIS2_PLACEMENT_3D('',#3650,#3651,#3652);
#3650 = CARTESIAN_POINT('',(-4.782166,2.093,0.601237));
#3651 = DIRECTION('',(0.187035444223,4.399999999997E-16,0.982353165926)
  );
#3652 = DIRECTION('',(0.982353165926,-7.999999999994E-17,-0.187035444223
    ));
#3653 = ADVANCED_FACE('',(#3654),#3665,.T.);
#3654 = FACE_BOUND('',#3655,.T.);
#3655 = EDGE_LOOP('',(#3656,#3657,#3658,#3664));
#3656 = ORIENTED_EDGE('',*,*,#3123,.T.);
#3657 = ORIENTED_EDGE('',*,*,#3097,.T.);
#3658 = ORIENTED_EDGE('',*,*,#3659,.F.);
#3659 = EDGE_CURVE('',#2650,#3090,#3660,.T.);
#3660 = LINE('',#3661,#3662);
#3661 = CARTESIAN_POINT('',(-5.95,2.093,-1.590670348429));
#3662 = VECTOR('',#3663,1.);
#3663 = DIRECTION('',(0.,-1.,2.22044604925E-16));
#3664 = ORIENTED_EDGE('',*,*,#2649,.F.);
#3665 = PLANE('',#3666);
#3666 = AXIS2_PLACEMENT_3D('',#3667,#3668,#3669);
#3667 = CARTESIAN_POINT('',(-4.63513553169,2.093,-1.590670348429));
#3668 = DIRECTION('',(0.,-2.22044604925E-16,-1.));
#3669 = DIRECTION('',(-1.,0.,0.));
#3670 = ADVANCED_FACE('',(#3671),#3682,.F.);
#3671 = FACE_BOUND('',#3672,.F.);
#3672 = EDGE_LOOP('',(#3673,#3679,#3680,#3681));
#3673 = ORIENTED_EDGE('',*,*,#3674,.T.);
#3674 = EDGE_CURVE('',#2658,#3082,#3675,.T.);
#3675 = LINE('',#3676,#3677);
#3676 = CARTESIAN_POINT('',(-5.95,2.093,-1.290670348429));
#3677 = VECTOR('',#3678,1.);
#3678 = DIRECTION('',(0.,-1.,2.22044604925E-16));
#3679 = ORIENTED_EDGE('',*,*,#3089,.T.);
#3680 = ORIENTED_EDGE('',*,*,#3659,.F.);
#3681 = ORIENTED_EDGE('',*,*,#2657,.F.);
#3682 = PLANE('',#3683);
#3683 = AXIS2_PLACEMENT_3D('',#3684,#3685,#3686);
#3684 = CARTESIAN_POINT('',(-5.95,2.093,-1.290670348429));
#3685 = DIRECTION('',(1.,0.,0.));
#3686 = DIRECTION('',(0.,-2.22044604925E-16,-1.));
#3687 = ADVANCED_FACE('',(#3688),#3694,.F.);
#3688 = FACE_BOUND('',#3689,.F.);
#3689 = EDGE_LOOP('',(#3690,#3691,#3692,#3693));
#3690 = ORIENTED_EDGE('',*,*,#3278,.T.);
#3691 = ORIENTED_EDGE('',*,*,#3081,.T.);
#3692 = ORIENTED_EDGE('',*,*,#3674,.F.);
#3693 = ORIENTED_EDGE('',*,*,#2665,.F.);
#3694 = PLANE('',#3695);
#3695 = AXIS2_PLACEMENT_3D('',#3696,#3697,#3698);
#3696 = CARTESIAN_POINT('',(-4.63513553169,2.093,-1.290670348429));
#3697 = DIRECTION('',(0.,-2.22044604925E-16,-1.));
#3698 = DIRECTION('',(-1.,0.,0.));
#3699 = ADVANCED_FACE('',(#3700),#3805,.F.);
#3700 = FACE_BOUND('',#3701,.F.);
#3701 = EDGE_LOOP('',(#3702,#3703,#3711,#3719,#3727,#3735,#3743,#3751,
    #3759,#3767,#3775,#3783,#3791,#3799));
#3702 = ORIENTED_EDGE('',*,*,#2734,.T.);
#3703 = ORIENTED_EDGE('',*,*,#3704,.T.);
#3704 = EDGE_CURVE('',#2726,#3705,#3707,.T.);
#3705 = VERTEX_POINT('',#3706);
#3706 = CARTESIAN_POINT('',(3.2,-5.007,1.3));
#3707 = LINE('',#3708,#3709);
#3708 = CARTESIAN_POINT('',(-3.200000004491,-5.007,1.3));
#3709 = VECTOR('',#3710,1.);
#3710 = DIRECTION('',(1.,0.,0.));
#3711 = ORIENTED_EDGE('',*,*,#3712,.F.);
#3712 = EDGE_CURVE('',#3713,#3705,#3715,.T.);
#3713 = VERTEX_POINT('',#3714);
#3714 = CARTESIAN_POINT('',(3.2,2.093,1.3));
#3715 = LINE('',#3716,#3717);
#3716 = CARTESIAN_POINT('',(3.2,2.093,1.3));
#3717 = VECTOR('',#3718,1.);
#3718 = DIRECTION('',(0.,-1.,4.4E-16));
#3719 = ORIENTED_EDGE('',*,*,#3720,.F.);
#3720 = EDGE_CURVE('',#3721,#3713,#3723,.T.);
#3721 = VERTEX_POINT('',#3722);
#3722 = CARTESIAN_POINT('',(2.446098,2.093,1.3));
#3723 = LINE('',#3724,#3725);
#3724 = CARTESIAN_POINT('',(-3.200000004491,2.093,1.3));
#3725 = VECTOR('',#3726,1.);
#3726 = DIRECTION('',(1.,0.,0.));
#3727 = ORIENTED_EDGE('',*,*,#3728,.F.);
#3728 = EDGE_CURVE('',#3729,#3721,#3731,.T.);
#3729 = VERTEX_POINT('',#3730);
#3730 = CARTESIAN_POINT('',(2.446098,0.893,1.3));
#3731 = LINE('',#3732,#3733);
#3732 = CARTESIAN_POINT('',(2.446098,2.093,1.3));
#3733 = VECTOR('',#3734,1.);
#3734 = DIRECTION('',(0.,1.,-4.4E-16));
#3735 = ORIENTED_EDGE('',*,*,#3736,.T.);
#3736 = EDGE_CURVE('',#3729,#3737,#3739,.T.);
#3737 = VERTEX_POINT('',#3738);
#3738 = CARTESIAN_POINT('',(0.953902,0.893,1.3));
#3739 = LINE('',#3740,#3741);
#3740 = CARTESIAN_POINT('',(-1.600000002246,0.893,1.3));
#3741 = VECTOR('',#3742,1.);
#3742 = DIRECTION('',(-1.,0.,0.));
#3743 = ORIENTED_EDGE('',*,*,#3744,.F.);
#3744 = EDGE_CURVE('',#3745,#3737,#3747,.T.);
#3745 = VERTEX_POINT('',#3746);
#3746 = CARTESIAN_POINT('',(0.953902,1.193,1.3));
#3747 = LINE('',#3748,#3749);
#3748 = CARTESIAN_POINT('',(0.953902,2.093,1.3));
#3749 = VECTOR('',#3750,1.);
#3750 = DIRECTION('',(0.,-1.,4.4E-16));
#3751 = ORIENTED_EDGE('',*,*,#3752,.F.);
#3752 = EDGE_CURVE('',#3753,#3745,#3755,.T.);
#3753 = VERTEX_POINT('',#3754);
#3754 = CARTESIAN_POINT('',(0.953902,2.093,1.3));
#3755 = LINE('',#3756,#3757);
#3756 = CARTESIAN_POINT('',(0.953902,2.093,1.3));
#3757 = VECTOR('',#3758,1.);
#3758 = DIRECTION('',(0.,-1.,4.4E-16));
#3759 = ORIENTED_EDGE('',*,*,#3760,.F.);
#3760 = EDGE_CURVE('',#3761,#3753,#3763,.T.);
#3761 = VERTEX_POINT('',#3762);
#3762 = CARTESIAN_POINT('',(-0.953902,2.093,1.3));
#3763 = LINE('',#3764,#3765);
#3764 = CARTESIAN_POINT('',(-3.200000004491,2.093,1.3));
#3765 = VECTOR('',#3766,1.);
#3766 = DIRECTION('',(1.,0.,0.));
#3767 = ORIENTED_EDGE('',*,*,#3768,.T.);
#3768 = EDGE_CURVE('',#3761,#3769,#3771,.T.);
#3769 = VERTEX_POINT('',#3770);
#3770 = CARTESIAN_POINT('',(-0.953902,1.193,1.3));
#3771 = LINE('',#3772,#3773);
#3772 = CARTESIAN_POINT('',(-0.953902,2.093,1.3));
#3773 = VECTOR('',#3774,1.);
#3774 = DIRECTION('',(0.,-1.,4.4E-16));
#3775 = ORIENTED_EDGE('',*,*,#3776,.T.);
#3776 = EDGE_CURVE('',#3769,#3777,#3779,.T.);
#3777 = VERTEX_POINT('',#3778);
#3778 = CARTESIAN_POINT('',(-0.953902,0.893,1.3));
#3779 = LINE('',#3780,#3781);
#3780 = CARTESIAN_POINT('',(-0.953902,2.093,1.3));
#3781 = VECTOR('',#3782,1.);
#3782 = DIRECTION('',(0.,-1.,4.4E-16));
#3783 = ORIENTED_EDGE('',*,*,#3784,.T.);
#3784 = EDGE_CURVE('',#3777,#3785,#3787,.T.);
#3785 = VERTEX_POINT('',#3786);
#3786 = CARTESIAN_POINT('',(-2.446098,0.893,1.3));
#3787 = LINE('',#3788,#3789);
#3788 = CARTESIAN_POINT('',(-1.600000002246,0.893,1.3));
#3789 = VECTOR('',#3790,1.);
#3790 = DIRECTION('',(-1.,0.,0.));
#3791 = ORIENTED_EDGE('',*,*,#3792,.T.);
#3792 = EDGE_CURVE('',#3785,#3793,#3795,.T.);
#3793 = VERTEX_POINT('',#3794);
#3794 = CARTESIAN_POINT('',(-2.446098,2.093,1.3));
#3795 = LINE('',#3796,#3797);
#3796 = CARTESIAN_POINT('',(-2.446098,2.093,1.3));
#3797 = VECTOR('',#3798,1.);
#3798 = DIRECTION('',(0.,1.,-4.4E-16));
#3799 = ORIENTED_EDGE('',*,*,#3800,.F.);
#3800 = EDGE_CURVE('',#2690,#3793,#3801,.T.);
#3801 = LINE('',#3802,#3803);
#3802 = CARTESIAN_POINT('',(-3.200000004491,2.093,1.3));
#3803 = VECTOR('',#3804,1.);
#3804 = DIRECTION('',(1.,0.,0.));
#3805 = PLANE('',#3806);
#3806 = AXIS2_PLACEMENT_3D('',#3807,#3808,#3809);
#3807 = CARTESIAN_POINT('',(-3.200000004491,2.093,1.3));
#3808 = DIRECTION('',(0.,4.4E-16,1.));
#3809 = DIRECTION('',(1.,0.,0.));
#3810 = ADVANCED_FACE('',(#3811),#3836,.T.);
#3811 = FACE_BOUND('',#3812,.T.);
#3812 = EDGE_LOOP('',(#3813,#3819,#3820,#3828,#3834,#3835));
#3813 = ORIENTED_EDGE('',*,*,#3814,.F.);
#3814 = EDGE_CURVE('',#3457,#2692,#3815,.T.);
#3815 = LINE('',#3816,#3817);
#3816 = CARTESIAN_POINT('',(-4.229632,2.093,1.560902));
#3817 = VECTOR('',#3818,1.);
#3818 = DIRECTION('',(0.632496011173,0.,-0.774563616399));
#3819 = ORIENTED_EDGE('',*,*,#3490,.F.);
#3820 = ORIENTED_EDGE('',*,*,#3821,.F.);
#3821 = EDGE_CURVE('',#3822,#3483,#3824,.T.);
#3822 = VERTEX_POINT('',#3823);
#3823 = CARTESIAN_POINT('',(-2.446098,2.093,1.6));
#3824 = LINE('',#3825,#3826);
#3825 = CARTESIAN_POINT('',(3.2,2.093,1.6));
#3826 = VECTOR('',#3827,1.);
#3827 = DIRECTION('',(-1.,0.,0.));
#3828 = ORIENTED_EDGE('',*,*,#3829,.T.);
#3829 = EDGE_CURVE('',#3822,#3793,#3830,.T.);
#3830 = LINE('',#3831,#3832);
#3831 = CARTESIAN_POINT('',(-2.446098,2.093,2.022024));
#3832 = VECTOR('',#3833,1.);
#3833 = DIRECTION('',(0.,0.,-1.));
#3834 = ORIENTED_EDGE('',*,*,#3800,.F.);
#3835 = ORIENTED_EDGE('',*,*,#2689,.T.);
#3836 = PLANE('',#3837);
#3837 = AXIS2_PLACEMENT_3D('',#3838,#3839,#3840);
#3838 = CARTESIAN_POINT('',(-1.616321E-11,2.093,9.28673E-12));
#3839 = DIRECTION('',(0.,1.,0.));
#3840 = DIRECTION('',(0.,0.,1.));
#3841 = ADVANCED_FACE('',(#3842),#3853,.F.);
#3842 = FACE_BOUND('',#3843,.F.);
#3843 = EDGE_LOOP('',(#3844,#3845,#3846,#3852));
#3844 = ORIENTED_EDGE('',*,*,#3814,.F.);
#3845 = ORIENTED_EDGE('',*,*,#3454,.F.);
#3846 = ORIENTED_EDGE('',*,*,#3847,.T.);
#3847 = EDGE_CURVE('',#3455,#2701,#3848,.T.);
#3848 = LINE('',#3849,#3850);
#3849 = CARTESIAN_POINT('',(-4.229632,1.393,1.560902));
#3850 = VECTOR('',#3851,1.);
#3851 = DIRECTION('',(0.632496011173,0.,-0.774563616399));
#3852 = ORIENTED_EDGE('',*,*,#2700,.T.);
#3853 = PLANE('',#3854);
#3854 = AXIS2_PLACEMENT_3D('',#3855,#3856,#3857);
#3855 = CARTESIAN_POINT('',(-4.229632,2.093,1.560902));
#3856 = DIRECTION('',(0.774563616399,2.800000000006E-16,0.632496011173)
  );
#3857 = DIRECTION('',(0.632496011173,-3.400000000006E-16,-0.774563616399
    ));
#3858 = ADVANCED_FACE('',(#3859),#3865,.T.);
#3859 = FACE_BOUND('',#3860,.T.);
#3860 = EDGE_LOOP('',(#3861,#3862,#3863,#3864));
#3861 = ORIENTED_EDGE('',*,*,#3464,.T.);
#3862 = ORIENTED_EDGE('',*,*,#3847,.T.);
#3863 = ORIENTED_EDGE('',*,*,#2708,.F.);
#3864 = ORIENTED_EDGE('',*,*,#3642,.F.);
#3865 = PLANE('',#3866);
#3866 = AXIS2_PLACEMENT_3D('',#3867,#3868,#3869);
#3867 = CARTESIAN_POINT('',(0.,1.393,0.791001872815));
#3868 = DIRECTION('',(0.,1.,0.));
#3869 = DIRECTION('',(0.,0.,1.));
#3870 = ADVANCED_FACE('',(#3871),#3882,.F.);
#3871 = FACE_BOUND('',#3872,.F.);
#3872 = EDGE_LOOP('',(#3873,#3874,#3880,#3881));
#3873 = ORIENTED_EDGE('',*,*,#3378,.T.);
#3874 = ORIENTED_EDGE('',*,*,#3875,.F.);
#3875 = EDGE_CURVE('',#2726,#3371,#3876,.T.);
#3876 = LINE('',#3877,#3878);
#3877 = CARTESIAN_POINT('',(-3.200000004491,-5.007,1.3));
#3878 = VECTOR('',#3879,1.);
#3879 = DIRECTION('',(-1.420330099997E-09,-0.948683298051,0.316227766017
    ));
#3880 = ORIENTED_EDGE('',*,*,#2725,.F.);
#3881 = ORIENTED_EDGE('',*,*,#2757,.T.);
#3882 = CONICAL_SURFACE('',#3883,1.,0.321750554397);
#3883 = AXIS2_PLACEMENT_3D('',#3884,#3885,#3886);
#3884 = CARTESIAN_POINT('',(-3.2,-5.007,0.3));
#3885 = DIRECTION('',(0.,-1.,2.2E-16));
#3886 = DIRECTION('',(-1.,3.916E-31,1.78E-15));
#3887 = ADVANCED_FACE('',(#3888),#3899,.F.);
#3888 = FACE_BOUND('',#3889,.F.);
#3889 = EDGE_LOOP('',(#3890,#3891,#3892,#3893));
#3890 = ORIENTED_EDGE('',*,*,#3386,.T.);
#3891 = ORIENTED_EDGE('',*,*,#2748,.F.);
#3892 = ORIENTED_EDGE('',*,*,#2779,.F.);
#3893 = ORIENTED_EDGE('',*,*,#3894,.T.);
#3894 = EDGE_CURVE('',#2780,#3337,#3895,.T.);
#3895 = LINE('',#3896,#3897);
#3896 = CARTESIAN_POINT('',(-3.2,-5.157,-1.35));
#3897 = VECTOR('',#3898,1.);
#3898 = DIRECTION('',(0.,-0.948683298051,-0.316227766017));
#3899 = CONICAL_SURFACE('',#3900,1.,0.321750554397);
#3900 = AXIS2_PLACEMENT_3D('',#3901,#3902,#3903);
#3901 = CARTESIAN_POINT('',(-3.2,-5.007,-0.3));
#3902 = DIRECTION('',(0.,-1.,2.2E-16));
#3903 = DIRECTION('',(0.,-2.2E-16,-1.));
#3904 = ADVANCED_FACE('',(#3905),#3916,.T.);
#3905 = FACE_BOUND('',#3906,.T.);
#3906 = EDGE_LOOP('',(#3907,#3913,#3914,#3915));
#3907 = ORIENTED_EDGE('',*,*,#3908,.T.);
#3908 = EDGE_CURVE('',#3239,#3140,#3909,.T.);
#3909 = LINE('',#3910,#3911);
#3910 = CARTESIAN_POINT('',(-5.888552797426,-2.838879799276,-1.3));
#3911 = VECTOR('',#3912,1.);
#3912 = DIRECTION('',(0.,0.,-1.));
#3913 = ORIENTED_EDGE('',*,*,#3139,.T.);
#3914 = ORIENTED_EDGE('',*,*,#2896,.F.);
#3915 = ORIENTED_EDGE('',*,*,#3247,.F.);
#3916 = CYLINDRICAL_SURFACE('',#3917,0.358679156577);
#3917 = AXIS2_PLACEMENT_3D('',#3918,#3919,#3920);
#3918 = CARTESIAN_POINT('',(-5.537922052224,-2.763323079641,-1.3));
#3919 = DIRECTION('',(0.,0.,1.));
#3920 = DIRECTION('',(-1.,0.,0.));
#3921 = ADVANCED_FACE('',(#3922),#3941,.T.);
#3922 = FACE_BOUND('',#3923,.T.);
#3923 = EDGE_LOOP('',(#3924,#3933,#3934,#3935));
#3924 = ORIENTED_EDGE('',*,*,#3925,.T.);
#3925 = EDGE_CURVE('',#3926,#3619,#3928,.T.);
#3926 = VERTEX_POINT('',#3927);
#3927 = CARTESIAN_POINT('',(4.5,-1.407,-0.3));
#3928 = CIRCLE('',#3929,1.3);
#3929 = AXIS2_PLACEMENT_3D('',#3930,#3931,#3932);
#3930 = CARTESIAN_POINT('',(3.2,-1.407,-0.3));
#3931 = DIRECTION('',(0.,1.,-4.4E-16));
#3932 = DIRECTION('',(1.,0.,0.));
#3933 = ORIENTED_EDGE('',*,*,#3626,.F.);
#3934 = ORIENTED_EDGE('',*,*,#3037,.F.);
#3935 = ORIENTED_EDGE('',*,*,#3936,.T.);
#3936 = EDGE_CURVE('',#2971,#3926,#3937,.T.);
#3937 = LINE('',#3938,#3939);
#3938 = CARTESIAN_POINT('',(4.5,2.093,-0.3));
#3939 = VECTOR('',#3940,1.);
#3940 = DIRECTION('',(0.,-1.,4.4E-16));
#3941 = CYLINDRICAL_SURFACE('',#3942,1.3);
#3942 = AXIS2_PLACEMENT_3D('',#3943,#3944,#3945);
#3943 = CARTESIAN_POINT('',(3.2,2.093,-0.3));
#3944 = DIRECTION('',(0.,1.,-4.4E-16));
#3945 = DIRECTION('',(1.,0.,0.));
#3946 = ADVANCED_FACE('',(#3947),#3966,.F.);
#3947 = FACE_BOUND('',#3948,.F.);
#3948 = EDGE_LOOP('',(#3949,#3958,#3959,#3960));
#3949 = ORIENTED_EDGE('',*,*,#3950,.T.);
#3950 = EDGE_CURVE('',#3951,#3507,#3953,.T.);
#3951 = VERTEX_POINT('',#3952);
#3952 = CARTESIAN_POINT('',(4.2,-1.407,-0.3));
#3953 = CIRCLE('',#3954,1.);
#3954 = AXIS2_PLACEMENT_3D('',#3955,#3956,#3957);
#3955 = CARTESIAN_POINT('',(3.2,-1.407,-0.3));
#3956 = DIRECTION('',(0.,1.,-4.4E-16));
#3957 = DIRECTION('',(1.,0.,0.));
#3958 = ORIENTED_EDGE('',*,*,#3506,.F.);
#3959 = ORIENTED_EDGE('',*,*,#2996,.F.);
#3960 = ORIENTED_EDGE('',*,*,#3961,.T.);
#3961 = EDGE_CURVE('',#2989,#3951,#3962,.T.);
#3962 = LINE('',#3963,#3964);
#3963 = CARTESIAN_POINT('',(4.2,2.093,-0.3));
#3964 = VECTOR('',#3965,1.);
#3965 = DIRECTION('',(0.,-1.,4.4E-16));
#3966 = CYLINDRICAL_SURFACE('',#3967,1.);
#3967 = AXIS2_PLACEMENT_3D('',#3968,#3969,#3970);
#3968 = CARTESIAN_POINT('',(3.2,2.093,-0.3));
#3969 = DIRECTION('',(0.,1.,-4.4E-16));
#3970 = DIRECTION('',(1.,0.,0.));
#3971 = ADVANCED_FACE('',(#3972),#3999,.F.);
#3972 = FACE_BOUND('',#3973,.F.);
#3973 = EDGE_LOOP('',(#3974,#3983,#3991,#3998));
#3974 = ORIENTED_EDGE('',*,*,#3975,.F.);
#3975 = EDGE_CURVE('',#3976,#2973,#3978,.T.);
#3976 = VERTEX_POINT('',#3977);
#3977 = CARTESIAN_POINT('',(4.5,1.163,-0.153514169899));
#3978 = CIRCLE('',#3979,0.185160974578);
#3979 = AXIS2_PLACEMENT_3D('',#3980,#3981,#3982);
#3980 = CARTESIAN_POINT('',(4.5,0.977839025422,-0.153514169899));
#3981 = DIRECTION('',(1.,-0.,0.));
#3982 = DIRECTION('',(0.,1.,-2.2E-16));
#3983 = ORIENTED_EDGE('',*,*,#3984,.T.);
#3984 = EDGE_CURVE('',#3976,#3985,#3987,.T.);
#3985 = VERTEX_POINT('',#3986);
#3986 = CARTESIAN_POINT('',(4.2,1.163,-0.153514169899));
#3987 = LINE('',#3988,#3989);
#3988 = CARTESIAN_POINT('',(5.,1.163,-0.153514169899));
#3989 = VECTOR('',#3990,1.);
#3990 = DIRECTION('',(-1.,0.,0.));
#3991 = ORIENTED_EDGE('',*,*,#3992,.T.);
#3992 = EDGE_CURVE('',#3985,#2981,#3993,.T.);
#3993 = CIRCLE('',#3994,0.185160974578);
#3994 = AXIS2_PLACEMENT_3D('',#3995,#3996,#3997);
#3995 = CARTESIAN_POINT('',(4.2,0.977839025422,-0.153514169899));
#3996 = DIRECTION('',(1.,-0.,0.));
#3997 = DIRECTION('',(0.,1.,-2.2E-16));
#3998 = ORIENTED_EDGE('',*,*,#2980,.F.);
#3999 = CYLINDRICAL_SURFACE('',#4000,0.185160974578);
#4000 = AXIS2_PLACEMENT_3D('',#4001,#4002,#4003);
#4001 = CARTESIAN_POINT('',(5.,0.977839025422,-0.153514169899));
#4002 = DIRECTION('',(1.,0.,0.));
#4003 = DIRECTION('',(0.,1.,-2.2E-16));
#4004 = ADVANCED_FACE('',(#4005),#4016,.T.);
#4005 = FACE_BOUND('',#4006,.T.);
#4006 = EDGE_LOOP('',(#4007,#4013,#4014,#4015));
#4007 = ORIENTED_EDGE('',*,*,#4008,.T.);
#4008 = EDGE_CURVE('',#3230,#3149,#4009,.T.);
#4009 = LINE('',#4010,#4011);
#4010 = CARTESIAN_POINT('',(-5.742745498817,-2.6376572418,-1.3));
#4011 = VECTOR('',#4012,1.);
#4012 = DIRECTION('',(0.,0.,-1.));
#4013 = ORIENTED_EDGE('',*,*,#3148,.T.);
#4014 = ORIENTED_EDGE('',*,*,#3908,.F.);
#4015 = ORIENTED_EDGE('',*,*,#3238,.F.);
#4016 = CYLINDRICAL_SURFACE('',#4017,0.166961622333);
#4017 = AXIS2_PLACEMENT_3D('',#4018,#4019,#4020);
#4018 = CARTESIAN_POINT('',(-5.725337631489,-2.803708888847,-1.3));
#4019 = DIRECTION('',(0.,0.,1.));
#4020 = DIRECTION('',(-1.,0.,0.));
#4021 = ADVANCED_FACE('',(#4022),#4033,.F.);
#4022 = FACE_BOUND('',#4023,.F.);
#4023 = EDGE_LOOP('',(#4024,#4025,#4026,#4032));
#4024 = ORIENTED_EDGE('',*,*,#4008,.T.);
#4025 = ORIENTED_EDGE('',*,*,#3157,.T.);
#4026 = ORIENTED_EDGE('',*,*,#4027,.F.);
#4027 = EDGE_CURVE('',#3222,#3158,#4028,.T.);
#4028 = LINE('',#4029,#4030);
#4029 = CARTESIAN_POINT('',(-5.669359814017,-2.254884896966,-1.3));
#4030 = VECTOR('',#4031,1.);
#4031 = DIRECTION('',(0.,0.,-1.));
#4032 = ORIENTED_EDGE('',*,*,#3229,.F.);
#4033 = CYLINDRICAL_SURFACE('',#4034,0.203600494866);
#4034 = AXIS2_PLACEMENT_3D('',#4035,#4036,#4037);
#4035 = CARTESIAN_POINT('',(-5.763973433434,-2.435166411633,-1.3));
#4036 = DIRECTION('',(0.,0.,1.));
#4037 = DIRECTION('',(-1.,0.,0.));
#4038 = ADVANCED_FACE('',(#4039),#4045,.T.);
#4039 = FACE_BOUND('',#4040,.T.);
#4040 = EDGE_LOOP('',(#4041,#4042,#4043,#4044));
#4041 = ORIENTED_EDGE('',*,*,#3191,.T.);
#4042 = ORIENTED_EDGE('',*,*,#3166,.T.);
#4043 = ORIENTED_EDGE('',*,*,#4027,.F.);
#4044 = ORIENTED_EDGE('',*,*,#3221,.F.);
#4045 = PLANE('',#4046);
#4046 = AXIS2_PLACEMENT_3D('',#4047,#4048,#4049);
#4047 = CARTESIAN_POINT('',(-5.95,-2.107602,-1.3));
#4048 = DIRECTION('',(-0.464702305752,-0.885466976814,0.));
#4049 = DIRECTION('',(0.885466976814,-0.464702305752,0.));
#4050 = ADVANCED_FACE('',(#4051),#4062,.T.);
#4051 = FACE_BOUND('',#4052,.T.);
#4052 = EDGE_LOOP('',(#4053,#4059,#4060,#4061));
#4053 = ORIENTED_EDGE('',*,*,#4054,.F.);
#4054 = EDGE_CURVE('',#3539,#3335,#4055,.T.);
#4055 = LINE('',#4056,#4057);
#4056 = CARTESIAN_POINT('',(3.2,-5.157,-1.35));
#4057 = VECTOR('',#4058,1.);
#4058 = DIRECTION('',(0.,-0.948683298051,-0.316227766017));
#4059 = ORIENTED_EDGE('',*,*,#3546,.T.);
#4060 = ORIENTED_EDGE('',*,*,#3894,.T.);
#4061 = ORIENTED_EDGE('',*,*,#3334,.F.);
#4062 = PLANE('',#4063);
#4063 = AXIS2_PLACEMENT_3D('',#4064,#4065,#4066);
#4064 = CARTESIAN_POINT('',(3.2,-5.157,-1.35));
#4065 = DIRECTION('',(0.,-0.316227766017,0.948683298051));
#4066 = DIRECTION('',(-1.,0.,0.));
#4067 = ADVANCED_FACE('',(#4068),#4087,.F.);
#4068 = FACE_BOUND('',#4069,.F.);
#4069 = EDGE_LOOP('',(#4070,#4071,#4072,#4081));
#4070 = ORIENTED_EDGE('',*,*,#3344,.T.);
#4071 = ORIENTED_EDGE('',*,*,#4054,.F.);
#4072 = ORIENTED_EDGE('',*,*,#4073,.F.);
#4073 = EDGE_CURVE('',#4074,#3539,#4076,.T.);
#4074 = VERTEX_POINT('',#4075);
#4075 = CARTESIAN_POINT('',(4.2,-5.007,-0.3));
#4076 = CIRCLE('',#4077,1.);
#4077 = AXIS2_PLACEMENT_3D('',#4078,#4079,#4080);
#4078 = CARTESIAN_POINT('',(3.2,-5.007,-0.3));
#4079 = DIRECTION('',(0.,1.,-2.2E-16));
#4080 = DIRECTION('',(1.,3.168E-31,1.44E-15));
#4081 = ORIENTED_EDGE('',*,*,#4082,.T.);
#4082 = EDGE_CURVE('',#4074,#3345,#4083,.T.);
#4083 = LINE('',#4084,#4085);
#4084 = CARTESIAN_POINT('',(4.25,-5.157,-0.3));
#4085 = VECTOR('',#4086,1.);
#4086 = DIRECTION('',(0.316227766017,-0.948683298051,4.199999999994E-16)
  );
#4087 = CONICAL_SURFACE('',#4088,1.,0.321750554397);
#4088 = AXIS2_PLACEMENT_3D('',#4089,#4090,#4091);
#4089 = CARTESIAN_POINT('',(3.2,-5.007,-0.3));
#4090 = DIRECTION('',(0.,-1.,2.2E-16));
#4091 = DIRECTION('',(1.,3.168E-31,1.44E-15));
#4092 = ADVANCED_FACE('',(#4093),#4111,.T.);
#4093 = FACE_BOUND('',#4094,.T.);
#4094 = EDGE_LOOP('',(#4095,#4103,#4109,#4110));
#4095 = ORIENTED_EDGE('',*,*,#4096,.F.);
#4096 = EDGE_CURVE('',#4097,#3354,#4099,.T.);
#4097 = VERTEX_POINT('',#4098);
#4098 = CARTESIAN_POINT('',(4.2,-5.007,0.3));
#4099 = LINE('',#4100,#4101);
#4100 = CARTESIAN_POINT('',(4.2,-5.007,0.3));
#4101 = VECTOR('',#4102,1.);
#4102 = DIRECTION('',(0.316227766017,-0.948683298051,2.299999999997E-16)
  );
#4103 = ORIENTED_EDGE('',*,*,#4104,.T.);
#4104 = EDGE_CURVE('',#4097,#4074,#4105,.T.);
#4105 = LINE('',#4106,#4107);
#4106 = CARTESIAN_POINT('',(4.2,-5.007,0.3));
#4107 = VECTOR('',#4108,1.);
#4108 = DIRECTION('',(0.,-4.4E-16,-1.));
#4109 = ORIENTED_EDGE('',*,*,#4082,.T.);
#4110 = ORIENTED_EDGE('',*,*,#3353,.F.);
#4111 = PLANE('',#4112);
#4112 = AXIS2_PLACEMENT_3D('',#4113,#4114,#4115);
#4113 = CARTESIAN_POINT('',(4.25,-5.157,0.3));
#4114 = DIRECTION('',(-0.948683298051,-0.316227766017,8.999999999985E-17
    ));
#4115 = DIRECTION('',(4.86185031756E-17,-4.304604989415E-16,-1.));
#4116 = ADVANCED_FACE('',(#4117),#4134,.F.);
#4117 = FACE_BOUND('',#4118,.F.);
#4118 = EDGE_LOOP('',(#4119,#4120,#4121,#4128));
#4119 = ORIENTED_EDGE('',*,*,#3361,.T.);
#4120 = ORIENTED_EDGE('',*,*,#4096,.F.);
#4121 = ORIENTED_EDGE('',*,*,#4122,.F.);
#4122 = EDGE_CURVE('',#3705,#4097,#4123,.T.);
#4123 = CIRCLE('',#4124,1.);
#4124 = AXIS2_PLACEMENT_3D('',#4125,#4126,#4127);
#4125 = CARTESIAN_POINT('',(3.2,-5.007,0.3));
#4126 = DIRECTION('',(3.483422479331E-48,1.,-2.2E-16));
#4127 = DIRECTION('',(4.4E-16,2.2E-16,1.));
#4128 = ORIENTED_EDGE('',*,*,#4129,.T.);
#4129 = EDGE_CURVE('',#3705,#3362,#4130,.T.);
#4130 = LINE('',#4131,#4132);
#4131 = CARTESIAN_POINT('',(3.2,-5.157,1.35));
#4132 = VECTOR('',#4133,1.);
#4133 = DIRECTION('',(0.,-0.948683298051,0.316227766017));
#4134 = CONICAL_SURFACE('',#4135,1.,0.321750554397);
#4135 = AXIS2_PLACEMENT_3D('',#4136,#4137,#4138);
#4136 = CARTESIAN_POINT('',(3.2,-5.007,0.3));
#4137 = DIRECTION('',(0.,-1.,2.2E-16));
#4138 = DIRECTION('',(4.4E-16,2.2E-16,1.));
#4139 = ADVANCED_FACE('',(#4140),#4146,.T.);
#4140 = FACE_BOUND('',#4141,.T.);
#4141 = EDGE_LOOP('',(#4142,#4143,#4144,#4145));
#4142 = ORIENTED_EDGE('',*,*,#3875,.F.);
#4143 = ORIENTED_EDGE('',*,*,#3704,.T.);
#4144 = ORIENTED_EDGE('',*,*,#4129,.T.);
#4145 = ORIENTED_EDGE('',*,*,#3370,.F.);
#4146 = PLANE('',#4147);
#4147 = AXIS2_PLACEMENT_3D('',#4148,#4149,#4150);
#4148 = CARTESIAN_POINT('',(-3.200000004491,-5.157,1.35));
#4149 = DIRECTION('',(0.,-0.316227766017,-0.948683298051));
#4150 = DIRECTION('',(1.,0.,0.));
#4151 = ADVANCED_FACE('',(#4152),#4171,.T.);
#4152 = FACE_BOUND('',#4153,.T.);
#4153 = EDGE_LOOP('',(#4154,#4162,#4163,#4164));
#4154 = ORIENTED_EDGE('',*,*,#4155,.T.);
#4155 = EDGE_CURVE('',#4156,#3406,#4158,.T.);
#4156 = VERTEX_POINT('',#4157);
#4157 = CARTESIAN_POINT('',(4.5,-3.507,-0.3));
#4158 = LINE('',#4159,#4160);
#4159 = CARTESIAN_POINT('',(4.5,2.093,-0.3));
#4160 = VECTOR('',#4161,1.);
#4161 = DIRECTION('',(0.,-1.,4.4E-16));
#4162 = ORIENTED_EDGE('',*,*,#3405,.F.);
#4163 = ORIENTED_EDGE('',*,*,#3594,.F.);
#4164 = ORIENTED_EDGE('',*,*,#4165,.F.);
#4165 = EDGE_CURVE('',#4156,#3595,#4166,.T.);
#4166 = CIRCLE('',#4167,1.3);
#4167 = AXIS2_PLACEMENT_3D('',#4168,#4169,#4170);
#4168 = CARTESIAN_POINT('',(3.2,-3.507,-0.3));
#4169 = DIRECTION('',(0.,1.,-4.4E-16));
#4170 = DIRECTION('',(1.,0.,0.));
#4171 = CYLINDRICAL_SURFACE('',#4172,1.3);
#4172 = AXIS2_PLACEMENT_3D('',#4173,#4174,#4175);
#4173 = CARTESIAN_POINT('',(3.2,2.093,-0.3));
#4174 = DIRECTION('',(0.,1.,-4.4E-16));
#4175 = DIRECTION('',(1.,0.,0.));
#4176 = ADVANCED_FACE('',(#4177),#4237,.T.);
#4177 = FACE_BOUND('',#4178,.T.);
#4178 = EDGE_LOOP('',(#4179,#4189,#4198,#4206,#4215,#4221,#4222,#4230));
#4179 = ORIENTED_EDGE('',*,*,#4180,.F.);
#4180 = EDGE_CURVE('',#4181,#4183,#4185,.T.);
#4181 = VERTEX_POINT('',#4182);
#4182 = CARTESIAN_POINT('',(4.477059115704,1.393,0.543146077489));
#4183 = VERTEX_POINT('',#4184);
#4184 = CARTESIAN_POINT('',(4.477059115704,2.093,0.543146077489));
#4185 = LINE('',#4186,#4187);
#4186 = CARTESIAN_POINT('',(4.477059115704,2.093,0.543146077489));
#4187 = VECTOR('',#4188,1.);
#4188 = DIRECTION('',(0.,1.,-4.4E-16));
#4189 = ORIENTED_EDGE('',*,*,#4190,.F.);
#4190 = EDGE_CURVE('',#4191,#4181,#4193,.T.);
#4191 = VERTEX_POINT('',#4192);
#4192 = CARTESIAN_POINT('',(4.022244814525,1.393,1.306932701319));
#4193 = CIRCLE('',#4194,1.3);
#4194 = AXIS2_PLACEMENT_3D('',#4195,#4196,#4197);
#4195 = CARTESIAN_POINT('',(3.2,1.393,0.3));
#4196 = DIRECTION('',(0.,1.,-4.4E-16));
#4197 = DIRECTION('',(1.,0.,0.));
#4198 = ORIENTED_EDGE('',*,*,#4199,.T.);
#4199 = EDGE_CURVE('',#4191,#4200,#4202,.T.);
#4200 = VERTEX_POINT('',#4201);
#4201 = CARTESIAN_POINT('',(4.022244814525,2.093,1.306932701319));
#4202 = LINE('',#4203,#4204);
#4203 = CARTESIAN_POINT('',(4.022244814525,2.093,1.306932701319));
#4204 = VECTOR('',#4205,1.);
#4205 = DIRECTION('',(0.,1.,-4.4E-16));
#4206 = ORIENTED_EDGE('',*,*,#4207,.T.);
#4207 = EDGE_CURVE('',#4200,#4208,#4210,.T.);
#4208 = VERTEX_POINT('',#4209);
#4209 = CARTESIAN_POINT('',(3.2,2.093,1.6));
#4210 = CIRCLE('',#4211,1.3);
#4211 = AXIS2_PLACEMENT_3D('',#4212,#4213,#4214);
#4212 = CARTESIAN_POINT('',(3.2,2.093,0.3));
#4213 = DIRECTION('',(0.,-1.,0.));
#4214 = DIRECTION('',(1.,0.,0.));
#4215 = ORIENTED_EDGE('',*,*,#4216,.T.);
#4216 = EDGE_CURVE('',#4208,#3423,#4217,.T.);
#4217 = LINE('',#4218,#4219);
#4218 = CARTESIAN_POINT('',(3.2,2.093,1.6));
#4219 = VECTOR('',#4220,1.);
#4220 = DIRECTION('',(0.,-1.,4.4E-16));
#4221 = ORIENTED_EDGE('',*,*,#3422,.F.);
#4222 = ORIENTED_EDGE('',*,*,#4223,.F.);
#4223 = EDGE_CURVE('',#4224,#3415,#4226,.T.);
#4224 = VERTEX_POINT('',#4225);
#4225 = CARTESIAN_POINT('',(4.5,2.093,0.3));
#4226 = LINE('',#4227,#4228);
#4227 = CARTESIAN_POINT('',(4.5,2.093,0.3));
#4228 = VECTOR('',#4229,1.);
#4229 = DIRECTION('',(0.,-1.,4.4E-16));
#4230 = ORIENTED_EDGE('',*,*,#4231,.T.);
#4231 = EDGE_CURVE('',#4224,#4183,#4232,.T.);
#4232 = CIRCLE('',#4233,1.3);
#4233 = AXIS2_PLACEMENT_3D('',#4234,#4235,#4236);
#4234 = CARTESIAN_POINT('',(3.2,2.093,0.3));
#4235 = DIRECTION('',(0.,-1.,0.));
#4236 = DIRECTION('',(1.,0.,0.));
#4237 = CYLINDRICAL_SURFACE('',#4238,1.3);
#4238 = AXIS2_PLACEMENT_3D('',#4239,#4240,#4241);
#4239 = CARTESIAN_POINT('',(3.2,2.093,0.3));
#4240 = DIRECTION('',(0.,1.,-4.4E-16));
#4241 = DIRECTION('',(1.,0.,0.));
#4242 = ADVANCED_FACE('',(#4243),#4327,.F.);
#4243 = FACE_BOUND('',#4244,.F.);
#4244 = EDGE_LOOP('',(#4245,#4253,#4254,#4255,#4256,#4257,#4265,#4273,
    #4281,#4289,#4297,#4305,#4313,#4321));
#4245 = ORIENTED_EDGE('',*,*,#4246,.F.);
#4246 = EDGE_CURVE('',#4208,#4247,#4249,.T.);
#4247 = VERTEX_POINT('',#4248);
#4248 = CARTESIAN_POINT('',(2.446098,2.093,1.6));
#4249 = LINE('',#4250,#4251);
#4250 = CARTESIAN_POINT('',(3.2,2.093,1.6));
#4251 = VECTOR('',#4252,1.);
#4252 = DIRECTION('',(-1.,0.,0.));
#4253 = ORIENTED_EDGE('',*,*,#4216,.T.);
#4254 = ORIENTED_EDGE('',*,*,#3431,.T.);
#4255 = ORIENTED_EDGE('',*,*,#3482,.F.);
#4256 = ORIENTED_EDGE('',*,*,#3821,.F.);
#4257 = ORIENTED_EDGE('',*,*,#4258,.T.);
#4258 = EDGE_CURVE('',#3822,#4259,#4261,.T.);
#4259 = VERTEX_POINT('',#4260);
#4260 = CARTESIAN_POINT('',(-2.446098,0.893,1.6));
#4261 = LINE('',#4262,#4263);
#4262 = CARTESIAN_POINT('',(-2.446098,2.093,1.6));
#4263 = VECTOR('',#4264,1.);
#4264 = DIRECTION('',(0.,-1.,4.4E-16));
#4265 = ORIENTED_EDGE('',*,*,#4266,.T.);
#4266 = EDGE_CURVE('',#4259,#4267,#4269,.T.);
#4267 = VERTEX_POINT('',#4268);
#4268 = CARTESIAN_POINT('',(-0.953902,0.893,1.6));
#4269 = LINE('',#4270,#4271);
#4270 = CARTESIAN_POINT('',(1.6,0.893,1.6));
#4271 = VECTOR('',#4272,1.);
#4272 = DIRECTION('',(1.,0.,0.));
#4273 = ORIENTED_EDGE('',*,*,#4274,.T.);
#4274 = EDGE_CURVE('',#4267,#4275,#4277,.T.);
#4275 = VERTEX_POINT('',#4276);
#4276 = CARTESIAN_POINT('',(-0.953902,1.193,1.6));
#4277 = LINE('',#4278,#4279);
#4278 = CARTESIAN_POINT('',(-0.953902,2.093,1.6));
#4279 = VECTOR('',#4280,1.);
#4280 = DIRECTION('',(0.,1.,-4.4E-16));
#4281 = ORIENTED_EDGE('',*,*,#4282,.T.);
#4282 = EDGE_CURVE('',#4275,#4283,#4285,.T.);
#4283 = VERTEX_POINT('',#4284);
#4284 = CARTESIAN_POINT('',(-0.953902,2.093,1.6));
#4285 = LINE('',#4286,#4287);
#4286 = CARTESIAN_POINT('',(-0.953902,2.093,1.6));
#4287 = VECTOR('',#4288,1.);
#4288 = DIRECTION('',(0.,1.,-4.4E-16));
#4289 = ORIENTED_EDGE('',*,*,#4290,.F.);
#4290 = EDGE_CURVE('',#4291,#4283,#4293,.T.);
#4291 = VERTEX_POINT('',#4292);
#4292 = CARTESIAN_POINT('',(0.953902,2.093,1.6));
#4293 = LINE('',#4294,#4295);
#4294 = CARTESIAN_POINT('',(3.2,2.093,1.6));
#4295 = VECTOR('',#4296,1.);
#4296 = DIRECTION('',(-1.,0.,0.));
#4297 = ORIENTED_EDGE('',*,*,#4298,.F.);
#4298 = EDGE_CURVE('',#4299,#4291,#4301,.T.);
#4299 = VERTEX_POINT('',#4300);
#4300 = CARTESIAN_POINT('',(0.953902,1.193,1.6));
#4301 = LINE('',#4302,#4303);
#4302 = CARTESIAN_POINT('',(0.953902,2.093,1.6));
#4303 = VECTOR('',#4304,1.);
#4304 = DIRECTION('',(0.,1.,-4.4E-16));
#4305 = ORIENTED_EDGE('',*,*,#4306,.F.);
#4306 = EDGE_CURVE('',#4307,#4299,#4309,.T.);
#4307 = VERTEX_POINT('',#4308);
#4308 = CARTESIAN_POINT('',(0.953902,0.893,1.6));
#4309 = LINE('',#4310,#4311);
#4310 = CARTESIAN_POINT('',(0.953902,2.093,1.6));
#4311 = VECTOR('',#4312,1.);
#4312 = DIRECTION('',(0.,1.,-4.4E-16));
#4313 = ORIENTED_EDGE('',*,*,#4314,.T.);
#4314 = EDGE_CURVE('',#4307,#4315,#4317,.T.);
#4315 = VERTEX_POINT('',#4316);
#4316 = CARTESIAN_POINT('',(2.446098,0.893,1.6));
#4317 = LINE('',#4318,#4319);
#4318 = CARTESIAN_POINT('',(1.6,0.893,1.6));
#4319 = VECTOR('',#4320,1.);
#4320 = DIRECTION('',(1.,0.,0.));
#4321 = ORIENTED_EDGE('',*,*,#4322,.F.);
#4322 = EDGE_CURVE('',#4247,#4315,#4323,.T.);
#4323 = LINE('',#4324,#4325);
#4324 = CARTESIAN_POINT('',(2.446098,2.093,1.6));
#4325 = VECTOR('',#4326,1.);
#4326 = DIRECTION('',(0.,-1.,4.4E-16));
#4327 = PLANE('',#4328);
#4328 = AXIS2_PLACEMENT_3D('',#4329,#4330,#4331);
#4329 = CARTESIAN_POINT('',(3.2,2.093,1.6));
#4330 = DIRECTION('',(0.,-4.4E-16,-1.));
#4331 = DIRECTION('',(-1.,0.,0.));
#4332 = ADVANCED_FACE('',(#4333),#4352,.F.);
#4333 = FACE_BOUND('',#4334,.F.);
#4334 = EDGE_LOOP('',(#4335,#4343,#4344,#4345));
#4335 = ORIENTED_EDGE('',*,*,#4336,.T.);
#4336 = EDGE_CURVE('',#4337,#4074,#4339,.T.);
#4337 = VERTEX_POINT('',#4338);
#4338 = CARTESIAN_POINT('',(4.2,-3.507,-0.3));
#4339 = LINE('',#4340,#4341);
#4340 = CARTESIAN_POINT('',(4.2,2.093,-0.3));
#4341 = VECTOR('',#4342,1.);
#4342 = DIRECTION('',(0.,-1.,4.4E-16));
#4343 = ORIENTED_EDGE('',*,*,#4073,.T.);
#4344 = ORIENTED_EDGE('',*,*,#3538,.F.);
#4345 = ORIENTED_EDGE('',*,*,#4346,.F.);
#4346 = EDGE_CURVE('',#4337,#3531,#4347,.T.);
#4347 = CIRCLE('',#4348,1.);
#4348 = AXIS2_PLACEMENT_3D('',#4349,#4350,#4351);
#4349 = CARTESIAN_POINT('',(3.2,-3.507,-0.3));
#4350 = DIRECTION('',(0.,1.,-4.4E-16));
#4351 = DIRECTION('',(1.,0.,0.));
#4352 = CYLINDRICAL_SURFACE('',#4353,1.);
#4353 = AXIS2_PLACEMENT_3D('',#4354,#4355,#4356);
#4354 = CARTESIAN_POINT('',(3.2,2.093,-0.3));
#4355 = DIRECTION('',(0.,1.,-4.4E-16));
#4356 = DIRECTION('',(1.,0.,0.));
#4357 = ADVANCED_FACE('',(#4358),#4392,.F.);
#4358 = FACE_BOUND('',#4359,.F.);
#4359 = EDGE_LOOP('',(#4360,#4366,#4367,#4368,#4376,#4384,#4390,#4391));
#4360 = ORIENTED_EDGE('',*,*,#4361,.F.);
#4361 = EDGE_CURVE('',#3603,#3523,#4362,.T.);
#4362 = LINE('',#4363,#4364);
#4363 = CARTESIAN_POINT('',(1.6,-3.507,-2.096361));
#4364 = VECTOR('',#4365,1.);
#4365 = DIRECTION('',(0.,0.,1.));
#4366 = ORIENTED_EDGE('',*,*,#3602,.T.);
#4367 = ORIENTED_EDGE('',*,*,#4165,.F.);
#4368 = ORIENTED_EDGE('',*,*,#4369,.T.);
#4369 = EDGE_CURVE('',#4156,#4370,#4372,.T.);
#4370 = VERTEX_POINT('',#4371);
#4371 = CARTESIAN_POINT('',(4.5,-3.507,-0.298687796725));
#4372 = LINE('',#4373,#4374);
#4373 = CARTESIAN_POINT('',(4.5,-3.507,-1.1981805));
#4374 = VECTOR('',#4375,1.);
#4375 = DIRECTION('',(0.,2.2E-16,1.));
#4376 = ORIENTED_EDGE('',*,*,#4377,.F.);
#4377 = EDGE_CURVE('',#4378,#4370,#4380,.T.);
#4378 = VERTEX_POINT('',#4379);
#4379 = CARTESIAN_POINT('',(4.2,-3.507,-0.298687796725));
#4380 = LINE('',#4381,#4382);
#4381 = CARTESIAN_POINT('',(1.6,-3.507,-0.298687796725));
#4382 = VECTOR('',#4383,1.);
#4383 = DIRECTION('',(1.,0.,0.));
#4384 = ORIENTED_EDGE('',*,*,#4385,.T.);
#4385 = EDGE_CURVE('',#4378,#4337,#4386,.T.);
#4386 = LINE('',#4387,#4388);
#4387 = CARTESIAN_POINT('',(4.2,-3.507,-0.8981805));
#4388 = VECTOR('',#4389,1.);
#4389 = DIRECTION('',(0.,-2.2E-16,-1.));
#4390 = ORIENTED_EDGE('',*,*,#4346,.T.);
#4391 = ORIENTED_EDGE('',*,*,#3530,.T.);
#4392 = PLANE('',#4393);
#4393 = AXIS2_PLACEMENT_3D('',#4394,#4395,#4396);
#4394 = CARTESIAN_POINT('',(1.6,-3.507,-2.096361));
#4395 = DIRECTION('',(0.,-1.,2.2E-16));
#4396 = DIRECTION('',(0.,2.2E-16,1.));
#4397 = ADVANCED_FACE('',(#4398),#4409,.T.);
#4398 = FACE_BOUND('',#4399,.T.);
#4399 = EDGE_LOOP('',(#4400,#4406,#4407,#4408));
#4400 = ORIENTED_EDGE('',*,*,#4401,.F.);
#4401 = EDGE_CURVE('',#3515,#3611,#4402,.T.);
#4402 = LINE('',#4403,#4404);
#4403 = CARTESIAN_POINT('',(1.6,-1.407,0.));
#4404 = VECTOR('',#4405,1.);
#4405 = DIRECTION('',(0.,0.,-1.));
#4406 = ORIENTED_EDGE('',*,*,#3522,.T.);
#4407 = ORIENTED_EDGE('',*,*,#4361,.F.);
#4408 = ORIENTED_EDGE('',*,*,#3610,.T.);
#4409 = PLANE('',#4410);
#4410 = AXIS2_PLACEMENT_3D('',#4411,#4412,#4413);
#4411 = CARTESIAN_POINT('',(1.6,-2.39840860416,-1.052754821444));
#4412 = DIRECTION('',(1.,0.,0.));
#4413 = DIRECTION('',(0.,0.,1.));
#4414 = ADVANCED_FACE('',(#4415),#4444,.F.);
#4415 = FACE_BOUND('',#4416,.F.);
#4416 = EDGE_LOOP('',(#4417,#4425,#4433,#4439,#4440,#4441,#4442,#4443));
#4417 = ORIENTED_EDGE('',*,*,#4418,.T.);
#4418 = EDGE_CURVE('',#3951,#4419,#4421,.T.);
#4419 = VERTEX_POINT('',#4420);
#4420 = CARTESIAN_POINT('',(4.2,-1.407,1.E-15));
#4421 = LINE('',#4422,#4423);
#4422 = CARTESIAN_POINT('',(4.2,-1.407,0.15));
#4423 = VECTOR('',#4424,1.);
#4424 = DIRECTION('',(0.,2.2E-16,1.));
#4425 = ORIENTED_EDGE('',*,*,#4426,.T.);
#4426 = EDGE_CURVE('',#4419,#4427,#4429,.T.);
#4427 = VERTEX_POINT('',#4428);
#4428 = CARTESIAN_POINT('',(4.5,-1.407,1.E-15));
#4429 = LINE('',#4430,#4431);
#4430 = CARTESIAN_POINT('',(1.6,-1.407,7.8E-16));
#4431 = VECTOR('',#4432,1.);
#4432 = DIRECTION('',(1.,0.,0.));
#4433 = ORIENTED_EDGE('',*,*,#4434,.T.);
#4434 = EDGE_CURVE('',#4427,#3926,#4435,.T.);
#4435 = LINE('',#4436,#4437);
#4436 = CARTESIAN_POINT('',(4.5,-1.407,-0.15));
#4437 = VECTOR('',#4438,1.);
#4438 = DIRECTION('',(0.,-2.2E-16,-1.));
#4439 = ORIENTED_EDGE('',*,*,#3925,.T.);
#4440 = ORIENTED_EDGE('',*,*,#3618,.T.);
#4441 = ORIENTED_EDGE('',*,*,#4401,.F.);
#4442 = ORIENTED_EDGE('',*,*,#3514,.T.);
#4443 = ORIENTED_EDGE('',*,*,#3950,.F.);
#4444 = PLANE('',#4445);
#4445 = AXIS2_PLACEMENT_3D('',#4446,#4447,#4448);
#4446 = CARTESIAN_POINT('',(1.6,-1.407,7.8E-16));
#4447 = DIRECTION('',(0.,1.,-2.2E-16));
#4448 = DIRECTION('',(0.,-2.2E-16,-1.));
#4449 = ADVANCED_FACE('',(#4450),#4461,.T.);
#4450 = FACE_BOUND('',#4451,.T.);
#4451 = EDGE_LOOP('',(#4452,#4453,#4454,#4460));
#4452 = ORIENTED_EDGE('',*,*,#3829,.F.);
#4453 = ORIENTED_EDGE('',*,*,#4258,.T.);
#4454 = ORIENTED_EDGE('',*,*,#4455,.T.);
#4455 = EDGE_CURVE('',#4259,#3785,#4456,.T.);
#4456 = LINE('',#4457,#4458);
#4457 = CARTESIAN_POINT('',(-2.446098,0.893,2.022024));
#4458 = VECTOR('',#4459,1.);
#4459 = DIRECTION('',(0.,0.,-1.));
#4460 = ORIENTED_EDGE('',*,*,#3792,.T.);
#4461 = PLANE('',#4462);
#4462 = AXIS2_PLACEMENT_3D('',#4463,#4464,#4465);
#4463 = CARTESIAN_POINT('',(-2.446098,2.093,2.022024));
#4464 = DIRECTION('',(1.,0.,0.));
#4465 = DIRECTION('',(0.,-4.4E-16,-1.));
#4466 = ADVANCED_FACE('',(#4467),#4478,.T.);
#4467 = FACE_BOUND('',#4468,.T.);
#4468 = EDGE_LOOP('',(#4469,#4470,#4471,#4477));
#4469 = ORIENTED_EDGE('',*,*,#4455,.F.);
#4470 = ORIENTED_EDGE('',*,*,#4266,.T.);
#4471 = ORIENTED_EDGE('',*,*,#4472,.F.);
#4472 = EDGE_CURVE('',#3777,#4267,#4473,.T.);
#4473 = LINE('',#4474,#4475);
#4474 = CARTESIAN_POINT('',(-0.953902,0.893,0.856944265903));
#4475 = VECTOR('',#4476,1.);
#4476 = DIRECTION('',(0.,0.,1.));
#4477 = ORIENTED_EDGE('',*,*,#3784,.T.);
#4478 = PLANE('',#4479);
#4479 = AXIS2_PLACEMENT_3D('',#4480,#4481,#4482);
#4480 = CARTESIAN_POINT('',(4.E-17,0.893,1.439484132951));
#4481 = DIRECTION('',(0.,1.,0.));
#4482 = DIRECTION('',(0.,0.,1.));
#4483 = ADVANCED_FACE('',(#4484),#4511,.F.);
#4484 = FACE_BOUND('',#4485,.F.);
#4485 = EDGE_LOOP('',(#4486,#4495,#4503,#4510));
#4486 = ORIENTED_EDGE('',*,*,#4487,.T.);
#4487 = EDGE_CURVE('',#3761,#4488,#4490,.T.);
#4488 = VERTEX_POINT('',#4489);
#4489 = CARTESIAN_POINT('',(-1.259395110732,2.093,1.229388465004));
#4490 = CIRCLE('',#4491,0.696147092574);
#4491 = AXIS2_PLACEMENT_3D('',#4492,#4493,#4494);
#4492 = CARTESIAN_POINT('',(-0.953902,2.093,0.603852907426));
#4493 = DIRECTION('',(0.,-1.,2.22044604925E-16));
#4494 = DIRECTION('',(1.,0.,0.));
#4495 = ORIENTED_EDGE('',*,*,#4496,.T.);
#4496 = EDGE_CURVE('',#4488,#4497,#4499,.T.);
#4497 = VERTEX_POINT('',#4498);
#4498 = CARTESIAN_POINT('',(-1.259395110732,1.193,1.229388465004));
#4499 = LINE('',#4500,#4501);
#4500 = CARTESIAN_POINT('',(-1.259395110732,2.093,1.229388465004));
#4501 = VECTOR('',#4502,1.);
#4502 = DIRECTION('',(0.,-1.,2.22044604925E-16));
#4503 = ORIENTED_EDGE('',*,*,#4504,.F.);
#4504 = EDGE_CURVE('',#3769,#4497,#4505,.T.);
#4505 = CIRCLE('',#4506,0.696147092574);
#4506 = AXIS2_PLACEMENT_3D('',#4507,#4508,#4509);
#4507 = CARTESIAN_POINT('',(-0.953902,1.193,0.603852907426));
#4508 = DIRECTION('',(0.,-1.,2.22044604925E-16));
#4509 = DIRECTION('',(1.,0.,0.));
#4510 = ORIENTED_EDGE('',*,*,#3768,.F.);
#4511 = CYLINDRICAL_SURFACE('',#4512,0.696147092574);
#4512 = AXIS2_PLACEMENT_3D('',#4513,#4514,#4515);
#4513 = CARTESIAN_POINT('',(-0.953902,2.093,0.603852907426));
#4514 = DIRECTION('',(0.,1.,-2.22044604925E-16));
#4515 = DIRECTION('',(1.,0.,0.));
#4516 = ADVANCED_FACE('',(#4517),#4528,.T.);
#4517 = FACE_BOUND('',#4518,.T.);
#4518 = EDGE_LOOP('',(#4519,#4525,#4526,#4527));
#4519 = ORIENTED_EDGE('',*,*,#4520,.T.);
#4520 = EDGE_CURVE('',#4275,#3769,#4521,.T.);
#4521 = LINE('',#4522,#4523);
#4522 = CARTESIAN_POINT('',(-0.953902,1.193,1.6));
#4523 = VECTOR('',#4524,1.);
#4524 = DIRECTION('',(0.,-2.22044604925E-16,-1.));
#4525 = ORIENTED_EDGE('',*,*,#3776,.T.);
#4526 = ORIENTED_EDGE('',*,*,#4472,.T.);
#4527 = ORIENTED_EDGE('',*,*,#4274,.T.);
#4528 = PLANE('',#4529);
#4529 = AXIS2_PLACEMENT_3D('',#4530,#4531,#4532);
#4530 = CARTESIAN_POINT('',(-0.953902,2.093,0.856944265903));
#4531 = DIRECTION('',(-1.,0.,0.));
#4532 = DIRECTION('',(0.,4.4E-16,1.));
#4533 = ADVANCED_FACE('',(#4534),#4610,.T.);
#4534 = FACE_BOUND('',#4535,.T.);
#4535 = EDGE_LOOP('',(#4536,#4537,#4538,#4546,#4554,#4562,#4569,#4570,
    #4579,#4587,#4595,#4603));
#4536 = ORIENTED_EDGE('',*,*,#3760,.F.);
#4537 = ORIENTED_EDGE('',*,*,#4487,.T.);
#4538 = ORIENTED_EDGE('',*,*,#4539,.T.);
#4539 = EDGE_CURVE('',#4488,#4540,#4542,.T.);
#4540 = VERTEX_POINT('',#4541);
#4541 = CARTESIAN_POINT('',(-2.058169,2.093,0.839290864239));
#4542 = LINE('',#4543,#4544);
#4543 = CARTESIAN_POINT('',(-1.259395110732,2.093,1.229388465004));
#4544 = VECTOR('',#4545,1.);
#4545 = DIRECTION('',(-0.898568081733,-9.744075325954E-17,-0.43883414007
    ));
#4546 = ORIENTED_EDGE('',*,*,#4547,.T.);
#4547 = EDGE_CURVE('',#4540,#4548,#4550,.T.);
#4548 = VERTEX_POINT('',#4549);
#4549 = CARTESIAN_POINT('',(-2.189819242021,2.093,1.108861288759));
#4550 = LINE('',#4551,#4552);
#4551 = CARTESIAN_POINT('',(-2.058169,2.093,0.839290864239));
#4552 = VECTOR('',#4553,1.);
#4553 = DIRECTION('',(-0.43883414007,1.995221947066E-16,0.898568081733)
  );
#4554 = ORIENTED_EDGE('',*,*,#4555,.F.);
#4555 = EDGE_CURVE('',#4556,#4548,#4558,.T.);
#4556 = VERTEX_POINT('',#4557);
#4557 = CARTESIAN_POINT('',(-1.391045352753,2.093,1.498958889524));
#4558 = LINE('',#4559,#4560);
#4559 = CARTESIAN_POINT('',(-1.391045352753,2.093,1.498958889524));
#4560 = VECTOR('',#4561,1.);
#4561 = DIRECTION('',(-0.898568081733,-9.744075325954E-17,-0.43883414007
    ));
#4562 = ORIENTED_EDGE('',*,*,#4563,.F.);
#4563 = EDGE_CURVE('',#4283,#4556,#4564,.T.);
#4564 = CIRCLE('',#4565,0.996147092574);
#4565 = AXIS2_PLACEMENT_3D('',#4566,#4567,#4568);
#4566 = CARTESIAN_POINT('',(-0.953902,2.093,0.603852907426));
#4567 = DIRECTION('',(0.,-1.,2.22044604925E-16));
#4568 = DIRECTION('',(1.,0.,0.));
#4569 = ORIENTED_EDGE('',*,*,#4290,.F.);
#4570 = ORIENTED_EDGE('',*,*,#4571,.F.);
#4571 = EDGE_CURVE('',#4572,#4291,#4574,.T.);
#4572 = VERTEX_POINT('',#4573);
#4573 = CARTESIAN_POINT('',(1.391045352753,2.093,1.498958889524));
#4574 = CIRCLE('',#4575,0.996147092574);
#4575 = AXIS2_PLACEMENT_3D('',#4576,#4577,#4578);
#4576 = CARTESIAN_POINT('',(0.953902,2.093,0.603852907426));
#4577 = DIRECTION('',(0.,-1.,2.22044604925E-16));
#4578 = DIRECTION('',(1.,0.,0.));
#4579 = ORIENTED_EDGE('',*,*,#4580,.T.);
#4580 = EDGE_CURVE('',#4572,#4581,#4583,.T.);
#4581 = VERTEX_POINT('',#4582);
#4582 = CARTESIAN_POINT('',(2.189819242021,2.093,1.108861288759));
#4583 = LINE('',#4584,#4585);
#4584 = CARTESIAN_POINT('',(1.391045352753,2.093,1.498958889524));
#4585 = VECTOR('',#4586,1.);
#4586 = DIRECTION('',(0.898568081733,-9.744075325954E-17,-0.43883414007)
  );
#4587 = ORIENTED_EDGE('',*,*,#4588,.F.);
#4588 = EDGE_CURVE('',#4589,#4581,#4591,.T.);
#4589 = VERTEX_POINT('',#4590);
#4590 = CARTESIAN_POINT('',(2.058169,2.093,0.839290864239));
#4591 = LINE('',#4592,#4593);
#4592 = CARTESIAN_POINT('',(2.058169,2.093,0.839290864239));
#4593 = VECTOR('',#4594,1.);
#4594 = DIRECTION('',(0.43883414007,1.995221947066E-16,0.898568081733));
#4595 = ORIENTED_EDGE('',*,*,#4596,.F.);
#4596 = EDGE_CURVE('',#4597,#4589,#4599,.T.);
#4597 = VERTEX_POINT('',#4598);
#4598 = CARTESIAN_POINT('',(1.259395110732,2.093,1.229388465004));
#4599 = LINE('',#4600,#4601);
#4600 = CARTESIAN_POINT('',(1.259395110732,2.093,1.229388465004));
#4601 = VECTOR('',#4602,1.);
#4602 = DIRECTION('',(0.898568081733,-9.744075325954E-17,-0.43883414007)
  );
#4603 = ORIENTED_EDGE('',*,*,#4604,.T.);
#4604 = EDGE_CURVE('',#4597,#3753,#4605,.T.);
#4605 = CIRCLE('',#4606,0.696147092574);
#4606 = AXIS2_PLACEMENT_3D('',#4607,#4608,#4609);
#4607 = CARTESIAN_POINT('',(0.953902,2.093,0.603852907426));
#4608 = DIRECTION('',(0.,-1.,2.22044604925E-16));
#4609 = DIRECTION('',(1.,0.,0.));
#4610 = PLANE('',#4611);
#4611 = AXIS2_PLACEMENT_3D('',#4612,#4613,#4614);
#4612 = CARTESIAN_POINT('',(7.371301858603E-17,2.093,1.314154927452));
#4613 = DIRECTION('',(0.,1.,2.22044604925E-16));
#4614 = DIRECTION('',(-1.,0.,0.));
#4615 = ADVANCED_FACE('',(#4616),#4635,.F.);
#4616 = FACE_BOUND('',#4617,.F.);
#4617 = EDGE_LOOP('',(#4618,#4619,#4620,#4629));
#4618 = ORIENTED_EDGE('',*,*,#4604,.T.);
#4619 = ORIENTED_EDGE('',*,*,#3752,.T.);
#4620 = ORIENTED_EDGE('',*,*,#4621,.F.);
#4621 = EDGE_CURVE('',#4622,#3745,#4624,.T.);
#4622 = VERTEX_POINT('',#4623);
#4623 = CARTESIAN_POINT('',(1.259395110732,1.193,1.229388465004));
#4624 = CIRCLE('',#4625,0.696147092574);
#4625 = AXIS2_PLACEMENT_3D('',#4626,#4627,#4628);
#4626 = CARTESIAN_POINT('',(0.953902,1.193,0.603852907426));
#4627 = DIRECTION('',(0.,-1.,2.22044604925E-16));
#4628 = DIRECTION('',(1.,0.,0.));
#4629 = ORIENTED_EDGE('',*,*,#4630,.F.);
#4630 = EDGE_CURVE('',#4597,#4622,#4631,.T.);
#4631 = LINE('',#4632,#4633);
#4632 = CARTESIAN_POINT('',(1.259395110732,2.093,1.229388465004));
#4633 = VECTOR('',#4634,1.);
#4634 = DIRECTION('',(0.,-1.,2.22044604925E-16));
#4635 = CYLINDRICAL_SURFACE('',#4636,0.696147092574);
#4636 = AXIS2_PLACEMENT_3D('',#4637,#4638,#4639);
#4637 = CARTESIAN_POINT('',(0.953902,2.093,0.603852907426));
#4638 = DIRECTION('',(0.,1.,-2.22044604925E-16));
#4639 = DIRECTION('',(1.,0.,0.));
#4640 = ADVANCED_FACE('',(#4641),#4657,.F.);
#4641 = FACE_BOUND('',#4642,.F.);
#4642 = EDGE_LOOP('',(#4643,#4649,#4650,#4656));
#4643 = ORIENTED_EDGE('',*,*,#4644,.T.);
#4644 = EDGE_CURVE('',#4299,#3745,#4645,.T.);
#4645 = LINE('',#4646,#4647);
#4646 = CARTESIAN_POINT('',(0.953902,1.193,1.6));
#4647 = VECTOR('',#4648,1.);
#4648 = DIRECTION('',(0.,-2.22044604925E-16,-1.));
#4649 = ORIENTED_EDGE('',*,*,#3744,.T.);
#4650 = ORIENTED_EDGE('',*,*,#4651,.T.);
#4651 = EDGE_CURVE('',#3737,#4307,#4652,.T.);
#4652 = LINE('',#4653,#4654);
#4653 = CARTESIAN_POINT('',(0.953902,0.893,0.856944265903));
#4654 = VECTOR('',#4655,1.);
#4655 = DIRECTION('',(0.,0.,1.));
#4656 = ORIENTED_EDGE('',*,*,#4306,.T.);
#4657 = PLANE('',#4658);
#4658 = AXIS2_PLACEMENT_3D('',#4659,#4660,#4661);
#4659 = CARTESIAN_POINT('',(0.953902,2.093,0.856944265903));
#4660 = DIRECTION('',(-1.,0.,0.));
#4661 = DIRECTION('',(0.,4.4E-16,1.));
#4662 = ADVANCED_FACE('',(#4663),#4674,.T.);
#4663 = FACE_BOUND('',#4664,.T.);
#4664 = EDGE_LOOP('',(#4665,#4666,#4672,#4673));
#4665 = ORIENTED_EDGE('',*,*,#4314,.T.);
#4666 = ORIENTED_EDGE('',*,*,#4667,.T.);
#4667 = EDGE_CURVE('',#4315,#3729,#4668,.T.);
#4668 = LINE('',#4669,#4670);
#4669 = CARTESIAN_POINT('',(2.446098,0.893,2.022024));
#4670 = VECTOR('',#4671,1.);
#4671 = DIRECTION('',(0.,0.,-1.));
#4672 = ORIENTED_EDGE('',*,*,#3736,.T.);
#4673 = ORIENTED_EDGE('',*,*,#4651,.T.);
#4674 = PLANE('',#4675);
#4675 = AXIS2_PLACEMENT_3D('',#4676,#4677,#4678);
#4676 = CARTESIAN_POINT('',(4.E-17,0.893,1.439484132951));
#4677 = DIRECTION('',(0.,1.,0.));
#4678 = DIRECTION('',(0.,0.,1.));
#4679 = ADVANCED_FACE('',(#4680),#4691,.F.);
#4680 = FACE_BOUND('',#4681,.F.);
#4681 = EDGE_LOOP('',(#4682,#4688,#4689,#4690));
#4682 = ORIENTED_EDGE('',*,*,#4683,.F.);
#4683 = EDGE_CURVE('',#4247,#3721,#4684,.T.);
#4684 = LINE('',#4685,#4686);
#4685 = CARTESIAN_POINT('',(2.446098,2.093,2.022024));
#4686 = VECTOR('',#4687,1.);
#4687 = DIRECTION('',(0.,0.,-1.));
#4688 = ORIENTED_EDGE('',*,*,#4322,.T.);
#4689 = ORIENTED_EDGE('',*,*,#4667,.T.);
#4690 = ORIENTED_EDGE('',*,*,#3728,.T.);
#4691 = PLANE('',#4692);
#4692 = AXIS2_PLACEMENT_3D('',#4693,#4694,#4695);
#4693 = CARTESIAN_POINT('',(2.446098,2.093,2.022024));
#4694 = DIRECTION('',(1.,0.,0.));
#4695 = DIRECTION('',(0.,-4.4E-16,-1.));
#4696 = ADVANCED_FACE('',(#4697),#4718,.T.);
#4697 = FACE_BOUND('',#4698,.T.);
#4698 = EDGE_LOOP('',(#4699,#4700,#4701,#4702,#4710,#4717));
#4699 = ORIENTED_EDGE('',*,*,#4683,.F.);
#4700 = ORIENTED_EDGE('',*,*,#4246,.F.);
#4701 = ORIENTED_EDGE('',*,*,#4207,.F.);
#4702 = ORIENTED_EDGE('',*,*,#4703,.T.);
#4703 = EDGE_CURVE('',#4200,#4704,#4706,.T.);
#4704 = VERTEX_POINT('',#4705);
#4705 = CARTESIAN_POINT('',(3.832496011173,2.093,1.074563616399));
#4706 = LINE('',#4707,#4708);
#4707 = CARTESIAN_POINT('',(4.229632,2.093,1.560902));
#4708 = VECTOR('',#4709,1.);
#4709 = DIRECTION('',(-0.632496011173,0.,-0.774563616399));
#4710 = ORIENTED_EDGE('',*,*,#4711,.T.);
#4711 = EDGE_CURVE('',#4704,#3713,#4712,.T.);
#4712 = CIRCLE('',#4713,1.);
#4713 = AXIS2_PLACEMENT_3D('',#4714,#4715,#4716);
#4714 = CARTESIAN_POINT('',(3.2,2.093,0.3));
#4715 = DIRECTION('',(0.,-1.,0.));
#4716 = DIRECTION('',(1.,0.,0.));
#4717 = ORIENTED_EDGE('',*,*,#3720,.F.);
#4718 = PLANE('',#4719);
#4719 = AXIS2_PLACEMENT_3D('',#4720,#4721,#4722);
#4720 = CARTESIAN_POINT('',(-1.616321E-11,2.093,9.28673E-12));
#4721 = DIRECTION('',(0.,1.,0.));
#4722 = DIRECTION('',(0.,0.,1.));
#4723 = ADVANCED_FACE('',(#4724),#4769,.F.);
#4724 = FACE_BOUND('',#4725,.F.);
#4725 = EDGE_LOOP('',(#4726,#4737,#4745,#4754,#4760,#4761,#4762,#4763));
#4726 = ORIENTED_EDGE('',*,*,#4727,.T.);
#4727 = EDGE_CURVE('',#4728,#4730,#4732,.T.);
#4728 = VERTEX_POINT('',#4729);
#4729 = CARTESIAN_POINT('',(4.2,2.093,0.3));
#4730 = VERTEX_POINT('',#4731);
#4731 = CARTESIAN_POINT('',(4.182353165926,2.093,0.487035444223));
#4732 = CIRCLE('',#4733,1.);
#4733 = AXIS2_PLACEMENT_3D('',#4734,#4735,#4736);
#4734 = CARTESIAN_POINT('',(3.2,2.093,0.3));
#4735 = DIRECTION('',(0.,-1.,0.));
#4736 = DIRECTION('',(1.,0.,0.));
#4737 = ORIENTED_EDGE('',*,*,#4738,.F.);
#4738 = EDGE_CURVE('',#4739,#4730,#4741,.T.);
#4739 = VERTEX_POINT('',#4740);
#4740 = CARTESIAN_POINT('',(4.182353165926,1.393,0.487035444223));
#4741 = LINE('',#4742,#4743);
#4742 = CARTESIAN_POINT('',(4.182353165926,2.093,0.487035444223));
#4743 = VECTOR('',#4744,1.);
#4744 = DIRECTION('',(0.,1.,-4.4E-16));
#4745 = ORIENTED_EDGE('',*,*,#4746,.F.);
#4746 = EDGE_CURVE('',#4747,#4739,#4749,.T.);
#4747 = VERTEX_POINT('',#4748);
#4748 = CARTESIAN_POINT('',(3.832496011173,1.393,1.074563616399));
#4749 = CIRCLE('',#4750,1.);
#4750 = AXIS2_PLACEMENT_3D('',#4751,#4752,#4753);
#4751 = CARTESIAN_POINT('',(3.2,1.393,0.3));
#4752 = DIRECTION('',(0.,1.,-4.4E-16));
#4753 = DIRECTION('',(1.,0.,0.));
#4754 = ORIENTED_EDGE('',*,*,#4755,.T.);
#4755 = EDGE_CURVE('',#4747,#4704,#4756,.T.);
#4756 = LINE('',#4757,#4758);
#4757 = CARTESIAN_POINT('',(3.832496011173,2.093,1.074563616399));
#4758 = VECTOR('',#4759,1.);
#4759 = DIRECTION('',(0.,1.,-4.4E-16));
#4760 = ORIENTED_EDGE('',*,*,#4711,.T.);
#4761 = ORIENTED_EDGE('',*,*,#3712,.T.);
#4762 = ORIENTED_EDGE('',*,*,#4122,.T.);
#4763 = ORIENTED_EDGE('',*,*,#4764,.F.);
#4764 = EDGE_CURVE('',#4728,#4097,#4765,.T.);
#4765 = LINE('',#4766,#4767);
#4766 = CARTESIAN_POINT('',(4.2,2.093,0.3));
#4767 = VECTOR('',#4768,1.);
#4768 = DIRECTION('',(0.,-1.,4.4E-16));
#4769 = CYLINDRICAL_SURFACE('',#4770,1.);
#4770 = AXIS2_PLACEMENT_3D('',#4771,#4772,#4773);
#4771 = CARTESIAN_POINT('',(3.2,2.093,0.3));
#4772 = DIRECTION('',(0.,1.,-4.4E-16));
#4773 = DIRECTION('',(1.,0.,0.));
#4774 = ADVANCED_FACE('',(#4775),#4802,.F.);
#4775 = FACE_BOUND('',#4776,.F.);
#4776 = EDGE_LOOP('',(#4777,#4778,#4787,#4795));
#4777 = ORIENTED_EDGE('',*,*,#4377,.T.);
#4778 = ORIENTED_EDGE('',*,*,#4779,.T.);
#4779 = EDGE_CURVE('',#4370,#4780,#4782,.T.);
#4780 = VERTEX_POINT('',#4781);
#4781 = CARTESIAN_POINT('',(4.5,-3.122002236217,-0.3));
#4782 = CIRCLE('',#4783,0.192501118109);
#4783 = AXIS2_PLACEMENT_3D('',#4784,#4785,#4786);
#4784 = CARTESIAN_POINT('',(4.5,-3.314503354326,-0.3));
#4785 = DIRECTION('',(-1.,0.,-0.));
#4786 = DIRECTION('',(0.,1.,-2.2E-16));
#4787 = ORIENTED_EDGE('',*,*,#4788,.F.);
#4788 = EDGE_CURVE('',#4789,#4780,#4791,.T.);
#4789 = VERTEX_POINT('',#4790);
#4790 = CARTESIAN_POINT('',(4.2,-3.122002236217,-0.3));
#4791 = LINE('',#4792,#4793);
#4792 = CARTESIAN_POINT('',(1.6,-3.122002236217,-0.3));
#4793 = VECTOR('',#4794,1.);
#4794 = DIRECTION('',(1.,0.,0.));
#4795 = ORIENTED_EDGE('',*,*,#4796,.F.);
#4796 = EDGE_CURVE('',#4378,#4789,#4797,.T.);
#4797 = CIRCLE('',#4798,0.192501118109);
#4798 = AXIS2_PLACEMENT_3D('',#4799,#4800,#4801);
#4799 = CARTESIAN_POINT('',(4.2,-3.314503354326,-0.3));
#4800 = DIRECTION('',(-1.,0.,-0.));
#4801 = DIRECTION('',(0.,1.,-2.2E-16));
#4802 = CYLINDRICAL_SURFACE('',#4803,0.192501118109);
#4803 = AXIS2_PLACEMENT_3D('',#4804,#4805,#4806);
#4804 = CARTESIAN_POINT('',(1.6,-3.314503354326,-0.3));
#4805 = DIRECTION('',(-1.,0.,0.));
#4806 = DIRECTION('',(0.,1.,-2.2E-16));
#4807 = ADVANCED_FACE('',(#4808),#4835,.F.);
#4808 = FACE_BOUND('',#4809,.F.);
#4809 = EDGE_LOOP('',(#4810,#4820,#4827,#4828));
#4810 = ORIENTED_EDGE('',*,*,#4811,.T.);
#4811 = EDGE_CURVE('',#4812,#4814,#4816,.T.);
#4812 = VERTEX_POINT('',#4813);
#4813 = CARTESIAN_POINT('',(4.2,-1.792002236217,1.E-15));
#4814 = VERTEX_POINT('',#4815);
#4815 = CARTESIAN_POINT('',(4.5,-1.792002236217,1.E-15));
#4816 = LINE('',#4817,#4818);
#4817 = CARTESIAN_POINT('',(1.6,-1.792002236217,8.7E-16));
#4818 = VECTOR('',#4819,1.);
#4819 = DIRECTION('',(1.,0.,0.));
#4820 = ORIENTED_EDGE('',*,*,#4821,.T.);
#4821 = EDGE_CURVE('',#4814,#4427,#4822,.T.);
#4822 = CIRCLE('',#4823,0.192501118109);
#4823 = AXIS2_PLACEMENT_3D('',#4824,#4825,#4826);
#4824 = CARTESIAN_POINT('',(4.5,-1.599501118109,8.2E-16));
#4825 = DIRECTION('',(-1.,0.,-0.));
#4826 = DIRECTION('',(0.,1.,-2.2E-16));
#4827 = ORIENTED_EDGE('',*,*,#4426,.F.);
#4828 = ORIENTED_EDGE('',*,*,#4829,.F.);
#4829 = EDGE_CURVE('',#4812,#4419,#4830,.T.);
#4830 = CIRCLE('',#4831,0.192501118109);
#4831 = AXIS2_PLACEMENT_3D('',#4832,#4833,#4834);
#4832 = CARTESIAN_POINT('',(4.2,-1.599501118109,8.2E-16));
#4833 = DIRECTION('',(-1.,0.,-0.));
#4834 = DIRECTION('',(0.,1.,-2.2E-16));
#4835 = CYLINDRICAL_SURFACE('',#4836,0.192501118109);
#4836 = AXIS2_PLACEMENT_3D('',#4837,#4838,#4839);
#4837 = CARTESIAN_POINT('',(1.6,-1.599501118109,8.2E-16));
#4838 = DIRECTION('',(-1.,0.,0.));
#4839 = DIRECTION('',(0.,1.,-2.2E-16));
#4840 = ADVANCED_FACE('',(#4841),#4857,.F.);
#4841 = FACE_BOUND('',#4842,.F.);
#4842 = EDGE_LOOP('',(#4843,#4849,#4850,#4856));
#4843 = ORIENTED_EDGE('',*,*,#4844,.F.);
#4844 = EDGE_CURVE('',#4183,#4730,#4845,.T.);
#4845 = LINE('',#4846,#4847);
#4846 = CARTESIAN_POINT('',(4.782166,2.093,0.601237));
#4847 = VECTOR('',#4848,1.);
#4848 = DIRECTION('',(-0.982353165926,0.,-0.187035444223));
#4849 = ORIENTED_EDGE('',*,*,#4180,.F.);
#4850 = ORIENTED_EDGE('',*,*,#4851,.T.);
#4851 = EDGE_CURVE('',#4181,#4739,#4852,.T.);
#4852 = LINE('',#4853,#4854);
#4853 = CARTESIAN_POINT('',(4.782166,1.393,0.601237));
#4854 = VECTOR('',#4855,1.);
#4855 = DIRECTION('',(-0.982353165926,0.,-0.187035444223));
#4856 = ORIENTED_EDGE('',*,*,#4738,.T.);
#4857 = PLANE('',#4858);
#4858 = AXIS2_PLACEMENT_3D('',#4859,#4860,#4861);
#4859 = CARTESIAN_POINT('',(4.782166,2.093,0.601237));
#4860 = DIRECTION('',(0.187035444223,-4.399999999997E-16,-0.982353165926
    ));
#4861 = DIRECTION('',(-0.982353165926,-7.999999999994E-17,
    -0.187035444223));
#4862 = ADVANCED_FACE('',(#4863),#4874,.T.);
#4863 = FACE_BOUND('',#4864,.T.);
#4864 = EDGE_LOOP('',(#4865,#4871,#4872,#4873));
#4865 = ORIENTED_EDGE('',*,*,#4866,.F.);
#4866 = EDGE_CURVE('',#4191,#4747,#4867,.T.);
#4867 = LINE('',#4868,#4869);
#4868 = CARTESIAN_POINT('',(4.229632,1.393,1.560902));
#4869 = VECTOR('',#4870,1.);
#4870 = DIRECTION('',(-0.632496011173,0.,-0.774563616399));
#4871 = ORIENTED_EDGE('',*,*,#4190,.T.);
#4872 = ORIENTED_EDGE('',*,*,#4851,.T.);
#4873 = ORIENTED_EDGE('',*,*,#4746,.F.);
#4874 = PLANE('',#4875);
#4875 = AXIS2_PLACEMENT_3D('',#4876,#4877,#4878);
#4876 = CARTESIAN_POINT('',(0.,1.393,0.791001872815));
#4877 = DIRECTION('',(0.,1.,0.));
#4878 = DIRECTION('',(0.,0.,1.));
#4879 = ADVANCED_FACE('',(#4880),#4886,.T.);
#4880 = FACE_BOUND('',#4881,.T.);
#4881 = EDGE_LOOP('',(#4882,#4883,#4884,#4885));
#4882 = ORIENTED_EDGE('',*,*,#4703,.F.);
#4883 = ORIENTED_EDGE('',*,*,#4199,.F.);
#4884 = ORIENTED_EDGE('',*,*,#4866,.T.);
#4885 = ORIENTED_EDGE('',*,*,#4755,.T.);
#4886 = PLANE('',#4887);
#4887 = AXIS2_PLACEMENT_3D('',#4888,#4889,#4890);
#4888 = CARTESIAN_POINT('',(4.229632,2.093,1.560902));
#4889 = DIRECTION('',(0.774563616399,-2.800000000006E-16,-0.632496011173
    ));
#4890 = DIRECTION('',(-0.632496011173,-3.400000000006E-16,
    -0.774563616399));
#4891 = ADVANCED_FACE('',(#4892),#4911,.T.);
#4892 = FACE_BOUND('',#4893,.T.);
#4893 = EDGE_LOOP('',(#4894,#4895,#4896,#4905));
#4894 = ORIENTED_EDGE('',*,*,#4571,.T.);
#4895 = ORIENTED_EDGE('',*,*,#4298,.F.);
#4896 = ORIENTED_EDGE('',*,*,#4897,.F.);
#4897 = EDGE_CURVE('',#4898,#4299,#4900,.T.);
#4898 = VERTEX_POINT('',#4899);
#4899 = CARTESIAN_POINT('',(1.391045352753,1.193,1.498958889524));
#4900 = CIRCLE('',#4901,0.996147092574);
#4901 = AXIS2_PLACEMENT_3D('',#4902,#4903,#4904);
#4902 = CARTESIAN_POINT('',(0.953902,1.193,0.603852907426));
#4903 = DIRECTION('',(0.,-1.,2.22044604925E-16));
#4904 = DIRECTION('',(1.,0.,0.));
#4905 = ORIENTED_EDGE('',*,*,#4906,.F.);
#4906 = EDGE_CURVE('',#4572,#4898,#4907,.T.);
#4907 = LINE('',#4908,#4909);
#4908 = CARTESIAN_POINT('',(1.391045352753,2.093,1.498958889524));
#4909 = VECTOR('',#4910,1.);
#4910 = DIRECTION('',(0.,-1.,2.22044604925E-16));
#4911 = CYLINDRICAL_SURFACE('',#4912,0.996147092574);
#4912 = AXIS2_PLACEMENT_3D('',#4913,#4914,#4915);
#4913 = CARTESIAN_POINT('',(0.953902,2.093,0.603852907426));
#4914 = DIRECTION('',(0.,1.,-2.22044604925E-16));
#4915 = DIRECTION('',(1.,0.,0.));
#4916 = ADVANCED_FACE('',(#4917),#4936,.T.);
#4917 = FACE_BOUND('',#4918,.T.);
#4918 = EDGE_LOOP('',(#4919,#4920,#4928,#4935));
#4919 = ORIENTED_EDGE('',*,*,#4563,.T.);
#4920 = ORIENTED_EDGE('',*,*,#4921,.T.);
#4921 = EDGE_CURVE('',#4556,#4922,#4924,.T.);
#4922 = VERTEX_POINT('',#4923);
#4923 = CARTESIAN_POINT('',(-1.391045352753,1.193,1.498958889524));
#4924 = LINE('',#4925,#4926);
#4925 = CARTESIAN_POINT('',(-1.391045352753,2.093,1.498958889524));
#4926 = VECTOR('',#4927,1.);
#4927 = DIRECTION('',(0.,-1.,2.22044604925E-16));
#4928 = ORIENTED_EDGE('',*,*,#4929,.F.);
#4929 = EDGE_CURVE('',#4275,#4922,#4930,.T.);
#4930 = CIRCLE('',#4931,0.996147092574);
#4931 = AXIS2_PLACEMENT_3D('',#4932,#4933,#4934);
#4932 = CARTESIAN_POINT('',(-0.953902,1.193,0.603852907426));
#4933 = DIRECTION('',(0.,-1.,2.22044604925E-16));
#4934 = DIRECTION('',(1.,0.,0.));
#4935 = ORIENTED_EDGE('',*,*,#4282,.T.);
#4936 = CYLINDRICAL_SURFACE('',#4937,0.996147092574);
#4937 = AXIS2_PLACEMENT_3D('',#4938,#4939,#4940);
#4938 = CARTESIAN_POINT('',(-0.953902,2.093,0.603852907426));
#4939 = DIRECTION('',(0.,1.,-2.22044604925E-16));
#4940 = DIRECTION('',(1.,0.,0.));
#4941 = ADVANCED_FACE('',(#4942),#4960,.T.);
#4942 = FACE_BOUND('',#4943,.T.);
#4943 = EDGE_LOOP('',(#4944,#4945,#4953,#4959));
#4944 = ORIENTED_EDGE('',*,*,#4496,.T.);
#4945 = ORIENTED_EDGE('',*,*,#4946,.T.);
#4946 = EDGE_CURVE('',#4497,#4947,#4949,.T.);
#4947 = VERTEX_POINT('',#4948);
#4948 = CARTESIAN_POINT('',(-2.058169,1.193,0.839290864239));
#4949 = LINE('',#4950,#4951);
#4950 = CARTESIAN_POINT('',(-1.259395110732,1.193,1.229388465004));
#4951 = VECTOR('',#4952,1.);
#4952 = DIRECTION('',(-0.898568081733,-9.744075325954E-17,-0.43883414007
    ));
#4953 = ORIENTED_EDGE('',*,*,#4954,.F.);
#4954 = EDGE_CURVE('',#4540,#4947,#4955,.T.);
#4955 = LINE('',#4956,#4957);
#4956 = CARTESIAN_POINT('',(-2.058169,2.093,0.839290864239));
#4957 = VECTOR('',#4958,1.);
#4958 = DIRECTION('',(0.,-1.,2.22044604925E-16));
#4959 = ORIENTED_EDGE('',*,*,#4539,.F.);
#4960 = PLANE('',#4961);
#4961 = AXIS2_PLACEMENT_3D('',#4962,#4963,#4964);
#4962 = CARTESIAN_POINT('',(-1.259395110732,2.093,1.229388465004));
#4963 = DIRECTION('',(0.43883414007,-1.995221947066E-16,-0.898568081733)
  );
#4964 = DIRECTION('',(-0.898568081733,-9.744075325954E-17,-0.43883414007
    ));
#4965 = ADVANCED_FACE('',(#4966),#4986,.F.);
#4966 = FACE_BOUND('',#4967,.T.);
#4967 = EDGE_LOOP('',(#4968,#4969,#4977,#4983,#4984,#4985));
#4968 = ORIENTED_EDGE('',*,*,#4929,.T.);
#4969 = ORIENTED_EDGE('',*,*,#4970,.T.);
#4970 = EDGE_CURVE('',#4922,#4971,#4973,.T.);
#4971 = VERTEX_POINT('',#4972);
#4972 = CARTESIAN_POINT('',(-2.189819242021,1.193,1.108861288759));
#4973 = LINE('',#4974,#4975);
#4974 = CARTESIAN_POINT('',(-1.391045352753,1.193,1.498958889524));
#4975 = VECTOR('',#4976,1.);
#4976 = DIRECTION('',(-0.898568081733,-9.744075325954E-17,-0.43883414007
    ));
#4977 = ORIENTED_EDGE('',*,*,#4978,.F.);
#4978 = EDGE_CURVE('',#4947,#4971,#4979,.T.);
#4979 = LINE('',#4980,#4981);
#4980 = CARTESIAN_POINT('',(-2.058169,1.193,0.839290864239));
#4981 = VECTOR('',#4982,1.);
#4982 = DIRECTION('',(-0.43883414007,1.995221947066E-16,0.898568081733)
  );
#4983 = ORIENTED_EDGE('',*,*,#4946,.F.);
#4984 = ORIENTED_EDGE('',*,*,#4504,.F.);
#4985 = ORIENTED_EDGE('',*,*,#4520,.F.);
#4986 = PLANE('',#4987);
#4987 = AXIS2_PLACEMENT_3D('',#4988,#4989,#4990);
#4988 = CARTESIAN_POINT('',(4.080459425081E-17,1.193,1.244728617477));
#4989 = DIRECTION('',(0.,1.,0.));
#4990 = DIRECTION('',(0.,0.,1.));
#4991 = ADVANCED_FACE('',(#4992),#5003,.T.);
#4992 = FACE_BOUND('',#4993,.T.);
#4993 = EDGE_LOOP('',(#4994,#4995,#4996,#5002));
#4994 = ORIENTED_EDGE('',*,*,#4954,.T.);
#4995 = ORIENTED_EDGE('',*,*,#4978,.T.);
#4996 = ORIENTED_EDGE('',*,*,#4997,.F.);
#4997 = EDGE_CURVE('',#4548,#4971,#4998,.T.);
#4998 = LINE('',#4999,#5000);
#4999 = CARTESIAN_POINT('',(-2.189819242021,2.093,1.108861288759));
#5000 = VECTOR('',#5001,1.);
#5001 = DIRECTION('',(0.,-1.,2.22044604925E-16));
#5002 = ORIENTED_EDGE('',*,*,#4547,.F.);
#5003 = PLANE('',#5004);
#5004 = AXIS2_PLACEMENT_3D('',#5005,#5006,#5007);
#5005 = CARTESIAN_POINT('',(-2.058169,2.093,0.839290864239));
#5006 = DIRECTION('',(-0.898568081733,-9.744075325954E-17,-0.43883414007
    ));
#5007 = DIRECTION('',(-0.43883414007,1.995221947066E-16,0.898568081733)
  );
#5008 = ADVANCED_FACE('',(#5009),#5015,.F.);
#5009 = FACE_BOUND('',#5010,.F.);
#5010 = EDGE_LOOP('',(#5011,#5012,#5013,#5014));
#5011 = ORIENTED_EDGE('',*,*,#4921,.T.);
#5012 = ORIENTED_EDGE('',*,*,#4970,.T.);
#5013 = ORIENTED_EDGE('',*,*,#4997,.F.);
#5014 = ORIENTED_EDGE('',*,*,#4555,.F.);
#5015 = PLANE('',#5016);
#5016 = AXIS2_PLACEMENT_3D('',#5017,#5018,#5019);
#5017 = CARTESIAN_POINT('',(-1.391045352753,2.093,1.498958889524));
#5018 = DIRECTION('',(0.43883414007,-1.995221947066E-16,-0.898568081733)
  );
#5019 = DIRECTION('',(-0.898568081733,-9.744075325954E-17,-0.43883414007
    ));
#5020 = ADVANCED_FACE('',(#5021),#5039,.T.);
#5021 = FACE_BOUND('',#5022,.T.);
#5022 = EDGE_LOOP('',(#5023,#5024,#5032,#5038));
#5023 = ORIENTED_EDGE('',*,*,#4906,.T.);
#5024 = ORIENTED_EDGE('',*,*,#5025,.T.);
#5025 = EDGE_CURVE('',#4898,#5026,#5028,.T.);
#5026 = VERTEX_POINT('',#5027);
#5027 = CARTESIAN_POINT('',(2.189819242021,1.193,1.108861288759));
#5028 = LINE('',#5029,#5030);
#5029 = CARTESIAN_POINT('',(1.391045352753,1.193,1.498958889524));
#5030 = VECTOR('',#5031,1.);
#5031 = DIRECTION('',(0.898568081733,-9.744075325954E-17,-0.43883414007)
  );
#5032 = ORIENTED_EDGE('',*,*,#5033,.F.);
#5033 = EDGE_CURVE('',#4581,#5026,#5034,.T.);
#5034 = LINE('',#5035,#5036);
#5035 = CARTESIAN_POINT('',(2.189819242021,2.093,1.108861288759));
#5036 = VECTOR('',#5037,1.);
#5037 = DIRECTION('',(0.,-1.,2.22044604925E-16));
#5038 = ORIENTED_EDGE('',*,*,#4580,.F.);
#5039 = PLANE('',#5040);
#5040 = AXIS2_PLACEMENT_3D('',#5041,#5042,#5043);
#5041 = CARTESIAN_POINT('',(1.391045352753,2.093,1.498958889524));
#5042 = DIRECTION('',(0.43883414007,1.995221947066E-16,0.898568081733));
#5043 = DIRECTION('',(0.898568081733,-9.744075325954E-17,-0.43883414007)
  );
#5044 = ADVANCED_FACE('',(#5045),#5063,.F.);
#5045 = FACE_BOUND('',#5046,.F.);
#5046 = EDGE_LOOP('',(#5047,#5055,#5061,#5062));
#5047 = ORIENTED_EDGE('',*,*,#5048,.T.);
#5048 = EDGE_CURVE('',#4589,#5049,#5051,.T.);
#5049 = VERTEX_POINT('',#5050);
#5050 = CARTESIAN_POINT('',(2.058169,1.193,0.839290864239));
#5051 = LINE('',#5052,#5053);
#5052 = CARTESIAN_POINT('',(2.058169,2.093,0.839290864239));
#5053 = VECTOR('',#5054,1.);
#5054 = DIRECTION('',(0.,-1.,2.22044604925E-16));
#5055 = ORIENTED_EDGE('',*,*,#5056,.T.);
#5056 = EDGE_CURVE('',#5049,#5026,#5057,.T.);
#5057 = LINE('',#5058,#5059);
#5058 = CARTESIAN_POINT('',(2.058169,1.193,0.839290864239));
#5059 = VECTOR('',#5060,1.);
#5060 = DIRECTION('',(0.43883414007,1.995221947066E-16,0.898568081733));
#5061 = ORIENTED_EDGE('',*,*,#5033,.F.);
#5062 = ORIENTED_EDGE('',*,*,#4588,.F.);
#5063 = PLANE('',#5064);
#5064 = AXIS2_PLACEMENT_3D('',#5065,#5066,#5067);
#5065 = CARTESIAN_POINT('',(2.058169,2.093,0.839290864239));
#5066 = DIRECTION('',(-0.898568081733,9.744075325954E-17,0.43883414007)
  );
#5067 = DIRECTION('',(0.43883414007,1.995221947066E-16,0.898568081733));
#5068 = ADVANCED_FACE('',(#5069),#5080,.F.);
#5069 = FACE_BOUND('',#5070,.F.);
#5070 = EDGE_LOOP('',(#5071,#5072,#5078,#5079));
#5071 = ORIENTED_EDGE('',*,*,#4630,.T.);
#5072 = ORIENTED_EDGE('',*,*,#5073,.T.);
#5073 = EDGE_CURVE('',#4622,#5049,#5074,.T.);
#5074 = LINE('',#5075,#5076);
#5075 = CARTESIAN_POINT('',(1.259395110732,1.193,1.229388465004));
#5076 = VECTOR('',#5077,1.);
#5077 = DIRECTION('',(0.898568081733,-9.744075325954E-17,-0.43883414007)
  );
#5078 = ORIENTED_EDGE('',*,*,#5048,.F.);
#5079 = ORIENTED_EDGE('',*,*,#4596,.F.);
#5080 = PLANE('',#5081);
#5081 = AXIS2_PLACEMENT_3D('',#5082,#5083,#5084);
#5082 = CARTESIAN_POINT('',(1.259395110732,2.093,1.229388465004));
#5083 = DIRECTION('',(0.43883414007,1.995221947066E-16,0.898568081733));
#5084 = DIRECTION('',(0.898568081733,-9.744075325954E-17,-0.43883414007)
  );
#5085 = ADVANCED_FACE('',(#5086),#5094,.F.);
#5086 = FACE_BOUND('',#5087,.T.);
#5087 = EDGE_LOOP('',(#5088,#5089,#5090,#5091,#5092,#5093));
#5088 = ORIENTED_EDGE('',*,*,#5073,.T.);
#5089 = ORIENTED_EDGE('',*,*,#5056,.T.);
#5090 = ORIENTED_EDGE('',*,*,#5025,.F.);
#5091 = ORIENTED_EDGE('',*,*,#4897,.T.);
#5092 = ORIENTED_EDGE('',*,*,#4644,.T.);
#5093 = ORIENTED_EDGE('',*,*,#4621,.F.);
#5094 = PLANE('',#5095);
#5095 = AXIS2_PLACEMENT_3D('',#5096,#5097,#5098);
#5096 = CARTESIAN_POINT('',(4.080459425081E-17,1.193,1.244728617477));
#5097 = DIRECTION('',(0.,1.,0.));
#5098 = DIRECTION('',(0.,0.,1.));
#5099 = ADVANCED_FACE('',(#5100),#5159,.T.);
#5100 = FACE_BOUND('',#5101,.T.);
#5101 = EDGE_LOOP('',(#5102,#5103,#5111,#5120,#5128,#5136,#5144,#5153));
#5102 = ORIENTED_EDGE('',*,*,#4811,.T.);
#5103 = ORIENTED_EDGE('',*,*,#5104,.F.);
#5104 = EDGE_CURVE('',#5105,#4814,#5107,.T.);
#5105 = VERTEX_POINT('',#5106);
#5106 = CARTESIAN_POINT('',(4.5,-1.792002236217,-1.174347999999));
#5107 = LINE('',#5108,#5109);
#5108 = CARTESIAN_POINT('',(4.5,-1.792002236217,-0.3));
#5109 = VECTOR('',#5110,1.);
#5110 = DIRECTION('',(0.,2.2E-16,1.));
#5111 = ORIENTED_EDGE('',*,*,#5112,.T.);
#5112 = EDGE_CURVE('',#5105,#5113,#5115,.T.);
#5113 = VERTEX_POINT('',#5114);
#5114 = CARTESIAN_POINT('',(4.625652000001,-1.792002236217,-1.3));
#5115 = CIRCLE('',#5116,0.125652000001);
#5116 = AXIS2_PLACEMENT_3D('',#5117,#5118,#5119);
#5117 = CARTESIAN_POINT('',(4.625652000001,-1.792002236217,
    -1.174347999999));
#5118 = DIRECTION('',(-2.22044604925E-16,-1.,-2.22044604925E-16));
#5119 = DIRECTION('',(-1.,2.22044604925E-16,-2.22044604925E-16));
#5120 = ORIENTED_EDGE('',*,*,#5121,.T.);
#5121 = EDGE_CURVE('',#5113,#5122,#5124,.T.);
#5122 = VERTEX_POINT('',#5123);
#5123 = CARTESIAN_POINT('',(5.95,-1.792002236217,-1.3));
#5124 = LINE('',#5125,#5126);
#5125 = CARTESIAN_POINT('',(4.625652000001,-1.792002236217,-1.3));
#5126 = VECTOR('',#5127,1.);
#5127 = DIRECTION('',(1.,-2.22044604925E-16,2.22044604925E-16));
#5128 = ORIENTED_EDGE('',*,*,#5129,.T.);
#5129 = EDGE_CURVE('',#5122,#5130,#5132,.T.);
#5130 = VERTEX_POINT('',#5131);
#5131 = CARTESIAN_POINT('',(5.95,-1.792002236217,-1.6));
#5132 = LINE('',#5133,#5134);
#5133 = CARTESIAN_POINT('',(5.95,-1.792002236217,-1.3));
#5134 = VECTOR('',#5135,1.);
#5135 = DIRECTION('',(2.22044604925E-16,0.,-1.));
#5136 = ORIENTED_EDGE('',*,*,#5137,.F.);
#5137 = EDGE_CURVE('',#5138,#5130,#5140,.T.);
#5138 = VERTEX_POINT('',#5139);
#5139 = CARTESIAN_POINT('',(4.625652000001,-1.792002236217,-1.6));
#5140 = LINE('',#5141,#5142);
#5141 = CARTESIAN_POINT('',(4.921793,-1.792002236217,-1.6));
#5142 = VECTOR('',#5143,1.);
#5143 = DIRECTION('',(1.,-2.22044604925E-16,2.22044604925E-16));
#5144 = ORIENTED_EDGE('',*,*,#5145,.F.);
#5145 = EDGE_CURVE('',#5146,#5138,#5148,.T.);
#5146 = VERTEX_POINT('',#5147);
#5147 = CARTESIAN_POINT('',(4.2,-1.792002236217,-1.174347999999));
#5148 = CIRCLE('',#5149,0.425652000001);
#5149 = AXIS2_PLACEMENT_3D('',#5150,#5151,#5152);
#5150 = CARTESIAN_POINT('',(4.625652000001,-1.792002236217,
    -1.174347999999));
#5151 = DIRECTION('',(-2.22044604925E-16,-1.,-2.22044604925E-16));
#5152 = DIRECTION('',(-1.,2.22044604925E-16,-2.22044604925E-16));
#5153 = ORIENTED_EDGE('',*,*,#5154,.F.);
#5154 = EDGE_CURVE('',#4812,#5146,#5155,.T.);
#5155 = LINE('',#5156,#5157);
#5156 = CARTESIAN_POINT('',(4.2,-1.792002236217,-0.3));
#5157 = VECTOR('',#5158,1.);
#5158 = DIRECTION('',(2.22044604925E-16,2.22044604925E-16,-1.));
#5159 = PLANE('',#5160);
#5160 = AXIS2_PLACEMENT_3D('',#5161,#5162,#5163);
#5161 = CARTESIAN_POINT('',(4.816373835131,-1.792002236217,
    -1.061490649949));
#5162 = DIRECTION('',(2.466174746773E-16,1.,-1.330116477316E-16));
#5163 = DIRECTION('',(0.,-1.330116477316E-16,-1.));
#5164 = ADVANCED_FACE('',(#5165),#5191,.F.);
#5165 = FACE_BOUND('',#5166,.F.);
#5166 = EDGE_LOOP('',(#5167,#5168,#5176,#5185));
#5167 = ORIENTED_EDGE('',*,*,#5112,.T.);
#5168 = ORIENTED_EDGE('',*,*,#5169,.T.);
#5169 = EDGE_CURVE('',#5113,#5170,#5172,.T.);
#5170 = VERTEX_POINT('',#5171);
#5171 = CARTESIAN_POINT('',(4.625652000001,-3.122002236217,-1.3));
#5172 = LINE('',#5173,#5174);
#5173 = CARTESIAN_POINT('',(4.625652000001,-1.792002236217,-1.3));
#5174 = VECTOR('',#5175,1.);
#5175 = DIRECTION('',(-2.22044604925E-16,-1.,-2.22044604925E-16));
#5176 = ORIENTED_EDGE('',*,*,#5177,.F.);
#5177 = EDGE_CURVE('',#5178,#5170,#5180,.T.);
#5178 = VERTEX_POINT('',#5179);
#5179 = CARTESIAN_POINT('',(4.5,-3.122002236217,-1.174347999999));
#5180 = CIRCLE('',#5181,0.125652000001);
#5181 = AXIS2_PLACEMENT_3D('',#5182,#5183,#5184);
#5182 = CARTESIAN_POINT('',(4.625652000001,-3.122002236217,
    -1.174347999999));
#5183 = DIRECTION('',(-2.22044604925E-16,-1.,-2.22044604925E-16));
#5184 = DIRECTION('',(-1.,2.22044604925E-16,-2.22044604925E-16));
#5185 = ORIENTED_EDGE('',*,*,#5186,.F.);
#5186 = EDGE_CURVE('',#5105,#5178,#5187,.T.);
#5187 = LINE('',#5188,#5189);
#5188 = CARTESIAN_POINT('',(4.5,-1.792002236217,-1.174347999999));
#5189 = VECTOR('',#5190,1.);
#5190 = DIRECTION('',(-2.22044604925E-16,-1.,-2.22044604925E-16));
#5191 = CYLINDRICAL_SURFACE('',#5192,0.125652000001);
#5192 = AXIS2_PLACEMENT_3D('',#5193,#5194,#5195);
#5193 = CARTESIAN_POINT('',(4.625652000001,-1.792002236217,
    -1.174347999999));
#5194 = DIRECTION('',(2.22044604925E-16,1.,2.22044604925E-16));
#5195 = DIRECTION('',(-1.,2.22044604925E-16,-2.22044604925E-16));
#5196 = ADVANCED_FACE('',(#5197),#5222,.T.);
#5197 = FACE_BOUND('',#5198,.F.);
#5198 = EDGE_LOOP('',(#5199,#5200,#5208,#5216));
#5199 = ORIENTED_EDGE('',*,*,#5129,.T.);
#5200 = ORIENTED_EDGE('',*,*,#5201,.T.);
#5201 = EDGE_CURVE('',#5130,#5202,#5204,.T.);
#5202 = VERTEX_POINT('',#5203);
#5203 = CARTESIAN_POINT('',(5.95,-2.107602,-1.6));
#5204 = LINE('',#5205,#5206);
#5205 = CARTESIAN_POINT('',(5.95,-1.792002236217,-1.6));
#5206 = VECTOR('',#5207,1.);
#5207 = DIRECTION('',(-2.22044604925E-16,-1.,0.));
#5208 = ORIENTED_EDGE('',*,*,#5209,.F.);
#5209 = EDGE_CURVE('',#5210,#5202,#5212,.T.);
#5210 = VERTEX_POINT('',#5211);
#5211 = CARTESIAN_POINT('',(5.95,-2.107602,-1.3));
#5212 = LINE('',#5213,#5214);
#5213 = CARTESIAN_POINT('',(5.95,-2.107602,-1.3));
#5214 = VECTOR('',#5215,1.);
#5215 = DIRECTION('',(2.22044604925E-16,0.,-1.));
#5216 = ORIENTED_EDGE('',*,*,#5217,.F.);
#5217 = EDGE_CURVE('',#5122,#5210,#5218,.T.);
#5218 = LINE('',#5219,#5220);
#5219 = CARTESIAN_POINT('',(5.95,-1.792002236217,-1.3));
#5220 = VECTOR('',#5221,1.);
#5221 = DIRECTION('',(-2.22044604925E-16,-1.,0.));
#5222 = PLANE('',#5223);
#5223 = AXIS2_PLACEMENT_3D('',#5224,#5225,#5226);
#5224 = CARTESIAN_POINT('',(5.95,-1.792002236217,-1.3));
#5225 = DIRECTION('',(1.,-2.22044604925E-16,2.22044604925E-16));
#5226 = DIRECTION('',(2.22044604925E-16,1.,2.465190328816E-32));
#5227 = ADVANCED_FACE('',(#5228),#5253,.T.);
#5228 = FACE_BOUND('',#5229,.F.);
#5229 = EDGE_LOOP('',(#5230,#5231,#5239,#5247));
#5230 = ORIENTED_EDGE('',*,*,#5209,.T.);
#5231 = ORIENTED_EDGE('',*,*,#5232,.T.);
#5232 = EDGE_CURVE('',#5202,#5233,#5235,.T.);
#5233 = VERTEX_POINT('',#5234);
#5234 = CARTESIAN_POINT('',(5.669359814017,-2.254884896966,-1.6));
#5235 = LINE('',#5236,#5237);
#5236 = CARTESIAN_POINT('',(5.95,-2.107602,-1.6));
#5237 = VECTOR('',#5238,1.);
#5238 = DIRECTION('',(-0.885466976814,-0.464702305752,
    -1.966131650412E-16));
#5239 = ORIENTED_EDGE('',*,*,#5240,.F.);
#5240 = EDGE_CURVE('',#5241,#5233,#5243,.T.);
#5241 = VERTEX_POINT('',#5242);
#5242 = CARTESIAN_POINT('',(5.669359814017,-2.254884896966,-1.3));
#5243 = LINE('',#5244,#5245);
#5244 = CARTESIAN_POINT('',(5.669359814017,-2.254884896966,-1.3));
#5245 = VECTOR('',#5246,1.);
#5246 = DIRECTION('',(2.22044604925E-16,0.,-1.));
#5247 = ORIENTED_EDGE('',*,*,#5248,.F.);
#5248 = EDGE_CURVE('',#5210,#5241,#5249,.T.);
#5249 = LINE('',#5250,#5251);
#5250 = CARTESIAN_POINT('',(5.95,-2.107602,-1.3));
#5251 = VECTOR('',#5252,1.);
#5252 = DIRECTION('',(-0.885466976814,-0.464702305752,
    -1.966131650412E-16));
#5253 = PLANE('',#5254);
#5254 = AXIS2_PLACEMENT_3D('',#5255,#5256,#5257);
#5255 = CARTESIAN_POINT('',(5.95,-2.107602,-1.3));
#5256 = DIRECTION('',(0.464702305752,-0.885466976814,1.031846398885E-16)
  );
#5257 = DIRECTION('',(0.885466976814,0.464702305752,1.966131650412E-16)
  );
#5258 = ADVANCED_FACE('',(#5259),#5286,.F.);
#5259 = FACE_BOUND('',#5260,.F.);
#5260 = EDGE_LOOP('',(#5261,#5270,#5271,#5280));
#5261 = ORIENTED_EDGE('',*,*,#5262,.T.);
#5262 = EDGE_CURVE('',#5263,#5241,#5265,.T.);
#5263 = VERTEX_POINT('',#5264);
#5264 = CARTESIAN_POINT('',(5.742745498817,-2.6376572418,-1.3));
#5265 = CIRCLE('',#5266,0.203600494866);
#5266 = AXIS2_PLACEMENT_3D('',#5267,#5268,#5269);
#5267 = CARTESIAN_POINT('',(5.763973433434,-2.435166411633,-1.3));
#5268 = DIRECTION('',(2.22044604925E-16,-4.930380657631E-32,-1.));
#5269 = DIRECTION('',(1.,-2.22044604925E-16,2.22044604925E-16));
#5270 = ORIENTED_EDGE('',*,*,#5240,.T.);
#5271 = ORIENTED_EDGE('',*,*,#5272,.F.);
#5272 = EDGE_CURVE('',#5273,#5233,#5275,.T.);
#5273 = VERTEX_POINT('',#5274);
#5274 = CARTESIAN_POINT('',(5.742745498817,-2.6376572418,-1.6));
#5275 = CIRCLE('',#5276,0.203600494866);
#5276 = AXIS2_PLACEMENT_3D('',#5277,#5278,#5279);
#5277 = CARTESIAN_POINT('',(5.763973433434,-2.435166411633,-1.6));
#5278 = DIRECTION('',(2.22044604925E-16,-4.930380657631E-32,-1.));
#5279 = DIRECTION('',(1.,-2.22044604925E-16,2.22044604925E-16));
#5280 = ORIENTED_EDGE('',*,*,#5281,.F.);
#5281 = EDGE_CURVE('',#5263,#5273,#5282,.T.);
#5282 = LINE('',#5283,#5284);
#5283 = CARTESIAN_POINT('',(5.742745498817,-2.6376572418,-1.3));
#5284 = VECTOR('',#5285,1.);
#5285 = DIRECTION('',(2.22044604925E-16,0.,-1.));
#5286 = CYLINDRICAL_SURFACE('',#5287,0.203600494866);
#5287 = AXIS2_PLACEMENT_3D('',#5288,#5289,#5290);
#5288 = CARTESIAN_POINT('',(5.763973433434,-2.435166411633,-1.3));
#5289 = DIRECTION('',(-2.22044604925E-16,0.,1.));
#5290 = DIRECTION('',(1.,-2.22044604925E-16,2.22044604925E-16));
#5291 = ADVANCED_FACE('',(#5292),#5319,.T.);
#5292 = FACE_BOUND('',#5293,.T.);
#5293 = EDGE_LOOP('',(#5294,#5303,#5311,#5318));
#5294 = ORIENTED_EDGE('',*,*,#5295,.T.);
#5295 = EDGE_CURVE('',#5263,#5296,#5298,.T.);
#5296 = VERTEX_POINT('',#5297);
#5297 = CARTESIAN_POINT('',(5.888552797426,-2.838879799276,-1.3));
#5298 = CIRCLE('',#5299,0.166961622333);
#5299 = AXIS2_PLACEMENT_3D('',#5300,#5301,#5302);
#5300 = CARTESIAN_POINT('',(5.725337631489,-2.803708888847,-1.3));
#5301 = DIRECTION('',(2.22044604925E-16,-4.930380657631E-32,-1.));
#5302 = DIRECTION('',(1.,-2.22044604925E-16,2.22044604925E-16));
#5303 = ORIENTED_EDGE('',*,*,#5304,.T.);
#5304 = EDGE_CURVE('',#5296,#5305,#5307,.T.);
#5305 = VERTEX_POINT('',#5306);
#5306 = CARTESIAN_POINT('',(5.888552797426,-2.838879799276,-1.6));
#5307 = LINE('',#5308,#5309);
#5308 = CARTESIAN_POINT('',(5.888552797426,-2.838879799276,-1.3));
#5309 = VECTOR('',#5310,1.);
#5310 = DIRECTION('',(2.22044604925E-16,0.,-1.));
#5311 = ORIENTED_EDGE('',*,*,#5312,.F.);
#5312 = EDGE_CURVE('',#5273,#5305,#5313,.T.);
#5313 = CIRCLE('',#5314,0.166961622333);
#5314 = AXIS2_PLACEMENT_3D('',#5315,#5316,#5317);
#5315 = CARTESIAN_POINT('',(5.725337631489,-2.803708888847,-1.6));
#5316 = DIRECTION('',(2.22044604925E-16,-4.930380657631E-32,-1.));
#5317 = DIRECTION('',(1.,-2.22044604925E-16,2.22044604925E-16));
#5318 = ORIENTED_EDGE('',*,*,#5281,.F.);
#5319 = CYLINDRICAL_SURFACE('',#5320,0.166961622333);
#5320 = AXIS2_PLACEMENT_3D('',#5321,#5322,#5323);
#5321 = CARTESIAN_POINT('',(5.725337631489,-2.803708888847,-1.3));
#5322 = DIRECTION('',(-2.22044604925E-16,0.,1.));
#5323 = DIRECTION('',(1.,-2.22044604925E-16,2.22044604925E-16));
#5324 = ADVANCED_FACE('',(#5325),#5352,.T.);
#5325 = FACE_BOUND('',#5326,.T.);
#5326 = EDGE_LOOP('',(#5327,#5336,#5344,#5351));
#5327 = ORIENTED_EDGE('',*,*,#5328,.T.);
#5328 = EDGE_CURVE('',#5296,#5329,#5331,.T.);
#5329 = VERTEX_POINT('',#5330);
#5330 = CARTESIAN_POINT('',(5.537922052224,-3.122002236217,-1.3));
#5331 = CIRCLE('',#5332,0.358679156577);
#5332 = AXIS2_PLACEMENT_3D('',#5333,#5334,#5335);
#5333 = CARTESIAN_POINT('',(5.537922052224,-2.763323079641,-1.3));
#5334 = DIRECTION('',(2.22044604925E-16,-4.930380657631E-32,-1.));
#5335 = DIRECTION('',(1.,-2.22044604925E-16,2.22044604925E-16));
#5336 = ORIENTED_EDGE('',*,*,#5337,.T.);
#5337 = EDGE_CURVE('',#5329,#5338,#5340,.T.);
#5338 = VERTEX_POINT('',#5339);
#5339 = CARTESIAN_POINT('',(5.537922052224,-3.122002236217,-1.6));
#5340 = LINE('',#5341,#5342);
#5341 = CARTESIAN_POINT('',(5.537922052224,-3.122002236217,-1.3));
#5342 = VECTOR('',#5343,1.);
#5343 = DIRECTION('',(2.22044604925E-16,0.,-1.));
#5344 = ORIENTED_EDGE('',*,*,#5345,.F.);
#5345 = EDGE_CURVE('',#5305,#5338,#5346,.T.);
#5346 = CIRCLE('',#5347,0.358679156577);
#5347 = AXIS2_PLACEMENT_3D('',#5348,#5349,#5350);
#5348 = CARTESIAN_POINT('',(5.537922052224,-2.763323079641,-1.6));
#5349 = DIRECTION('',(2.22044604925E-16,-4.930380657631E-32,-1.));
#5350 = DIRECTION('',(1.,-2.22044604925E-16,2.22044604925E-16));
#5351 = ORIENTED_EDGE('',*,*,#5304,.F.);
#5352 = CYLINDRICAL_SURFACE('',#5353,0.358679156577);
#5353 = AXIS2_PLACEMENT_3D('',#5354,#5355,#5356);
#5354 = CARTESIAN_POINT('',(5.537922052224,-2.763323079641,-1.3));
#5355 = DIRECTION('',(-2.22044604925E-16,0.,1.));
#5356 = DIRECTION('',(1.,-2.22044604925E-16,2.22044604925E-16));
#5357 = ADVANCED_FACE('',(#5358),#5384,.T.);
#5358 = FACE_BOUND('',#5359,.T.);
#5359 = EDGE_LOOP('',(#5360,#5361,#5369,#5378));
#5360 = ORIENTED_EDGE('',*,*,#5145,.T.);
#5361 = ORIENTED_EDGE('',*,*,#5362,.T.);
#5362 = EDGE_CURVE('',#5138,#5363,#5365,.T.);
#5363 = VERTEX_POINT('',#5364);
#5364 = CARTESIAN_POINT('',(4.625652000001,-3.122002236217,-1.6));
#5365 = LINE('',#5366,#5367);
#5366 = CARTESIAN_POINT('',(4.625652000001,-1.792002236217,-1.6));
#5367 = VECTOR('',#5368,1.);
#5368 = DIRECTION('',(-2.22044604925E-16,-1.,-2.22044604925E-16));
#5369 = ORIENTED_EDGE('',*,*,#5370,.F.);
#5370 = EDGE_CURVE('',#5371,#5363,#5373,.T.);
#5371 = VERTEX_POINT('',#5372);
#5372 = CARTESIAN_POINT('',(4.2,-3.122002236217,-1.174347999999));
#5373 = CIRCLE('',#5374,0.425652000001);
#5374 = AXIS2_PLACEMENT_3D('',#5375,#5376,#5377);
#5375 = CARTESIAN_POINT('',(4.625652000001,-3.122002236217,
    -1.174347999999));
#5376 = DIRECTION('',(-2.22044604925E-16,-1.,-2.22044604925E-16));
#5377 = DIRECTION('',(-1.,2.22044604925E-16,-2.22044604925E-16));
#5378 = ORIENTED_EDGE('',*,*,#5379,.F.);
#5379 = EDGE_CURVE('',#5146,#5371,#5380,.T.);
#5380 = LINE('',#5381,#5382);
#5381 = CARTESIAN_POINT('',(4.2,-1.792002236217,-1.174347999999));
#5382 = VECTOR('',#5383,1.);
#5383 = DIRECTION('',(-2.22044604925E-16,-1.,-2.22044604925E-16));
#5384 = CYLINDRICAL_SURFACE('',#5385,0.425652000001);
#5385 = AXIS2_PLACEMENT_3D('',#5386,#5387,#5388);
#5386 = CARTESIAN_POINT('',(4.625652000001,-1.792002236217,
    -1.174347999999));
#5387 = DIRECTION('',(2.22044604925E-16,1.,2.22044604925E-16));
#5388 = DIRECTION('',(-1.,2.22044604925E-16,-2.22044604925E-16));
#5389 = ADVANCED_FACE('',(#5390),#5451,.T.);
#5390 = FACE_BOUND('',#5391,.T.);
#5391 = EDGE_LOOP('',(#5392,#5393,#5394,#5402,#5411,#5419,#5427,#5435,
    #5444,#5450));
#5392 = ORIENTED_EDGE('',*,*,#4844,.F.);
#5393 = ORIENTED_EDGE('',*,*,#4231,.F.);
#5394 = ORIENTED_EDGE('',*,*,#5395,.F.);
#5395 = EDGE_CURVE('',#5396,#4224,#5398,.T.);
#5396 = VERTEX_POINT('',#5397);
#5397 = CARTESIAN_POINT('',(4.5,2.093,-1.15553481674));
#5398 = LINE('',#5399,#5400);
#5399 = CARTESIAN_POINT('',(4.5,2.093,-0.3));
#5400 = VECTOR('',#5401,1.);
#5401 = DIRECTION('',(0.,0.,1.));
#5402 = ORIENTED_EDGE('',*,*,#5403,.F.);
#5403 = EDGE_CURVE('',#5404,#5396,#5406,.T.);
#5404 = VERTEX_POINT('',#5405);
#5405 = CARTESIAN_POINT('',(4.63513553169,2.093,-1.290670348429));
#5406 = CIRCLE('',#5407,0.13513553169);
#5407 = AXIS2_PLACEMENT_3D('',#5408,#5409,#5410);
#5408 = CARTESIAN_POINT('',(4.63513553169,2.093,-1.15553481674));
#5409 = DIRECTION('',(2.22044604925E-16,1.,-2.22044604925E-16));
#5410 = DIRECTION('',(-1.,2.22044604925E-16,-2.22044604925E-16));
#5411 = ORIENTED_EDGE('',*,*,#5412,.T.);
#5412 = EDGE_CURVE('',#5404,#5413,#5415,.T.);
#5413 = VERTEX_POINT('',#5414);
#5414 = CARTESIAN_POINT('',(5.95,2.093,-1.290670348429));
#5415 = LINE('',#5416,#5417);
#5416 = CARTESIAN_POINT('',(4.63513553169,2.093,-1.290670348429));
#5417 = VECTOR('',#5418,1.);
#5418 = DIRECTION('',(1.,-2.22044604925E-16,2.22044604925E-16));
#5419 = ORIENTED_EDGE('',*,*,#5420,.T.);
#5420 = EDGE_CURVE('',#5413,#5421,#5423,.T.);
#5421 = VERTEX_POINT('',#5422);
#5422 = CARTESIAN_POINT('',(5.95,2.093,-1.590670348429));
#5423 = LINE('',#5424,#5425);
#5424 = CARTESIAN_POINT('',(5.95,2.093,-1.290670348429));
#5425 = VECTOR('',#5426,1.);
#5426 = DIRECTION('',(2.22044604925E-16,-2.22044604925E-16,-1.));
#5427 = ORIENTED_EDGE('',*,*,#5428,.F.);
#5428 = EDGE_CURVE('',#5429,#5421,#5431,.T.);
#5429 = VERTEX_POINT('',#5430);
#5430 = CARTESIAN_POINT('',(4.63513553169,2.093,-1.590670348429));
#5431 = LINE('',#5432,#5433);
#5432 = CARTESIAN_POINT('',(4.63513553169,2.093,-1.590670348429));
#5433 = VECTOR('',#5434,1.);
#5434 = DIRECTION('',(1.,-2.22044604925E-16,2.22044604925E-16));
#5435 = ORIENTED_EDGE('',*,*,#5436,.T.);
#5436 = EDGE_CURVE('',#5429,#5437,#5439,.T.);
#5437 = VERTEX_POINT('',#5438);
#5438 = CARTESIAN_POINT('',(4.2,2.093,-1.15553481674));
#5439 = CIRCLE('',#5440,0.43513553169);
#5440 = AXIS2_PLACEMENT_3D('',#5441,#5442,#5443);
#5441 = CARTESIAN_POINT('',(4.63513553169,2.093,-1.15553481674));
#5442 = DIRECTION('',(2.22044604925E-16,1.,-2.22044604925E-16));
#5443 = DIRECTION('',(-1.,2.22044604925E-16,-2.22044604925E-16));
#5444 = ORIENTED_EDGE('',*,*,#5445,.F.);
#5445 = EDGE_CURVE('',#4728,#5437,#5446,.T.);
#5446 = LINE('',#5447,#5448);
#5447 = CARTESIAN_POINT('',(4.2,2.093,-0.3));
#5448 = VECTOR('',#5449,1.);
#5449 = DIRECTION('',(2.22044604925E-16,-2.22044604925E-16,-1.));
#5450 = ORIENTED_EDGE('',*,*,#4727,.T.);
#5451 = PLANE('',#5452);
#5452 = AXIS2_PLACEMENT_3D('',#5453,#5454,#5455);
#5453 = CARTESIAN_POINT('',(4.753525133904,2.093,-0.852403860781));
#5454 = DIRECTION('',(0.,1.,-6.973759294543E-16));
#5455 = DIRECTION('',(0.,-6.973759294543E-16,-1.));
#5456 = ADVANCED_FACE('',(#5457),#5483,.F.);
#5457 = FACE_BOUND('',#5458,.F.);
#5458 = EDGE_LOOP('',(#5459,#5467,#5476,#5482));
#5459 = ORIENTED_EDGE('',*,*,#5460,.T.);
#5460 = EDGE_CURVE('',#5404,#5461,#5463,.T.);
#5461 = VERTEX_POINT('',#5462);
#5462 = CARTESIAN_POINT('',(4.63513553169,1.163,-1.290670348429));
#5463 = LINE('',#5464,#5465);
#5464 = CARTESIAN_POINT('',(4.63513553169,2.093,-1.290670348429));
#5465 = VECTOR('',#5466,1.);
#5466 = DIRECTION('',(-2.22044604925E-16,-1.,2.22044604925E-16));
#5467 = ORIENTED_EDGE('',*,*,#5468,.T.);
#5468 = EDGE_CURVE('',#5461,#5469,#5471,.T.);
#5469 = VERTEX_POINT('',#5470);
#5470 = CARTESIAN_POINT('',(4.5,1.163,-1.15553481674));
#5471 = CIRCLE('',#5472,0.13513553169);
#5472 = AXIS2_PLACEMENT_3D('',#5473,#5474,#5475);
#5473 = CARTESIAN_POINT('',(4.63513553169,1.163,-1.15553481674));
#5474 = DIRECTION('',(2.22044604925E-16,1.,-2.22044604925E-16));
#5475 = DIRECTION('',(-1.,2.22044604925E-16,-2.22044604925E-16));
#5476 = ORIENTED_EDGE('',*,*,#5477,.F.);
#5477 = EDGE_CURVE('',#5396,#5469,#5478,.T.);
#5478 = LINE('',#5479,#5480);
#5479 = CARTESIAN_POINT('',(4.5,2.093,-1.15553481674));
#5480 = VECTOR('',#5481,1.);
#5481 = DIRECTION('',(-2.22044604925E-16,-1.,2.22044604925E-16));
#5482 = ORIENTED_EDGE('',*,*,#5403,.F.);
#5483 = CYLINDRICAL_SURFACE('',#5484,0.13513553169);
#5484 = AXIS2_PLACEMENT_3D('',#5485,#5486,#5487);
#5485 = CARTESIAN_POINT('',(4.63513553169,2.093,-1.15553481674));
#5486 = DIRECTION('',(2.22044604925E-16,1.,-2.22044604925E-16));
#5487 = DIRECTION('',(-1.,2.22044604925E-16,-2.22044604925E-16));
#5488 = ADVANCED_FACE('',(#5489),#5507,.F.);
#5489 = FACE_BOUND('',#5490,.T.);
#5490 = EDGE_LOOP('',(#5491,#5492,#5500,#5506));
#5491 = ORIENTED_EDGE('',*,*,#5460,.T.);
#5492 = ORIENTED_EDGE('',*,*,#5493,.T.);
#5493 = EDGE_CURVE('',#5461,#5494,#5496,.T.);
#5494 = VERTEX_POINT('',#5495);
#5495 = CARTESIAN_POINT('',(5.95,1.163,-1.290670348429));
#5496 = LINE('',#5497,#5498);
#5497 = CARTESIAN_POINT('',(4.63513553169,1.163,-1.290670348429));
#5498 = VECTOR('',#5499,1.);
#5499 = DIRECTION('',(1.,-2.22044604925E-16,2.22044604925E-16));
#5500 = ORIENTED_EDGE('',*,*,#5501,.F.);
#5501 = EDGE_CURVE('',#5413,#5494,#5502,.T.);
#5502 = LINE('',#5503,#5504);
#5503 = CARTESIAN_POINT('',(5.95,2.093,-1.290670348429));
#5504 = VECTOR('',#5505,1.);
#5505 = DIRECTION('',(-2.22044604925E-16,-1.,2.22044604925E-16));
#5506 = ORIENTED_EDGE('',*,*,#5412,.F.);
#5507 = PLANE('',#5508);
#5508 = AXIS2_PLACEMENT_3D('',#5509,#5510,#5511);
#5509 = CARTESIAN_POINT('',(4.63513553169,2.093,-1.290670348429));
#5510 = DIRECTION('',(2.22044604925E-16,-2.22044604925E-16,-1.));
#5511 = DIRECTION('',(-1.,2.22044604925E-16,-2.22044604925E-16));
#5512 = ADVANCED_FACE('',(#5513),#5539,.T.);
#5513 = FACE_BOUND('',#5514,.T.);
#5514 = EDGE_LOOP('',(#5515,#5523,#5532,#5538));
#5515 = ORIENTED_EDGE('',*,*,#5516,.T.);
#5516 = EDGE_CURVE('',#5429,#5517,#5519,.T.);
#5517 = VERTEX_POINT('',#5518);
#5518 = CARTESIAN_POINT('',(4.63513553169,1.163,-1.590670348429));
#5519 = LINE('',#5520,#5521);
#5520 = CARTESIAN_POINT('',(4.63513553169,2.093,-1.590670348429));
#5521 = VECTOR('',#5522,1.);
#5522 = DIRECTION('',(-2.22044604925E-16,-1.,2.22044604925E-16));
#5523 = ORIENTED_EDGE('',*,*,#5524,.T.);
#5524 = EDGE_CURVE('',#5517,#5525,#5527,.T.);
#5525 = VERTEX_POINT('',#5526);
#5526 = CARTESIAN_POINT('',(4.2,1.163,-1.15553481674));
#5527 = CIRCLE('',#5528,0.43513553169);
#5528 = AXIS2_PLACEMENT_3D('',#5529,#5530,#5531);
#5529 = CARTESIAN_POINT('',(4.63513553169,1.163,-1.15553481674));
#5530 = DIRECTION('',(2.22044604925E-16,1.,-2.22044604925E-16));
#5531 = DIRECTION('',(-1.,2.22044604925E-16,-2.22044604925E-16));
#5532 = ORIENTED_EDGE('',*,*,#5533,.F.);
#5533 = EDGE_CURVE('',#5437,#5525,#5534,.T.);
#5534 = LINE('',#5535,#5536);
#5535 = CARTESIAN_POINT('',(4.2,2.093,-1.15553481674));
#5536 = VECTOR('',#5537,1.);
#5537 = DIRECTION('',(-2.22044604925E-16,-1.,2.22044604925E-16));
#5538 = ORIENTED_EDGE('',*,*,#5436,.F.);
#5539 = CYLINDRICAL_SURFACE('',#5540,0.43513553169);
#5540 = AXIS2_PLACEMENT_3D('',#5541,#5542,#5543);
#5541 = CARTESIAN_POINT('',(4.63513553169,2.093,-1.15553481674));
#5542 = DIRECTION('',(2.22044604925E-16,1.,-2.22044604925E-16));
#5543 = DIRECTION('',(-1.,2.22044604925E-16,-2.22044604925E-16));
#5544 = ADVANCED_FACE('',(#5545),#5563,.T.);
#5545 = FACE_BOUND('',#5546,.F.);
#5546 = EDGE_LOOP('',(#5547,#5548,#5556,#5562));
#5547 = ORIENTED_EDGE('',*,*,#5516,.T.);
#5548 = ORIENTED_EDGE('',*,*,#5549,.T.);
#5549 = EDGE_CURVE('',#5517,#5550,#5552,.T.);
#5550 = VERTEX_POINT('',#5551);
#5551 = CARTESIAN_POINT('',(5.95,1.163,-1.590670348429));
#5552 = LINE('',#5553,#5554);
#5553 = CARTESIAN_POINT('',(4.63513553169,1.163,-1.590670348429));
#5554 = VECTOR('',#5555,1.);
#5555 = DIRECTION('',(1.,-2.22044604925E-16,2.22044604925E-16));
#5556 = ORIENTED_EDGE('',*,*,#5557,.F.);
#5557 = EDGE_CURVE('',#5421,#5550,#5558,.T.);
#5558 = LINE('',#5559,#5560);
#5559 = CARTESIAN_POINT('',(5.95,2.093,-1.590670348429));
#5560 = VECTOR('',#5561,1.);
#5561 = DIRECTION('',(-2.22044604925E-16,-1.,2.22044604925E-16));
#5562 = ORIENTED_EDGE('',*,*,#5428,.F.);
#5563 = PLANE('',#5564);
#5564 = AXIS2_PLACEMENT_3D('',#5565,#5566,#5567);
#5565 = CARTESIAN_POINT('',(4.63513553169,2.093,-1.590670348429));
#5566 = DIRECTION('',(2.22044604925E-16,-2.22044604925E-16,-1.));
#5567 = DIRECTION('',(-1.,2.22044604925E-16,-2.22044604925E-16));
#5568 = ADVANCED_FACE('',(#5569),#5580,.F.);
#5569 = FACE_BOUND('',#5570,.T.);
#5570 = EDGE_LOOP('',(#5571,#5572,#5578,#5579));
#5571 = ORIENTED_EDGE('',*,*,#5501,.T.);
#5572 = ORIENTED_EDGE('',*,*,#5573,.T.);
#5573 = EDGE_CURVE('',#5494,#5550,#5574,.T.);
#5574 = LINE('',#5575,#5576);
#5575 = CARTESIAN_POINT('',(5.95,1.163,-1.290670348429));
#5576 = VECTOR('',#5577,1.);
#5577 = DIRECTION('',(2.22044604925E-16,-2.22044604925E-16,-1.));
#5578 = ORIENTED_EDGE('',*,*,#5557,.F.);
#5579 = ORIENTED_EDGE('',*,*,#5420,.F.);
#5580 = PLANE('',#5581);
#5581 = AXIS2_PLACEMENT_3D('',#5582,#5583,#5584);
#5582 = CARTESIAN_POINT('',(5.95,2.093,-1.290670348429));
#5583 = DIRECTION('',(-1.,2.22044604925E-16,-2.22044604925E-16));
#5584 = DIRECTION('',(-2.22044604925E-16,2.22044604925E-16,1.));
#5585 = ADVANCED_FACE('',(#5586),#5616,.T.);
#5586 = FACE_BOUND('',#5587,.T.);
#5587 = EDGE_LOOP('',(#5588,#5589,#5595,#5596,#5602,#5603,#5609,#5610));
#5588 = ORIENTED_EDGE('',*,*,#4788,.F.);
#5589 = ORIENTED_EDGE('',*,*,#5590,.T.);
#5590 = EDGE_CURVE('',#4789,#5371,#5591,.T.);
#5591 = LINE('',#5592,#5593);
#5592 = CARTESIAN_POINT('',(4.2,-3.122002236217,-0.3));
#5593 = VECTOR('',#5594,1.);
#5594 = DIRECTION('',(2.22044604925E-16,2.22044604925E-16,-1.));
#5595 = ORIENTED_EDGE('',*,*,#5370,.T.);
#5596 = ORIENTED_EDGE('',*,*,#5597,.T.);
#5597 = EDGE_CURVE('',#5363,#5338,#5598,.T.);
#5598 = LINE('',#5599,#5600);
#5599 = CARTESIAN_POINT('',(4.625652000001,-3.122002236217,-1.6));
#5600 = VECTOR('',#5601,1.);
#5601 = DIRECTION('',(1.,-2.22044604925E-16,2.22044604925E-16));
#5602 = ORIENTED_EDGE('',*,*,#5337,.F.);
#5603 = ORIENTED_EDGE('',*,*,#5604,.F.);
#5604 = EDGE_CURVE('',#5170,#5329,#5605,.T.);
#5605 = LINE('',#5606,#5607);
#5606 = CARTESIAN_POINT('',(4.921793,-3.122002236217,-1.3));
#5607 = VECTOR('',#5608,1.);
#5608 = DIRECTION('',(1.,-1.663590684425E-15,2.22044604925E-16));
#5609 = ORIENTED_EDGE('',*,*,#5177,.F.);
#5610 = ORIENTED_EDGE('',*,*,#5611,.F.);
#5611 = EDGE_CURVE('',#4780,#5178,#5612,.T.);
#5612 = LINE('',#5613,#5614);
#5613 = CARTESIAN_POINT('',(4.5,-3.122002236217,-0.3));
#5614 = VECTOR('',#5615,1.);
#5615 = DIRECTION('',(2.22044604925E-16,2.22044604925E-16,-1.));
#5616 = PLANE('',#5617);
#5617 = AXIS2_PLACEMENT_3D('',#5618,#5619,#5620);
#5618 = CARTESIAN_POINT('',(4.695429011697,-3.122002236217,
    -1.124461260463));
#5619 = DIRECTION('',(-6.935381556725E-16,-1.,-2.22044604925E-16));
#5620 = DIRECTION('',(1.,-6.935381556725E-16,-1.539964057767E-31));
#5621 = ADVANCED_FACE('',(#5622),#5642,.T.);
#5622 = FACE_BOUND('',#5623,.T.);
#5623 = EDGE_LOOP('',(#5624,#5625,#5631,#5632,#5633,#5634,#5635,#5636));
#5624 = ORIENTED_EDGE('',*,*,#3984,.T.);
#5625 = ORIENTED_EDGE('',*,*,#5626,.T.);
#5626 = EDGE_CURVE('',#3985,#5525,#5627,.T.);
#5627 = LINE('',#5628,#5629);
#5628 = CARTESIAN_POINT('',(4.2,1.163,7.324291505048E-02));
#5629 = VECTOR('',#5630,1.);
#5630 = DIRECTION('',(0.,-2.2E-16,-1.));
#5631 = ORIENTED_EDGE('',*,*,#5524,.F.);
#5632 = ORIENTED_EDGE('',*,*,#5549,.T.);
#5633 = ORIENTED_EDGE('',*,*,#5573,.F.);
#5634 = ORIENTED_EDGE('',*,*,#5493,.F.);
#5635 = ORIENTED_EDGE('',*,*,#5468,.T.);
#5636 = ORIENTED_EDGE('',*,*,#5637,.F.);
#5637 = EDGE_CURVE('',#3976,#5469,#5638,.T.);
#5638 = LINE('',#5639,#5640);
#5639 = CARTESIAN_POINT('',(4.5,1.163,-0.3));
#5640 = VECTOR('',#5641,1.);
#5641 = DIRECTION('',(2.22044604925E-16,-2.22044604925E-16,-1.));
#5642 = PLANE('',#5643);
#5643 = AXIS2_PLACEMENT_3D('',#5644,#5645,#5646);
#5644 = CARTESIAN_POINT('',(4.841992927534,1.163,-1.111616580006));
#5645 = DIRECTION('',(0.,-1.,6.064432029968E-16));
#5646 = DIRECTION('',(0.,6.064432029968E-16,1.));
#5647 = ADVANCED_FACE('',(#5648),#5658,.T.);
#5648 = FACE_BOUND('',#5649,.T.);
#5649 = EDGE_LOOP('',(#5650,#5651,#5652,#5653,#5654,#5655,#5656,#5657));
#5650 = ORIENTED_EDGE('',*,*,#5362,.F.);
#5651 = ORIENTED_EDGE('',*,*,#5137,.T.);
#5652 = ORIENTED_EDGE('',*,*,#5201,.T.);
#5653 = ORIENTED_EDGE('',*,*,#5232,.T.);
#5654 = ORIENTED_EDGE('',*,*,#5272,.F.);
#5655 = ORIENTED_EDGE('',*,*,#5312,.T.);
#5656 = ORIENTED_EDGE('',*,*,#5345,.T.);
#5657 = ORIENTED_EDGE('',*,*,#5597,.F.);
#5658 = PLANE('',#5659);
#5659 = AXIS2_PLACEMENT_3D('',#5660,#5661,#5662);
#5660 = CARTESIAN_POINT('',(5.260007177624,-2.424814012891,-1.6));
#5661 = DIRECTION('',(-3.7906990013E-16,2.22044604925E-16,-1.));
#5662 = DIRECTION('',(-1.,-8.417042621334E-32,3.7906990013E-16));
#5663 = ADVANCED_FACE('',(#5664),#5674,.T.);
#5664 = FACE_BOUND('',#5665,.T.);
#5665 = EDGE_LOOP('',(#5666,#5667,#5668,#5669,#5670,#5671,#5672,#5673));
#5666 = ORIENTED_EDGE('',*,*,#5169,.T.);
#5667 = ORIENTED_EDGE('',*,*,#5604,.T.);
#5668 = ORIENTED_EDGE('',*,*,#5328,.F.);
#5669 = ORIENTED_EDGE('',*,*,#5295,.F.);
#5670 = ORIENTED_EDGE('',*,*,#5262,.T.);
#5671 = ORIENTED_EDGE('',*,*,#5248,.F.);
#5672 = ORIENTED_EDGE('',*,*,#5217,.F.);
#5673 = ORIENTED_EDGE('',*,*,#5121,.F.);
#5674 = PLANE('',#5675);
#5675 = AXIS2_PLACEMENT_3D('',#5676,#5677,#5678);
#5676 = CARTESIAN_POINT('',(5.260007177624,-2.424814012891,-1.3));
#5677 = DIRECTION('',(-8.910957269971E-16,-2.22044604925E-16,1.));
#5678 = DIRECTION('',(1.,-1.978629986515E-31,8.910957269971E-16));
#5679 = ADVANCED_FACE('',(#5680),#5698,.T.);
#5680 = FACE_BOUND('',#5681,.T.);
#5681 = EDGE_LOOP('',(#5682,#5683,#5684,#5685,#5686,#5687,#5688,#5689,
    #5690,#5691,#5692,#5693,#5694,#5695,#5696,#5697));
#5682 = ORIENTED_EDGE('',*,*,#5395,.T.);
#5683 = ORIENTED_EDGE('',*,*,#4223,.T.);
#5684 = ORIENTED_EDGE('',*,*,#3414,.F.);
#5685 = ORIENTED_EDGE('',*,*,#4155,.F.);
#5686 = ORIENTED_EDGE('',*,*,#4369,.T.);
#5687 = ORIENTED_EDGE('',*,*,#4779,.T.);
#5688 = ORIENTED_EDGE('',*,*,#5611,.T.);
#5689 = ORIENTED_EDGE('',*,*,#5186,.F.);
#5690 = ORIENTED_EDGE('',*,*,#5104,.T.);
#5691 = ORIENTED_EDGE('',*,*,#4821,.T.);
#5692 = ORIENTED_EDGE('',*,*,#4434,.T.);
#5693 = ORIENTED_EDGE('',*,*,#3936,.F.);
#5694 = ORIENTED_EDGE('',*,*,#2970,.T.);
#5695 = ORIENTED_EDGE('',*,*,#3975,.F.);
#5696 = ORIENTED_EDGE('',*,*,#5637,.T.);
#5697 = ORIENTED_EDGE('',*,*,#5477,.F.);
#5698 = PLANE('',#5699);
#5699 = AXIS2_PLACEMENT_3D('',#5700,#5701,#5702);
#5700 = CARTESIAN_POINT('',(4.5,-1.369976933739,-0.209264107898));
#5701 = DIRECTION('',(1.,-1.991097643545E-31,8.967106605526E-16));
#5702 = DIRECTION('',(-8.967106605526E-16,-2.22044604925E-16,1.));
#5703 = ADVANCED_FACE('',(#5704),#5722,.T.);
#5704 = FACE_BOUND('',#5705,.T.);
#5705 = EDGE_LOOP('',(#5706,#5707,#5708,#5709,#5710,#5711,#5712,#5713,
    #5714,#5715,#5716,#5717,#5718,#5719,#5720,#5721));
#5706 = ORIENTED_EDGE('',*,*,#4764,.F.);
#5707 = ORIENTED_EDGE('',*,*,#5445,.T.);
#5708 = ORIENTED_EDGE('',*,*,#5533,.T.);
#5709 = ORIENTED_EDGE('',*,*,#5626,.F.);
#5710 = ORIENTED_EDGE('',*,*,#3992,.T.);
#5711 = ORIENTED_EDGE('',*,*,#2988,.T.);
#5712 = ORIENTED_EDGE('',*,*,#3961,.T.);
#5713 = ORIENTED_EDGE('',*,*,#4418,.T.);
#5714 = ORIENTED_EDGE('',*,*,#4829,.F.);
#5715 = ORIENTED_EDGE('',*,*,#5154,.T.);
#5716 = ORIENTED_EDGE('',*,*,#5379,.T.);
#5717 = ORIENTED_EDGE('',*,*,#5590,.F.);
#5718 = ORIENTED_EDGE('',*,*,#4796,.F.);
#5719 = ORIENTED_EDGE('',*,*,#4385,.T.);
#5720 = ORIENTED_EDGE('',*,*,#4336,.T.);
#5721 = ORIENTED_EDGE('',*,*,#4104,.F.);
#5722 = PLANE('',#5723);
#5723 = AXIS2_PLACEMENT_3D('',#5724,#5725,#5726);
#5724 = CARTESIAN_POINT('',(4.2,-1.24930851225,-0.215442582833));
#5725 = DIRECTION('',(-1.,3.313708624089E-31,-1.492361692466E-15));
#5726 = DIRECTION('',(1.492361692466E-15,2.22044604925E-16,-1.));
#5727 = MANIFOLD_SOLID_BREP('',#5728);
#5728 = CLOSED_SHELL('',(#5729,#5769,#5800,#5831,#5853,#5865));
#5729 = ADVANCED_FACE('',(#5730),#5764,.F.);
#5730 = FACE_BOUND('',#5731,.F.);
#5731 = EDGE_LOOP('',(#5732,#5742,#5750,#5758));
#5732 = ORIENTED_EDGE('',*,*,#5733,.T.);
#5733 = EDGE_CURVE('',#5734,#5736,#5738,.T.);
#5734 = VERTEX_POINT('',#5735);
#5735 = CARTESIAN_POINT('',(-2.88,-4.457,0.328));
#5736 = VERTEX_POINT('',#5737);
#5737 = CARTESIAN_POINT('',(-2.62,-4.457,0.328));
#5738 = LINE('',#5739,#5740);
#5739 = CARTESIAN_POINT('',(-2.88,-4.457,0.328));
#5740 = VECTOR('',#5741,1.);
#5741 = DIRECTION('',(1.,-2.2E-16,1.1E-16));
#5742 = ORIENTED_EDGE('',*,*,#5743,.T.);
#5743 = EDGE_CURVE('',#5736,#5744,#5746,.T.);
#5744 = VERTEX_POINT('',#5745);
#5745 = CARTESIAN_POINT('',(-2.62,-2.007,0.328));
#5746 = LINE('',#5747,#5748);
#5747 = CARTESIAN_POINT('',(-2.62,-4.457,0.328));
#5748 = VECTOR('',#5749,1.);
#5749 = DIRECTION('',(-2.2E-16,1.,-3.3E-16));
#5750 = ORIENTED_EDGE('',*,*,#5751,.F.);
#5751 = EDGE_CURVE('',#5752,#5744,#5754,.T.);
#5752 = VERTEX_POINT('',#5753);
#5753 = CARTESIAN_POINT('',(-2.88,-2.007,0.328));
#5754 = LINE('',#5755,#5756);
#5755 = CARTESIAN_POINT('',(-2.88,-2.007,0.328));
#5756 = VECTOR('',#5757,1.);
#5757 = DIRECTION('',(1.,-2.2E-16,1.1E-16));
#5758 = ORIENTED_EDGE('',*,*,#5759,.F.);
#5759 = EDGE_CURVE('',#5734,#5752,#5760,.T.);
#5760 = LINE('',#5761,#5762);
#5761 = CARTESIAN_POINT('',(-2.88,-4.457,0.328));
#5762 = VECTOR('',#5763,1.);
#5763 = DIRECTION('',(-2.2E-16,1.,-3.3E-16));
#5764 = PLANE('',#5765);
#5765 = AXIS2_PLACEMENT_3D('',#5766,#5767,#5768);
#5766 = CARTESIAN_POINT('',(-2.88,-4.457,0.328));
#5767 = DIRECTION('',(-1.1E-16,3.3E-16,1.));
#5768 = DIRECTION('',(-1.29368257903E-48,1.,-3.3E-16));
#5769 = ADVANCED_FACE('',(#5770),#5795,.T.);
#5770 = FACE_BOUND('',#5771,.T.);
#5771 = EDGE_LOOP('',(#5772,#5782,#5788,#5789));
#5772 = ORIENTED_EDGE('',*,*,#5773,.T.);
#5773 = EDGE_CURVE('',#5774,#5776,#5778,.T.);
#5774 = VERTEX_POINT('',#5775);
#5775 = CARTESIAN_POINT('',(-2.88,-2.007,0.368));
#5776 = VERTEX_POINT('',#5777);
#5777 = CARTESIAN_POINT('',(-2.62,-2.007,0.368));
#5778 = LINE('',#5779,#5780);
#5779 = CARTESIAN_POINT('',(-2.88,-2.007,0.368));
#5780 = VECTOR('',#5781,1.);
#5781 = DIRECTION('',(1.,-2.2E-16,1.1E-16));
#5782 = ORIENTED_EDGE('',*,*,#5783,.T.);
#5783 = EDGE_CURVE('',#5776,#5744,#5784,.T.);
#5784 = LINE('',#5785,#5786);
#5785 = CARTESIAN_POINT('',(-2.62,-2.007,0.368));
#5786 = VECTOR('',#5787,1.);
#5787 = DIRECTION('',(3.3E-16,1.1E-16,-1.));
#5788 = ORIENTED_EDGE('',*,*,#5751,.F.);
#5789 = ORIENTED_EDGE('',*,*,#5790,.F.);
#5790 = EDGE_CURVE('',#5774,#5752,#5791,.T.);
#5791 = LINE('',#5792,#5793);
#5792 = CARTESIAN_POINT('',(-2.88,-2.007,0.368));
#5793 = VECTOR('',#5794,1.);
#5794 = DIRECTION('',(3.3E-16,1.1E-16,-1.));
#5795 = PLANE('',#5796);
#5796 = AXIS2_PLACEMENT_3D('',#5797,#5798,#5799);
#5797 = CARTESIAN_POINT('',(-2.88,-2.007,0.368));
#5798 = DIRECTION('',(2.2E-16,1.,-1.1E-16));
#5799 = DIRECTION('',(3.3E-16,-1.1E-16,-1.));
#5800 = ADVANCED_FACE('',(#5801),#5826,.T.);
#5801 = FACE_BOUND('',#5802,.T.);
#5802 = EDGE_LOOP('',(#5803,#5813,#5819,#5820));
#5803 = ORIENTED_EDGE('',*,*,#5804,.T.);
#5804 = EDGE_CURVE('',#5805,#5807,#5809,.T.);
#5805 = VERTEX_POINT('',#5806);
#5806 = CARTESIAN_POINT('',(-2.88,-4.417,0.368));
#5807 = VERTEX_POINT('',#5808);
#5808 = CARTESIAN_POINT('',(-2.62,-4.417,0.368));
#5809 = LINE('',#5810,#5811);
#5810 = CARTESIAN_POINT('',(-2.88,-4.417,0.368));
#5811 = VECTOR('',#5812,1.);
#5812 = DIRECTION('',(1.,-2.2E-16,1.1E-16));
#5813 = ORIENTED_EDGE('',*,*,#5814,.T.);
#5814 = EDGE_CURVE('',#5807,#5776,#5815,.T.);
#5815 = LINE('',#5816,#5817);
#5816 = CARTESIAN_POINT('',(-2.62,-4.417,0.368));
#5817 = VECTOR('',#5818,1.);
#5818 = DIRECTION('',(-2.2E-16,1.,-3.3E-16));
#5819 = ORIENTED_EDGE('',*,*,#5773,.F.);
#5820 = ORIENTED_EDGE('',*,*,#5821,.F.);
#5821 = EDGE_CURVE('',#5805,#5774,#5822,.T.);
#5822 = LINE('',#5823,#5824);
#5823 = CARTESIAN_POINT('',(-2.88,-4.417,0.368));
#5824 = VECTOR('',#5825,1.);
#5825 = DIRECTION('',(-2.2E-16,1.,-3.3E-16));
#5826 = PLANE('',#5827);
#5827 = AXIS2_PLACEMENT_3D('',#5828,#5829,#5830);
#5828 = CARTESIAN_POINT('',(-2.88,-4.417,0.368));
#5829 = DIRECTION('',(-1.1E-16,3.3E-16,1.));
#5830 = DIRECTION('',(-1.29368257903E-48,1.,-3.3E-16));
#5831 = ADVANCED_FACE('',(#5832),#5848,.T.);
#5832 = FACE_BOUND('',#5833,.T.);
#5833 = EDGE_LOOP('',(#5834,#5835,#5841,#5842));
#5834 = ORIENTED_EDGE('',*,*,#5733,.T.);
#5835 = ORIENTED_EDGE('',*,*,#5836,.T.);
#5836 = EDGE_CURVE('',#5736,#5807,#5837,.T.);
#5837 = LINE('',#5838,#5839);
#5838 = CARTESIAN_POINT('',(-2.62,-4.457,0.328));
#5839 = VECTOR('',#5840,1.);
#5840 = DIRECTION('',(-3.899999999994E-16,0.707106781187,0.707106781187)
  );
#5841 = ORIENTED_EDGE('',*,*,#5804,.F.);
#5842 = ORIENTED_EDGE('',*,*,#5843,.F.);
#5843 = EDGE_CURVE('',#5734,#5805,#5844,.T.);
#5844 = LINE('',#5845,#5846);
#5845 = CARTESIAN_POINT('',(-2.88,-4.457,0.328));
#5846 = VECTOR('',#5847,1.);
#5847 = DIRECTION('',(-3.899999999994E-16,0.707106781187,0.707106781187)
  );
#5848 = PLANE('',#5849);
#5849 = AXIS2_PLACEMENT_3D('',#5850,#5851,#5852);
#5850 = CARTESIAN_POINT('',(-2.88,-4.457,0.328));
#5851 = DIRECTION('',(-2.399999999994E-16,-0.707106781187,0.707106781187
    ));
#5852 = DIRECTION('',(-2.399999999994E-16,0.707106781187,0.707106781187)
  );
#5853 = ADVANCED_FACE('',(#5854),#5860,.F.);
#5854 = FACE_BOUND('',#5855,.F.);
#5855 = EDGE_LOOP('',(#5856,#5857,#5858,#5859));
#5856 = ORIENTED_EDGE('',*,*,#5759,.T.);
#5857 = ORIENTED_EDGE('',*,*,#5790,.F.);
#5858 = ORIENTED_EDGE('',*,*,#5821,.F.);
#5859 = ORIENTED_EDGE('',*,*,#5843,.F.);
#5860 = PLANE('',#5861);
#5861 = AXIS2_PLACEMENT_3D('',#5862,#5863,#5864);
#5862 = CARTESIAN_POINT('',(-2.88,-3.226142135624,0.347838598015));
#5863 = DIRECTION('',(1.,-2.2E-16,-1.1E-16));
#5864 = DIRECTION('',(1.1E-16,-1.1E-16,1.));
#5865 = ADVANCED_FACE('',(#5866),#5872,.T.);
#5866 = FACE_BOUND('',#5867,.T.);
#5867 = EDGE_LOOP('',(#5868,#5869,#5870,#5871));
#5868 = ORIENTED_EDGE('',*,*,#5743,.T.);
#5869 = ORIENTED_EDGE('',*,*,#5783,.F.);
#5870 = ORIENTED_EDGE('',*,*,#5814,.F.);
#5871 = ORIENTED_EDGE('',*,*,#5836,.F.);
#5872 = PLANE('',#5873);
#5873 = AXIS2_PLACEMENT_3D('',#5874,#5875,#5876);
#5874 = CARTESIAN_POINT('',(-2.62,-3.226142135624,0.347838598015));
#5875 = DIRECTION('',(1.,-2.2E-16,-1.1E-16));
#5876 = DIRECTION('',(1.1E-16,-1.1E-16,1.));
#5877 = MANIFOLD_SOLID_BREP('',#5878);
#5878 = CLOSED_SHELL('',(#5879,#5919,#5950,#5981,#6003,#6015));
#5879 = ADVANCED_FACE('',(#5880),#5914,.F.);
#5880 = FACE_BOUND('',#5881,.F.);
#5881 = EDGE_LOOP('',(#5882,#5892,#5900,#5908));
#5882 = ORIENTED_EDGE('',*,*,#5883,.T.);
#5883 = EDGE_CURVE('',#5884,#5886,#5888,.T.);
#5884 = VERTEX_POINT('',#5885);
#5885 = CARTESIAN_POINT('',(-1.38,-4.457,0.328));
#5886 = VERTEX_POINT('',#5887);
#5887 = CARTESIAN_POINT('',(-1.12,-4.457,0.328));
#5888 = LINE('',#5889,#5890);
#5889 = CARTESIAN_POINT('',(-1.38,-4.457,0.328));
#5890 = VECTOR('',#5891,1.);
#5891 = DIRECTION('',(1.,-2.2E-16,1.1E-16));
#5892 = ORIENTED_EDGE('',*,*,#5893,.T.);
#5893 = EDGE_CURVE('',#5886,#5894,#5896,.T.);
#5894 = VERTEX_POINT('',#5895);
#5895 = CARTESIAN_POINT('',(-1.12,-2.007,0.328));
#5896 = LINE('',#5897,#5898);
#5897 = CARTESIAN_POINT('',(-1.12,-4.457,0.328));
#5898 = VECTOR('',#5899,1.);
#5899 = DIRECTION('',(-2.2E-16,1.,-3.3E-16));
#5900 = ORIENTED_EDGE('',*,*,#5901,.F.);
#5901 = EDGE_CURVE('',#5902,#5894,#5904,.T.);
#5902 = VERTEX_POINT('',#5903);
#5903 = CARTESIAN_POINT('',(-1.38,-2.007,0.328));
#5904 = LINE('',#5905,#5906);
#5905 = CARTESIAN_POINT('',(-1.38,-2.007,0.328));
#5906 = VECTOR('',#5907,1.);
#5907 = DIRECTION('',(1.,-2.2E-16,1.1E-16));
#5908 = ORIENTED_EDGE('',*,*,#5909,.F.);
#5909 = EDGE_CURVE('',#5884,#5902,#5910,.T.);
#5910 = LINE('',#5911,#5912);
#5911 = CARTESIAN_POINT('',(-1.38,-4.457,0.328));
#5912 = VECTOR('',#5913,1.);
#5913 = DIRECTION('',(-2.2E-16,1.,-3.3E-16));
#5914 = PLANE('',#5915);
#5915 = AXIS2_PLACEMENT_3D('',#5916,#5917,#5918);
#5916 = CARTESIAN_POINT('',(-1.38,-4.457,0.328));
#5917 = DIRECTION('',(-1.1E-16,3.3E-16,1.));
#5918 = DIRECTION('',(-1.29368257903E-48,1.,-3.3E-16));
#5919 = ADVANCED_FACE('',(#5920),#5945,.T.);
#5920 = FACE_BOUND('',#5921,.T.);
#5921 = EDGE_LOOP('',(#5922,#5932,#5938,#5939));
#5922 = ORIENTED_EDGE('',*,*,#5923,.T.);
#5923 = EDGE_CURVE('',#5924,#5926,#5928,.T.);
#5924 = VERTEX_POINT('',#5925);
#5925 = CARTESIAN_POINT('',(-1.38,-2.007,0.368));
#5926 = VERTEX_POINT('',#5927);
#5927 = CARTESIAN_POINT('',(-1.12,-2.007,0.368));
#5928 = LINE('',#5929,#5930);
#5929 = CARTESIAN_POINT('',(-1.38,-2.007,0.368));
#5930 = VECTOR('',#5931,1.);
#5931 = DIRECTION('',(1.,-2.2E-16,1.1E-16));
#5932 = ORIENTED_EDGE('',*,*,#5933,.T.);
#5933 = EDGE_CURVE('',#5926,#5894,#5934,.T.);
#5934 = LINE('',#5935,#5936);
#5935 = CARTESIAN_POINT('',(-1.12,-2.007,0.368));
#5936 = VECTOR('',#5937,1.);
#5937 = DIRECTION('',(3.3E-16,1.1E-16,-1.));
#5938 = ORIENTED_EDGE('',*,*,#5901,.F.);
#5939 = ORIENTED_EDGE('',*,*,#5940,.F.);
#5940 = EDGE_CURVE('',#5924,#5902,#5941,.T.);
#5941 = LINE('',#5942,#5943);
#5942 = CARTESIAN_POINT('',(-1.38,-2.007,0.368));
#5943 = VECTOR('',#5944,1.);
#5944 = DIRECTION('',(3.3E-16,1.1E-16,-1.));
#5945 = PLANE('',#5946);
#5946 = AXIS2_PLACEMENT_3D('',#5947,#5948,#5949);
#5947 = CARTESIAN_POINT('',(-1.38,-2.007,0.368));
#5948 = DIRECTION('',(2.2E-16,1.,-1.1E-16));
#5949 = DIRECTION('',(3.3E-16,-1.1E-16,-1.));
#5950 = ADVANCED_FACE('',(#5951),#5976,.T.);
#5951 = FACE_BOUND('',#5952,.T.);
#5952 = EDGE_LOOP('',(#5953,#5963,#5969,#5970));
#5953 = ORIENTED_EDGE('',*,*,#5954,.T.);
#5954 = EDGE_CURVE('',#5955,#5957,#5959,.T.);
#5955 = VERTEX_POINT('',#5956);
#5956 = CARTESIAN_POINT('',(-1.38,-4.417,0.368));
#5957 = VERTEX_POINT('',#5958);
#5958 = CARTESIAN_POINT('',(-1.12,-4.417,0.368));
#5959 = LINE('',#5960,#5961);
#5960 = CARTESIAN_POINT('',(-1.38,-4.417,0.368));
#5961 = VECTOR('',#5962,1.);
#5962 = DIRECTION('',(1.,-2.2E-16,1.1E-16));
#5963 = ORIENTED_EDGE('',*,*,#5964,.T.);
#5964 = EDGE_CURVE('',#5957,#5926,#5965,.T.);
#5965 = LINE('',#5966,#5967);
#5966 = CARTESIAN_POINT('',(-1.12,-4.417,0.368));
#5967 = VECTOR('',#5968,1.);
#5968 = DIRECTION('',(-2.2E-16,1.,-3.3E-16));
#5969 = ORIENTED_EDGE('',*,*,#5923,.F.);
#5970 = ORIENTED_EDGE('',*,*,#5971,.F.);
#5971 = EDGE_CURVE('',#5955,#5924,#5972,.T.);
#5972 = LINE('',#5973,#5974);
#5973 = CARTESIAN_POINT('',(-1.38,-4.417,0.368));
#5974 = VECTOR('',#5975,1.);
#5975 = DIRECTION('',(-2.2E-16,1.,-3.3E-16));
#5976 = PLANE('',#5977);
#5977 = AXIS2_PLACEMENT_3D('',#5978,#5979,#5980);
#5978 = CARTESIAN_POINT('',(-1.38,-4.417,0.368));
#5979 = DIRECTION('',(-1.1E-16,3.3E-16,1.));
#5980 = DIRECTION('',(-1.29368257903E-48,1.,-3.3E-16));
#5981 = ADVANCED_FACE('',(#5982),#5998,.T.);
#5982 = FACE_BOUND('',#5983,.T.);
#5983 = EDGE_LOOP('',(#5984,#5985,#5991,#5992));
#5984 = ORIENTED_EDGE('',*,*,#5883,.T.);
#5985 = ORIENTED_EDGE('',*,*,#5986,.T.);
#5986 = EDGE_CURVE('',#5886,#5957,#5987,.T.);
#5987 = LINE('',#5988,#5989);
#5988 = CARTESIAN_POINT('',(-1.12,-4.457,0.328));
#5989 = VECTOR('',#5990,1.);
#5990 = DIRECTION('',(-3.899999999994E-16,0.707106781187,0.707106781187)
  );
#5991 = ORIENTED_EDGE('',*,*,#5954,.F.);
#5992 = ORIENTED_EDGE('',*,*,#5993,.F.);
#5993 = EDGE_CURVE('',#5884,#5955,#5994,.T.);
#5994 = LINE('',#5995,#5996);
#5995 = CARTESIAN_POINT('',(-1.38,-4.457,0.328));
#5996 = VECTOR('',#5997,1.);
#5997 = DIRECTION('',(-3.899999999994E-16,0.707106781187,0.707106781187)
  );
#5998 = PLANE('',#5999);
#5999 = AXIS2_PLACEMENT_3D('',#6000,#6001,#6002);
#6000 = CARTESIAN_POINT('',(-1.38,-4.457,0.328));
#6001 = DIRECTION('',(-2.399999999994E-16,-0.707106781187,0.707106781187
    ));
#6002 = DIRECTION('',(-2.399999999994E-16,0.707106781187,0.707106781187)
  );
#6003 = ADVANCED_FACE('',(#6004),#6010,.F.);
#6004 = FACE_BOUND('',#6005,.F.);
#6005 = EDGE_LOOP('',(#6006,#6007,#6008,#6009));
#6006 = ORIENTED_EDGE('',*,*,#5909,.T.);
#6007 = ORIENTED_EDGE('',*,*,#5940,.F.);
#6008 = ORIENTED_EDGE('',*,*,#5971,.F.);
#6009 = ORIENTED_EDGE('',*,*,#5993,.F.);
#6010 = PLANE('',#6011);
#6011 = AXIS2_PLACEMENT_3D('',#6012,#6013,#6014);
#6012 = CARTESIAN_POINT('',(-1.38,-3.226142135624,0.347838598015));
#6013 = DIRECTION('',(1.,-2.2E-16,-1.1E-16));
#6014 = DIRECTION('',(1.1E-16,-1.1E-16,1.));
#6015 = ADVANCED_FACE('',(#6016),#6022,.T.);
#6016 = FACE_BOUND('',#6017,.T.);
#6017 = EDGE_LOOP('',(#6018,#6019,#6020,#6021));
#6018 = ORIENTED_EDGE('',*,*,#5893,.T.);
#6019 = ORIENTED_EDGE('',*,*,#5933,.F.);
#6020 = ORIENTED_EDGE('',*,*,#5964,.F.);
#6021 = ORIENTED_EDGE('',*,*,#5986,.F.);
#6022 = PLANE('',#6023);
#6023 = AXIS2_PLACEMENT_3D('',#6024,#6025,#6026);
#6024 = CARTESIAN_POINT('',(-1.12,-3.226142135624,0.347838598015));
#6025 = DIRECTION('',(1.,-2.2E-16,-1.1E-16));
#6026 = DIRECTION('',(1.1E-16,-1.1E-16,1.));
#6027 = MANIFOLD_SOLID_BREP('',#6028);
#6028 = CLOSED_SHELL('',(#6029,#6069,#6100,#6131,#6153,#6165));
#6029 = ADVANCED_FACE('',(#6030),#6064,.F.);
#6030 = FACE_BOUND('',#6031,.F.);
#6031 = EDGE_LOOP('',(#6032,#6042,#6050,#6058));
#6032 = ORIENTED_EDGE('',*,*,#6033,.T.);
#6033 = EDGE_CURVE('',#6034,#6036,#6038,.T.);
#6034 = VERTEX_POINT('',#6035);
#6035 = CARTESIAN_POINT('',(1.12,-4.457,0.328));
#6036 = VERTEX_POINT('',#6037);
#6037 = CARTESIAN_POINT('',(1.38,-4.457,0.328));
#6038 = LINE('',#6039,#6040);
#6039 = CARTESIAN_POINT('',(1.12,-4.457,0.328));
#6040 = VECTOR('',#6041,1.);
#6041 = DIRECTION('',(1.,-2.2E-16,1.1E-16));
#6042 = ORIENTED_EDGE('',*,*,#6043,.T.);
#6043 = EDGE_CURVE('',#6036,#6044,#6046,.T.);
#6044 = VERTEX_POINT('',#6045);
#6045 = CARTESIAN_POINT('',(1.38,-2.007,0.328));
#6046 = LINE('',#6047,#6048);
#6047 = CARTESIAN_POINT('',(1.38,-4.457,0.328));
#6048 = VECTOR('',#6049,1.);
#6049 = DIRECTION('',(-2.2E-16,1.,-3.3E-16));
#6050 = ORIENTED_EDGE('',*,*,#6051,.F.);
#6051 = EDGE_CURVE('',#6052,#6044,#6054,.T.);
#6052 = VERTEX_POINT('',#6053);
#6053 = CARTESIAN_POINT('',(1.12,-2.007,0.328));
#6054 = LINE('',#6055,#6056);
#6055 = CARTESIAN_POINT('',(1.12,-2.007,0.328));
#6056 = VECTOR('',#6057,1.);
#6057 = DIRECTION('',(1.,-2.2E-16,1.1E-16));
#6058 = ORIENTED_EDGE('',*,*,#6059,.F.);
#6059 = EDGE_CURVE('',#6034,#6052,#6060,.T.);
#6060 = LINE('',#6061,#6062);
#6061 = CARTESIAN_POINT('',(1.12,-4.457,0.328));
#6062 = VECTOR('',#6063,1.);
#6063 = DIRECTION('',(-2.2E-16,1.,-3.3E-16));
#6064 = PLANE('',#6065);
#6065 = AXIS2_PLACEMENT_3D('',#6066,#6067,#6068);
#6066 = CARTESIAN_POINT('',(1.12,-4.457,0.328));
#6067 = DIRECTION('',(-1.1E-16,3.3E-16,1.));
#6068 = DIRECTION('',(-1.29368257903E-48,1.,-3.3E-16));
#6069 = ADVANCED_FACE('',(#6070),#6095,.T.);
#6070 = FACE_BOUND('',#6071,.T.);
#6071 = EDGE_LOOP('',(#6072,#6082,#6088,#6089));
#6072 = ORIENTED_EDGE('',*,*,#6073,.T.);
#6073 = EDGE_CURVE('',#6074,#6076,#6078,.T.);
#6074 = VERTEX_POINT('',#6075);
#6075 = CARTESIAN_POINT('',(1.12,-2.007,0.368));
#6076 = VERTEX_POINT('',#6077);
#6077 = CARTESIAN_POINT('',(1.38,-2.007,0.368));
#6078 = LINE('',#6079,#6080);
#6079 = CARTESIAN_POINT('',(1.12,-2.007,0.368));
#6080 = VECTOR('',#6081,1.);
#6081 = DIRECTION('',(1.,-2.2E-16,1.1E-16));
#6082 = ORIENTED_EDGE('',*,*,#6083,.T.);
#6083 = EDGE_CURVE('',#6076,#6044,#6084,.T.);
#6084 = LINE('',#6085,#6086);
#6085 = CARTESIAN_POINT('',(1.38,-2.007,0.368));
#6086 = VECTOR('',#6087,1.);
#6087 = DIRECTION('',(3.3E-16,1.1E-16,-1.));
#6088 = ORIENTED_EDGE('',*,*,#6051,.F.);
#6089 = ORIENTED_EDGE('',*,*,#6090,.F.);
#6090 = EDGE_CURVE('',#6074,#6052,#6091,.T.);
#6091 = LINE('',#6092,#6093);
#6092 = CARTESIAN_POINT('',(1.12,-2.007,0.368));
#6093 = VECTOR('',#6094,1.);
#6094 = DIRECTION('',(3.3E-16,1.1E-16,-1.));
#6095 = PLANE('',#6096);
#6096 = AXIS2_PLACEMENT_3D('',#6097,#6098,#6099);
#6097 = CARTESIAN_POINT('',(1.12,-2.007,0.368));
#6098 = DIRECTION('',(2.2E-16,1.,-1.1E-16));
#6099 = DIRECTION('',(3.3E-16,-1.1E-16,-1.));
#6100 = ADVANCED_FACE('',(#6101),#6126,.T.);
#6101 = FACE_BOUND('',#6102,.T.);
#6102 = EDGE_LOOP('',(#6103,#6113,#6119,#6120));
#6103 = ORIENTED_EDGE('',*,*,#6104,.T.);
#6104 = EDGE_CURVE('',#6105,#6107,#6109,.T.);
#6105 = VERTEX_POINT('',#6106);
#6106 = CARTESIAN_POINT('',(1.12,-4.417,0.368));
#6107 = VERTEX_POINT('',#6108);
#6108 = CARTESIAN_POINT('',(1.38,-4.417,0.368));
#6109 = LINE('',#6110,#6111);
#6110 = CARTESIAN_POINT('',(1.12,-4.417,0.368));
#6111 = VECTOR('',#6112,1.);
#6112 = DIRECTION('',(1.,-2.2E-16,1.1E-16));
#6113 = ORIENTED_EDGE('',*,*,#6114,.T.);
#6114 = EDGE_CURVE('',#6107,#6076,#6115,.T.);
#6115 = LINE('',#6116,#6117);
#6116 = CARTESIAN_POINT('',(1.38,-4.417,0.368));
#6117 = VECTOR('',#6118,1.);
#6118 = DIRECTION('',(-2.2E-16,1.,-3.3E-16));
#6119 = ORIENTED_EDGE('',*,*,#6073,.F.);
#6120 = ORIENTED_EDGE('',*,*,#6121,.F.);
#6121 = EDGE_CURVE('',#6105,#6074,#6122,.T.);
#6122 = LINE('',#6123,#6124);
#6123 = CARTESIAN_POINT('',(1.12,-4.417,0.368));
#6124 = VECTOR('',#6125,1.);
#6125 = DIRECTION('',(-2.2E-16,1.,-3.3E-16));
#6126 = PLANE('',#6127);
#6127 = AXIS2_PLACEMENT_3D('',#6128,#6129,#6130);
#6128 = CARTESIAN_POINT('',(1.12,-4.417,0.368));
#6129 = DIRECTION('',(-1.1E-16,3.3E-16,1.));
#6130 = DIRECTION('',(-1.29368257903E-48,1.,-3.3E-16));
#6131 = ADVANCED_FACE('',(#6132),#6148,.T.);
#6132 = FACE_BOUND('',#6133,.T.);
#6133 = EDGE_LOOP('',(#6134,#6135,#6141,#6142));
#6134 = ORIENTED_EDGE('',*,*,#6033,.T.);
#6135 = ORIENTED_EDGE('',*,*,#6136,.T.);
#6136 = EDGE_CURVE('',#6036,#6107,#6137,.T.);
#6137 = LINE('',#6138,#6139);
#6138 = CARTESIAN_POINT('',(1.38,-4.457,0.328));
#6139 = VECTOR('',#6140,1.);
#6140 = DIRECTION('',(-3.899999999994E-16,0.707106781187,0.707106781187)
  );
#6141 = ORIENTED_EDGE('',*,*,#6104,.F.);
#6142 = ORIENTED_EDGE('',*,*,#6143,.F.);
#6143 = EDGE_CURVE('',#6034,#6105,#6144,.T.);
#6144 = LINE('',#6145,#6146);
#6145 = CARTESIAN_POINT('',(1.12,-4.457,0.328));
#6146 = VECTOR('',#6147,1.);
#6147 = DIRECTION('',(-3.899999999994E-16,0.707106781187,0.707106781187)
  );
#6148 = PLANE('',#6149);
#6149 = AXIS2_PLACEMENT_3D('',#6150,#6151,#6152);
#6150 = CARTESIAN_POINT('',(1.12,-4.457,0.328));
#6151 = DIRECTION('',(-2.399999999994E-16,-0.707106781187,0.707106781187
    ));
#6152 = DIRECTION('',(-2.399999999994E-16,0.707106781187,0.707106781187)
  );
#6153 = ADVANCED_FACE('',(#6154),#6160,.F.);
#6154 = FACE_BOUND('',#6155,.F.);
#6155 = EDGE_LOOP('',(#6156,#6157,#6158,#6159));
#6156 = ORIENTED_EDGE('',*,*,#6059,.T.);
#6157 = ORIENTED_EDGE('',*,*,#6090,.F.);
#6158 = ORIENTED_EDGE('',*,*,#6121,.F.);
#6159 = ORIENTED_EDGE('',*,*,#6143,.F.);
#6160 = PLANE('',#6161);
#6161 = AXIS2_PLACEMENT_3D('',#6162,#6163,#6164);
#6162 = CARTESIAN_POINT('',(1.12,-3.226142135624,0.347838598015));
#6163 = DIRECTION('',(1.,-2.2E-16,-1.1E-16));
#6164 = DIRECTION('',(1.1E-16,-1.1E-16,1.));
#6165 = ADVANCED_FACE('',(#6166),#6172,.T.);
#6166 = FACE_BOUND('',#6167,.T.);
#6167 = EDGE_LOOP('',(#6168,#6169,#6170,#6171));
#6168 = ORIENTED_EDGE('',*,*,#6043,.T.);
#6169 = ORIENTED_EDGE('',*,*,#6083,.F.);
#6170 = ORIENTED_EDGE('',*,*,#6114,.F.);
#6171 = ORIENTED_EDGE('',*,*,#6136,.F.);
#6172 = PLANE('',#6173);
#6173 = AXIS2_PLACEMENT_3D('',#6174,#6175,#6176);
#6174 = CARTESIAN_POINT('',(1.38,-3.226142135624,0.347838598015));
#6175 = DIRECTION('',(1.,-2.2E-16,-1.1E-16));
#6176 = DIRECTION('',(1.1E-16,-1.1E-16,1.));
#6177 = MANIFOLD_SOLID_BREP('',#6178);
#6178 = CLOSED_SHELL('',(#6179,#6219,#6250,#6281,#6303,#6315));
#6179 = ADVANCED_FACE('',(#6180),#6214,.F.);
#6180 = FACE_BOUND('',#6181,.F.);
#6181 = EDGE_LOOP('',(#6182,#6192,#6200,#6208));
#6182 = ORIENTED_EDGE('',*,*,#6183,.T.);
#6183 = EDGE_CURVE('',#6184,#6186,#6188,.T.);
#6184 = VERTEX_POINT('',#6185);
#6185 = CARTESIAN_POINT('',(2.62,-4.457,0.328));
#6186 = VERTEX_POINT('',#6187);
#6187 = CARTESIAN_POINT('',(2.88,-4.457,0.328));
#6188 = LINE('',#6189,#6190);
#6189 = CARTESIAN_POINT('',(2.62,-4.457,0.328));
#6190 = VECTOR('',#6191,1.);
#6191 = DIRECTION('',(1.,-2.2E-16,1.1E-16));
#6192 = ORIENTED_EDGE('',*,*,#6193,.T.);
#6193 = EDGE_CURVE('',#6186,#6194,#6196,.T.);
#6194 = VERTEX_POINT('',#6195);
#6195 = CARTESIAN_POINT('',(2.88,-2.007,0.328));
#6196 = LINE('',#6197,#6198);
#6197 = CARTESIAN_POINT('',(2.88,-4.457,0.328));
#6198 = VECTOR('',#6199,1.);
#6199 = DIRECTION('',(-2.2E-16,1.,-3.3E-16));
#6200 = ORIENTED_EDGE('',*,*,#6201,.F.);
#6201 = EDGE_CURVE('',#6202,#6194,#6204,.T.);
#6202 = VERTEX_POINT('',#6203);
#6203 = CARTESIAN_POINT('',(2.62,-2.007,0.328));
#6204 = LINE('',#6205,#6206);
#6205 = CARTESIAN_POINT('',(2.62,-2.007,0.328));
#6206 = VECTOR('',#6207,1.);
#6207 = DIRECTION('',(1.,-2.2E-16,1.1E-16));
#6208 = ORIENTED_EDGE('',*,*,#6209,.F.);
#6209 = EDGE_CURVE('',#6184,#6202,#6210,.T.);
#6210 = LINE('',#6211,#6212);
#6211 = CARTESIAN_POINT('',(2.62,-4.457,0.328));
#6212 = VECTOR('',#6213,1.);
#6213 = DIRECTION('',(-2.2E-16,1.,-3.3E-16));
#6214 = PLANE('',#6215);
#6215 = AXIS2_PLACEMENT_3D('',#6216,#6217,#6218);
#6216 = CARTESIAN_POINT('',(2.62,-4.457,0.328));
#6217 = DIRECTION('',(-1.1E-16,3.3E-16,1.));
#6218 = DIRECTION('',(-1.29368257903E-48,1.,-3.3E-16));
#6219 = ADVANCED_FACE('',(#6220),#6245,.T.);
#6220 = FACE_BOUND('',#6221,.T.);
#6221 = EDGE_LOOP('',(#6222,#6232,#6238,#6239));
#6222 = ORIENTED_EDGE('',*,*,#6223,.T.);
#6223 = EDGE_CURVE('',#6224,#6226,#6228,.T.);
#6224 = VERTEX_POINT('',#6225);
#6225 = CARTESIAN_POINT('',(2.62,-2.007,0.368));
#6226 = VERTEX_POINT('',#6227);
#6227 = CARTESIAN_POINT('',(2.88,-2.007,0.368));
#6228 = LINE('',#6229,#6230);
#6229 = CARTESIAN_POINT('',(2.62,-2.007,0.368));
#6230 = VECTOR('',#6231,1.);
#6231 = DIRECTION('',(1.,-2.2E-16,1.1E-16));
#6232 = ORIENTED_EDGE('',*,*,#6233,.T.);
#6233 = EDGE_CURVE('',#6226,#6194,#6234,.T.);
#6234 = LINE('',#6235,#6236);
#6235 = CARTESIAN_POINT('',(2.88,-2.007,0.368));
#6236 = VECTOR('',#6237,1.);
#6237 = DIRECTION('',(3.3E-16,1.1E-16,-1.));
#6238 = ORIENTED_EDGE('',*,*,#6201,.F.);
#6239 = ORIENTED_EDGE('',*,*,#6240,.F.);
#6240 = EDGE_CURVE('',#6224,#6202,#6241,.T.);
#6241 = LINE('',#6242,#6243);
#6242 = CARTESIAN_POINT('',(2.62,-2.007,0.368));
#6243 = VECTOR('',#6244,1.);
#6244 = DIRECTION('',(3.3E-16,1.1E-16,-1.));
#6245 = PLANE('',#6246);
#6246 = AXIS2_PLACEMENT_3D('',#6247,#6248,#6249);
#6247 = CARTESIAN_POINT('',(2.62,-2.007,0.368));
#6248 = DIRECTION('',(2.2E-16,1.,-1.1E-16));
#6249 = DIRECTION('',(3.3E-16,-1.1E-16,-1.));
#6250 = ADVANCED_FACE('',(#6251),#6276,.T.);
#6251 = FACE_BOUND('',#6252,.T.);
#6252 = EDGE_LOOP('',(#6253,#6263,#6269,#6270));
#6253 = ORIENTED_EDGE('',*,*,#6254,.T.);
#6254 = EDGE_CURVE('',#6255,#6257,#6259,.T.);
#6255 = VERTEX_POINT('',#6256);
#6256 = CARTESIAN_POINT('',(2.62,-4.417,0.368));
#6257 = VERTEX_POINT('',#6258);
#6258 = CARTESIAN_POINT('',(2.88,-4.417,0.368));
#6259 = LINE('',#6260,#6261);
#6260 = CARTESIAN_POINT('',(2.62,-4.417,0.368));
#6261 = VECTOR('',#6262,1.);
#6262 = DIRECTION('',(1.,-2.2E-16,1.1E-16));
#6263 = ORIENTED_EDGE('',*,*,#6264,.T.);
#6264 = EDGE_CURVE('',#6257,#6226,#6265,.T.);
#6265 = LINE('',#6266,#6267);
#6266 = CARTESIAN_POINT('',(2.88,-4.417,0.368));
#6267 = VECTOR('',#6268,1.);
#6268 = DIRECTION('',(-2.2E-16,1.,-3.3E-16));
#6269 = ORIENTED_EDGE('',*,*,#6223,.F.);
#6270 = ORIENTED_EDGE('',*,*,#6271,.F.);
#6271 = EDGE_CURVE('',#6255,#6224,#6272,.T.);
#6272 = LINE('',#6273,#6274);
#6273 = CARTESIAN_POINT('',(2.62,-4.417,0.368));
#6274 = VECTOR('',#6275,1.);
#6275 = DIRECTION('',(-2.2E-16,1.,-3.3E-16));
#6276 = PLANE('',#6277);
#6277 = AXIS2_PLACEMENT_3D('',#6278,#6279,#6280);
#6278 = CARTESIAN_POINT('',(2.62,-4.417,0.368));
#6279 = DIRECTION('',(-1.1E-16,3.3E-16,1.));
#6280 = DIRECTION('',(-1.29368257903E-48,1.,-3.3E-16));
#6281 = ADVANCED_FACE('',(#6282),#6298,.T.);
#6282 = FACE_BOUND('',#6283,.T.);
#6283 = EDGE_LOOP('',(#6284,#6285,#6291,#6292));
#6284 = ORIENTED_EDGE('',*,*,#6183,.T.);
#6285 = ORIENTED_EDGE('',*,*,#6286,.T.);
#6286 = EDGE_CURVE('',#6186,#6257,#6287,.T.);
#6287 = LINE('',#6288,#6289);
#6288 = CARTESIAN_POINT('',(2.88,-4.457,0.328));
#6289 = VECTOR('',#6290,1.);
#6290 = DIRECTION('',(-3.899999999994E-16,0.707106781187,0.707106781187)
  );
#6291 = ORIENTED_EDGE('',*,*,#6254,.F.);
#6292 = ORIENTED_EDGE('',*,*,#6293,.F.);
#6293 = EDGE_CURVE('',#6184,#6255,#6294,.T.);
#6294 = LINE('',#6295,#6296);
#6295 = CARTESIAN_POINT('',(2.62,-4.457,0.328));
#6296 = VECTOR('',#6297,1.);
#6297 = DIRECTION('',(-3.899999999994E-16,0.707106781187,0.707106781187)
  );
#6298 = PLANE('',#6299);
#6299 = AXIS2_PLACEMENT_3D('',#6300,#6301,#6302);
#6300 = CARTESIAN_POINT('',(2.62,-4.457,0.328));
#6301 = DIRECTION('',(-2.399999999994E-16,-0.707106781187,0.707106781187
    ));
#6302 = DIRECTION('',(-2.399999999994E-16,0.707106781187,0.707106781187)
  );
#6303 = ADVANCED_FACE('',(#6304),#6310,.F.);
#6304 = FACE_BOUND('',#6305,.F.);
#6305 = EDGE_LOOP('',(#6306,#6307,#6308,#6309));
#6306 = ORIENTED_EDGE('',*,*,#6209,.T.);
#6307 = ORIENTED_EDGE('',*,*,#6240,.F.);
#6308 = ORIENTED_EDGE('',*,*,#6271,.F.);
#6309 = ORIENTED_EDGE('',*,*,#6293,.F.);
#6310 = PLANE('',#6311);
#6311 = AXIS2_PLACEMENT_3D('',#6312,#6313,#6314);
#6312 = CARTESIAN_POINT('',(2.62,-3.226142135624,0.347838598015));
#6313 = DIRECTION('',(1.,-2.2E-16,-1.1E-16));
#6314 = DIRECTION('',(1.1E-16,-1.1E-16,1.));
#6315 = ADVANCED_FACE('',(#6316),#6322,.T.);
#6316 = FACE_BOUND('',#6317,.T.);
#6317 = EDGE_LOOP('',(#6318,#6319,#6320,#6321));
#6318 = ORIENTED_EDGE('',*,*,#6193,.T.);
#6319 = ORIENTED_EDGE('',*,*,#6233,.F.);
#6320 = ORIENTED_EDGE('',*,*,#6264,.F.);
#6321 = ORIENTED_EDGE('',*,*,#6286,.F.);
#6322 = PLANE('',#6323);
#6323 = AXIS2_PLACEMENT_3D('',#6324,#6325,#6326);
#6324 = CARTESIAN_POINT('',(2.88,-3.226142135624,0.347838598015));
#6325 = DIRECTION('',(1.,-2.2E-16,-1.1E-16));
#6326 = DIRECTION('',(1.1E-16,-1.1E-16,1.));
#6327 = MANIFOLD_SOLID_BREP('',#6328);
#6328 = CLOSED_SHELL('',(#6329,#6369,#6400,#6431,#6453,#6465));
#6329 = ADVANCED_FACE('',(#6330),#6364,.F.);
#6330 = FACE_BOUND('',#6331,.F.);
#6331 = EDGE_LOOP('',(#6332,#6342,#6350,#6358));
#6332 = ORIENTED_EDGE('',*,*,#6333,.T.);
#6333 = EDGE_CURVE('',#6334,#6336,#6338,.T.);
#6334 = VERTEX_POINT('',#6335);
#6335 = CARTESIAN_POINT('',(-0.88,-4.257,0.328));
#6336 = VERTEX_POINT('',#6337);
#6337 = CARTESIAN_POINT('',(-0.62,-4.257,0.328));
#6338 = LINE('',#6339,#6340);
#6339 = CARTESIAN_POINT('',(-0.88,-4.257,0.328));
#6340 = VECTOR('',#6341,1.);
#6341 = DIRECTION('',(1.,-2.2E-16,1.1E-16));
#6342 = ORIENTED_EDGE('',*,*,#6343,.T.);
#6343 = EDGE_CURVE('',#6336,#6344,#6346,.T.);
#6344 = VERTEX_POINT('',#6345);
#6345 = CARTESIAN_POINT('',(-0.62,-2.007,0.328));
#6346 = LINE('',#6347,#6348);
#6347 = CARTESIAN_POINT('',(-0.62,-4.257,0.328));
#6348 = VECTOR('',#6349,1.);
#6349 = DIRECTION('',(-2.2E-16,1.,-3.3E-16));
#6350 = ORIENTED_EDGE('',*,*,#6351,.F.);
#6351 = EDGE_CURVE('',#6352,#6344,#6354,.T.);
#6352 = VERTEX_POINT('',#6353);
#6353 = CARTESIAN_POINT('',(-0.88,-2.007,0.328));
#6354 = LINE('',#6355,#6356);
#6355 = CARTESIAN_POINT('',(-0.88,-2.007,0.328));
#6356 = VECTOR('',#6357,1.);
#6357 = DIRECTION('',(1.,-2.2E-16,1.1E-16));
#6358 = ORIENTED_EDGE('',*,*,#6359,.F.);
#6359 = EDGE_CURVE('',#6334,#6352,#6360,.T.);
#6360 = LINE('',#6361,#6362);
#6361 = CARTESIAN_POINT('',(-0.88,-4.257,0.328));
#6362 = VECTOR('',#6363,1.);
#6363 = DIRECTION('',(-2.2E-16,1.,-3.3E-16));
#6364 = PLANE('',#6365);
#6365 = AXIS2_PLACEMENT_3D('',#6366,#6367,#6368);
#6366 = CARTESIAN_POINT('',(-0.88,-4.257,0.328));
#6367 = DIRECTION('',(-1.1E-16,3.3E-16,1.));
#6368 = DIRECTION('',(-1.29368257903E-48,1.,-3.3E-16));
#6369 = ADVANCED_FACE('',(#6370),#6395,.T.);
#6370 = FACE_BOUND('',#6371,.T.);
#6371 = EDGE_LOOP('',(#6372,#6382,#6388,#6389));
#6372 = ORIENTED_EDGE('',*,*,#6373,.T.);
#6373 = EDGE_CURVE('',#6374,#6376,#6378,.T.);
#6374 = VERTEX_POINT('',#6375);
#6375 = CARTESIAN_POINT('',(-0.88,-2.007,0.368));
#6376 = VERTEX_POINT('',#6377);
#6377 = CARTESIAN_POINT('',(-0.62,-2.007,0.368));
#6378 = LINE('',#6379,#6380);
#6379 = CARTESIAN_POINT('',(-0.88,-2.007,0.368));
#6380 = VECTOR('',#6381,1.);
#6381 = DIRECTION('',(1.,-2.2E-16,1.1E-16));
#6382 = ORIENTED_EDGE('',*,*,#6383,.T.);
#6383 = EDGE_CURVE('',#6376,#6344,#6384,.T.);
#6384 = LINE('',#6385,#6386);
#6385 = CARTESIAN_POINT('',(-0.62,-2.007,0.368));
#6386 = VECTOR('',#6387,1.);
#6387 = DIRECTION('',(3.3E-16,1.1E-16,-1.));
#6388 = ORIENTED_EDGE('',*,*,#6351,.F.);
#6389 = ORIENTED_EDGE('',*,*,#6390,.F.);
#6390 = EDGE_CURVE('',#6374,#6352,#6391,.T.);
#6391 = LINE('',#6392,#6393);
#6392 = CARTESIAN_POINT('',(-0.88,-2.007,0.368));
#6393 = VECTOR('',#6394,1.);
#6394 = DIRECTION('',(3.3E-16,1.1E-16,-1.));
#6395 = PLANE('',#6396);
#6396 = AXIS2_PLACEMENT_3D('',#6397,#6398,#6399);
#6397 = CARTESIAN_POINT('',(-0.88,-2.007,0.368));
#6398 = DIRECTION('',(2.2E-16,1.,-1.1E-16));
#6399 = DIRECTION('',(3.3E-16,-1.1E-16,-1.));
#6400 = ADVANCED_FACE('',(#6401),#6426,.T.);
#6401 = FACE_BOUND('',#6402,.T.);
#6402 = EDGE_LOOP('',(#6403,#6413,#6419,#6420));
#6403 = ORIENTED_EDGE('',*,*,#6404,.T.);
#6404 = EDGE_CURVE('',#6405,#6407,#6409,.T.);
#6405 = VERTEX_POINT('',#6406);
#6406 = CARTESIAN_POINT('',(-0.88,-4.217,0.368));
#6407 = VERTEX_POINT('',#6408);
#6408 = CARTESIAN_POINT('',(-0.62,-4.217,0.368));
#6409 = LINE('',#6410,#6411);
#6410 = CARTESIAN_POINT('',(-0.88,-4.217,0.368));
#6411 = VECTOR('',#6412,1.);
#6412 = DIRECTION('',(1.,-2.2E-16,1.1E-16));
#6413 = ORIENTED_EDGE('',*,*,#6414,.T.);
#6414 = EDGE_CURVE('',#6407,#6376,#6415,.T.);
#6415 = LINE('',#6416,#6417);
#6416 = CARTESIAN_POINT('',(-0.62,-4.217,0.368));
#6417 = VECTOR('',#6418,1.);
#6418 = DIRECTION('',(-2.2E-16,1.,-3.3E-16));
#6419 = ORIENTED_EDGE('',*,*,#6373,.F.);
#6420 = ORIENTED_EDGE('',*,*,#6421,.F.);
#6421 = EDGE_CURVE('',#6405,#6374,#6422,.T.);
#6422 = LINE('',#6423,#6424);
#6423 = CARTESIAN_POINT('',(-0.88,-4.217,0.368));
#6424 = VECTOR('',#6425,1.);
#6425 = DIRECTION('',(-2.2E-16,1.,-3.3E-16));
#6426 = PLANE('',#6427);
#6427 = AXIS2_PLACEMENT_3D('',#6428,#6429,#6430);
#6428 = CARTESIAN_POINT('',(-0.88,-4.217,0.368));
#6429 = DIRECTION('',(-1.1E-16,3.3E-16,1.));
#6430 = DIRECTION('',(-1.29368257903E-48,1.,-3.3E-16));
#6431 = ADVANCED_FACE('',(#6432),#6448,.T.);
#6432 = FACE_BOUND('',#6433,.T.);
#6433 = EDGE_LOOP('',(#6434,#6435,#6441,#6442));
#6434 = ORIENTED_EDGE('',*,*,#6333,.T.);
#6435 = ORIENTED_EDGE('',*,*,#6436,.T.);
#6436 = EDGE_CURVE('',#6336,#6407,#6437,.T.);
#6437 = LINE('',#6438,#6439);
#6438 = CARTESIAN_POINT('',(-0.62,-4.257,0.328));
#6439 = VECTOR('',#6440,1.);
#6440 = DIRECTION('',(-3.899999999994E-16,0.707106781187,0.707106781187)
  );
#6441 = ORIENTED_EDGE('',*,*,#6404,.F.);
#6442 = ORIENTED_EDGE('',*,*,#6443,.F.);
#6443 = EDGE_CURVE('',#6334,#6405,#6444,.T.);
#6444 = LINE('',#6445,#6446);
#6445 = CARTESIAN_POINT('',(-0.88,-4.257,0.328));
#6446 = VECTOR('',#6447,1.);
#6447 = DIRECTION('',(-3.899999999994E-16,0.707106781187,0.707106781187)
  );
#6448 = PLANE('',#6449);
#6449 = AXIS2_PLACEMENT_3D('',#6450,#6451,#6452);
#6450 = CARTESIAN_POINT('',(-0.88,-4.257,0.328));
#6451 = DIRECTION('',(-2.399999999994E-16,-0.707106781187,0.707106781187
    ));
#6452 = DIRECTION('',(-2.399999999994E-16,0.707106781187,0.707106781187)
  );
#6453 = ADVANCED_FACE('',(#6454),#6460,.F.);
#6454 = FACE_BOUND('',#6455,.F.);
#6455 = EDGE_LOOP('',(#6456,#6457,#6458,#6459));
#6456 = ORIENTED_EDGE('',*,*,#6359,.T.);
#6457 = ORIENTED_EDGE('',*,*,#6390,.F.);
#6458 = ORIENTED_EDGE('',*,*,#6421,.F.);
#6459 = ORIENTED_EDGE('',*,*,#6443,.F.);
#6460 = PLANE('',#6461);
#6461 = AXIS2_PLACEMENT_3D('',#6462,#6463,#6464);
#6462 = CARTESIAN_POINT('',(-0.88,-3.126142135624,0.347824429284));
#6463 = DIRECTION('',(1.,-2.2E-16,-1.1E-16));
#6464 = DIRECTION('',(1.1E-16,-1.1E-16,1.));
#6465 = ADVANCED_FACE('',(#6466),#6472,.T.);
#6466 = FACE_BOUND('',#6467,.T.);
#6467 = EDGE_LOOP('',(#6468,#6469,#6470,#6471));
#6468 = ORIENTED_EDGE('',*,*,#6343,.T.);
#6469 = ORIENTED_EDGE('',*,*,#6383,.F.);
#6470 = ORIENTED_EDGE('',*,*,#6414,.F.);
#6471 = ORIENTED_EDGE('',*,*,#6436,.F.);
#6472 = PLANE('',#6473);
#6473 = AXIS2_PLACEMENT_3D('',#6474,#6475,#6476);
#6474 = CARTESIAN_POINT('',(-0.62,-3.126142135624,0.347824429284));
#6475 = DIRECTION('',(1.,-2.2E-16,-1.1E-16));
#6476 = DIRECTION('',(1.1E-16,-1.1E-16,1.));
#6477 = MANIFOLD_SOLID_BREP('',#6478);
#6478 = CLOSED_SHELL('',(#6479,#6519,#6550,#6581,#6603,#6615));
#6479 = ADVANCED_FACE('',(#6480),#6514,.F.);
#6480 = FACE_BOUND('',#6481,.F.);
#6481 = EDGE_LOOP('',(#6482,#6492,#6500,#6508));
#6482 = ORIENTED_EDGE('',*,*,#6483,.T.);
#6483 = EDGE_CURVE('',#6484,#6486,#6488,.T.);
#6484 = VERTEX_POINT('',#6485);
#6485 = CARTESIAN_POINT('',(-0.38,-4.257,0.328));
#6486 = VERTEX_POINT('',#6487);
#6487 = CARTESIAN_POINT('',(-0.12,-4.257,0.328));
#6488 = LINE('',#6489,#6490);
#6489 = CARTESIAN_POINT('',(-0.38,-4.257,0.328));
#6490 = VECTOR('',#6491,1.);
#6491 = DIRECTION('',(1.,-2.2E-16,1.1E-16));
#6492 = ORIENTED_EDGE('',*,*,#6493,.T.);
#6493 = EDGE_CURVE('',#6486,#6494,#6496,.T.);
#6494 = VERTEX_POINT('',#6495);
#6495 = CARTESIAN_POINT('',(-0.12,-2.007,0.328));
#6496 = LINE('',#6497,#6498);
#6497 = CARTESIAN_POINT('',(-0.12,-4.257,0.328));
#6498 = VECTOR('',#6499,1.);
#6499 = DIRECTION('',(-2.2E-16,1.,-3.3E-16));
#6500 = ORIENTED_EDGE('',*,*,#6501,.F.);
#6501 = EDGE_CURVE('',#6502,#6494,#6504,.T.);
#6502 = VERTEX_POINT('',#6503);
#6503 = CARTESIAN_POINT('',(-0.38,-2.007,0.328));
#6504 = LINE('',#6505,#6506);
#6505 = CARTESIAN_POINT('',(-0.38,-2.007,0.328));
#6506 = VECTOR('',#6507,1.);
#6507 = DIRECTION('',(1.,-2.2E-16,1.1E-16));
#6508 = ORIENTED_EDGE('',*,*,#6509,.F.);
#6509 = EDGE_CURVE('',#6484,#6502,#6510,.T.);
#6510 = LINE('',#6511,#6512);
#6511 = CARTESIAN_POINT('',(-0.38,-4.257,0.328));
#6512 = VECTOR('',#6513,1.);
#6513 = DIRECTION('',(-2.2E-16,1.,-3.3E-16));
#6514 = PLANE('',#6515);
#6515 = AXIS2_PLACEMENT_3D('',#6516,#6517,#6518);
#6516 = CARTESIAN_POINT('',(-0.38,-4.257,0.328));
#6517 = DIRECTION('',(-1.1E-16,3.3E-16,1.));
#6518 = DIRECTION('',(-1.29368257903E-48,1.,-3.3E-16));
#6519 = ADVANCED_FACE('',(#6520),#6545,.T.);
#6520 = FACE_BOUND('',#6521,.T.);
#6521 = EDGE_LOOP('',(#6522,#6532,#6538,#6539));
#6522 = ORIENTED_EDGE('',*,*,#6523,.T.);
#6523 = EDGE_CURVE('',#6524,#6526,#6528,.T.);
#6524 = VERTEX_POINT('',#6525);
#6525 = CARTESIAN_POINT('',(-0.38,-2.007,0.368));
#6526 = VERTEX_POINT('',#6527);
#6527 = CARTESIAN_POINT('',(-0.12,-2.007,0.368));
#6528 = LINE('',#6529,#6530);
#6529 = CARTESIAN_POINT('',(-0.38,-2.007,0.368));
#6530 = VECTOR('',#6531,1.);
#6531 = DIRECTION('',(1.,-2.2E-16,1.1E-16));
#6532 = ORIENTED_EDGE('',*,*,#6533,.T.);
#6533 = EDGE_CURVE('',#6526,#6494,#6534,.T.);
#6534 = LINE('',#6535,#6536);
#6535 = CARTESIAN_POINT('',(-0.12,-2.007,0.368));
#6536 = VECTOR('',#6537,1.);
#6537 = DIRECTION('',(3.3E-16,1.1E-16,-1.));
#6538 = ORIENTED_EDGE('',*,*,#6501,.F.);
#6539 = ORIENTED_EDGE('',*,*,#6540,.F.);
#6540 = EDGE_CURVE('',#6524,#6502,#6541,.T.);
#6541 = LINE('',#6542,#6543);
#6542 = CARTESIAN_POINT('',(-0.38,-2.007,0.368));
#6543 = VECTOR('',#6544,1.);
#6544 = DIRECTION('',(3.3E-16,1.1E-16,-1.));
#6545 = PLANE('',#6546);
#6546 = AXIS2_PLACEMENT_3D('',#6547,#6548,#6549);
#6547 = CARTESIAN_POINT('',(-0.38,-2.007,0.368));
#6548 = DIRECTION('',(2.2E-16,1.,-1.1E-16));
#6549 = DIRECTION('',(3.3E-16,-1.1E-16,-1.));
#6550 = ADVANCED_FACE('',(#6551),#6576,.T.);
#6551 = FACE_BOUND('',#6552,.T.);
#6552 = EDGE_LOOP('',(#6553,#6563,#6569,#6570));
#6553 = ORIENTED_EDGE('',*,*,#6554,.T.);
#6554 = EDGE_CURVE('',#6555,#6557,#6559,.T.);
#6555 = VERTEX_POINT('',#6556);
#6556 = CARTESIAN_POINT('',(-0.38,-4.217,0.368));
#6557 = VERTEX_POINT('',#6558);
#6558 = CARTESIAN_POINT('',(-0.12,-4.217,0.368));
#6559 = LINE('',#6560,#6561);
#6560 = CARTESIAN_POINT('',(-0.38,-4.217,0.368));
#6561 = VECTOR('',#6562,1.);
#6562 = DIRECTION('',(1.,-2.2E-16,1.1E-16));
#6563 = ORIENTED_EDGE('',*,*,#6564,.T.);
#6564 = EDGE_CURVE('',#6557,#6526,#6565,.T.);
#6565 = LINE('',#6566,#6567);
#6566 = CARTESIAN_POINT('',(-0.12,-4.217,0.368));
#6567 = VECTOR('',#6568,1.);
#6568 = DIRECTION('',(-2.2E-16,1.,-3.3E-16));
#6569 = ORIENTED_EDGE('',*,*,#6523,.F.);
#6570 = ORIENTED_EDGE('',*,*,#6571,.F.);
#6571 = EDGE_CURVE('',#6555,#6524,#6572,.T.);
#6572 = LINE('',#6573,#6574);
#6573 = CARTESIAN_POINT('',(-0.38,-4.217,0.368));
#6574 = VECTOR('',#6575,1.);
#6575 = DIRECTION('',(-2.2E-16,1.,-3.3E-16));
#6576 = PLANE('',#6577);
#6577 = AXIS2_PLACEMENT_3D('',#6578,#6579,#6580);
#6578 = CARTESIAN_POINT('',(-0.38,-4.217,0.368));
#6579 = DIRECTION('',(-1.1E-16,3.3E-16,1.));
#6580 = DIRECTION('',(-1.29368257903E-48,1.,-3.3E-16));
#6581 = ADVANCED_FACE('',(#6582),#6598,.T.);
#6582 = FACE_BOUND('',#6583,.T.);
#6583 = EDGE_LOOP('',(#6584,#6585,#6591,#6592));
#6584 = ORIENTED_EDGE('',*,*,#6483,.T.);
#6585 = ORIENTED_EDGE('',*,*,#6586,.T.);
#6586 = EDGE_CURVE('',#6486,#6557,#6587,.T.);
#6587 = LINE('',#6588,#6589);
#6588 = CARTESIAN_POINT('',(-0.12,-4.257,0.328));
#6589 = VECTOR('',#6590,1.);
#6590 = DIRECTION('',(-3.899999999994E-16,0.707106781187,0.707106781187)
  );
#6591 = ORIENTED_EDGE('',*,*,#6554,.F.);
#6592 = ORIENTED_EDGE('',*,*,#6593,.F.);
#6593 = EDGE_CURVE('',#6484,#6555,#6594,.T.);
#6594 = LINE('',#6595,#6596);
#6595 = CARTESIAN_POINT('',(-0.38,-4.257,0.328));
#6596 = VECTOR('',#6597,1.);
#6597 = DIRECTION('',(-3.899999999994E-16,0.707106781187,0.707106781187)
  );
#6598 = PLANE('',#6599);
#6599 = AXIS2_PLACEMENT_3D('',#6600,#6601,#6602);
#6600 = CARTESIAN_POINT('',(-0.38,-4.257,0.328));
#6601 = DIRECTION('',(-2.399999999994E-16,-0.707106781187,0.707106781187
    ));
#6602 = DIRECTION('',(-2.399999999994E-16,0.707106781187,0.707106781187)
  );
#6603 = ADVANCED_FACE('',(#6604),#6610,.F.);
#6604 = FACE_BOUND('',#6605,.F.);
#6605 = EDGE_LOOP('',(#6606,#6607,#6608,#6609));
#6606 = ORIENTED_EDGE('',*,*,#6509,.T.);
#6607 = ORIENTED_EDGE('',*,*,#6540,.F.);
#6608 = ORIENTED_EDGE('',*,*,#6571,.F.);
#6609 = ORIENTED_EDGE('',*,*,#6593,.F.);
#6610 = PLANE('',#6611);
#6611 = AXIS2_PLACEMENT_3D('',#6612,#6613,#6614);
#6612 = CARTESIAN_POINT('',(-0.38,-3.126142135624,0.347824429284));
#6613 = DIRECTION('',(1.,-2.2E-16,-1.1E-16));
#6614 = DIRECTION('',(1.1E-16,-1.1E-16,1.));
#6615 = ADVANCED_FACE('',(#6616),#6622,.T.);
#6616 = FACE_BOUND('',#6617,.T.);
#6617 = EDGE_LOOP('',(#6618,#6619,#6620,#6621));
#6618 = ORIENTED_EDGE('',*,*,#6493,.T.);
#6619 = ORIENTED_EDGE('',*,*,#6533,.F.);
#6620 = ORIENTED_EDGE('',*,*,#6564,.F.);
#6621 = ORIENTED_EDGE('',*,*,#6586,.F.);
#6622 = PLANE('',#6623);
#6623 = AXIS2_PLACEMENT_3D('',#6624,#6625,#6626);
#6624 = CARTESIAN_POINT('',(-0.12,-3.126142135624,0.347824429284));
#6625 = DIRECTION('',(1.,-2.2E-16,-1.1E-16));
#6626 = DIRECTION('',(1.1E-16,-1.1E-16,1.));
#6627 = MANIFOLD_SOLID_BREP('',#6628);
#6628 = CLOSED_SHELL('',(#6629,#6669,#6700,#6731,#6753,#6765));
#6629 = ADVANCED_FACE('',(#6630),#6664,.F.);
#6630 = FACE_BOUND('',#6631,.F.);
#6631 = EDGE_LOOP('',(#6632,#6642,#6650,#6658));
#6632 = ORIENTED_EDGE('',*,*,#6633,.T.);
#6633 = EDGE_CURVE('',#6634,#6636,#6638,.T.);
#6634 = VERTEX_POINT('',#6635);
#6635 = CARTESIAN_POINT('',(0.12,-4.257,0.328));
#6636 = VERTEX_POINT('',#6637);
#6637 = CARTESIAN_POINT('',(0.38,-4.257,0.328));
#6638 = LINE('',#6639,#6640);
#6639 = CARTESIAN_POINT('',(0.12,-4.257,0.328));
#6640 = VECTOR('',#6641,1.);
#6641 = DIRECTION('',(1.,-2.2E-16,1.1E-16));
#6642 = ORIENTED_EDGE('',*,*,#6643,.T.);
#6643 = EDGE_CURVE('',#6636,#6644,#6646,.T.);
#6644 = VERTEX_POINT('',#6645);
#6645 = CARTESIAN_POINT('',(0.38,-2.007,0.328));
#6646 = LINE('',#6647,#6648);
#6647 = CARTESIAN_POINT('',(0.38,-4.257,0.328));
#6648 = VECTOR('',#6649,1.);
#6649 = DIRECTION('',(-2.2E-16,1.,-3.3E-16));
#6650 = ORIENTED_EDGE('',*,*,#6651,.F.);
#6651 = EDGE_CURVE('',#6652,#6644,#6654,.T.);
#6652 = VERTEX_POINT('',#6653);
#6653 = CARTESIAN_POINT('',(0.12,-2.007,0.328));
#6654 = LINE('',#6655,#6656);
#6655 = CARTESIAN_POINT('',(0.12,-2.007,0.328));
#6656 = VECTOR('',#6657,1.);
#6657 = DIRECTION('',(1.,-2.2E-16,1.1E-16));
#6658 = ORIENTED_EDGE('',*,*,#6659,.F.);
#6659 = EDGE_CURVE('',#6634,#6652,#6660,.T.);
#6660 = LINE('',#6661,#6662);
#6661 = CARTESIAN_POINT('',(0.12,-4.257,0.328));
#6662 = VECTOR('',#6663,1.);
#6663 = DIRECTION('',(-2.2E-16,1.,-3.3E-16));
#6664 = PLANE('',#6665);
#6665 = AXIS2_PLACEMENT_3D('',#6666,#6667,#6668);
#6666 = CARTESIAN_POINT('',(0.12,-4.257,0.328));
#6667 = DIRECTION('',(-1.1E-16,3.3E-16,1.));
#6668 = DIRECTION('',(-1.29368257903E-48,1.,-3.3E-16));
#6669 = ADVANCED_FACE('',(#6670),#6695,.T.);
#6670 = FACE_BOUND('',#6671,.T.);
#6671 = EDGE_LOOP('',(#6672,#6682,#6688,#6689));
#6672 = ORIENTED_EDGE('',*,*,#6673,.T.);
#6673 = EDGE_CURVE('',#6674,#6676,#6678,.T.);
#6674 = VERTEX_POINT('',#6675);
#6675 = CARTESIAN_POINT('',(0.12,-2.007,0.368));
#6676 = VERTEX_POINT('',#6677);
#6677 = CARTESIAN_POINT('',(0.38,-2.007,0.368));
#6678 = LINE('',#6679,#6680);
#6679 = CARTESIAN_POINT('',(0.12,-2.007,0.368));
#6680 = VECTOR('',#6681,1.);
#6681 = DIRECTION('',(1.,-2.2E-16,1.1E-16));
#6682 = ORIENTED_EDGE('',*,*,#6683,.T.);
#6683 = EDGE_CURVE('',#6676,#6644,#6684,.T.);
#6684 = LINE('',#6685,#6686);
#6685 = CARTESIAN_POINT('',(0.38,-2.007,0.368));
#6686 = VECTOR('',#6687,1.);
#6687 = DIRECTION('',(3.3E-16,1.1E-16,-1.));
#6688 = ORIENTED_EDGE('',*,*,#6651,.F.);
#6689 = ORIENTED_EDGE('',*,*,#6690,.F.);
#6690 = EDGE_CURVE('',#6674,#6652,#6691,.T.);
#6691 = LINE('',#6692,#6693);
#6692 = CARTESIAN_POINT('',(0.12,-2.007,0.368));
#6693 = VECTOR('',#6694,1.);
#6694 = DIRECTION('',(3.3E-16,1.1E-16,-1.));
#6695 = PLANE('',#6696);
#6696 = AXIS2_PLACEMENT_3D('',#6697,#6698,#6699);
#6697 = CARTESIAN_POINT('',(0.12,-2.007,0.368));
#6698 = DIRECTION('',(2.2E-16,1.,-1.1E-16));
#6699 = DIRECTION('',(3.3E-16,-1.1E-16,-1.));
#6700 = ADVANCED_FACE('',(#6701),#6726,.T.);
#6701 = FACE_BOUND('',#6702,.T.);
#6702 = EDGE_LOOP('',(#6703,#6713,#6719,#6720));
#6703 = ORIENTED_EDGE('',*,*,#6704,.T.);
#6704 = EDGE_CURVE('',#6705,#6707,#6709,.T.);
#6705 = VERTEX_POINT('',#6706);
#6706 = CARTESIAN_POINT('',(0.12,-4.217,0.368));
#6707 = VERTEX_POINT('',#6708);
#6708 = CARTESIAN_POINT('',(0.38,-4.217,0.368));
#6709 = LINE('',#6710,#6711);
#6710 = CARTESIAN_POINT('',(0.12,-4.217,0.368));
#6711 = VECTOR('',#6712,1.);
#6712 = DIRECTION('',(1.,-2.2E-16,1.1E-16));
#6713 = ORIENTED_EDGE('',*,*,#6714,.T.);
#6714 = EDGE_CURVE('',#6707,#6676,#6715,.T.);
#6715 = LINE('',#6716,#6717);
#6716 = CARTESIAN_POINT('',(0.38,-4.217,0.368));
#6717 = VECTOR('',#6718,1.);
#6718 = DIRECTION('',(-2.2E-16,1.,-3.3E-16));
#6719 = ORIENTED_EDGE('',*,*,#6673,.F.);
#6720 = ORIENTED_EDGE('',*,*,#6721,.F.);
#6721 = EDGE_CURVE('',#6705,#6674,#6722,.T.);
#6722 = LINE('',#6723,#6724);
#6723 = CARTESIAN_POINT('',(0.12,-4.217,0.368));
#6724 = VECTOR('',#6725,1.);
#6725 = DIRECTION('',(-2.2E-16,1.,-3.3E-16));
#6726 = PLANE('',#6727);
#6727 = AXIS2_PLACEMENT_3D('',#6728,#6729,#6730);
#6728 = CARTESIAN_POINT('',(0.12,-4.217,0.368));
#6729 = DIRECTION('',(-1.1E-16,3.3E-16,1.));
#6730 = DIRECTION('',(-1.29368257903E-48,1.,-3.3E-16));
#6731 = ADVANCED_FACE('',(#6732),#6748,.T.);
#6732 = FACE_BOUND('',#6733,.T.);
#6733 = EDGE_LOOP('',(#6734,#6735,#6741,#6742));
#6734 = ORIENTED_EDGE('',*,*,#6633,.T.);
#6735 = ORIENTED_EDGE('',*,*,#6736,.T.);
#6736 = EDGE_CURVE('',#6636,#6707,#6737,.T.);
#6737 = LINE('',#6738,#6739);
#6738 = CARTESIAN_POINT('',(0.38,-4.257,0.328));
#6739 = VECTOR('',#6740,1.);
#6740 = DIRECTION('',(-3.899999999994E-16,0.707106781187,0.707106781187)
  );
#6741 = ORIENTED_EDGE('',*,*,#6704,.F.);
#6742 = ORIENTED_EDGE('',*,*,#6743,.F.);
#6743 = EDGE_CURVE('',#6634,#6705,#6744,.T.);
#6744 = LINE('',#6745,#6746);
#6745 = CARTESIAN_POINT('',(0.12,-4.257,0.328));
#6746 = VECTOR('',#6747,1.);
#6747 = DIRECTION('',(-3.899999999994E-16,0.707106781187,0.707106781187)
  );
#6748 = PLANE('',#6749);
#6749 = AXIS2_PLACEMENT_3D('',#6750,#6751,#6752);
#6750 = CARTESIAN_POINT('',(0.12,-4.257,0.328));
#6751 = DIRECTION('',(-2.399999999994E-16,-0.707106781187,0.707106781187
    ));
#6752 = DIRECTION('',(-2.399999999994E-16,0.707106781187,0.707106781187)
  );
#6753 = ADVANCED_FACE('',(#6754),#6760,.F.);
#6754 = FACE_BOUND('',#6755,.F.);
#6755 = EDGE_LOOP('',(#6756,#6757,#6758,#6759));
#6756 = ORIENTED_EDGE('',*,*,#6659,.T.);
#6757 = ORIENTED_EDGE('',*,*,#6690,.F.);
#6758 = ORIENTED_EDGE('',*,*,#6721,.F.);
#6759 = ORIENTED_EDGE('',*,*,#6743,.F.);
#6760 = PLANE('',#6761);
#6761 = AXIS2_PLACEMENT_3D('',#6762,#6763,#6764);
#6762 = CARTESIAN_POINT('',(0.12,-3.126142135624,0.347824429284));
#6763 = DIRECTION('',(1.,-2.2E-16,-1.1E-16));
#6764 = DIRECTION('',(1.1E-16,-1.1E-16,1.));
#6765 = ADVANCED_FACE('',(#6766),#6772,.T.);
#6766 = FACE_BOUND('',#6767,.T.);
#6767 = EDGE_LOOP('',(#6768,#6769,#6770,#6771));
#6768 = ORIENTED_EDGE('',*,*,#6643,.T.);
#6769 = ORIENTED_EDGE('',*,*,#6683,.F.);
#6770 = ORIENTED_EDGE('',*,*,#6714,.F.);
#6771 = ORIENTED_EDGE('',*,*,#6736,.F.);
#6772 = PLANE('',#6773);
#6773 = AXIS2_PLACEMENT_3D('',#6774,#6775,#6776);
#6774 = CARTESIAN_POINT('',(0.38,-3.126142135624,0.347824429284));
#6775 = DIRECTION('',(1.,-2.2E-16,-1.1E-16));
#6776 = DIRECTION('',(1.1E-16,-1.1E-16,1.));
#6777 = MANIFOLD_SOLID_BREP('',#6778);
#6778 = CLOSED_SHELL('',(#6779,#6819,#6850,#6881,#6903,#6915));
#6779 = ADVANCED_FACE('',(#6780),#6814,.F.);
#6780 = FACE_BOUND('',#6781,.F.);
#6781 = EDGE_LOOP('',(#6782,#6792,#6800,#6808));
#6782 = ORIENTED_EDGE('',*,*,#6783,.T.);
#6783 = EDGE_CURVE('',#6784,#6786,#6788,.T.);
#6784 = VERTEX_POINT('',#6785);
#6785 = CARTESIAN_POINT('',(0.62,-4.257,0.328));
#6786 = VERTEX_POINT('',#6787);
#6787 = CARTESIAN_POINT('',(0.88,-4.257,0.328));
#6788 = LINE('',#6789,#6790);
#6789 = CARTESIAN_POINT('',(0.62,-4.257,0.328));
#6790 = VECTOR('',#6791,1.);
#6791 = DIRECTION('',(1.,-2.2E-16,1.1E-16));
#6792 = ORIENTED_EDGE('',*,*,#6793,.T.);
#6793 = EDGE_CURVE('',#6786,#6794,#6796,.T.);
#6794 = VERTEX_POINT('',#6795);
#6795 = CARTESIAN_POINT('',(0.88,-2.007,0.328));
#6796 = LINE('',#6797,#6798);
#6797 = CARTESIAN_POINT('',(0.88,-4.257,0.328));
#6798 = VECTOR('',#6799,1.);
#6799 = DIRECTION('',(-2.2E-16,1.,-3.3E-16));
#6800 = ORIENTED_EDGE('',*,*,#6801,.F.);
#6801 = EDGE_CURVE('',#6802,#6794,#6804,.T.);
#6802 = VERTEX_POINT('',#6803);
#6803 = CARTESIAN_POINT('',(0.62,-2.007,0.328));
#6804 = LINE('',#6805,#6806);
#6805 = CARTESIAN_POINT('',(0.62,-2.007,0.328));
#6806 = VECTOR('',#6807,1.);
#6807 = DIRECTION('',(1.,-2.2E-16,1.1E-16));
#6808 = ORIENTED_EDGE('',*,*,#6809,.F.);
#6809 = EDGE_CURVE('',#6784,#6802,#6810,.T.);
#6810 = LINE('',#6811,#6812);
#6811 = CARTESIAN_POINT('',(0.62,-4.257,0.328));
#6812 = VECTOR('',#6813,1.);
#6813 = DIRECTION('',(-2.2E-16,1.,-3.3E-16));
#6814 = PLANE('',#6815);
#6815 = AXIS2_PLACEMENT_3D('',#6816,#6817,#6818);
#6816 = CARTESIAN_POINT('',(0.62,-4.257,0.328));
#6817 = DIRECTION('',(-1.1E-16,3.3E-16,1.));
#6818 = DIRECTION('',(-1.29368257903E-48,1.,-3.3E-16));
#6819 = ADVANCED_FACE('',(#6820),#6845,.T.);
#6820 = FACE_BOUND('',#6821,.T.);
#6821 = EDGE_LOOP('',(#6822,#6832,#6838,#6839));
#6822 = ORIENTED_EDGE('',*,*,#6823,.T.);
#6823 = EDGE_CURVE('',#6824,#6826,#6828,.T.);
#6824 = VERTEX_POINT('',#6825);
#6825 = CARTESIAN_POINT('',(0.62,-2.007,0.368));
#6826 = VERTEX_POINT('',#6827);
#6827 = CARTESIAN_POINT('',(0.88,-2.007,0.368));
#6828 = LINE('',#6829,#6830);
#6829 = CARTESIAN_POINT('',(0.62,-2.007,0.368));
#6830 = VECTOR('',#6831,1.);
#6831 = DIRECTION('',(1.,-2.2E-16,1.1E-16));
#6832 = ORIENTED_EDGE('',*,*,#6833,.T.);
#6833 = EDGE_CURVE('',#6826,#6794,#6834,.T.);
#6834 = LINE('',#6835,#6836);
#6835 = CARTESIAN_POINT('',(0.88,-2.007,0.368));
#6836 = VECTOR('',#6837,1.);
#6837 = DIRECTION('',(3.3E-16,1.1E-16,-1.));
#6838 = ORIENTED_EDGE('',*,*,#6801,.F.);
#6839 = ORIENTED_EDGE('',*,*,#6840,.F.);
#6840 = EDGE_CURVE('',#6824,#6802,#6841,.T.);
#6841 = LINE('',#6842,#6843);
#6842 = CARTESIAN_POINT('',(0.62,-2.007,0.368));
#6843 = VECTOR('',#6844,1.);
#6844 = DIRECTION('',(3.3E-16,1.1E-16,-1.));
#6845 = PLANE('',#6846);
#6846 = AXIS2_PLACEMENT_3D('',#6847,#6848,#6849);
#6847 = CARTESIAN_POINT('',(0.62,-2.007,0.368));
#6848 = DIRECTION('',(2.2E-16,1.,-1.1E-16));
#6849 = DIRECTION('',(3.3E-16,-1.1E-16,-1.));
#6850 = ADVANCED_FACE('',(#6851),#6876,.T.);
#6851 = FACE_BOUND('',#6852,.T.);
#6852 = EDGE_LOOP('',(#6853,#6863,#6869,#6870));
#6853 = ORIENTED_EDGE('',*,*,#6854,.T.);
#6854 = EDGE_CURVE('',#6855,#6857,#6859,.T.);
#6855 = VERTEX_POINT('',#6856);
#6856 = CARTESIAN_POINT('',(0.62,-4.217,0.368));
#6857 = VERTEX_POINT('',#6858);
#6858 = CARTESIAN_POINT('',(0.88,-4.217,0.368));
#6859 = LINE('',#6860,#6861);
#6860 = CARTESIAN_POINT('',(0.62,-4.217,0.368));
#6861 = VECTOR('',#6862,1.);
#6862 = DIRECTION('',(1.,-2.2E-16,1.1E-16));
#6863 = ORIENTED_EDGE('',*,*,#6864,.T.);
#6864 = EDGE_CURVE('',#6857,#6826,#6865,.T.);
#6865 = LINE('',#6866,#6867);
#6866 = CARTESIAN_POINT('',(0.88,-4.217,0.368));
#6867 = VECTOR('',#6868,1.);
#6868 = DIRECTION('',(-2.2E-16,1.,-3.3E-16));
#6869 = ORIENTED_EDGE('',*,*,#6823,.F.);
#6870 = ORIENTED_EDGE('',*,*,#6871,.F.);
#6871 = EDGE_CURVE('',#6855,#6824,#6872,.T.);
#6872 = LINE('',#6873,#6874);
#6873 = CARTESIAN_POINT('',(0.62,-4.217,0.368));
#6874 = VECTOR('',#6875,1.);
#6875 = DIRECTION('',(-2.2E-16,1.,-3.3E-16));
#6876 = PLANE('',#6877);
#6877 = AXIS2_PLACEMENT_3D('',#6878,#6879,#6880);
#6878 = CARTESIAN_POINT('',(0.62,-4.217,0.368));
#6879 = DIRECTION('',(-1.1E-16,3.3E-16,1.));
#6880 = DIRECTION('',(-1.29368257903E-48,1.,-3.3E-16));
#6881 = ADVANCED_FACE('',(#6882),#6898,.T.);
#6882 = FACE_BOUND('',#6883,.T.);
#6883 = EDGE_LOOP('',(#6884,#6885,#6891,#6892));
#6884 = ORIENTED_EDGE('',*,*,#6783,.T.);
#6885 = ORIENTED_EDGE('',*,*,#6886,.T.);
#6886 = EDGE_CURVE('',#6786,#6857,#6887,.T.);
#6887 = LINE('',#6888,#6889);
#6888 = CARTESIAN_POINT('',(0.88,-4.257,0.328));
#6889 = VECTOR('',#6890,1.);
#6890 = DIRECTION('',(-3.899999999994E-16,0.707106781187,0.707106781187)
  );
#6891 = ORIENTED_EDGE('',*,*,#6854,.F.);
#6892 = ORIENTED_EDGE('',*,*,#6893,.F.);
#6893 = EDGE_CURVE('',#6784,#6855,#6894,.T.);
#6894 = LINE('',#6895,#6896);
#6895 = CARTESIAN_POINT('',(0.62,-4.257,0.328));
#6896 = VECTOR('',#6897,1.);
#6897 = DIRECTION('',(-3.899999999994E-16,0.707106781187,0.707106781187)
  );
#6898 = PLANE('',#6899);
#6899 = AXIS2_PLACEMENT_3D('',#6900,#6901,#6902);
#6900 = CARTESIAN_POINT('',(0.62,-4.257,0.328));
#6901 = DIRECTION('',(-2.399999999994E-16,-0.707106781187,0.707106781187
    ));
#6902 = DIRECTION('',(-2.399999999994E-16,0.707106781187,0.707106781187)
  );
#6903 = ADVANCED_FACE('',(#6904),#6910,.F.);
#6904 = FACE_BOUND('',#6905,.F.);
#6905 = EDGE_LOOP('',(#6906,#6907,#6908,#6909));
#6906 = ORIENTED_EDGE('',*,*,#6809,.T.);
#6907 = ORIENTED_EDGE('',*,*,#6840,.F.);
#6908 = ORIENTED_EDGE('',*,*,#6871,.F.);
#6909 = ORIENTED_EDGE('',*,*,#6893,.F.);
#6910 = PLANE('',#6911);
#6911 = AXIS2_PLACEMENT_3D('',#6912,#6913,#6914);
#6912 = CARTESIAN_POINT('',(0.62,-3.126142135624,0.347824429284));
#6913 = DIRECTION('',(1.,-2.2E-16,-1.1E-16));
#6914 = DIRECTION('',(1.1E-16,-1.1E-16,1.));
#6915 = ADVANCED_FACE('',(#6916),#6922,.T.);
#6916 = FACE_BOUND('',#6917,.T.);
#6917 = EDGE_LOOP('',(#6918,#6919,#6920,#6921));
#6918 = ORIENTED_EDGE('',*,*,#6793,.T.);
#6919 = ORIENTED_EDGE('',*,*,#6833,.F.);
#6920 = ORIENTED_EDGE('',*,*,#6864,.F.);
#6921 = ORIENTED_EDGE('',*,*,#6886,.F.);
#6922 = PLANE('',#6923);
#6923 = AXIS2_PLACEMENT_3D('',#6924,#6925,#6926);
#6924 = CARTESIAN_POINT('',(0.88,-3.126142135624,0.347824429284));
#6925 = DIRECTION('',(1.,-2.2E-16,-1.1E-16));
#6926 = DIRECTION('',(1.1E-16,-1.1E-16,1.));
#6927 = MANIFOLD_SOLID_BREP('',#6928);
#6928 = CLOSED_SHELL('',(#6929,#6969,#7000,#7031,#7053,#7065));
#6929 = ADVANCED_FACE('',(#6930),#6964,.F.);
#6930 = FACE_BOUND('',#6931,.F.);
#6931 = EDGE_LOOP('',(#6932,#6942,#6950,#6958));
#6932 = ORIENTED_EDGE('',*,*,#6933,.T.);
#6933 = EDGE_CURVE('',#6934,#6936,#6938,.T.);
#6934 = VERTEX_POINT('',#6935);
#6935 = CARTESIAN_POINT('',(-2.62,-4.457,-0.328));
#6936 = VERTEX_POINT('',#6937);
#6937 = CARTESIAN_POINT('',(-2.88,-4.457,-0.328));
#6938 = LINE('',#6939,#6940);
#6939 = CARTESIAN_POINT('',(-2.62,-4.457,-0.328));
#6940 = VECTOR('',#6941,1.);
#6941 = DIRECTION('',(-1.,-2.2E-16,-1.1E-16));
#6942 = ORIENTED_EDGE('',*,*,#6943,.T.);
#6943 = EDGE_CURVE('',#6936,#6944,#6946,.T.);
#6944 = VERTEX_POINT('',#6945);
#6945 = CARTESIAN_POINT('',(-2.88,-2.007,-0.328));
#6946 = LINE('',#6947,#6948);
#6947 = CARTESIAN_POINT('',(-2.88,-4.457,-0.328));
#6948 = VECTOR('',#6949,1.);
#6949 = DIRECTION('',(2.2E-16,1.,3.3E-16));
#6950 = ORIENTED_EDGE('',*,*,#6951,.F.);
#6951 = EDGE_CURVE('',#6952,#6944,#6954,.T.);
#6952 = VERTEX_POINT('',#6953);
#6953 = CARTESIAN_POINT('',(-2.62,-2.007,-0.328));
#6954 = LINE('',#6955,#6956);
#6955 = CARTESIAN_POINT('',(-2.62,-2.007,-0.328));
#6956 = VECTOR('',#6957,1.);
#6957 = DIRECTION('',(-1.,-2.2E-16,-1.1E-16));
#6958 = ORIENTED_EDGE('',*,*,#6959,.F.);
#6959 = EDGE_CURVE('',#6934,#6952,#6960,.T.);
#6960 = LINE('',#6961,#6962);
#6961 = CARTESIAN_POINT('',(-2.62,-4.457,-0.328));
#6962 = VECTOR('',#6963,1.);
#6963 = DIRECTION('',(2.2E-16,1.,3.3E-16));
#6964 = PLANE('',#6965);
#6965 = AXIS2_PLACEMENT_3D('',#6966,#6967,#6968);
#6966 = CARTESIAN_POINT('',(-2.62,-4.457,-0.328));
#6967 = DIRECTION('',(1.1E-16,3.3E-16,-1.));
#6968 = DIRECTION('',(1.29368257903E-48,1.,3.3E-16));
#6969 = ADVANCED_FACE('',(#6970),#6995,.T.);
#6970 = FACE_BOUND('',#6971,.T.);
#6971 = EDGE_LOOP('',(#6972,#6982,#6988,#6989));
#6972 = ORIENTED_EDGE('',*,*,#6973,.T.);
#6973 = EDGE_CURVE('',#6974,#6976,#6978,.T.);
#6974 = VERTEX_POINT('',#6975);
#6975 = CARTESIAN_POINT('',(-2.62,-2.007,-0.368));
#6976 = VERTEX_POINT('',#6977);
#6977 = CARTESIAN_POINT('',(-2.88,-2.007,-0.368));
#6978 = LINE('',#6979,#6980);
#6979 = CARTESIAN_POINT('',(-2.62,-2.007,-0.368));
#6980 = VECTOR('',#6981,1.);
#6981 = DIRECTION('',(-1.,-2.2E-16,-1.1E-16));
#6982 = ORIENTED_EDGE('',*,*,#6983,.T.);
#6983 = EDGE_CURVE('',#6976,#6944,#6984,.T.);
#6984 = LINE('',#6985,#6986);
#6985 = CARTESIAN_POINT('',(-2.88,-2.007,-0.368));
#6986 = VECTOR('',#6987,1.);
#6987 = DIRECTION('',(-3.3E-16,1.1E-16,1.));
#6988 = ORIENTED_EDGE('',*,*,#6951,.F.);
#6989 = ORIENTED_EDGE('',*,*,#6990,.F.);
#6990 = EDGE_CURVE('',#6974,#6952,#6991,.T.);
#6991 = LINE('',#6992,#6993);
#6992 = CARTESIAN_POINT('',(-2.62,-2.007,-0.368));
#6993 = VECTOR('',#6994,1.);
#6994 = DIRECTION('',(-3.3E-16,1.1E-16,1.));
#6995 = PLANE('',#6996);
#6996 = AXIS2_PLACEMENT_3D('',#6997,#6998,#6999);
#6997 = CARTESIAN_POINT('',(-2.62,-2.007,-0.368));
#6998 = DIRECTION('',(-2.2E-16,1.,1.1E-16));
#6999 = DIRECTION('',(-3.3E-16,-1.1E-16,1.));
#7000 = ADVANCED_FACE('',(#7001),#7026,.T.);
#7001 = FACE_BOUND('',#7002,.T.);
#7002 = EDGE_LOOP('',(#7003,#7013,#7019,#7020));
#7003 = ORIENTED_EDGE('',*,*,#7004,.T.);
#7004 = EDGE_CURVE('',#7005,#7007,#7009,.T.);
#7005 = VERTEX_POINT('',#7006);
#7006 = CARTESIAN_POINT('',(-2.62,-4.417,-0.368));
#7007 = VERTEX_POINT('',#7008);
#7008 = CARTESIAN_POINT('',(-2.88,-4.417,-0.368));
#7009 = LINE('',#7010,#7011);
#7010 = CARTESIAN_POINT('',(-2.62,-4.417,-0.368));
#7011 = VECTOR('',#7012,1.);
#7012 = DIRECTION('',(-1.,-2.2E-16,-1.1E-16));
#7013 = ORIENTED_EDGE('',*,*,#7014,.T.);
#7014 = EDGE_CURVE('',#7007,#6976,#7015,.T.);
#7015 = LINE('',#7016,#7017);
#7016 = CARTESIAN_POINT('',(-2.88,-4.417,-0.368));
#7017 = VECTOR('',#7018,1.);
#7018 = DIRECTION('',(2.2E-16,1.,3.3E-16));
#7019 = ORIENTED_EDGE('',*,*,#6973,.F.);
#7020 = ORIENTED_EDGE('',*,*,#7021,.F.);
#7021 = EDGE_CURVE('',#7005,#6974,#7022,.T.);
#7022 = LINE('',#7023,#7024);
#7023 = CARTESIAN_POINT('',(-2.62,-4.417,-0.368));
#7024 = VECTOR('',#7025,1.);
#7025 = DIRECTION('',(2.2E-16,1.,3.3E-16));
#7026 = PLANE('',#7027);
#7027 = AXIS2_PLACEMENT_3D('',#7028,#7029,#7030);
#7028 = CARTESIAN_POINT('',(-2.62,-4.417,-0.368));
#7029 = DIRECTION('',(1.1E-16,3.3E-16,-1.));
#7030 = DIRECTION('',(1.29368257903E-48,1.,3.3E-16));
#7031 = ADVANCED_FACE('',(#7032),#7048,.T.);
#7032 = FACE_BOUND('',#7033,.T.);
#7033 = EDGE_LOOP('',(#7034,#7035,#7041,#7042));
#7034 = ORIENTED_EDGE('',*,*,#6933,.T.);
#7035 = ORIENTED_EDGE('',*,*,#7036,.T.);
#7036 = EDGE_CURVE('',#6936,#7007,#7037,.T.);
#7037 = LINE('',#7038,#7039);
#7038 = CARTESIAN_POINT('',(-2.88,-4.457,-0.328));
#7039 = VECTOR('',#7040,1.);
#7040 = DIRECTION('',(3.899999999994E-16,0.707106781187,-0.707106781187)
  );
#7041 = ORIENTED_EDGE('',*,*,#7004,.F.);
#7042 = ORIENTED_EDGE('',*,*,#7043,.F.);
#7043 = EDGE_CURVE('',#6934,#7005,#7044,.T.);
#7044 = LINE('',#7045,#7046);
#7045 = CARTESIAN_POINT('',(-2.62,-4.457,-0.328));
#7046 = VECTOR('',#7047,1.);
#7047 = DIRECTION('',(3.899999999994E-16,0.707106781187,-0.707106781187)
  );
#7048 = PLANE('',#7049);
#7049 = AXIS2_PLACEMENT_3D('',#7050,#7051,#7052);
#7050 = CARTESIAN_POINT('',(-2.62,-4.457,-0.328));
#7051 = DIRECTION('',(2.399999999994E-16,-0.707106781187,-0.707106781187
    ));
#7052 = DIRECTION('',(2.399999999994E-16,0.707106781187,-0.707106781187)
  );
#7053 = ADVANCED_FACE('',(#7054),#7060,.F.);
#7054 = FACE_BOUND('',#7055,.F.);
#7055 = EDGE_LOOP('',(#7056,#7057,#7058,#7059));
#7056 = ORIENTED_EDGE('',*,*,#6959,.T.);
#7057 = ORIENTED_EDGE('',*,*,#6990,.F.);
#7058 = ORIENTED_EDGE('',*,*,#7021,.F.);
#7059 = ORIENTED_EDGE('',*,*,#7043,.F.);
#7060 = PLANE('',#7061);
#7061 = AXIS2_PLACEMENT_3D('',#7062,#7063,#7064);
#7062 = CARTESIAN_POINT('',(-2.62,-3.226142135624,-0.347838598015));
#7063 = DIRECTION('',(-1.,-2.2E-16,1.1E-16));
#7064 = DIRECTION('',(-1.1E-16,-1.1E-16,-1.));
#7065 = ADVANCED_FACE('',(#7066),#7072,.T.);
#7066 = FACE_BOUND('',#7067,.T.);
#7067 = EDGE_LOOP('',(#7068,#7069,#7070,#7071));
#7068 = ORIENTED_EDGE('',*,*,#6943,.T.);
#7069 = ORIENTED_EDGE('',*,*,#6983,.F.);
#7070 = ORIENTED_EDGE('',*,*,#7014,.F.);
#7071 = ORIENTED_EDGE('',*,*,#7036,.F.);
#7072 = PLANE('',#7073);
#7073 = AXIS2_PLACEMENT_3D('',#7074,#7075,#7076);
#7074 = CARTESIAN_POINT('',(-2.88,-3.226142135624,-0.347838598015));
#7075 = DIRECTION('',(-1.,-2.2E-16,1.1E-16));
#7076 = DIRECTION('',(-1.1E-16,-1.1E-16,-1.));
#7077 = MANIFOLD_SOLID_BREP('',#7078);
#7078 = CLOSED_SHELL('',(#7079,#7119,#7150,#7181,#7203,#7215));
#7079 = ADVANCED_FACE('',(#7080),#7114,.F.);
#7080 = FACE_BOUND('',#7081,.F.);
#7081 = EDGE_LOOP('',(#7082,#7092,#7100,#7108));
#7082 = ORIENTED_EDGE('',*,*,#7083,.T.);
#7083 = EDGE_CURVE('',#7084,#7086,#7088,.T.);
#7084 = VERTEX_POINT('',#7085);
#7085 = CARTESIAN_POINT('',(-1.12,-4.457,-0.328));
#7086 = VERTEX_POINT('',#7087);
#7087 = CARTESIAN_POINT('',(-1.38,-4.457,-0.328));
#7088 = LINE('',#7089,#7090);
#7089 = CARTESIAN_POINT('',(-1.12,-4.457,-0.328));
#7090 = VECTOR('',#7091,1.);
#7091 = DIRECTION('',(-1.,-2.2E-16,-1.1E-16));
#7092 = ORIENTED_EDGE('',*,*,#7093,.T.);
#7093 = EDGE_CURVE('',#7086,#7094,#7096,.T.);
#7094 = VERTEX_POINT('',#7095);
#7095 = CARTESIAN_POINT('',(-1.38,-2.007,-0.328));
#7096 = LINE('',#7097,#7098);
#7097 = CARTESIAN_POINT('',(-1.38,-4.457,-0.328));
#7098 = VECTOR('',#7099,1.);
#7099 = DIRECTION('',(2.2E-16,1.,3.3E-16));
#7100 = ORIENTED_EDGE('',*,*,#7101,.F.);
#7101 = EDGE_CURVE('',#7102,#7094,#7104,.T.);
#7102 = VERTEX_POINT('',#7103);
#7103 = CARTESIAN_POINT('',(-1.12,-2.007,-0.328));
#7104 = LINE('',#7105,#7106);
#7105 = CARTESIAN_POINT('',(-1.12,-2.007,-0.328));
#7106 = VECTOR('',#7107,1.);
#7107 = DIRECTION('',(-1.,-2.2E-16,-1.1E-16));
#7108 = ORIENTED_EDGE('',*,*,#7109,.F.);
#7109 = EDGE_CURVE('',#7084,#7102,#7110,.T.);
#7110 = LINE('',#7111,#7112);
#7111 = CARTESIAN_POINT('',(-1.12,-4.457,-0.328));
#7112 = VECTOR('',#7113,1.);
#7113 = DIRECTION('',(2.2E-16,1.,3.3E-16));
#7114 = PLANE('',#7115);
#7115 = AXIS2_PLACEMENT_3D('',#7116,#7117,#7118);
#7116 = CARTESIAN_POINT('',(-1.12,-4.457,-0.328));
#7117 = DIRECTION('',(1.1E-16,3.3E-16,-1.));
#7118 = DIRECTION('',(1.29368257903E-48,1.,3.3E-16));
#7119 = ADVANCED_FACE('',(#7120),#7145,.T.);
#7120 = FACE_BOUND('',#7121,.T.);
#7121 = EDGE_LOOP('',(#7122,#7132,#7138,#7139));
#7122 = ORIENTED_EDGE('',*,*,#7123,.T.);
#7123 = EDGE_CURVE('',#7124,#7126,#7128,.T.);
#7124 = VERTEX_POINT('',#7125);
#7125 = CARTESIAN_POINT('',(-1.12,-2.007,-0.368));
#7126 = VERTEX_POINT('',#7127);
#7127 = CARTESIAN_POINT('',(-1.38,-2.007,-0.368));
#7128 = LINE('',#7129,#7130);
#7129 = CARTESIAN_POINT('',(-1.12,-2.007,-0.368));
#7130 = VECTOR('',#7131,1.);
#7131 = DIRECTION('',(-1.,-2.2E-16,-1.1E-16));
#7132 = ORIENTED_EDGE('',*,*,#7133,.T.);
#7133 = EDGE_CURVE('',#7126,#7094,#7134,.T.);
#7134 = LINE('',#7135,#7136);
#7135 = CARTESIAN_POINT('',(-1.38,-2.007,-0.368));
#7136 = VECTOR('',#7137,1.);
#7137 = DIRECTION('',(-3.3E-16,1.1E-16,1.));
#7138 = ORIENTED_EDGE('',*,*,#7101,.F.);
#7139 = ORIENTED_EDGE('',*,*,#7140,.F.);
#7140 = EDGE_CURVE('',#7124,#7102,#7141,.T.);
#7141 = LINE('',#7142,#7143);
#7142 = CARTESIAN_POINT('',(-1.12,-2.007,-0.368));
#7143 = VECTOR('',#7144,1.);
#7144 = DIRECTION('',(-3.3E-16,1.1E-16,1.));
#7145 = PLANE('',#7146);
#7146 = AXIS2_PLACEMENT_3D('',#7147,#7148,#7149);
#7147 = CARTESIAN_POINT('',(-1.12,-2.007,-0.368));
#7148 = DIRECTION('',(-2.2E-16,1.,1.1E-16));
#7149 = DIRECTION('',(-3.3E-16,-1.1E-16,1.));
#7150 = ADVANCED_FACE('',(#7151),#7176,.T.);
#7151 = FACE_BOUND('',#7152,.T.);
#7152 = EDGE_LOOP('',(#7153,#7163,#7169,#7170));
#7153 = ORIENTED_EDGE('',*,*,#7154,.T.);
#7154 = EDGE_CURVE('',#7155,#7157,#7159,.T.);
#7155 = VERTEX_POINT('',#7156);
#7156 = CARTESIAN_POINT('',(-1.12,-4.417,-0.368));
#7157 = VERTEX_POINT('',#7158);
#7158 = CARTESIAN_POINT('',(-1.38,-4.417,-0.368));
#7159 = LINE('',#7160,#7161);
#7160 = CARTESIAN_POINT('',(-1.12,-4.417,-0.368));
#7161 = VECTOR('',#7162,1.);
#7162 = DIRECTION('',(-1.,-2.2E-16,-1.1E-16));
#7163 = ORIENTED_EDGE('',*,*,#7164,.T.);
#7164 = EDGE_CURVE('',#7157,#7126,#7165,.T.);
#7165 = LINE('',#7166,#7167);
#7166 = CARTESIAN_POINT('',(-1.38,-4.417,-0.368));
#7167 = VECTOR('',#7168,1.);
#7168 = DIRECTION('',(2.2E-16,1.,3.3E-16));
#7169 = ORIENTED_EDGE('',*,*,#7123,.F.);
#7170 = ORIENTED_EDGE('',*,*,#7171,.F.);
#7171 = EDGE_CURVE('',#7155,#7124,#7172,.T.);
#7172 = LINE('',#7173,#7174);
#7173 = CARTESIAN_POINT('',(-1.12,-4.417,-0.368));
#7174 = VECTOR('',#7175,1.);
#7175 = DIRECTION('',(2.2E-16,1.,3.3E-16));
#7176 = PLANE('',#7177);
#7177 = AXIS2_PLACEMENT_3D('',#7178,#7179,#7180);
#7178 = CARTESIAN_POINT('',(-1.12,-4.417,-0.368));
#7179 = DIRECTION('',(1.1E-16,3.3E-16,-1.));
#7180 = DIRECTION('',(1.29368257903E-48,1.,3.3E-16));
#7181 = ADVANCED_FACE('',(#7182),#7198,.T.);
#7182 = FACE_BOUND('',#7183,.T.);
#7183 = EDGE_LOOP('',(#7184,#7185,#7191,#7192));
#7184 = ORIENTED_EDGE('',*,*,#7083,.T.);
#7185 = ORIENTED_EDGE('',*,*,#7186,.T.);
#7186 = EDGE_CURVE('',#7086,#7157,#7187,.T.);
#7187 = LINE('',#7188,#7189);
#7188 = CARTESIAN_POINT('',(-1.38,-4.457,-0.328));
#7189 = VECTOR('',#7190,1.);
#7190 = DIRECTION('',(3.899999999994E-16,0.707106781187,-0.707106781187)
  );
#7191 = ORIENTED_EDGE('',*,*,#7154,.F.);
#7192 = ORIENTED_EDGE('',*,*,#7193,.F.);
#7193 = EDGE_CURVE('',#7084,#7155,#7194,.T.);
#7194 = LINE('',#7195,#7196);
#7195 = CARTESIAN_POINT('',(-1.12,-4.457,-0.328));
#7196 = VECTOR('',#7197,1.);
#7197 = DIRECTION('',(3.899999999994E-16,0.707106781187,-0.707106781187)
  );
#7198 = PLANE('',#7199);
#7199 = AXIS2_PLACEMENT_3D('',#7200,#7201,#7202);
#7200 = CARTESIAN_POINT('',(-1.12,-4.457,-0.328));
#7201 = DIRECTION('',(2.399999999994E-16,-0.707106781187,-0.707106781187
    ));
#7202 = DIRECTION('',(2.399999999994E-16,0.707106781187,-0.707106781187)
  );
#7203 = ADVANCED_FACE('',(#7204),#7210,.F.);
#7204 = FACE_BOUND('',#7205,.F.);
#7205 = EDGE_LOOP('',(#7206,#7207,#7208,#7209));
#7206 = ORIENTED_EDGE('',*,*,#7109,.T.);
#7207 = ORIENTED_EDGE('',*,*,#7140,.F.);
#7208 = ORIENTED_EDGE('',*,*,#7171,.F.);
#7209 = ORIENTED_EDGE('',*,*,#7193,.F.);
#7210 = PLANE('',#7211);
#7211 = AXIS2_PLACEMENT_3D('',#7212,#7213,#7214);
#7212 = CARTESIAN_POINT('',(-1.12,-3.226142135624,-0.347838598015));
#7213 = DIRECTION('',(-1.,-2.2E-16,1.1E-16));
#7214 = DIRECTION('',(-1.1E-16,-1.1E-16,-1.));
#7215 = ADVANCED_FACE('',(#7216),#7222,.T.);
#7216 = FACE_BOUND('',#7217,.T.);
#7217 = EDGE_LOOP('',(#7218,#7219,#7220,#7221));
#7218 = ORIENTED_EDGE('',*,*,#7093,.T.);
#7219 = ORIENTED_EDGE('',*,*,#7133,.F.);
#7220 = ORIENTED_EDGE('',*,*,#7164,.F.);
#7221 = ORIENTED_EDGE('',*,*,#7186,.F.);
#7222 = PLANE('',#7223);
#7223 = AXIS2_PLACEMENT_3D('',#7224,#7225,#7226);
#7224 = CARTESIAN_POINT('',(-1.38,-3.226142135624,-0.347838598015));
#7225 = DIRECTION('',(-1.,-2.2E-16,1.1E-16));
#7226 = DIRECTION('',(-1.1E-16,-1.1E-16,-1.));
#7227 = MANIFOLD_SOLID_BREP('',#7228);
#7228 = CLOSED_SHELL('',(#7229,#7269,#7300,#7331,#7353,#7365));
#7229 = ADVANCED_FACE('',(#7230),#7264,.F.);
#7230 = FACE_BOUND('',#7231,.F.);
#7231 = EDGE_LOOP('',(#7232,#7242,#7250,#7258));
#7232 = ORIENTED_EDGE('',*,*,#7233,.T.);
#7233 = EDGE_CURVE('',#7234,#7236,#7238,.T.);
#7234 = VERTEX_POINT('',#7235);
#7235 = CARTESIAN_POINT('',(1.38,-4.457,-0.328));
#7236 = VERTEX_POINT('',#7237);
#7237 = CARTESIAN_POINT('',(1.12,-4.457,-0.328));
#7238 = LINE('',#7239,#7240);
#7239 = CARTESIAN_POINT('',(1.38,-4.457,-0.328));
#7240 = VECTOR('',#7241,1.);
#7241 = DIRECTION('',(-1.,-2.2E-16,-2.324646799147E-16));
#7242 = ORIENTED_EDGE('',*,*,#7243,.T.);
#7243 = EDGE_CURVE('',#7236,#7244,#7246,.T.);
#7244 = VERTEX_POINT('',#7245);
#7245 = CARTESIAN_POINT('',(1.12,-2.007,-0.328));
#7246 = LINE('',#7247,#7248);
#7247 = CARTESIAN_POINT('',(1.12,-4.457,-0.328));
#7248 = VECTOR('',#7249,1.);
#7249 = DIRECTION('',(2.2E-16,1.,3.3E-16));
#7250 = ORIENTED_EDGE('',*,*,#7251,.F.);
#7251 = EDGE_CURVE('',#7252,#7244,#7254,.T.);
#7252 = VERTEX_POINT('',#7253);
#7253 = CARTESIAN_POINT('',(1.38,-2.007,-0.328));
#7254 = LINE('',#7255,#7256);
#7255 = CARTESIAN_POINT('',(1.38,-2.007,-0.328));
#7256 = VECTOR('',#7257,1.);
#7257 = DIRECTION('',(-1.,-2.2E-16,-2.324646799147E-16));
#7258 = ORIENTED_EDGE('',*,*,#7259,.F.);
#7259 = EDGE_CURVE('',#7234,#7252,#7260,.T.);
#7260 = LINE('',#7261,#7262);
#7261 = CARTESIAN_POINT('',(1.38,-4.457,-0.328));
#7262 = VECTOR('',#7263,1.);
#7263 = DIRECTION('',(2.2E-16,1.,3.3E-16));
#7264 = PLANE('',#7265);
#7265 = AXIS2_PLACEMENT_3D('',#7266,#7267,#7268);
#7266 = CARTESIAN_POINT('',(1.38,-4.457,-0.328));
#7267 = DIRECTION('',(2.324646799147E-16,3.3E-16,-1.));
#7268 = DIRECTION('',(-4.041334437185E-32,1.,3.3E-16));
#7269 = ADVANCED_FACE('',(#7270),#7295,.T.);
#7270 = FACE_BOUND('',#7271,.T.);
#7271 = EDGE_LOOP('',(#7272,#7282,#7288,#7289));
#7272 = ORIENTED_EDGE('',*,*,#7273,.T.);
#7273 = EDGE_CURVE('',#7274,#7276,#7278,.T.);
#7274 = VERTEX_POINT('',#7275);
#7275 = CARTESIAN_POINT('',(1.38,-2.007,-0.368));
#7276 = VERTEX_POINT('',#7277);
#7277 = CARTESIAN_POINT('',(1.12,-2.007,-0.368));
#7278 = LINE('',#7279,#7280);
#7279 = CARTESIAN_POINT('',(1.38,-2.007,-0.368));
#7280 = VECTOR('',#7281,1.);
#7281 = DIRECTION('',(-1.,-2.2E-16,-2.324646799147E-16));
#7282 = ORIENTED_EDGE('',*,*,#7283,.T.);
#7283 = EDGE_CURVE('',#7276,#7244,#7284,.T.);
#7284 = LINE('',#7285,#7286);
#7285 = CARTESIAN_POINT('',(1.12,-2.007,-0.368));
#7286 = VECTOR('',#7287,1.);
#7287 = DIRECTION('',(-4.524646799147E-16,1.1E-16,1.));
#7288 = ORIENTED_EDGE('',*,*,#7251,.F.);
#7289 = ORIENTED_EDGE('',*,*,#7290,.F.);
#7290 = EDGE_CURVE('',#7274,#7252,#7291,.T.);
#7291 = LINE('',#7292,#7293);
#7292 = CARTESIAN_POINT('',(1.38,-2.007,-0.368));
#7293 = VECTOR('',#7294,1.);
#7294 = DIRECTION('',(-4.524646799147E-16,1.1E-16,1.));
#7295 = PLANE('',#7296);
#7296 = AXIS2_PLACEMENT_3D('',#7297,#7298,#7299);
#7297 = CARTESIAN_POINT('',(1.38,-2.007,-0.368));
#7298 = DIRECTION('',(-2.2E-16,1.,1.1E-16));
#7299 = DIRECTION('',(-4.524646799147E-16,-1.1E-16,1.));
#7300 = ADVANCED_FACE('',(#7301),#7326,.T.);
#7301 = FACE_BOUND('',#7302,.T.);
#7302 = EDGE_LOOP('',(#7303,#7313,#7319,#7320));
#7303 = ORIENTED_EDGE('',*,*,#7304,.T.);
#7304 = EDGE_CURVE('',#7305,#7307,#7309,.T.);
#7305 = VERTEX_POINT('',#7306);
#7306 = CARTESIAN_POINT('',(1.38,-4.417,-0.368));
#7307 = VERTEX_POINT('',#7308);
#7308 = CARTESIAN_POINT('',(1.12,-4.417,-0.368));
#7309 = LINE('',#7310,#7311);
#7310 = CARTESIAN_POINT('',(1.38,-4.417,-0.368));
#7311 = VECTOR('',#7312,1.);
#7312 = DIRECTION('',(-1.,-2.2E-16,-2.324646799147E-16));
#7313 = ORIENTED_EDGE('',*,*,#7314,.T.);
#7314 = EDGE_CURVE('',#7307,#7276,#7315,.T.);
#7315 = LINE('',#7316,#7317);
#7316 = CARTESIAN_POINT('',(1.12,-4.417,-0.368));
#7317 = VECTOR('',#7318,1.);
#7318 = DIRECTION('',(2.2E-16,1.,3.3E-16));
#7319 = ORIENTED_EDGE('',*,*,#7273,.F.);
#7320 = ORIENTED_EDGE('',*,*,#7321,.F.);
#7321 = EDGE_CURVE('',#7305,#7274,#7322,.T.);
#7322 = LINE('',#7323,#7324);
#7323 = CARTESIAN_POINT('',(1.38,-4.417,-0.368));
#7324 = VECTOR('',#7325,1.);
#7325 = DIRECTION('',(2.2E-16,1.,3.3E-16));
#7326 = PLANE('',#7327);
#7327 = AXIS2_PLACEMENT_3D('',#7328,#7329,#7330);
#7328 = CARTESIAN_POINT('',(1.38,-4.417,-0.368));
#7329 = DIRECTION('',(2.324646799147E-16,3.3E-16,-1.));
#7330 = DIRECTION('',(-4.041334437185E-32,1.,3.3E-16));
#7331 = ADVANCED_FACE('',(#7332),#7348,.T.);
#7332 = FACE_BOUND('',#7333,.T.);
#7333 = EDGE_LOOP('',(#7334,#7335,#7341,#7342));
#7334 = ORIENTED_EDGE('',*,*,#7233,.T.);
#7335 = ORIENTED_EDGE('',*,*,#7336,.T.);
#7336 = EDGE_CURVE('',#7236,#7307,#7337,.T.);
#7337 = LINE('',#7338,#7339);
#7338 = CARTESIAN_POINT('',(1.12,-4.457,-0.328));
#7339 = VECTOR('',#7340,1.);
#7340 = DIRECTION('',(4.765956056229E-16,0.707106781187,-0.707106781187)
  );
#7341 = ORIENTED_EDGE('',*,*,#7304,.F.);
#7342 = ORIENTED_EDGE('',*,*,#7343,.F.);
#7343 = EDGE_CURVE('',#7234,#7305,#7344,.T.);
#7344 = LINE('',#7345,#7346);
#7345 = CARTESIAN_POINT('',(1.38,-4.457,-0.328));
#7346 = VECTOR('',#7347,1.);
#7347 = DIRECTION('',(4.765956056229E-16,0.707106781187,-0.707106781187)
  );
#7348 = PLANE('',#7349);
#7349 = AXIS2_PLACEMENT_3D('',#7350,#7351,#7352);
#7350 = CARTESIAN_POINT('',(1.38,-4.457,-0.328));
#7351 = DIRECTION('',(3.26595605623E-16,-0.707106781187,-0.707106781187)
  );
#7352 = DIRECTION('',(3.26595605623E-16,0.707106781187,-0.707106781187)
  );
#7353 = ADVANCED_FACE('',(#7354),#7360,.F.);
#7354 = FACE_BOUND('',#7355,.F.);
#7355 = EDGE_LOOP('',(#7356,#7357,#7358,#7359));
#7356 = ORIENTED_EDGE('',*,*,#7259,.T.);
#7357 = ORIENTED_EDGE('',*,*,#7290,.F.);
#7358 = ORIENTED_EDGE('',*,*,#7321,.F.);
#7359 = ORIENTED_EDGE('',*,*,#7343,.F.);
#7360 = PLANE('',#7361);
#7361 = AXIS2_PLACEMENT_3D('',#7362,#7363,#7364);
#7362 = CARTESIAN_POINT('',(1.38,-3.226142135624,-0.347838598015));
#7363 = DIRECTION('',(-1.,-2.2E-16,-1.24646799147E-17));
#7364 = DIRECTION('',(1.24646799147E-17,-1.1E-16,-1.));
#7365 = ADVANCED_FACE('',(#7366),#7372,.T.);
#7366 = FACE_BOUND('',#7367,.T.);
#7367 = EDGE_LOOP('',(#7368,#7369,#7370,#7371));
#7368 = ORIENTED_EDGE('',*,*,#7243,.T.);
#7369 = ORIENTED_EDGE('',*,*,#7283,.F.);
#7370 = ORIENTED_EDGE('',*,*,#7314,.F.);
#7371 = ORIENTED_EDGE('',*,*,#7336,.F.);
#7372 = PLANE('',#7373);
#7373 = AXIS2_PLACEMENT_3D('',#7374,#7375,#7376);
#7374 = CARTESIAN_POINT('',(1.12,-3.226142135624,-0.347838598015));
#7375 = DIRECTION('',(-1.,-2.2E-16,-1.24646799147E-17));
#7376 = DIRECTION('',(1.24646799147E-17,-1.1E-16,-1.));
#7377 = MANIFOLD_SOLID_BREP('',#7378);
#7378 = CLOSED_SHELL('',(#7379,#7419,#7450,#7481,#7503,#7515));
#7379 = ADVANCED_FACE('',(#7380),#7414,.F.);
#7380 = FACE_BOUND('',#7381,.F.);
#7381 = EDGE_LOOP('',(#7382,#7392,#7400,#7408));
#7382 = ORIENTED_EDGE('',*,*,#7383,.T.);
#7383 = EDGE_CURVE('',#7384,#7386,#7388,.T.);
#7384 = VERTEX_POINT('',#7385);
#7385 = CARTESIAN_POINT('',(2.88,-4.457,-0.328));
#7386 = VERTEX_POINT('',#7387);
#7387 = CARTESIAN_POINT('',(2.62,-4.457,-0.328));
#7388 = LINE('',#7389,#7390);
#7389 = CARTESIAN_POINT('',(2.88,-4.457,-0.328));
#7390 = VECTOR('',#7391,1.);
#7391 = DIRECTION('',(-1.,-2.2E-16,-2.324646799147E-16));
#7392 = ORIENTED_EDGE('',*,*,#7393,.T.);
#7393 = EDGE_CURVE('',#7386,#7394,#7396,.T.);
#7394 = VERTEX_POINT('',#7395);
#7395 = CARTESIAN_POINT('',(2.62,-2.007,-0.328));
#7396 = LINE('',#7397,#7398);
#7397 = CARTESIAN_POINT('',(2.62,-4.457,-0.328));
#7398 = VECTOR('',#7399,1.);
#7399 = DIRECTION('',(2.2E-16,1.,3.3E-16));
#7400 = ORIENTED_EDGE('',*,*,#7401,.F.);
#7401 = EDGE_CURVE('',#7402,#7394,#7404,.T.);
#7402 = VERTEX_POINT('',#7403);
#7403 = CARTESIAN_POINT('',(2.88,-2.007,-0.328));
#7404 = LINE('',#7405,#7406);
#7405 = CARTESIAN_POINT('',(2.88,-2.007,-0.328));
#7406 = VECTOR('',#7407,1.);
#7407 = DIRECTION('',(-1.,-2.2E-16,-2.324646799147E-16));
#7408 = ORIENTED_EDGE('',*,*,#7409,.F.);
#7409 = EDGE_CURVE('',#7384,#7402,#7410,.T.);
#7410 = LINE('',#7411,#7412);
#7411 = CARTESIAN_POINT('',(2.88,-4.457,-0.328));
#7412 = VECTOR('',#7413,1.);
#7413 = DIRECTION('',(2.2E-16,1.,3.3E-16));
#7414 = PLANE('',#7415);
#7415 = AXIS2_PLACEMENT_3D('',#7416,#7417,#7418);
#7416 = CARTESIAN_POINT('',(2.88,-4.457,-0.328));
#7417 = DIRECTION('',(2.324646799147E-16,3.3E-16,-1.));
#7418 = DIRECTION('',(-4.041334437185E-32,1.,3.3E-16));
#7419 = ADVANCED_FACE('',(#7420),#7445,.T.);
#7420 = FACE_BOUND('',#7421,.T.);
#7421 = EDGE_LOOP('',(#7422,#7432,#7438,#7439));
#7422 = ORIENTED_EDGE('',*,*,#7423,.T.);
#7423 = EDGE_CURVE('',#7424,#7426,#7428,.T.);
#7424 = VERTEX_POINT('',#7425);
#7425 = CARTESIAN_POINT('',(2.88,-2.007,-0.368));
#7426 = VERTEX_POINT('',#7427);
#7427 = CARTESIAN_POINT('',(2.62,-2.007,-0.368));
#7428 = LINE('',#7429,#7430);
#7429 = CARTESIAN_POINT('',(2.88,-2.007,-0.368));
#7430 = VECTOR('',#7431,1.);
#7431 = DIRECTION('',(-1.,-2.2E-16,-2.324646799147E-16));
#7432 = ORIENTED_EDGE('',*,*,#7433,.T.);
#7433 = EDGE_CURVE('',#7426,#7394,#7434,.T.);
#7434 = LINE('',#7435,#7436);
#7435 = CARTESIAN_POINT('',(2.62,-2.007,-0.368));
#7436 = VECTOR('',#7437,1.);
#7437 = DIRECTION('',(-4.524646799147E-16,1.1E-16,1.));
#7438 = ORIENTED_EDGE('',*,*,#7401,.F.);
#7439 = ORIENTED_EDGE('',*,*,#7440,.F.);
#7440 = EDGE_CURVE('',#7424,#7402,#7441,.T.);
#7441 = LINE('',#7442,#7443);
#7442 = CARTESIAN_POINT('',(2.88,-2.007,-0.368));
#7443 = VECTOR('',#7444,1.);
#7444 = DIRECTION('',(-4.524646799147E-16,1.1E-16,1.));
#7445 = PLANE('',#7446);
#7446 = AXIS2_PLACEMENT_3D('',#7447,#7448,#7449);
#7447 = CARTESIAN_POINT('',(2.88,-2.007,-0.368));
#7448 = DIRECTION('',(-2.2E-16,1.,1.1E-16));
#7449 = DIRECTION('',(-4.524646799147E-16,-1.1E-16,1.));
#7450 = ADVANCED_FACE('',(#7451),#7476,.T.);
#7451 = FACE_BOUND('',#7452,.T.);
#7452 = EDGE_LOOP('',(#7453,#7463,#7469,#7470));
#7453 = ORIENTED_EDGE('',*,*,#7454,.T.);
#7454 = EDGE_CURVE('',#7455,#7457,#7459,.T.);
#7455 = VERTEX_POINT('',#7456);
#7456 = CARTESIAN_POINT('',(2.88,-4.417,-0.368));
#7457 = VERTEX_POINT('',#7458);
#7458 = CARTESIAN_POINT('',(2.62,-4.417,-0.368));
#7459 = LINE('',#7460,#7461);
#7460 = CARTESIAN_POINT('',(2.88,-4.417,-0.368));
#7461 = VECTOR('',#7462,1.);
#7462 = DIRECTION('',(-1.,-2.2E-16,-2.324646799147E-16));
#7463 = ORIENTED_EDGE('',*,*,#7464,.T.);
#7464 = EDGE_CURVE('',#7457,#7426,#7465,.T.);
#7465 = LINE('',#7466,#7467);
#7466 = CARTESIAN_POINT('',(2.62,-4.417,-0.368));
#7467 = VECTOR('',#7468,1.);
#7468 = DIRECTION('',(2.2E-16,1.,3.3E-16));
#7469 = ORIENTED_EDGE('',*,*,#7423,.F.);
#7470 = ORIENTED_EDGE('',*,*,#7471,.F.);
#7471 = EDGE_CURVE('',#7455,#7424,#7472,.T.);
#7472 = LINE('',#7473,#7474);
#7473 = CARTESIAN_POINT('',(2.88,-4.417,-0.368));
#7474 = VECTOR('',#7475,1.);
#7475 = DIRECTION('',(2.2E-16,1.,3.3E-16));
#7476 = PLANE('',#7477);
#7477 = AXIS2_PLACEMENT_3D('',#7478,#7479,#7480);
#7478 = CARTESIAN_POINT('',(2.88,-4.417,-0.368));
#7479 = DIRECTION('',(2.324646799147E-16,3.3E-16,-1.));
#7480 = DIRECTION('',(-4.041334437185E-32,1.,3.3E-16));
#7481 = ADVANCED_FACE('',(#7482),#7498,.T.);
#7482 = FACE_BOUND('',#7483,.T.);
#7483 = EDGE_LOOP('',(#7484,#7485,#7491,#7492));
#7484 = ORIENTED_EDGE('',*,*,#7383,.T.);
#7485 = ORIENTED_EDGE('',*,*,#7486,.T.);
#7486 = EDGE_CURVE('',#7386,#7457,#7487,.T.);
#7487 = LINE('',#7488,#7489);
#7488 = CARTESIAN_POINT('',(2.62,-4.457,-0.328));
#7489 = VECTOR('',#7490,1.);
#7490 = DIRECTION('',(4.765956056229E-16,0.707106781187,-0.707106781187)
  );
#7491 = ORIENTED_EDGE('',*,*,#7454,.F.);
#7492 = ORIENTED_EDGE('',*,*,#7493,.F.);
#7493 = EDGE_CURVE('',#7384,#7455,#7494,.T.);
#7494 = LINE('',#7495,#7496);
#7495 = CARTESIAN_POINT('',(2.88,-4.457,-0.328));
#7496 = VECTOR('',#7497,1.);
#7497 = DIRECTION('',(4.765956056229E-16,0.707106781187,-0.707106781187)
  );
#7498 = PLANE('',#7499);
#7499 = AXIS2_PLACEMENT_3D('',#7500,#7501,#7502);
#7500 = CARTESIAN_POINT('',(2.88,-4.457,-0.328));
#7501 = DIRECTION('',(3.26595605623E-16,-0.707106781187,-0.707106781187)
  );
#7502 = DIRECTION('',(3.26595605623E-16,0.707106781187,-0.707106781187)
  );
#7503 = ADVANCED_FACE('',(#7504),#7510,.F.);
#7504 = FACE_BOUND('',#7505,.F.);
#7505 = EDGE_LOOP('',(#7506,#7507,#7508,#7509));
#7506 = ORIENTED_EDGE('',*,*,#7409,.T.);
#7507 = ORIENTED_EDGE('',*,*,#7440,.F.);
#7508 = ORIENTED_EDGE('',*,*,#7471,.F.);
#7509 = ORIENTED_EDGE('',*,*,#7493,.F.);
#7510 = PLANE('',#7511);
#7511 = AXIS2_PLACEMENT_3D('',#7512,#7513,#7514);
#7512 = CARTESIAN_POINT('',(2.88,-3.226142135624,-0.347838598015));
#7513 = DIRECTION('',(-1.,-2.2E-16,-1.24646799147E-17));
#7514 = DIRECTION('',(1.24646799147E-17,-1.1E-16,-1.));
#7515 = ADVANCED_FACE('',(#7516),#7522,.T.);
#7516 = FACE_BOUND('',#7517,.T.);
#7517 = EDGE_LOOP('',(#7518,#7519,#7520,#7521));
#7518 = ORIENTED_EDGE('',*,*,#7393,.T.);
#7519 = ORIENTED_EDGE('',*,*,#7433,.F.);
#7520 = ORIENTED_EDGE('',*,*,#7464,.F.);
#7521 = ORIENTED_EDGE('',*,*,#7486,.F.);
#7522 = PLANE('',#7523);
#7523 = AXIS2_PLACEMENT_3D('',#7524,#7525,#7526);
#7524 = CARTESIAN_POINT('',(2.62,-3.226142135624,-0.347838598015));
#7525 = DIRECTION('',(-1.,-2.2E-16,-1.24646799147E-17));
#7526 = DIRECTION('',(1.24646799147E-17,-1.1E-16,-1.));
#7527 = MANIFOLD_SOLID_BREP('',#7528);
#7528 = CLOSED_SHELL('',(#7529,#7569,#7600,#7631,#7653,#7665));
#7529 = ADVANCED_FACE('',(#7530),#7564,.F.);
#7530 = FACE_BOUND('',#7531,.F.);
#7531 = EDGE_LOOP('',(#7532,#7542,#7550,#7558));
#7532 = ORIENTED_EDGE('',*,*,#7533,.T.);
#7533 = EDGE_CURVE('',#7534,#7536,#7538,.T.);
#7534 = VERTEX_POINT('',#7535);
#7535 = CARTESIAN_POINT('',(-0.62,-4.257,-0.328));
#7536 = VERTEX_POINT('',#7537);
#7537 = CARTESIAN_POINT('',(-0.88,-4.257,-0.328));
#7538 = LINE('',#7539,#7540);
#7539 = CARTESIAN_POINT('',(-0.62,-4.257,-0.328));
#7540 = VECTOR('',#7541,1.);
#7541 = DIRECTION('',(-1.,-2.2E-16,-1.1E-16));
#7542 = ORIENTED_EDGE('',*,*,#7543,.T.);
#7543 = EDGE_CURVE('',#7536,#7544,#7546,.T.);
#7544 = VERTEX_POINT('',#7545);
#7545 = CARTESIAN_POINT('',(-0.88,-2.007,-0.328));
#7546 = LINE('',#7547,#7548);
#7547 = CARTESIAN_POINT('',(-0.88,-4.257,-0.328));
#7548 = VECTOR('',#7549,1.);
#7549 = DIRECTION('',(2.2E-16,1.,3.3E-16));
#7550 = ORIENTED_EDGE('',*,*,#7551,.F.);
#7551 = EDGE_CURVE('',#7552,#7544,#7554,.T.);
#7552 = VERTEX_POINT('',#7553);
#7553 = CARTESIAN_POINT('',(-0.62,-2.007,-0.328));
#7554 = LINE('',#7555,#7556);
#7555 = CARTESIAN_POINT('',(-0.62,-2.007,-0.328));
#7556 = VECTOR('',#7557,1.);
#7557 = DIRECTION('',(-1.,-2.2E-16,-1.1E-16));
#7558 = ORIENTED_EDGE('',*,*,#7559,.F.);
#7559 = EDGE_CURVE('',#7534,#7552,#7560,.T.);
#7560 = LINE('',#7561,#7562);
#7561 = CARTESIAN_POINT('',(-0.62,-4.257,-0.328));
#7562 = VECTOR('',#7563,1.);
#7563 = DIRECTION('',(2.2E-16,1.,3.3E-16));
#7564 = PLANE('',#7565);
#7565 = AXIS2_PLACEMENT_3D('',#7566,#7567,#7568);
#7566 = CARTESIAN_POINT('',(-0.62,-4.257,-0.328));
#7567 = DIRECTION('',(1.1E-16,3.3E-16,-1.));
#7568 = DIRECTION('',(1.29368257903E-48,1.,3.3E-16));
#7569 = ADVANCED_FACE('',(#7570),#7595,.T.);
#7570 = FACE_BOUND('',#7571,.T.);
#7571 = EDGE_LOOP('',(#7572,#7582,#7588,#7589));
#7572 = ORIENTED_EDGE('',*,*,#7573,.T.);
#7573 = EDGE_CURVE('',#7574,#7576,#7578,.T.);
#7574 = VERTEX_POINT('',#7575);
#7575 = CARTESIAN_POINT('',(-0.62,-2.007,-0.368));
#7576 = VERTEX_POINT('',#7577);
#7577 = CARTESIAN_POINT('',(-0.88,-2.007,-0.368));
#7578 = LINE('',#7579,#7580);
#7579 = CARTESIAN_POINT('',(-0.62,-2.007,-0.368));
#7580 = VECTOR('',#7581,1.);
#7581 = DIRECTION('',(-1.,-2.2E-16,-1.1E-16));
#7582 = ORIENTED_EDGE('',*,*,#7583,.T.);
#7583 = EDGE_CURVE('',#7576,#7544,#7584,.T.);
#7584 = LINE('',#7585,#7586);
#7585 = CARTESIAN_POINT('',(-0.88,-2.007,-0.368));
#7586 = VECTOR('',#7587,1.);
#7587 = DIRECTION('',(-3.3E-16,1.1E-16,1.));
#7588 = ORIENTED_EDGE('',*,*,#7551,.F.);
#7589 = ORIENTED_EDGE('',*,*,#7590,.F.);
#7590 = EDGE_CURVE('',#7574,#7552,#7591,.T.);
#7591 = LINE('',#7592,#7593);
#7592 = CARTESIAN_POINT('',(-0.62,-2.007,-0.368));
#7593 = VECTOR('',#7594,1.);
#7594 = DIRECTION('',(-3.3E-16,1.1E-16,1.));
#7595 = PLANE('',#7596);
#7596 = AXIS2_PLACEMENT_3D('',#7597,#7598,#7599);
#7597 = CARTESIAN_POINT('',(-0.62,-2.007,-0.368));
#7598 = DIRECTION('',(-2.2E-16,1.,1.1E-16));
#7599 = DIRECTION('',(-3.3E-16,-1.1E-16,1.));
#7600 = ADVANCED_FACE('',(#7601),#7626,.T.);
#7601 = FACE_BOUND('',#7602,.T.);
#7602 = EDGE_LOOP('',(#7603,#7613,#7619,#7620));
#7603 = ORIENTED_EDGE('',*,*,#7604,.T.);
#7604 = EDGE_CURVE('',#7605,#7607,#7609,.T.);
#7605 = VERTEX_POINT('',#7606);
#7606 = CARTESIAN_POINT('',(-0.62,-4.217,-0.368));
#7607 = VERTEX_POINT('',#7608);
#7608 = CARTESIAN_POINT('',(-0.88,-4.217,-0.368));
#7609 = LINE('',#7610,#7611);
#7610 = CARTESIAN_POINT('',(-0.62,-4.217,-0.368));
#7611 = VECTOR('',#7612,1.);
#7612 = DIRECTION('',(-1.,-2.2E-16,-1.1E-16));
#7613 = ORIENTED_EDGE('',*,*,#7614,.T.);
#7614 = EDGE_CURVE('',#7607,#7576,#7615,.T.);
#7615 = LINE('',#7616,#7617);
#7616 = CARTESIAN_POINT('',(-0.88,-4.217,-0.368));
#7617 = VECTOR('',#7618,1.);
#7618 = DIRECTION('',(2.2E-16,1.,3.3E-16));
#7619 = ORIENTED_EDGE('',*,*,#7573,.F.);
#7620 = ORIENTED_EDGE('',*,*,#7621,.F.);
#7621 = EDGE_CURVE('',#7605,#7574,#7622,.T.);
#7622 = LINE('',#7623,#7624);
#7623 = CARTESIAN_POINT('',(-0.62,-4.217,-0.368));
#7624 = VECTOR('',#7625,1.);
#7625 = DIRECTION('',(2.2E-16,1.,3.3E-16));
#7626 = PLANE('',#7627);
#7627 = AXIS2_PLACEMENT_3D('',#7628,#7629,#7630);
#7628 = CARTESIAN_POINT('',(-0.62,-4.217,-0.368));
#7629 = DIRECTION('',(1.1E-16,3.3E-16,-1.));
#7630 = DIRECTION('',(1.29368257903E-48,1.,3.3E-16));
#7631 = ADVANCED_FACE('',(#7632),#7648,.T.);
#7632 = FACE_BOUND('',#7633,.T.);
#7633 = EDGE_LOOP('',(#7634,#7635,#7641,#7642));
#7634 = ORIENTED_EDGE('',*,*,#7533,.T.);
#7635 = ORIENTED_EDGE('',*,*,#7636,.T.);
#7636 = EDGE_CURVE('',#7536,#7607,#7637,.T.);
#7637 = LINE('',#7638,#7639);
#7638 = CARTESIAN_POINT('',(-0.88,-4.257,-0.328));
#7639 = VECTOR('',#7640,1.);
#7640 = DIRECTION('',(3.899999999994E-16,0.707106781187,-0.707106781187)
  );
#7641 = ORIENTED_EDGE('',*,*,#7604,.F.);
#7642 = ORIENTED_EDGE('',*,*,#7643,.F.);
#7643 = EDGE_CURVE('',#7534,#7605,#7644,.T.);
#7644 = LINE('',#7645,#7646);
#7645 = CARTESIAN_POINT('',(-0.62,-4.257,-0.328));
#7646 = VECTOR('',#7647,1.);
#7647 = DIRECTION('',(3.899999999994E-16,0.707106781187,-0.707106781187)
  );
#7648 = PLANE('',#7649);
#7649 = AXIS2_PLACEMENT_3D('',#7650,#7651,#7652);
#7650 = CARTESIAN_POINT('',(-0.62,-4.257,-0.328));
#7651 = DIRECTION('',(2.399999999994E-16,-0.707106781187,-0.707106781187
    ));
#7652 = DIRECTION('',(2.399999999994E-16,0.707106781187,-0.707106781187)
  );
#7653 = ADVANCED_FACE('',(#7654),#7660,.F.);
#7654 = FACE_BOUND('',#7655,.F.);
#7655 = EDGE_LOOP('',(#7656,#7657,#7658,#7659));
#7656 = ORIENTED_EDGE('',*,*,#7559,.T.);
#7657 = ORIENTED_EDGE('',*,*,#7590,.F.);
#7658 = ORIENTED_EDGE('',*,*,#7621,.F.);
#7659 = ORIENTED_EDGE('',*,*,#7643,.F.);
#7660 = PLANE('',#7661);
#7661 = AXIS2_PLACEMENT_3D('',#7662,#7663,#7664);
#7662 = CARTESIAN_POINT('',(-0.62,-3.126142135624,-0.347824429284));
#7663 = DIRECTION('',(-1.,-2.2E-16,1.1E-16));
#7664 = DIRECTION('',(-1.1E-16,-1.1E-16,-1.));
#7665 = ADVANCED_FACE('',(#7666),#7672,.T.);
#7666 = FACE_BOUND('',#7667,.T.);
#7667 = EDGE_LOOP('',(#7668,#7669,#7670,#7671));
#7668 = ORIENTED_EDGE('',*,*,#7543,.T.);
#7669 = ORIENTED_EDGE('',*,*,#7583,.F.);
#7670 = ORIENTED_EDGE('',*,*,#7614,.F.);
#7671 = ORIENTED_EDGE('',*,*,#7636,.F.);
#7672 = PLANE('',#7673);
#7673 = AXIS2_PLACEMENT_3D('',#7674,#7675,#7676);
#7674 = CARTESIAN_POINT('',(-0.88,-3.126142135624,-0.347824429284));
#7675 = DIRECTION('',(-1.,-2.2E-16,1.1E-16));
#7676 = DIRECTION('',(-1.1E-16,-1.1E-16,-1.));
#7677 = MANIFOLD_SOLID_BREP('',#7678);
#7678 = CLOSED_SHELL('',(#7679,#7719,#7750,#7781,#7803,#7815));
#7679 = ADVANCED_FACE('',(#7680),#7714,.F.);
#7680 = FACE_BOUND('',#7681,.F.);
#7681 = EDGE_LOOP('',(#7682,#7692,#7700,#7708));
#7682 = ORIENTED_EDGE('',*,*,#7683,.T.);
#7683 = EDGE_CURVE('',#7684,#7686,#7688,.T.);
#7684 = VERTEX_POINT('',#7685);
#7685 = CARTESIAN_POINT('',(-0.12,-4.257,-0.328));
#7686 = VERTEX_POINT('',#7687);
#7687 = CARTESIAN_POINT('',(-0.38,-4.257,-0.328));
#7688 = LINE('',#7689,#7690);
#7689 = CARTESIAN_POINT('',(-0.12,-4.257,-0.328));
#7690 = VECTOR('',#7691,1.);
#7691 = DIRECTION('',(-1.,-2.2E-16,-1.1E-16));
#7692 = ORIENTED_EDGE('',*,*,#7693,.T.);
#7693 = EDGE_CURVE('',#7686,#7694,#7696,.T.);
#7694 = VERTEX_POINT('',#7695);
#7695 = CARTESIAN_POINT('',(-0.38,-2.007,-0.328));
#7696 = LINE('',#7697,#7698);
#7697 = CARTESIAN_POINT('',(-0.38,-4.257,-0.328));
#7698 = VECTOR('',#7699,1.);
#7699 = DIRECTION('',(2.2E-16,1.,3.3E-16));
#7700 = ORIENTED_EDGE('',*,*,#7701,.F.);
#7701 = EDGE_CURVE('',#7702,#7694,#7704,.T.);
#7702 = VERTEX_POINT('',#7703);
#7703 = CARTESIAN_POINT('',(-0.12,-2.007,-0.328));
#7704 = LINE('',#7705,#7706);
#7705 = CARTESIAN_POINT('',(-0.12,-2.007,-0.328));
#7706 = VECTOR('',#7707,1.);
#7707 = DIRECTION('',(-1.,-2.2E-16,-1.1E-16));
#7708 = ORIENTED_EDGE('',*,*,#7709,.F.);
#7709 = EDGE_CURVE('',#7684,#7702,#7710,.T.);
#7710 = LINE('',#7711,#7712);
#7711 = CARTESIAN_POINT('',(-0.12,-4.257,-0.328));
#7712 = VECTOR('',#7713,1.);
#7713 = DIRECTION('',(2.2E-16,1.,3.3E-16));
#7714 = PLANE('',#7715);
#7715 = AXIS2_PLACEMENT_3D('',#7716,#7717,#7718);
#7716 = CARTESIAN_POINT('',(-0.12,-4.257,-0.328));
#7717 = DIRECTION('',(1.1E-16,3.3E-16,-1.));
#7718 = DIRECTION('',(1.29368257903E-48,1.,3.3E-16));
#7719 = ADVANCED_FACE('',(#7720),#7745,.T.);
#7720 = FACE_BOUND('',#7721,.T.);
#7721 = EDGE_LOOP('',(#7722,#7732,#7738,#7739));
#7722 = ORIENTED_EDGE('',*,*,#7723,.T.);
#7723 = EDGE_CURVE('',#7724,#7726,#7728,.T.);
#7724 = VERTEX_POINT('',#7725);
#7725 = CARTESIAN_POINT('',(-0.12,-2.007,-0.368));
#7726 = VERTEX_POINT('',#7727);
#7727 = CARTESIAN_POINT('',(-0.38,-2.007,-0.368));
#7728 = LINE('',#7729,#7730);
#7729 = CARTESIAN_POINT('',(-0.12,-2.007,-0.368));
#7730 = VECTOR('',#7731,1.);
#7731 = DIRECTION('',(-1.,-2.2E-16,-1.1E-16));
#7732 = ORIENTED_EDGE('',*,*,#7733,.T.);
#7733 = EDGE_CURVE('',#7726,#7694,#7734,.T.);
#7734 = LINE('',#7735,#7736);
#7735 = CARTESIAN_POINT('',(-0.38,-2.007,-0.368));
#7736 = VECTOR('',#7737,1.);
#7737 = DIRECTION('',(-3.3E-16,1.1E-16,1.));
#7738 = ORIENTED_EDGE('',*,*,#7701,.F.);
#7739 = ORIENTED_EDGE('',*,*,#7740,.F.);
#7740 = EDGE_CURVE('',#7724,#7702,#7741,.T.);
#7741 = LINE('',#7742,#7743);
#7742 = CARTESIAN_POINT('',(-0.12,-2.007,-0.368));
#7743 = VECTOR('',#7744,1.);
#7744 = DIRECTION('',(-3.3E-16,1.1E-16,1.));
#7745 = PLANE('',#7746);
#7746 = AXIS2_PLACEMENT_3D('',#7747,#7748,#7749);
#7747 = CARTESIAN_POINT('',(-0.12,-2.007,-0.368));
#7748 = DIRECTION('',(-2.2E-16,1.,1.1E-16));
#7749 = DIRECTION('',(-3.3E-16,-1.1E-16,1.));
#7750 = ADVANCED_FACE('',(#7751),#7776,.T.);
#7751 = FACE_BOUND('',#7752,.T.);
#7752 = EDGE_LOOP('',(#7753,#7763,#7769,#7770));
#7753 = ORIENTED_EDGE('',*,*,#7754,.T.);
#7754 = EDGE_CURVE('',#7755,#7757,#7759,.T.);
#7755 = VERTEX_POINT('',#7756);
#7756 = CARTESIAN_POINT('',(-0.12,-4.217,-0.368));
#7757 = VERTEX_POINT('',#7758);
#7758 = CARTESIAN_POINT('',(-0.38,-4.217,-0.368));
#7759 = LINE('',#7760,#7761);
#7760 = CARTESIAN_POINT('',(-0.12,-4.217,-0.368));
#7761 = VECTOR('',#7762,1.);
#7762 = DIRECTION('',(-1.,-2.2E-16,-1.1E-16));
#7763 = ORIENTED_EDGE('',*,*,#7764,.T.);
#7764 = EDGE_CURVE('',#7757,#7726,#7765,.T.);
#7765 = LINE('',#7766,#7767);
#7766 = CARTESIAN_POINT('',(-0.38,-4.217,-0.368));
#7767 = VECTOR('',#7768,1.);
#7768 = DIRECTION('',(2.2E-16,1.,3.3E-16));
#7769 = ORIENTED_EDGE('',*,*,#7723,.F.);
#7770 = ORIENTED_EDGE('',*,*,#7771,.F.);
#7771 = EDGE_CURVE('',#7755,#7724,#7772,.T.);
#7772 = LINE('',#7773,#7774);
#7773 = CARTESIAN_POINT('',(-0.12,-4.217,-0.368));
#7774 = VECTOR('',#7775,1.);
#7775 = DIRECTION('',(2.2E-16,1.,3.3E-16));
#7776 = PLANE('',#7777);
#7777 = AXIS2_PLACEMENT_3D('',#7778,#7779,#7780);
#7778 = CARTESIAN_POINT('',(-0.12,-4.217,-0.368));
#7779 = DIRECTION('',(1.1E-16,3.3E-16,-1.));
#7780 = DIRECTION('',(1.29368257903E-48,1.,3.3E-16));
#7781 = ADVANCED_FACE('',(#7782),#7798,.T.);
#7782 = FACE_BOUND('',#7783,.T.);
#7783 = EDGE_LOOP('',(#7784,#7785,#7791,#7792));
#7784 = ORIENTED_EDGE('',*,*,#7683,.T.);
#7785 = ORIENTED_EDGE('',*,*,#7786,.T.);
#7786 = EDGE_CURVE('',#7686,#7757,#7787,.T.);
#7787 = LINE('',#7788,#7789);
#7788 = CARTESIAN_POINT('',(-0.38,-4.257,-0.328));
#7789 = VECTOR('',#7790,1.);
#7790 = DIRECTION('',(3.899999999994E-16,0.707106781187,-0.707106781187)
  );
#7791 = ORIENTED_EDGE('',*,*,#7754,.F.);
#7792 = ORIENTED_EDGE('',*,*,#7793,.F.);
#7793 = EDGE_CURVE('',#7684,#7755,#7794,.T.);
#7794 = LINE('',#7795,#7796);
#7795 = CARTESIAN_POINT('',(-0.12,-4.257,-0.328));
#7796 = VECTOR('',#7797,1.);
#7797 = DIRECTION('',(3.899999999994E-16,0.707106781187,-0.707106781187)
  );
#7798 = PLANE('',#7799);
#7799 = AXIS2_PLACEMENT_3D('',#7800,#7801,#7802);
#7800 = CARTESIAN_POINT('',(-0.12,-4.257,-0.328));
#7801 = DIRECTION('',(2.399999999994E-16,-0.707106781187,-0.707106781187
    ));
#7802 = DIRECTION('',(2.399999999994E-16,0.707106781187,-0.707106781187)
  );
#7803 = ADVANCED_FACE('',(#7804),#7810,.F.);
#7804 = FACE_BOUND('',#7805,.F.);
#7805 = EDGE_LOOP('',(#7806,#7807,#7808,#7809));
#7806 = ORIENTED_EDGE('',*,*,#7709,.T.);
#7807 = ORIENTED_EDGE('',*,*,#7740,.F.);
#7808 = ORIENTED_EDGE('',*,*,#7771,.F.);
#7809 = ORIENTED_EDGE('',*,*,#7793,.F.);
#7810 = PLANE('',#7811);
#7811 = AXIS2_PLACEMENT_3D('',#7812,#7813,#7814);
#7812 = CARTESIAN_POINT('',(-0.12,-3.126142135624,-0.347824429284));
#7813 = DIRECTION('',(-1.,-2.2E-16,1.1E-16));
#7814 = DIRECTION('',(-1.1E-16,-1.1E-16,-1.));
#7815 = ADVANCED_FACE('',(#7816),#7822,.T.);
#7816 = FACE_BOUND('',#7817,.T.);
#7817 = EDGE_LOOP('',(#7818,#7819,#7820,#7821));
#7818 = ORIENTED_EDGE('',*,*,#7693,.T.);
#7819 = ORIENTED_EDGE('',*,*,#7733,.F.);
#7820 = ORIENTED_EDGE('',*,*,#7764,.F.);
#7821 = ORIENTED_EDGE('',*,*,#7786,.F.);
#7822 = PLANE('',#7823);
#7823 = AXIS2_PLACEMENT_3D('',#7824,#7825,#7826);
#7824 = CARTESIAN_POINT('',(-0.38,-3.126142135624,-0.347824429284));
#7825 = DIRECTION('',(-1.,-2.2E-16,1.1E-16));
#7826 = DIRECTION('',(-1.1E-16,-1.1E-16,-1.));
#7827 = MANIFOLD_SOLID_BREP('',#7828);
#7828 = CLOSED_SHELL('',(#7829,#7869,#7900,#7931,#7953,#7965));
#7829 = ADVANCED_FACE('',(#7830),#7864,.F.);
#7830 = FACE_BOUND('',#7831,.F.);
#7831 = EDGE_LOOP('',(#7832,#7842,#7850,#7858));
#7832 = ORIENTED_EDGE('',*,*,#7833,.T.);
#7833 = EDGE_CURVE('',#7834,#7836,#7838,.T.);
#7834 = VERTEX_POINT('',#7835);
#7835 = CARTESIAN_POINT('',(0.38,-4.257,-0.328));
#7836 = VERTEX_POINT('',#7837);
#7837 = CARTESIAN_POINT('',(0.12,-4.257,-0.328));
#7838 = LINE('',#7839,#7840);
#7839 = CARTESIAN_POINT('',(0.38,-4.257,-0.328));
#7840 = VECTOR('',#7841,1.);
#7841 = DIRECTION('',(-1.,-2.2E-16,-1.1E-16));
#7842 = ORIENTED_EDGE('',*,*,#7843,.T.);
#7843 = EDGE_CURVE('',#7836,#7844,#7846,.T.);
#7844 = VERTEX_POINT('',#7845);
#7845 = CARTESIAN_POINT('',(0.12,-2.007,-0.328));
#7846 = LINE('',#7847,#7848);
#7847 = CARTESIAN_POINT('',(0.12,-4.257,-0.328));
#7848 = VECTOR('',#7849,1.);
#7849 = DIRECTION('',(2.2E-16,1.,3.3E-16));
#7850 = ORIENTED_EDGE('',*,*,#7851,.F.);
#7851 = EDGE_CURVE('',#7852,#7844,#7854,.T.);
#7852 = VERTEX_POINT('',#7853);
#7853 = CARTESIAN_POINT('',(0.38,-2.007,-0.328));
#7854 = LINE('',#7855,#7856);
#7855 = CARTESIAN_POINT('',(0.38,-2.007,-0.328));
#7856 = VECTOR('',#7857,1.);
#7857 = DIRECTION('',(-1.,-2.2E-16,-1.1E-16));
#7858 = ORIENTED_EDGE('',*,*,#7859,.F.);
#7859 = EDGE_CURVE('',#7834,#7852,#7860,.T.);
#7860 = LINE('',#7861,#7862);
#7861 = CARTESIAN_POINT('',(0.38,-4.257,-0.328));
#7862 = VECTOR('',#7863,1.);
#7863 = DIRECTION('',(2.2E-16,1.,3.3E-16));
#7864 = PLANE('',#7865);
#7865 = AXIS2_PLACEMENT_3D('',#7866,#7867,#7868);
#7866 = CARTESIAN_POINT('',(0.38,-4.257,-0.328));
#7867 = DIRECTION('',(1.1E-16,3.3E-16,-1.));
#7868 = DIRECTION('',(1.29368257903E-48,1.,3.3E-16));
#7869 = ADVANCED_FACE('',(#7870),#7895,.T.);
#7870 = FACE_BOUND('',#7871,.T.);
#7871 = EDGE_LOOP('',(#7872,#7882,#7888,#7889));
#7872 = ORIENTED_EDGE('',*,*,#7873,.T.);
#7873 = EDGE_CURVE('',#7874,#7876,#7878,.T.);
#7874 = VERTEX_POINT('',#7875);
#7875 = CARTESIAN_POINT('',(0.38,-2.007,-0.368));
#7876 = VERTEX_POINT('',#7877);
#7877 = CARTESIAN_POINT('',(0.12,-2.007,-0.368));
#7878 = LINE('',#7879,#7880);
#7879 = CARTESIAN_POINT('',(0.38,-2.007,-0.368));
#7880 = VECTOR('',#7881,1.);
#7881 = DIRECTION('',(-1.,-2.2E-16,-1.1E-16));
#7882 = ORIENTED_EDGE('',*,*,#7883,.T.);
#7883 = EDGE_CURVE('',#7876,#7844,#7884,.T.);
#7884 = LINE('',#7885,#7886);
#7885 = CARTESIAN_POINT('',(0.12,-2.007,-0.368));
#7886 = VECTOR('',#7887,1.);
#7887 = DIRECTION('',(-3.3E-16,1.1E-16,1.));
#7888 = ORIENTED_EDGE('',*,*,#7851,.F.);
#7889 = ORIENTED_EDGE('',*,*,#7890,.F.);
#7890 = EDGE_CURVE('',#7874,#7852,#7891,.T.);
#7891 = LINE('',#7892,#7893);
#7892 = CARTESIAN_POINT('',(0.38,-2.007,-0.368));
#7893 = VECTOR('',#7894,1.);
#7894 = DIRECTION('',(-3.3E-16,1.1E-16,1.));
#7895 = PLANE('',#7896);
#7896 = AXIS2_PLACEMENT_3D('',#7897,#7898,#7899);
#7897 = CARTESIAN_POINT('',(0.38,-2.007,-0.368));
#7898 = DIRECTION('',(-2.2E-16,1.,1.1E-16));
#7899 = DIRECTION('',(-3.3E-16,-1.1E-16,1.));
#7900 = ADVANCED_FACE('',(#7901),#7926,.T.);
#7901 = FACE_BOUND('',#7902,.T.);
#7902 = EDGE_LOOP('',(#7903,#7913,#7919,#7920));
#7903 = ORIENTED_EDGE('',*,*,#7904,.T.);
#7904 = EDGE_CURVE('',#7905,#7907,#7909,.T.);
#7905 = VERTEX_POINT('',#7906);
#7906 = CARTESIAN_POINT('',(0.38,-4.217,-0.368));
#7907 = VERTEX_POINT('',#7908);
#7908 = CARTESIAN_POINT('',(0.12,-4.217,-0.368));
#7909 = LINE('',#7910,#7911);
#7910 = CARTESIAN_POINT('',(0.38,-4.217,-0.368));
#7911 = VECTOR('',#7912,1.);
#7912 = DIRECTION('',(-1.,-2.2E-16,-1.1E-16));
#7913 = ORIENTED_EDGE('',*,*,#7914,.T.);
#7914 = EDGE_CURVE('',#7907,#7876,#7915,.T.);
#7915 = LINE('',#7916,#7917);
#7916 = CARTESIAN_POINT('',(0.12,-4.217,-0.368));
#7917 = VECTOR('',#7918,1.);
#7918 = DIRECTION('',(2.2E-16,1.,3.3E-16));
#7919 = ORIENTED_EDGE('',*,*,#7873,.F.);
#7920 = ORIENTED_EDGE('',*,*,#7921,.F.);
#7921 = EDGE_CURVE('',#7905,#7874,#7922,.T.);
#7922 = LINE('',#7923,#7924);
#7923 = CARTESIAN_POINT('',(0.38,-4.217,-0.368));
#7924 = VECTOR('',#7925,1.);
#7925 = DIRECTION('',(2.2E-16,1.,3.3E-16));
#7926 = PLANE('',#7927);
#7927 = AXIS2_PLACEMENT_3D('',#7928,#7929,#7930);
#7928 = CARTESIAN_POINT('',(0.38,-4.217,-0.368));
#7929 = DIRECTION('',(1.1E-16,3.3E-16,-1.));
#7930 = DIRECTION('',(1.29368257903E-48,1.,3.3E-16));
#7931 = ADVANCED_FACE('',(#7932),#7948,.T.);
#7932 = FACE_BOUND('',#7933,.T.);
#7933 = EDGE_LOOP('',(#7934,#7935,#7941,#7942));
#7934 = ORIENTED_EDGE('',*,*,#7833,.T.);
#7935 = ORIENTED_EDGE('',*,*,#7936,.T.);
#7936 = EDGE_CURVE('',#7836,#7907,#7937,.T.);
#7937 = LINE('',#7938,#7939);
#7938 = CARTESIAN_POINT('',(0.12,-4.257,-0.328));
#7939 = VECTOR('',#7940,1.);
#7940 = DIRECTION('',(3.899999999994E-16,0.707106781187,-0.707106781187)
  );
#7941 = ORIENTED_EDGE('',*,*,#7904,.F.);
#7942 = ORIENTED_EDGE('',*,*,#7943,.F.);
#7943 = EDGE_CURVE('',#7834,#7905,#7944,.T.);
#7944 = LINE('',#7945,#7946);
#7945 = CARTESIAN_POINT('',(0.38,-4.257,-0.328));
#7946 = VECTOR('',#7947,1.);
#7947 = DIRECTION('',(3.899999999994E-16,0.707106781187,-0.707106781187)
  );
#7948 = PLANE('',#7949);
#7949 = AXIS2_PLACEMENT_3D('',#7950,#7951,#7952);
#7950 = CARTESIAN_POINT('',(0.38,-4.257,-0.328));
#7951 = DIRECTION('',(2.399999999994E-16,-0.707106781187,-0.707106781187
    ));
#7952 = DIRECTION('',(2.399999999994E-16,0.707106781187,-0.707106781187)
  );
#7953 = ADVANCED_FACE('',(#7954),#7960,.F.);
#7954 = FACE_BOUND('',#7955,.F.);
#7955 = EDGE_LOOP('',(#7956,#7957,#7958,#7959));
#7956 = ORIENTED_EDGE('',*,*,#7859,.T.);
#7957 = ORIENTED_EDGE('',*,*,#7890,.F.);
#7958 = ORIENTED_EDGE('',*,*,#7921,.F.);
#7959 = ORIENTED_EDGE('',*,*,#7943,.F.);
#7960 = PLANE('',#7961);
#7961 = AXIS2_PLACEMENT_3D('',#7962,#7963,#7964);
#7962 = CARTESIAN_POINT('',(0.38,-3.126142135624,-0.347824429284));
#7963 = DIRECTION('',(-1.,-2.2E-16,1.1E-16));
#7964 = DIRECTION('',(-1.1E-16,-1.1E-16,-1.));
#7965 = ADVANCED_FACE('',(#7966),#7972,.T.);
#7966 = FACE_BOUND('',#7967,.T.);
#7967 = EDGE_LOOP('',(#7968,#7969,#7970,#7971));
#7968 = ORIENTED_EDGE('',*,*,#7843,.T.);
#7969 = ORIENTED_EDGE('',*,*,#7883,.F.);
#7970 = ORIENTED_EDGE('',*,*,#7914,.F.);
#7971 = ORIENTED_EDGE('',*,*,#7936,.F.);
#7972 = PLANE('',#7973);
#7973 = AXIS2_PLACEMENT_3D('',#7974,#7975,#7976);
#7974 = CARTESIAN_POINT('',(0.12,-3.126142135624,-0.347824429284));
#7975 = DIRECTION('',(-1.,-2.2E-16,1.1E-16));
#7976 = DIRECTION('',(-1.1E-16,-1.1E-16,-1.));
#7977 = MANIFOLD_SOLID_BREP('',#7978);
#7978 = CLOSED_SHELL('',(#7979,#8019,#8050,#8081,#8103,#8115));
#7979 = ADVANCED_FACE('',(#7980),#8014,.F.);
#7980 = FACE_BOUND('',#7981,.F.);
#7981 = EDGE_LOOP('',(#7982,#7992,#8000,#8008));
#7982 = ORIENTED_EDGE('',*,*,#7983,.T.);
#7983 = EDGE_CURVE('',#7984,#7986,#7988,.T.);
#7984 = VERTEX_POINT('',#7985);
#7985 = CARTESIAN_POINT('',(0.88,-4.257,-0.328));
#7986 = VERTEX_POINT('',#7987);
#7987 = CARTESIAN_POINT('',(0.62,-4.257,-0.328));
#7988 = LINE('',#7989,#7990);
#7989 = CARTESIAN_POINT('',(0.88,-4.257,-0.328));
#7990 = VECTOR('',#7991,1.);
#7991 = DIRECTION('',(-1.,-2.2E-16,-1.1E-16));
#7992 = ORIENTED_EDGE('',*,*,#7993,.T.);
#7993 = EDGE_CURVE('',#7986,#7994,#7996,.T.);
#7994 = VERTEX_POINT('',#7995);
#7995 = CARTESIAN_POINT('',(0.62,-2.007,-0.328));
#7996 = LINE('',#7997,#7998);
#7997 = CARTESIAN_POINT('',(0.62,-4.257,-0.328));
#7998 = VECTOR('',#7999,1.);
#7999 = DIRECTION('',(2.2E-16,1.,3.3E-16));
#8000 = ORIENTED_EDGE('',*,*,#8001,.F.);
#8001 = EDGE_CURVE('',#8002,#7994,#8004,.T.);
#8002 = VERTEX_POINT('',#8003);
#8003 = CARTESIAN_POINT('',(0.88,-2.007,-0.328));
#8004 = LINE('',#8005,#8006);
#8005 = CARTESIAN_POINT('',(0.88,-2.007,-0.328));
#8006 = VECTOR('',#8007,1.);
#8007 = DIRECTION('',(-1.,-2.2E-16,-1.1E-16));
#8008 = ORIENTED_EDGE('',*,*,#8009,.F.);
#8009 = EDGE_CURVE('',#7984,#8002,#8010,.T.);
#8010 = LINE('',#8011,#8012);
#8011 = CARTESIAN_POINT('',(0.88,-4.257,-0.328));
#8012 = VECTOR('',#8013,1.);
#8013 = DIRECTION('',(2.2E-16,1.,3.3E-16));
#8014 = PLANE('',#8015);
#8015 = AXIS2_PLACEMENT_3D('',#8016,#8017,#8018);
#8016 = CARTESIAN_POINT('',(0.88,-4.257,-0.328));
#8017 = DIRECTION('',(1.1E-16,3.3E-16,-1.));
#8018 = DIRECTION('',(1.29368257903E-48,1.,3.3E-16));
#8019 = ADVANCED_FACE('',(#8020),#8045,.T.);
#8020 = FACE_BOUND('',#8021,.T.);
#8021 = EDGE_LOOP('',(#8022,#8032,#8038,#8039));
#8022 = ORIENTED_EDGE('',*,*,#8023,.T.);
#8023 = EDGE_CURVE('',#8024,#8026,#8028,.T.);
#8024 = VERTEX_POINT('',#8025);
#8025 = CARTESIAN_POINT('',(0.88,-2.007,-0.368));
#8026 = VERTEX_POINT('',#8027);
#8027 = CARTESIAN_POINT('',(0.62,-2.007,-0.368));
#8028 = LINE('',#8029,#8030);
#8029 = CARTESIAN_POINT('',(0.88,-2.007,-0.368));
#8030 = VECTOR('',#8031,1.);
#8031 = DIRECTION('',(-1.,-2.2E-16,-1.1E-16));
#8032 = ORIENTED_EDGE('',*,*,#8033,.T.);
#8033 = EDGE_CURVE('',#8026,#7994,#8034,.T.);
#8034 = LINE('',#8035,#8036);
#8035 = CARTESIAN_POINT('',(0.62,-2.007,-0.368));
#8036 = VECTOR('',#8037,1.);
#8037 = DIRECTION('',(-3.3E-16,1.1E-16,1.));
#8038 = ORIENTED_EDGE('',*,*,#8001,.F.);
#8039 = ORIENTED_EDGE('',*,*,#8040,.F.);
#8040 = EDGE_CURVE('',#8024,#8002,#8041,.T.);
#8041 = LINE('',#8042,#8043);
#8042 = CARTESIAN_POINT('',(0.88,-2.007,-0.368));
#8043 = VECTOR('',#8044,1.);
#8044 = DIRECTION('',(-3.3E-16,1.1E-16,1.));
#8045 = PLANE('',#8046);
#8046 = AXIS2_PLACEMENT_3D('',#8047,#8048,#8049);
#8047 = CARTESIAN_POINT('',(0.88,-2.007,-0.368));
#8048 = DIRECTION('',(-2.2E-16,1.,1.1E-16));
#8049 = DIRECTION('',(-3.3E-16,-1.1E-16,1.));
#8050 = ADVANCED_FACE('',(#8051),#8076,.T.);
#8051 = FACE_BOUND('',#8052,.T.);
#8052 = EDGE_LOOP('',(#8053,#8063,#8069,#8070));
#8053 = ORIENTED_EDGE('',*,*,#8054,.T.);
#8054 = EDGE_CURVE('',#8055,#8057,#8059,.T.);
#8055 = VERTEX_POINT('',#8056);
#8056 = CARTESIAN_POINT('',(0.88,-4.217,-0.368));
#8057 = VERTEX_POINT('',#8058);
#8058 = CARTESIAN_POINT('',(0.62,-4.217,-0.368));
#8059 = LINE('',#8060,#8061);
#8060 = CARTESIAN_POINT('',(0.88,-4.217,-0.368));
#8061 = VECTOR('',#8062,1.);
#8062 = DIRECTION('',(-1.,-2.2E-16,-1.1E-16));
#8063 = ORIENTED_EDGE('',*,*,#8064,.T.);
#8064 = EDGE_CURVE('',#8057,#8026,#8065,.T.);
#8065 = LINE('',#8066,#8067);
#8066 = CARTESIAN_POINT('',(0.62,-4.217,-0.368));
#8067 = VECTOR('',#8068,1.);
#8068 = DIRECTION('',(2.2E-16,1.,3.3E-16));
#8069 = ORIENTED_EDGE('',*,*,#8023,.F.);
#8070 = ORIENTED_EDGE('',*,*,#8071,.F.);
#8071 = EDGE_CURVE('',#8055,#8024,#8072,.T.);
#8072 = LINE('',#8073,#8074);
#8073 = CARTESIAN_POINT('',(0.88,-4.217,-0.368));
#8074 = VECTOR('',#8075,1.);
#8075 = DIRECTION('',(2.2E-16,1.,3.3E-16));
#8076 = PLANE('',#8077);
#8077 = AXIS2_PLACEMENT_3D('',#8078,#8079,#8080);
#8078 = CARTESIAN_POINT('',(0.88,-4.217,-0.368));
#8079 = DIRECTION('',(1.1E-16,3.3E-16,-1.));
#8080 = DIRECTION('',(1.29368257903E-48,1.,3.3E-16));
#8081 = ADVANCED_FACE('',(#8082),#8098,.T.);
#8082 = FACE_BOUND('',#8083,.T.);
#8083 = EDGE_LOOP('',(#8084,#8085,#8091,#8092));
#8084 = ORIENTED_EDGE('',*,*,#7983,.T.);
#8085 = ORIENTED_EDGE('',*,*,#8086,.T.);
#8086 = EDGE_CURVE('',#7986,#8057,#8087,.T.);
#8087 = LINE('',#8088,#8089);
#8088 = CARTESIAN_POINT('',(0.62,-4.257,-0.328));
#8089 = VECTOR('',#8090,1.);
#8090 = DIRECTION('',(3.899999999994E-16,0.707106781187,-0.707106781187)
  );
#8091 = ORIENTED_EDGE('',*,*,#8054,.F.);
#8092 = ORIENTED_EDGE('',*,*,#8093,.F.);
#8093 = EDGE_CURVE('',#7984,#8055,#8094,.T.);
#8094 = LINE('',#8095,#8096);
#8095 = CARTESIAN_POINT('',(0.88,-4.257,-0.328));
#8096 = VECTOR('',#8097,1.);
#8097 = DIRECTION('',(3.899999999994E-16,0.707106781187,-0.707106781187)
  );
#8098 = PLANE('',#8099);
#8099 = AXIS2_PLACEMENT_3D('',#8100,#8101,#8102);
#8100 = CARTESIAN_POINT('',(0.88,-4.257,-0.328));
#8101 = DIRECTION('',(2.399999999994E-16,-0.707106781187,-0.707106781187
    ));
#8102 = DIRECTION('',(2.399999999994E-16,0.707106781187,-0.707106781187)
  );
#8103 = ADVANCED_FACE('',(#8104),#8110,.F.);
#8104 = FACE_BOUND('',#8105,.F.);
#8105 = EDGE_LOOP('',(#8106,#8107,#8108,#8109));
#8106 = ORIENTED_EDGE('',*,*,#8009,.T.);
#8107 = ORIENTED_EDGE('',*,*,#8040,.F.);
#8108 = ORIENTED_EDGE('',*,*,#8071,.F.);
#8109 = ORIENTED_EDGE('',*,*,#8093,.F.);
#8110 = PLANE('',#8111);
#8111 = AXIS2_PLACEMENT_3D('',#8112,#8113,#8114);
#8112 = CARTESIAN_POINT('',(0.88,-3.126142135624,-0.347824429284));
#8113 = DIRECTION('',(-1.,-2.2E-16,1.1E-16));
#8114 = DIRECTION('',(-1.1E-16,-1.1E-16,-1.));
#8115 = ADVANCED_FACE('',(#8116),#8122,.T.);
#8116 = FACE_BOUND('',#8117,.T.);
#8117 = EDGE_LOOP('',(#8118,#8119,#8120,#8121));
#8118 = ORIENTED_EDGE('',*,*,#7993,.T.);
#8119 = ORIENTED_EDGE('',*,*,#8033,.F.);
#8120 = ORIENTED_EDGE('',*,*,#8064,.F.);
#8121 = ORIENTED_EDGE('',*,*,#8086,.F.);
#8122 = PLANE('',#8123);
#8123 = AXIS2_PLACEMENT_3D('',#8124,#8125,#8126);
#8124 = CARTESIAN_POINT('',(0.62,-3.126142135624,-0.347824429284));
#8125 = DIRECTION('',(-1.,-2.2E-16,1.1E-16));
#8126 = DIRECTION('',(-1.1E-16,-1.1E-16,-1.));
#8127 = MANIFOLD_SOLID_BREP('',#8128);
#8128 = CLOSED_SHELL('',(#8129,#8169,#8200,#8231,#8253,#8265));
#8129 = ADVANCED_FACE('',(#8130),#8164,.F.);
#8130 = FACE_BOUND('',#8131,.F.);
#8131 = EDGE_LOOP('',(#8132,#8142,#8150,#8158));
#8132 = ORIENTED_EDGE('',*,*,#8133,.T.);
#8133 = EDGE_CURVE('',#8134,#8136,#8138,.T.);
#8134 = VERTEX_POINT('',#8135);
#8135 = CARTESIAN_POINT('',(0.15,1.80104,-1.43));
#8136 = VERTEX_POINT('',#8137);
#8137 = CARTESIAN_POINT('',(0.35,1.80104,-1.43));
#8138 = LINE('',#8139,#8140);
#8139 = CARTESIAN_POINT('',(0.15,1.80104,-1.43));
#8140 = VECTOR('',#8141,1.);
#8141 = DIRECTION('',(1.,-2.2E-16,1.1E-16));
#8142 = ORIENTED_EDGE('',*,*,#8143,.T.);
#8143 = EDGE_CURVE('',#8136,#8144,#8146,.T.);
#8144 = VERTEX_POINT('',#8145);
#8145 = CARTESIAN_POINT('',(0.35,1.80104,-1.59));
#8146 = LINE('',#8147,#8148);
#8147 = CARTESIAN_POINT('',(0.35,1.80104,-1.43));
#8148 = VECTOR('',#8149,1.);
#8149 = DIRECTION('',(3.3E-16,1.1E-16,-1.));
#8150 = ORIENTED_EDGE('',*,*,#8151,.F.);
#8151 = EDGE_CURVE('',#8152,#8144,#8154,.T.);
#8152 = VERTEX_POINT('',#8153);
#8153 = CARTESIAN_POINT('',(0.15,1.80104,-1.59));
#8154 = LINE('',#8155,#8156);
#8155 = CARTESIAN_POINT('',(0.15,1.80104,-1.59));
#8156 = VECTOR('',#8157,1.);
#8157 = DIRECTION('',(1.,-2.2E-16,1.1E-16));
#8158 = ORIENTED_EDGE('',*,*,#8159,.F.);
#8159 = EDGE_CURVE('',#8134,#8152,#8160,.T.);
#8160 = LINE('',#8161,#8162);
#8161 = CARTESIAN_POINT('',(0.15,1.80104,-1.43));
#8162 = VECTOR('',#8163,1.);
#8163 = DIRECTION('',(3.3E-16,1.1E-16,-1.));
#8164 = PLANE('',#8165);
#8165 = AXIS2_PLACEMENT_3D('',#8166,#8167,#8168);
#8166 = CARTESIAN_POINT('',(0.15,1.80104,-1.43));
#8167 = DIRECTION('',(2.2E-16,1.,-1.1E-16));
#8168 = DIRECTION('',(3.3E-16,-1.1E-16,-1.));
#8169 = ADVANCED_FACE('',(#8170),#8195,.F.);
#8170 = FACE_BOUND('',#8171,.F.);
#8171 = EDGE_LOOP('',(#8172,#8173,#8181,#8189));
#8172 = ORIENTED_EDGE('',*,*,#8151,.T.);
#8173 = ORIENTED_EDGE('',*,*,#8174,.T.);
#8174 = EDGE_CURVE('',#8144,#8175,#8177,.T.);
#8175 = VERTEX_POINT('',#8176);
#8176 = CARTESIAN_POINT('',(0.35,2.743,-1.59));
#8177 = LINE('',#8178,#8179);
#8178 = CARTESIAN_POINT('',(0.35,1.80104,-1.59));
#8179 = VECTOR('',#8180,1.);
#8180 = DIRECTION('',(-2.2E-16,1.,-3.3E-16));
#8181 = ORIENTED_EDGE('',*,*,#8182,.F.);
#8182 = EDGE_CURVE('',#8183,#8175,#8185,.T.);
#8183 = VERTEX_POINT('',#8184);
#8184 = CARTESIAN_POINT('',(0.15,2.743,-1.59));
#8185 = LINE('',#8186,#8187);
#8186 = CARTESIAN_POINT('',(0.15,2.743,-1.59));
#8187 = VECTOR('',#8188,1.);
#8188 = DIRECTION('',(1.,-2.2E-16,1.1E-16));
#8189 = ORIENTED_EDGE('',*,*,#8190,.F.);
#8190 = EDGE_CURVE('',#8152,#8183,#8191,.T.);
#8191 = LINE('',#8192,#8193);
#8192 = CARTESIAN_POINT('',(0.15,1.80104,-1.59));
#8193 = VECTOR('',#8194,1.);
#8194 = DIRECTION('',(-2.2E-16,1.,-3.3E-16));
#8195 = PLANE('',#8196);
#8196 = AXIS2_PLACEMENT_3D('',#8197,#8198,#8199);
#8197 = CARTESIAN_POINT('',(0.15,1.80104,-1.59));
#8198 = DIRECTION('',(-1.1E-16,3.3E-16,1.));
#8199 = DIRECTION('',(-1.29368257903E-48,1.,-3.3E-16));
#8200 = ADVANCED_FACE('',(#8201),#8226,.F.);
#8201 = FACE_BOUND('',#8202,.F.);
#8202 = EDGE_LOOP('',(#8203,#8204,#8212,#8220));
#8203 = ORIENTED_EDGE('',*,*,#8182,.T.);
#8204 = ORIENTED_EDGE('',*,*,#8205,.T.);
#8205 = EDGE_CURVE('',#8175,#8206,#8208,.T.);
#8206 = VERTEX_POINT('',#8207);
#8207 = CARTESIAN_POINT('',(0.35,2.743,-1.43));
#8208 = LINE('',#8209,#8210);
#8209 = CARTESIAN_POINT('',(0.35,2.743,-1.59));
#8210 = VECTOR('',#8211,1.);
#8211 = DIRECTION('',(-3.3E-16,-1.1E-16,1.));
#8212 = ORIENTED_EDGE('',*,*,#8213,.F.);
#8213 = EDGE_CURVE('',#8214,#8206,#8216,.T.);
#8214 = VERTEX_POINT('',#8215);
#8215 = CARTESIAN_POINT('',(0.15,2.743,-1.43));
#8216 = LINE('',#8217,#8218);
#8217 = CARTESIAN_POINT('',(0.15,2.743,-1.43));
#8218 = VECTOR('',#8219,1.);
#8219 = DIRECTION('',(1.,-2.2E-16,1.1E-16));
#8220 = ORIENTED_EDGE('',*,*,#8221,.F.);
#8221 = EDGE_CURVE('',#8183,#8214,#8222,.T.);
#8222 = LINE('',#8223,#8224);
#8223 = CARTESIAN_POINT('',(0.15,2.743,-1.59));
#8224 = VECTOR('',#8225,1.);
#8225 = DIRECTION('',(-3.3E-16,-1.1E-16,1.));
#8226 = PLANE('',#8227);
#8227 = AXIS2_PLACEMENT_3D('',#8228,#8229,#8230);
#8228 = CARTESIAN_POINT('',(0.15,2.743,-1.59));
#8229 = DIRECTION('',(-2.2E-16,-1.,1.1E-16));
#8230 = DIRECTION('',(-3.3E-16,1.1E-16,1.));
#8231 = ADVANCED_FACE('',(#8232),#8248,.F.);
#8232 = FACE_BOUND('',#8233,.F.);
#8233 = EDGE_LOOP('',(#8234,#8235,#8241,#8242));
#8234 = ORIENTED_EDGE('',*,*,#8213,.T.);
#8235 = ORIENTED_EDGE('',*,*,#8236,.T.);
#8236 = EDGE_CURVE('',#8206,#8136,#8237,.T.);
#8237 = LINE('',#8238,#8239);
#8238 = CARTESIAN_POINT('',(0.35,2.743,-1.43));
#8239 = VECTOR('',#8240,1.);
#8240 = DIRECTION('',(2.2E-16,-1.,3.3E-16));
#8241 = ORIENTED_EDGE('',*,*,#8133,.F.);
#8242 = ORIENTED_EDGE('',*,*,#8243,.F.);
#8243 = EDGE_CURVE('',#8214,#8134,#8244,.T.);
#8244 = LINE('',#8245,#8246);
#8245 = CARTESIAN_POINT('',(0.15,2.743,-1.43));
#8246 = VECTOR('',#8247,1.);
#8247 = DIRECTION('',(2.2E-16,-1.,3.3E-16));
#8248 = PLANE('',#8249);
#8249 = AXIS2_PLACEMENT_3D('',#8250,#8251,#8252);
#8250 = CARTESIAN_POINT('',(0.15,2.743,-1.43));
#8251 = DIRECTION('',(1.1E-16,-3.3E-16,-1.));
#8252 = DIRECTION('',(1.29368257903E-48,-1.,3.3E-16));
#8253 = ADVANCED_FACE('',(#8254),#8260,.F.);
#8254 = FACE_BOUND('',#8255,.F.);
#8255 = EDGE_LOOP('',(#8256,#8257,#8258,#8259));
#8256 = ORIENTED_EDGE('',*,*,#8159,.T.);
#8257 = ORIENTED_EDGE('',*,*,#8190,.T.);
#8258 = ORIENTED_EDGE('',*,*,#8221,.T.);
#8259 = ORIENTED_EDGE('',*,*,#8243,.T.);
#8260 = PLANE('',#8261);
#8261 = AXIS2_PLACEMENT_3D('',#8262,#8263,#8264);
#8262 = CARTESIAN_POINT('',(0.15,2.27202,-1.51));
#8263 = DIRECTION('',(1.,-2.2E-16,-1.1E-16));
#8264 = DIRECTION('',(1.1E-16,-1.1E-16,1.));
#8265 = ADVANCED_FACE('',(#8266),#8272,.T.);
#8266 = FACE_BOUND('',#8267,.T.);
#8267 = EDGE_LOOP('',(#8268,#8269,#8270,#8271));
#8268 = ORIENTED_EDGE('',*,*,#8143,.T.);
#8269 = ORIENTED_EDGE('',*,*,#8174,.T.);
#8270 = ORIENTED_EDGE('',*,*,#8205,.T.);
#8271 = ORIENTED_EDGE('',*,*,#8236,.T.);
#8272 = PLANE('',#8273);
#8273 = AXIS2_PLACEMENT_3D('',#8274,#8275,#8276);
#8274 = CARTESIAN_POINT('',(0.35,2.27202,-1.51));
#8275 = DIRECTION('',(1.,-2.2E-16,-1.1E-16));
#8276 = DIRECTION('',(1.1E-16,-1.1E-16,1.));
#8277 = MANIFOLD_SOLID_BREP('',#8278);
#8278 = CLOSED_SHELL('',(#8279,#8319,#8350,#8381,#8403,#8415));
#8279 = ADVANCED_FACE('',(#8280),#8314,.F.);
#8280 = FACE_BOUND('',#8281,.F.);
#8281 = EDGE_LOOP('',(#8282,#8292,#8300,#8308));
#8282 = ORIENTED_EDGE('',*,*,#8283,.T.);
#8283 = EDGE_CURVE('',#8284,#8286,#8288,.T.);
#8284 = VERTEX_POINT('',#8285);
#8285 = CARTESIAN_POINT('',(0.65,1.80104,-1.43));
#8286 = VERTEX_POINT('',#8287);
#8287 = CARTESIAN_POINT('',(0.85,1.80104,-1.43));
#8288 = LINE('',#8289,#8290);
#8289 = CARTESIAN_POINT('',(0.65,1.80104,-1.43));
#8290 = VECTOR('',#8291,1.);
#8291 = DIRECTION('',(1.,-2.2E-16,1.1E-16));
#8292 = ORIENTED_EDGE('',*,*,#8293,.T.);
#8293 = EDGE_CURVE('',#8286,#8294,#8296,.T.);
#8294 = VERTEX_POINT('',#8295);
#8295 = CARTESIAN_POINT('',(0.85,1.80104,-1.59));
#8296 = LINE('',#8297,#8298);
#8297 = CARTESIAN_POINT('',(0.85,1.80104,-1.43));
#8298 = VECTOR('',#8299,1.);
#8299 = DIRECTION('',(3.3E-16,1.1E-16,-1.));
#8300 = ORIENTED_EDGE('',*,*,#8301,.F.);
#8301 = EDGE_CURVE('',#8302,#8294,#8304,.T.);
#8302 = VERTEX_POINT('',#8303);
#8303 = CARTESIAN_POINT('',(0.65,1.80104,-1.59));
#8304 = LINE('',#8305,#8306);
#8305 = CARTESIAN_POINT('',(0.65,1.80104,-1.59));
#8306 = VECTOR('',#8307,1.);
#8307 = DIRECTION('',(1.,-2.2E-16,1.1E-16));
#8308 = ORIENTED_EDGE('',*,*,#8309,.F.);
#8309 = EDGE_CURVE('',#8284,#8302,#8310,.T.);
#8310 = LINE('',#8311,#8312);
#8311 = CARTESIAN_POINT('',(0.65,1.80104,-1.43));
#8312 = VECTOR('',#8313,1.);
#8313 = DIRECTION('',(3.3E-16,1.1E-16,-1.));
#8314 = PLANE('',#8315);
#8315 = AXIS2_PLACEMENT_3D('',#8316,#8317,#8318);
#8316 = CARTESIAN_POINT('',(0.65,1.80104,-1.43));
#8317 = DIRECTION('',(2.2E-16,1.,-1.1E-16));
#8318 = DIRECTION('',(3.3E-16,-1.1E-16,-1.));
#8319 = ADVANCED_FACE('',(#8320),#8345,.F.);
#8320 = FACE_BOUND('',#8321,.F.);
#8321 = EDGE_LOOP('',(#8322,#8323,#8331,#8339));
#8322 = ORIENTED_EDGE('',*,*,#8301,.T.);
#8323 = ORIENTED_EDGE('',*,*,#8324,.T.);
#8324 = EDGE_CURVE('',#8294,#8325,#8327,.T.);
#8325 = VERTEX_POINT('',#8326);
#8326 = CARTESIAN_POINT('',(0.85,2.743,-1.59));
#8327 = LINE('',#8328,#8329);
#8328 = CARTESIAN_POINT('',(0.85,1.80104,-1.59));
#8329 = VECTOR('',#8330,1.);
#8330 = DIRECTION('',(-2.2E-16,1.,-3.3E-16));
#8331 = ORIENTED_EDGE('',*,*,#8332,.F.);
#8332 = EDGE_CURVE('',#8333,#8325,#8335,.T.);
#8333 = VERTEX_POINT('',#8334);
#8334 = CARTESIAN_POINT('',(0.65,2.743,-1.59));
#8335 = LINE('',#8336,#8337);
#8336 = CARTESIAN_POINT('',(0.65,2.743,-1.59));
#8337 = VECTOR('',#8338,1.);
#8338 = DIRECTION('',(1.,-2.2E-16,1.1E-16));
#8339 = ORIENTED_EDGE('',*,*,#8340,.F.);
#8340 = EDGE_CURVE('',#8302,#8333,#8341,.T.);
#8341 = LINE('',#8342,#8343);
#8342 = CARTESIAN_POINT('',(0.65,1.80104,-1.59));
#8343 = VECTOR('',#8344,1.);
#8344 = DIRECTION('',(-2.2E-16,1.,-3.3E-16));
#8345 = PLANE('',#8346);
#8346 = AXIS2_PLACEMENT_3D('',#8347,#8348,#8349);
#8347 = CARTESIAN_POINT('',(0.65,1.80104,-1.59));
#8348 = DIRECTION('',(-1.1E-16,3.3E-16,1.));
#8349 = DIRECTION('',(-1.29368257903E-48,1.,-3.3E-16));
#8350 = ADVANCED_FACE('',(#8351),#8376,.F.);
#8351 = FACE_BOUND('',#8352,.F.);
#8352 = EDGE_LOOP('',(#8353,#8354,#8362,#8370));
#8353 = ORIENTED_EDGE('',*,*,#8332,.T.);
#8354 = ORIENTED_EDGE('',*,*,#8355,.T.);
#8355 = EDGE_CURVE('',#8325,#8356,#8358,.T.);
#8356 = VERTEX_POINT('',#8357);
#8357 = CARTESIAN_POINT('',(0.85,2.743,-1.43));
#8358 = LINE('',#8359,#8360);
#8359 = CARTESIAN_POINT('',(0.85,2.743,-1.59));
#8360 = VECTOR('',#8361,1.);
#8361 = DIRECTION('',(-3.3E-16,-1.1E-16,1.));
#8362 = ORIENTED_EDGE('',*,*,#8363,.F.);
#8363 = EDGE_CURVE('',#8364,#8356,#8366,.T.);
#8364 = VERTEX_POINT('',#8365);
#8365 = CARTESIAN_POINT('',(0.65,2.743,-1.43));
#8366 = LINE('',#8367,#8368);
#8367 = CARTESIAN_POINT('',(0.65,2.743,-1.43));
#8368 = VECTOR('',#8369,1.);
#8369 = DIRECTION('',(1.,-2.2E-16,1.1E-16));
#8370 = ORIENTED_EDGE('',*,*,#8371,.F.);
#8371 = EDGE_CURVE('',#8333,#8364,#8372,.T.);
#8372 = LINE('',#8373,#8374);
#8373 = CARTESIAN_POINT('',(0.65,2.743,-1.59));
#8374 = VECTOR('',#8375,1.);
#8375 = DIRECTION('',(-3.3E-16,-1.1E-16,1.));
#8376 = PLANE('',#8377);
#8377 = AXIS2_PLACEMENT_3D('',#8378,#8379,#8380);
#8378 = CARTESIAN_POINT('',(0.65,2.743,-1.59));
#8379 = DIRECTION('',(-2.2E-16,-1.,1.1E-16));
#8380 = DIRECTION('',(-3.3E-16,1.1E-16,1.));
#8381 = ADVANCED_FACE('',(#8382),#8398,.F.);
#8382 = FACE_BOUND('',#8383,.F.);
#8383 = EDGE_LOOP('',(#8384,#8385,#8391,#8392));
#8384 = ORIENTED_EDGE('',*,*,#8363,.T.);
#8385 = ORIENTED_EDGE('',*,*,#8386,.T.);
#8386 = EDGE_CURVE('',#8356,#8286,#8387,.T.);
#8387 = LINE('',#8388,#8389);
#8388 = CARTESIAN_POINT('',(0.85,2.743,-1.43));
#8389 = VECTOR('',#8390,1.);
#8390 = DIRECTION('',(2.2E-16,-1.,3.3E-16));
#8391 = ORIENTED_EDGE('',*,*,#8283,.F.);
#8392 = ORIENTED_EDGE('',*,*,#8393,.F.);
#8393 = EDGE_CURVE('',#8364,#8284,#8394,.T.);
#8394 = LINE('',#8395,#8396);
#8395 = CARTESIAN_POINT('',(0.65,2.743,-1.43));
#8396 = VECTOR('',#8397,1.);
#8397 = DIRECTION('',(2.2E-16,-1.,3.3E-16));
#8398 = PLANE('',#8399);
#8399 = AXIS2_PLACEMENT_3D('',#8400,#8401,#8402);
#8400 = CARTESIAN_POINT('',(0.65,2.743,-1.43));
#8401 = DIRECTION('',(1.1E-16,-3.3E-16,-1.));
#8402 = DIRECTION('',(1.29368257903E-48,-1.,3.3E-16));
#8403 = ADVANCED_FACE('',(#8404),#8410,.F.);
#8404 = FACE_BOUND('',#8405,.F.);
#8405 = EDGE_LOOP('',(#8406,#8407,#8408,#8409));
#8406 = ORIENTED_EDGE('',*,*,#8309,.T.);
#8407 = ORIENTED_EDGE('',*,*,#8340,.T.);
#8408 = ORIENTED_EDGE('',*,*,#8371,.T.);
#8409 = ORIENTED_EDGE('',*,*,#8393,.T.);
#8410 = PLANE('',#8411);
#8411 = AXIS2_PLACEMENT_3D('',#8412,#8413,#8414);
#8412 = CARTESIAN_POINT('',(0.65,2.27202,-1.51));
#8413 = DIRECTION('',(1.,-2.2E-16,-1.1E-16));
#8414 = DIRECTION('',(1.1E-16,-1.1E-16,1.));
#8415 = ADVANCED_FACE('',(#8416),#8422,.T.);
#8416 = FACE_BOUND('',#8417,.T.);
#8417 = EDGE_LOOP('',(#8418,#8419,#8420,#8421));
#8418 = ORIENTED_EDGE('',*,*,#8293,.T.);
#8419 = ORIENTED_EDGE('',*,*,#8324,.T.);
#8420 = ORIENTED_EDGE('',*,*,#8355,.T.);
#8421 = ORIENTED_EDGE('',*,*,#8386,.T.);
#8422 = PLANE('',#8423);
#8423 = AXIS2_PLACEMENT_3D('',#8424,#8425,#8426);
#8424 = CARTESIAN_POINT('',(0.85,2.27202,-1.51));
#8425 = DIRECTION('',(1.,-2.2E-16,-1.1E-16));
#8426 = DIRECTION('',(1.1E-16,-1.1E-16,1.));
#8427 = MANIFOLD_SOLID_BREP('',#8428);
#8428 = CLOSED_SHELL('',(#8429,#8469,#8500,#8531,#8553,#8565));
#8429 = ADVANCED_FACE('',(#8430),#8464,.F.);
#8430 = FACE_BOUND('',#8431,.F.);
#8431 = EDGE_LOOP('',(#8432,#8442,#8450,#8458));
#8432 = ORIENTED_EDGE('',*,*,#8433,.T.);
#8433 = EDGE_CURVE('',#8434,#8436,#8438,.T.);
#8434 = VERTEX_POINT('',#8435);
#8435 = CARTESIAN_POINT('',(1.15,1.80104,-1.43));
#8436 = VERTEX_POINT('',#8437);
#8437 = CARTESIAN_POINT('',(1.35,1.80104,-1.43));
#8438 = LINE('',#8439,#8440);
#8439 = CARTESIAN_POINT('',(1.15,1.80104,-1.43));
#8440 = VECTOR('',#8441,1.);
#8441 = DIRECTION('',(1.,-2.2E-16,1.1E-16));
#8442 = ORIENTED_EDGE('',*,*,#8443,.T.);
#8443 = EDGE_CURVE('',#8436,#8444,#8446,.T.);
#8444 = VERTEX_POINT('',#8445);
#8445 = CARTESIAN_POINT('',(1.35,1.80104,-1.59));
#8446 = LINE('',#8447,#8448);
#8447 = CARTESIAN_POINT('',(1.35,1.80104,-1.43));
#8448 = VECTOR('',#8449,1.);
#8449 = DIRECTION('',(3.3E-16,1.1E-16,-1.));
#8450 = ORIENTED_EDGE('',*,*,#8451,.F.);
#8451 = EDGE_CURVE('',#8452,#8444,#8454,.T.);
#8452 = VERTEX_POINT('',#8453);
#8453 = CARTESIAN_POINT('',(1.15,1.80104,-1.59));
#8454 = LINE('',#8455,#8456);
#8455 = CARTESIAN_POINT('',(1.15,1.80104,-1.59));
#8456 = VECTOR('',#8457,1.);
#8457 = DIRECTION('',(1.,-2.2E-16,1.1E-16));
#8458 = ORIENTED_EDGE('',*,*,#8459,.F.);
#8459 = EDGE_CURVE('',#8434,#8452,#8460,.T.);
#8460 = LINE('',#8461,#8462);
#8461 = CARTESIAN_POINT('',(1.15,1.80104,-1.43));
#8462 = VECTOR('',#8463,1.);
#8463 = DIRECTION('',(3.3E-16,1.1E-16,-1.));
#8464 = PLANE('',#8465);
#8465 = AXIS2_PLACEMENT_3D('',#8466,#8467,#8468);
#8466 = CARTESIAN_POINT('',(1.15,1.80104,-1.43));
#8467 = DIRECTION('',(2.2E-16,1.,-1.1E-16));
#8468 = DIRECTION('',(3.3E-16,-1.1E-16,-1.));
#8469 = ADVANCED_FACE('',(#8470),#8495,.F.);
#8470 = FACE_BOUND('',#8471,.F.);
#8471 = EDGE_LOOP('',(#8472,#8473,#8481,#8489));
#8472 = ORIENTED_EDGE('',*,*,#8451,.T.);
#8473 = ORIENTED_EDGE('',*,*,#8474,.T.);
#8474 = EDGE_CURVE('',#8444,#8475,#8477,.T.);
#8475 = VERTEX_POINT('',#8476);
#8476 = CARTESIAN_POINT('',(1.35,2.743,-1.59));
#8477 = LINE('',#8478,#8479);
#8478 = CARTESIAN_POINT('',(1.35,1.80104,-1.59));
#8479 = VECTOR('',#8480,1.);
#8480 = DIRECTION('',(-2.2E-16,1.,-3.3E-16));
#8481 = ORIENTED_EDGE('',*,*,#8482,.F.);
#8482 = EDGE_CURVE('',#8483,#8475,#8485,.T.);
#8483 = VERTEX_POINT('',#8484);
#8484 = CARTESIAN_POINT('',(1.15,2.743,-1.59));
#8485 = LINE('',#8486,#8487);
#8486 = CARTESIAN_POINT('',(1.15,2.743,-1.59));
#8487 = VECTOR('',#8488,1.);
#8488 = DIRECTION('',(1.,-2.2E-16,1.1E-16));
#8489 = ORIENTED_EDGE('',*,*,#8490,.F.);
#8490 = EDGE_CURVE('',#8452,#8483,#8491,.T.);
#8491 = LINE('',#8492,#8493);
#8492 = CARTESIAN_POINT('',(1.15,1.80104,-1.59));
#8493 = VECTOR('',#8494,1.);
#8494 = DIRECTION('',(-2.2E-16,1.,-3.3E-16));
#8495 = PLANE('',#8496);
#8496 = AXIS2_PLACEMENT_3D('',#8497,#8498,#8499);
#8497 = CARTESIAN_POINT('',(1.15,1.80104,-1.59));
#8498 = DIRECTION('',(-1.1E-16,3.3E-16,1.));
#8499 = DIRECTION('',(-1.29368257903E-48,1.,-3.3E-16));
#8500 = ADVANCED_FACE('',(#8501),#8526,.F.);
#8501 = FACE_BOUND('',#8502,.F.);
#8502 = EDGE_LOOP('',(#8503,#8504,#8512,#8520));
#8503 = ORIENTED_EDGE('',*,*,#8482,.T.);
#8504 = ORIENTED_EDGE('',*,*,#8505,.T.);
#8505 = EDGE_CURVE('',#8475,#8506,#8508,.T.);
#8506 = VERTEX_POINT('',#8507);
#8507 = CARTESIAN_POINT('',(1.35,2.743,-1.43));
#8508 = LINE('',#8509,#8510);
#8509 = CARTESIAN_POINT('',(1.35,2.743,-1.59));
#8510 = VECTOR('',#8511,1.);
#8511 = DIRECTION('',(-3.3E-16,-1.1E-16,1.));
#8512 = ORIENTED_EDGE('',*,*,#8513,.F.);
#8513 = EDGE_CURVE('',#8514,#8506,#8516,.T.);
#8514 = VERTEX_POINT('',#8515);
#8515 = CARTESIAN_POINT('',(1.15,2.743,-1.43));
#8516 = LINE('',#8517,#8518);
#8517 = CARTESIAN_POINT('',(1.15,2.743,-1.43));
#8518 = VECTOR('',#8519,1.);
#8519 = DIRECTION('',(1.,-2.2E-16,1.1E-16));
#8520 = ORIENTED_EDGE('',*,*,#8521,.F.);
#8521 = EDGE_CURVE('',#8483,#8514,#8522,.T.);
#8522 = LINE('',#8523,#8524);
#8523 = CARTESIAN_POINT('',(1.15,2.743,-1.59));
#8524 = VECTOR('',#8525,1.);
#8525 = DIRECTION('',(-3.3E-16,-1.1E-16,1.));
#8526 = PLANE('',#8527);
#8527 = AXIS2_PLACEMENT_3D('',#8528,#8529,#8530);
#8528 = CARTESIAN_POINT('',(1.15,2.743,-1.59));
#8529 = DIRECTION('',(-2.2E-16,-1.,1.1E-16));
#8530 = DIRECTION('',(-3.3E-16,1.1E-16,1.));
#8531 = ADVANCED_FACE('',(#8532),#8548,.F.);
#8532 = FACE_BOUND('',#8533,.F.);
#8533 = EDGE_LOOP('',(#8534,#8535,#8541,#8542));
#8534 = ORIENTED_EDGE('',*,*,#8513,.T.);
#8535 = ORIENTED_EDGE('',*,*,#8536,.T.);
#8536 = EDGE_CURVE('',#8506,#8436,#8537,.T.);
#8537 = LINE('',#8538,#8539);
#8538 = CARTESIAN_POINT('',(1.35,2.743,-1.43));
#8539 = VECTOR('',#8540,1.);
#8540 = DIRECTION('',(2.2E-16,-1.,3.3E-16));
#8541 = ORIENTED_EDGE('',*,*,#8433,.F.);
#8542 = ORIENTED_EDGE('',*,*,#8543,.F.);
#8543 = EDGE_CURVE('',#8514,#8434,#8544,.T.);
#8544 = LINE('',#8545,#8546);
#8545 = CARTESIAN_POINT('',(1.15,2.743,-1.43));
#8546 = VECTOR('',#8547,1.);
#8547 = DIRECTION('',(2.2E-16,-1.,3.3E-16));
#8548 = PLANE('',#8549);
#8549 = AXIS2_PLACEMENT_3D('',#8550,#8551,#8552);
#8550 = CARTESIAN_POINT('',(1.15,2.743,-1.43));
#8551 = DIRECTION('',(1.1E-16,-3.3E-16,-1.));
#8552 = DIRECTION('',(1.29368257903E-48,-1.,3.3E-16));
#8553 = ADVANCED_FACE('',(#8554),#8560,.F.);
#8554 = FACE_BOUND('',#8555,.F.);
#8555 = EDGE_LOOP('',(#8556,#8557,#8558,#8559));
#8556 = ORIENTED_EDGE('',*,*,#8459,.T.);
#8557 = ORIENTED_EDGE('',*,*,#8490,.T.);
#8558 = ORIENTED_EDGE('',*,*,#8521,.T.);
#8559 = ORIENTED_EDGE('',*,*,#8543,.T.);
#8560 = PLANE('',#8561);
#8561 = AXIS2_PLACEMENT_3D('',#8562,#8563,#8564);
#8562 = CARTESIAN_POINT('',(1.15,2.27202,-1.51));
#8563 = DIRECTION('',(1.,-2.2E-16,-1.1E-16));
#8564 = DIRECTION('',(1.1E-16,-1.1E-16,1.));
#8565 = ADVANCED_FACE('',(#8566),#8572,.T.);
#8566 = FACE_BOUND('',#8567,.T.);
#8567 = EDGE_LOOP('',(#8568,#8569,#8570,#8571));
#8568 = ORIENTED_EDGE('',*,*,#8443,.T.);
#8569 = ORIENTED_EDGE('',*,*,#8474,.T.);
#8570 = ORIENTED_EDGE('',*,*,#8505,.T.);
#8571 = ORIENTED_EDGE('',*,*,#8536,.T.);
#8572 = PLANE('',#8573);
#8573 = AXIS2_PLACEMENT_3D('',#8574,#8575,#8576);
#8574 = CARTESIAN_POINT('',(1.35,2.27202,-1.51));
#8575 = DIRECTION('',(1.,-2.2E-16,-1.1E-16));
#8576 = DIRECTION('',(1.1E-16,-1.1E-16,1.));
#8577 = MANIFOLD_SOLID_BREP('',#8578);
#8578 = CLOSED_SHELL('',(#8579,#8619,#8650,#8681,#8703,#8715));
#8579 = ADVANCED_FACE('',(#8580),#8614,.F.);
#8580 = FACE_BOUND('',#8581,.F.);
#8581 = EDGE_LOOP('',(#8582,#8592,#8600,#8608));
#8582 = ORIENTED_EDGE('',*,*,#8583,.T.);
#8583 = EDGE_CURVE('',#8584,#8586,#8588,.T.);
#8584 = VERTEX_POINT('',#8585);
#8585 = CARTESIAN_POINT('',(1.65,1.80104,-1.43));
#8586 = VERTEX_POINT('',#8587);
#8587 = CARTESIAN_POINT('',(1.85,1.80104,-1.43));
#8588 = LINE('',#8589,#8590);
#8589 = CARTESIAN_POINT('',(1.65,1.80104,-1.43));
#8590 = VECTOR('',#8591,1.);
#8591 = DIRECTION('',(1.,-2.2E-16,1.1E-16));
#8592 = ORIENTED_EDGE('',*,*,#8593,.T.);
#8593 = EDGE_CURVE('',#8586,#8594,#8596,.T.);
#8594 = VERTEX_POINT('',#8595);
#8595 = CARTESIAN_POINT('',(1.85,1.80104,-1.59));
#8596 = LINE('',#8597,#8598);
#8597 = CARTESIAN_POINT('',(1.85,1.80104,-1.43));
#8598 = VECTOR('',#8599,1.);
#8599 = DIRECTION('',(3.3E-16,1.1E-16,-1.));
#8600 = ORIENTED_EDGE('',*,*,#8601,.F.);
#8601 = EDGE_CURVE('',#8602,#8594,#8604,.T.);
#8602 = VERTEX_POINT('',#8603);
#8603 = CARTESIAN_POINT('',(1.65,1.80104,-1.59));
#8604 = LINE('',#8605,#8606);
#8605 = CARTESIAN_POINT('',(1.65,1.80104,-1.59));
#8606 = VECTOR('',#8607,1.);
#8607 = DIRECTION('',(1.,-2.2E-16,1.1E-16));
#8608 = ORIENTED_EDGE('',*,*,#8609,.F.);
#8609 = EDGE_CURVE('',#8584,#8602,#8610,.T.);
#8610 = LINE('',#8611,#8612);
#8611 = CARTESIAN_POINT('',(1.65,1.80104,-1.43));
#8612 = VECTOR('',#8613,1.);
#8613 = DIRECTION('',(3.3E-16,1.1E-16,-1.));
#8614 = PLANE('',#8615);
#8615 = AXIS2_PLACEMENT_3D('',#8616,#8617,#8618);
#8616 = CARTESIAN_POINT('',(1.65,1.80104,-1.43));
#8617 = DIRECTION('',(2.2E-16,1.,-1.1E-16));
#8618 = DIRECTION('',(3.3E-16,-1.1E-16,-1.));
#8619 = ADVANCED_FACE('',(#8620),#8645,.F.);
#8620 = FACE_BOUND('',#8621,.F.);
#8621 = EDGE_LOOP('',(#8622,#8623,#8631,#8639));
#8622 = ORIENTED_EDGE('',*,*,#8601,.T.);
#8623 = ORIENTED_EDGE('',*,*,#8624,.T.);
#8624 = EDGE_CURVE('',#8594,#8625,#8627,.T.);
#8625 = VERTEX_POINT('',#8626);
#8626 = CARTESIAN_POINT('',(1.85,2.743,-1.59));
#8627 = LINE('',#8628,#8629);
#8628 = CARTESIAN_POINT('',(1.85,1.80104,-1.59));
#8629 = VECTOR('',#8630,1.);
#8630 = DIRECTION('',(-2.2E-16,1.,-3.3E-16));
#8631 = ORIENTED_EDGE('',*,*,#8632,.F.);
#8632 = EDGE_CURVE('',#8633,#8625,#8635,.T.);
#8633 = VERTEX_POINT('',#8634);
#8634 = CARTESIAN_POINT('',(1.65,2.743,-1.59));
#8635 = LINE('',#8636,#8637);
#8636 = CARTESIAN_POINT('',(1.65,2.743,-1.59));
#8637 = VECTOR('',#8638,1.);
#8638 = DIRECTION('',(1.,-2.2E-16,1.1E-16));
#8639 = ORIENTED_EDGE('',*,*,#8640,.F.);
#8640 = EDGE_CURVE('',#8602,#8633,#8641,.T.);
#8641 = LINE('',#8642,#8643);
#8642 = CARTESIAN_POINT('',(1.65,1.80104,-1.59));
#8643 = VECTOR('',#8644,1.);
#8644 = DIRECTION('',(-2.2E-16,1.,-3.3E-16));
#8645 = PLANE('',#8646);
#8646 = AXIS2_PLACEMENT_3D('',#8647,#8648,#8649);
#8647 = CARTESIAN_POINT('',(1.65,1.80104,-1.59));
#8648 = DIRECTION('',(-1.1E-16,3.3E-16,1.));
#8649 = DIRECTION('',(-1.29368257903E-48,1.,-3.3E-16));
#8650 = ADVANCED_FACE('',(#8651),#8676,.F.);
#8651 = FACE_BOUND('',#8652,.F.);
#8652 = EDGE_LOOP('',(#8653,#8654,#8662,#8670));
#8653 = ORIENTED_EDGE('',*,*,#8632,.T.);
#8654 = ORIENTED_EDGE('',*,*,#8655,.T.);
#8655 = EDGE_CURVE('',#8625,#8656,#8658,.T.);
#8656 = VERTEX_POINT('',#8657);
#8657 = CARTESIAN_POINT('',(1.85,2.743,-1.43));
#8658 = LINE('',#8659,#8660);
#8659 = CARTESIAN_POINT('',(1.85,2.743,-1.59));
#8660 = VECTOR('',#8661,1.);
#8661 = DIRECTION('',(-3.3E-16,-1.1E-16,1.));
#8662 = ORIENTED_EDGE('',*,*,#8663,.F.);
#8663 = EDGE_CURVE('',#8664,#8656,#8666,.T.);
#8664 = VERTEX_POINT('',#8665);
#8665 = CARTESIAN_POINT('',(1.65,2.743,-1.43));
#8666 = LINE('',#8667,#8668);
#8667 = CARTESIAN_POINT('',(1.65,2.743,-1.43));
#8668 = VECTOR('',#8669,1.);
#8669 = DIRECTION('',(1.,-2.2E-16,1.1E-16));
#8670 = ORIENTED_EDGE('',*,*,#8671,.F.);
#8671 = EDGE_CURVE('',#8633,#8664,#8672,.T.);
#8672 = LINE('',#8673,#8674);
#8673 = CARTESIAN_POINT('',(1.65,2.743,-1.59));
#8674 = VECTOR('',#8675,1.);
#8675 = DIRECTION('',(-3.3E-16,-1.1E-16,1.));
#8676 = PLANE('',#8677);
#8677 = AXIS2_PLACEMENT_3D('',#8678,#8679,#8680);
#8678 = CARTESIAN_POINT('',(1.65,2.743,-1.59));
#8679 = DIRECTION('',(-2.2E-16,-1.,1.1E-16));
#8680 = DIRECTION('',(-3.3E-16,1.1E-16,1.));
#8681 = ADVANCED_FACE('',(#8682),#8698,.F.);
#8682 = FACE_BOUND('',#8683,.F.);
#8683 = EDGE_LOOP('',(#8684,#8685,#8691,#8692));
#8684 = ORIENTED_EDGE('',*,*,#8663,.T.);
#8685 = ORIENTED_EDGE('',*,*,#8686,.T.);
#8686 = EDGE_CURVE('',#8656,#8586,#8687,.T.);
#8687 = LINE('',#8688,#8689);
#8688 = CARTESIAN_POINT('',(1.85,2.743,-1.43));
#8689 = VECTOR('',#8690,1.);
#8690 = DIRECTION('',(2.2E-16,-1.,3.3E-16));
#8691 = ORIENTED_EDGE('',*,*,#8583,.F.);
#8692 = ORIENTED_EDGE('',*,*,#8693,.F.);
#8693 = EDGE_CURVE('',#8664,#8584,#8694,.T.);
#8694 = LINE('',#8695,#8696);
#8695 = CARTESIAN_POINT('',(1.65,2.743,-1.43));
#8696 = VECTOR('',#8697,1.);
#8697 = DIRECTION('',(2.2E-16,-1.,3.3E-16));
#8698 = PLANE('',#8699);
#8699 = AXIS2_PLACEMENT_3D('',#8700,#8701,#8702);
#8700 = CARTESIAN_POINT('',(1.65,2.743,-1.43));
#8701 = DIRECTION('',(1.1E-16,-3.3E-16,-1.));
#8702 = DIRECTION('',(1.29368257903E-48,-1.,3.3E-16));
#8703 = ADVANCED_FACE('',(#8704),#8710,.F.);
#8704 = FACE_BOUND('',#8705,.F.);
#8705 = EDGE_LOOP('',(#8706,#8707,#8708,#8709));
#8706 = ORIENTED_EDGE('',*,*,#8609,.T.);
#8707 = ORIENTED_EDGE('',*,*,#8640,.T.);
#8708 = ORIENTED_EDGE('',*,*,#8671,.T.);
#8709 = ORIENTED_EDGE('',*,*,#8693,.T.);
#8710 = PLANE('',#8711);
#8711 = AXIS2_PLACEMENT_3D('',#8712,#8713,#8714);
#8712 = CARTESIAN_POINT('',(1.65,2.27202,-1.51));
#8713 = DIRECTION('',(1.,-2.2E-16,-1.1E-16));
#8714 = DIRECTION('',(1.1E-16,-1.1E-16,1.));
#8715 = ADVANCED_FACE('',(#8716),#8722,.T.);
#8716 = FACE_BOUND('',#8717,.T.);
#8717 = EDGE_LOOP('',(#8718,#8719,#8720,#8721));
#8718 = ORIENTED_EDGE('',*,*,#8593,.T.);
#8719 = ORIENTED_EDGE('',*,*,#8624,.T.);
#8720 = ORIENTED_EDGE('',*,*,#8655,.T.);
#8721 = ORIENTED_EDGE('',*,*,#8686,.T.);
#8722 = PLANE('',#8723);
#8723 = AXIS2_PLACEMENT_3D('',#8724,#8725,#8726);
#8724 = CARTESIAN_POINT('',(1.85,2.27202,-1.51));
#8725 = DIRECTION('',(1.,-2.2E-16,-1.1E-16));
#8726 = DIRECTION('',(1.1E-16,-1.1E-16,1.));
#8727 = MANIFOLD_SOLID_BREP('',#8728);
#8728 = CLOSED_SHELL('',(#8729,#8769,#8800,#8831,#8853,#8865));
#8729 = ADVANCED_FACE('',(#8730),#8764,.F.);
#8730 = FACE_BOUND('',#8731,.F.);
#8731 = EDGE_LOOP('',(#8732,#8742,#8750,#8758));
#8732 = ORIENTED_EDGE('',*,*,#8733,.T.);
#8733 = EDGE_CURVE('',#8734,#8736,#8738,.T.);
#8734 = VERTEX_POINT('',#8735);
#8735 = CARTESIAN_POINT('',(2.15,1.80104,-1.43));
#8736 = VERTEX_POINT('',#8737);
#8737 = CARTESIAN_POINT('',(2.35,1.80104,-1.43));
#8738 = LINE('',#8739,#8740);
#8739 = CARTESIAN_POINT('',(2.15,1.80104,-1.43));
#8740 = VECTOR('',#8741,1.);
#8741 = DIRECTION('',(1.,-2.2E-16,1.1E-16));
#8742 = ORIENTED_EDGE('',*,*,#8743,.T.);
#8743 = EDGE_CURVE('',#8736,#8744,#8746,.T.);
#8744 = VERTEX_POINT('',#8745);
#8745 = CARTESIAN_POINT('',(2.35,1.80104,-1.59));
#8746 = LINE('',#8747,#8748);
#8747 = CARTESIAN_POINT('',(2.35,1.80104,-1.43));
#8748 = VECTOR('',#8749,1.);
#8749 = DIRECTION('',(3.3E-16,1.1E-16,-1.));
#8750 = ORIENTED_EDGE('',*,*,#8751,.F.);
#8751 = EDGE_CURVE('',#8752,#8744,#8754,.T.);
#8752 = VERTEX_POINT('',#8753);
#8753 = CARTESIAN_POINT('',(2.15,1.80104,-1.59));
#8754 = LINE('',#8755,#8756);
#8755 = CARTESIAN_POINT('',(2.15,1.80104,-1.59));
#8756 = VECTOR('',#8757,1.);
#8757 = DIRECTION('',(1.,-2.2E-16,1.1E-16));
#8758 = ORIENTED_EDGE('',*,*,#8759,.F.);
#8759 = EDGE_CURVE('',#8734,#8752,#8760,.T.);
#8760 = LINE('',#8761,#8762);
#8761 = CARTESIAN_POINT('',(2.15,1.80104,-1.43));
#8762 = VECTOR('',#8763,1.);
#8763 = DIRECTION('',(3.3E-16,1.1E-16,-1.));
#8764 = PLANE('',#8765);
#8765 = AXIS2_PLACEMENT_3D('',#8766,#8767,#8768);
#8766 = CARTESIAN_POINT('',(2.15,1.80104,-1.43));
#8767 = DIRECTION('',(2.2E-16,1.,-1.1E-16));
#8768 = DIRECTION('',(3.3E-16,-1.1E-16,-1.));
#8769 = ADVANCED_FACE('',(#8770),#8795,.F.);
#8770 = FACE_BOUND('',#8771,.F.);
#8771 = EDGE_LOOP('',(#8772,#8773,#8781,#8789));
#8772 = ORIENTED_EDGE('',*,*,#8751,.T.);
#8773 = ORIENTED_EDGE('',*,*,#8774,.T.);
#8774 = EDGE_CURVE('',#8744,#8775,#8777,.T.);
#8775 = VERTEX_POINT('',#8776);
#8776 = CARTESIAN_POINT('',(2.35,2.743,-1.59));
#8777 = LINE('',#8778,#8779);
#8778 = CARTESIAN_POINT('',(2.35,1.80104,-1.59));
#8779 = VECTOR('',#8780,1.);
#8780 = DIRECTION('',(-2.2E-16,1.,-3.3E-16));
#8781 = ORIENTED_EDGE('',*,*,#8782,.F.);
#8782 = EDGE_CURVE('',#8783,#8775,#8785,.T.);
#8783 = VERTEX_POINT('',#8784);
#8784 = CARTESIAN_POINT('',(2.15,2.743,-1.59));
#8785 = LINE('',#8786,#8787);
#8786 = CARTESIAN_POINT('',(2.15,2.743,-1.59));
#8787 = VECTOR('',#8788,1.);
#8788 = DIRECTION('',(1.,-2.2E-16,1.1E-16));
#8789 = ORIENTED_EDGE('',*,*,#8790,.F.);
#8790 = EDGE_CURVE('',#8752,#8783,#8791,.T.);
#8791 = LINE('',#8792,#8793);
#8792 = CARTESIAN_POINT('',(2.15,1.80104,-1.59));
#8793 = VECTOR('',#8794,1.);
#8794 = DIRECTION('',(-2.2E-16,1.,-3.3E-16));
#8795 = PLANE('',#8796);
#8796 = AXIS2_PLACEMENT_3D('',#8797,#8798,#8799);
#8797 = CARTESIAN_POINT('',(2.15,1.80104,-1.59));
#8798 = DIRECTION('',(-1.1E-16,3.3E-16,1.));
#8799 = DIRECTION('',(-1.29368257903E-48,1.,-3.3E-16));
#8800 = ADVANCED_FACE('',(#8801),#8826,.F.);
#8801 = FACE_BOUND('',#8802,.F.);
#8802 = EDGE_LOOP('',(#8803,#8804,#8812,#8820));
#8803 = ORIENTED_EDGE('',*,*,#8782,.T.);
#8804 = ORIENTED_EDGE('',*,*,#8805,.T.);
#8805 = EDGE_CURVE('',#8775,#8806,#8808,.T.);
#8806 = VERTEX_POINT('',#8807);
#8807 = CARTESIAN_POINT('',(2.35,2.743,-1.43));
#8808 = LINE('',#8809,#8810);
#8809 = CARTESIAN_POINT('',(2.35,2.743,-1.59));
#8810 = VECTOR('',#8811,1.);
#8811 = DIRECTION('',(-3.3E-16,-1.1E-16,1.));
#8812 = ORIENTED_EDGE('',*,*,#8813,.F.);
#8813 = EDGE_CURVE('',#8814,#8806,#8816,.T.);
#8814 = VERTEX_POINT('',#8815);
#8815 = CARTESIAN_POINT('',(2.15,2.743,-1.43));
#8816 = LINE('',#8817,#8818);
#8817 = CARTESIAN_POINT('',(2.15,2.743,-1.43));
#8818 = VECTOR('',#8819,1.);
#8819 = DIRECTION('',(1.,-2.2E-16,1.1E-16));
#8820 = ORIENTED_EDGE('',*,*,#8821,.F.);
#8821 = EDGE_CURVE('',#8783,#8814,#8822,.T.);
#8822 = LINE('',#8823,#8824);
#8823 = CARTESIAN_POINT('',(2.15,2.743,-1.59));
#8824 = VECTOR('',#8825,1.);
#8825 = DIRECTION('',(-3.3E-16,-1.1E-16,1.));
#8826 = PLANE('',#8827);
#8827 = AXIS2_PLACEMENT_3D('',#8828,#8829,#8830);
#8828 = CARTESIAN_POINT('',(2.15,2.743,-1.59));
#8829 = DIRECTION('',(-2.2E-16,-1.,1.1E-16));
#8830 = DIRECTION('',(-3.3E-16,1.1E-16,1.));
#8831 = ADVANCED_FACE('',(#8832),#8848,.F.);
#8832 = FACE_BOUND('',#8833,.F.);
#8833 = EDGE_LOOP('',(#8834,#8835,#8841,#8842));
#8834 = ORIENTED_EDGE('',*,*,#8813,.T.);
#8835 = ORIENTED_EDGE('',*,*,#8836,.T.);
#8836 = EDGE_CURVE('',#8806,#8736,#8837,.T.);
#8837 = LINE('',#8838,#8839);
#8838 = CARTESIAN_POINT('',(2.35,2.743,-1.43));
#8839 = VECTOR('',#8840,1.);
#8840 = DIRECTION('',(2.2E-16,-1.,3.3E-16));
#8841 = ORIENTED_EDGE('',*,*,#8733,.F.);
#8842 = ORIENTED_EDGE('',*,*,#8843,.F.);
#8843 = EDGE_CURVE('',#8814,#8734,#8844,.T.);
#8844 = LINE('',#8845,#8846);
#8845 = CARTESIAN_POINT('',(2.15,2.743,-1.43));
#8846 = VECTOR('',#8847,1.);
#8847 = DIRECTION('',(2.2E-16,-1.,3.3E-16));
#8848 = PLANE('',#8849);
#8849 = AXIS2_PLACEMENT_3D('',#8850,#8851,#8852);
#8850 = CARTESIAN_POINT('',(2.15,2.743,-1.43));
#8851 = DIRECTION('',(1.1E-16,-3.3E-16,-1.));
#8852 = DIRECTION('',(1.29368257903E-48,-1.,3.3E-16));
#8853 = ADVANCED_FACE('',(#8854),#8860,.F.);
#8854 = FACE_BOUND('',#8855,.F.);
#8855 = EDGE_LOOP('',(#8856,#8857,#8858,#8859));
#8856 = ORIENTED_EDGE('',*,*,#8759,.T.);
#8857 = ORIENTED_EDGE('',*,*,#8790,.T.);
#8858 = ORIENTED_EDGE('',*,*,#8821,.T.);
#8859 = ORIENTED_EDGE('',*,*,#8843,.T.);
#8860 = PLANE('',#8861);
#8861 = AXIS2_PLACEMENT_3D('',#8862,#8863,#8864);
#8862 = CARTESIAN_POINT('',(2.15,2.27202,-1.51));
#8863 = DIRECTION('',(1.,-2.2E-16,-1.1E-16));
#8864 = DIRECTION('',(1.1E-16,-1.1E-16,1.));
#8865 = ADVANCED_FACE('',(#8866),#8872,.T.);
#8866 = FACE_BOUND('',#8867,.T.);
#8867 = EDGE_LOOP('',(#8868,#8869,#8870,#8871));
#8868 = ORIENTED_EDGE('',*,*,#8743,.T.);
#8869 = ORIENTED_EDGE('',*,*,#8774,.T.);
#8870 = ORIENTED_EDGE('',*,*,#8805,.T.);
#8871 = ORIENTED_EDGE('',*,*,#8836,.T.);
#8872 = PLANE('',#8873);
#8873 = AXIS2_PLACEMENT_3D('',#8874,#8875,#8876);
#8874 = CARTESIAN_POINT('',(2.35,2.27202,-1.51));
#8875 = DIRECTION('',(1.,-2.2E-16,-1.1E-16));
#8876 = DIRECTION('',(1.1E-16,-1.1E-16,1.));
#8877 = MANIFOLD_SOLID_BREP('',#8878);
#8878 = CLOSED_SHELL('',(#8879,#8919,#8950,#8981,#9003,#9015));
#8879 = ADVANCED_FACE('',(#8880),#8914,.F.);
#8880 = FACE_BOUND('',#8881,.F.);
#8881 = EDGE_LOOP('',(#8882,#8892,#8900,#8908));
#8882 = ORIENTED_EDGE('',*,*,#8883,.T.);
#8883 = EDGE_CURVE('',#8884,#8886,#8888,.T.);
#8884 = VERTEX_POINT('',#8885);
#8885 = CARTESIAN_POINT('',(2.4,1.80104,-1.43));
#8886 = VERTEX_POINT('',#8887);
#8887 = CARTESIAN_POINT('',(2.6,1.80104,-1.43));
#8888 = LINE('',#8889,#8890);
#8889 = CARTESIAN_POINT('',(2.4,1.80104,-1.43));
#8890 = VECTOR('',#8891,1.);
#8891 = DIRECTION('',(1.,-2.2E-16,1.1E-16));
#8892 = ORIENTED_EDGE('',*,*,#8893,.T.);
#8893 = EDGE_CURVE('',#8886,#8894,#8896,.T.);
#8894 = VERTEX_POINT('',#8895);
#8895 = CARTESIAN_POINT('',(2.6,1.80104,-1.59));
#8896 = LINE('',#8897,#8898);
#8897 = CARTESIAN_POINT('',(2.6,1.80104,-1.43));
#8898 = VECTOR('',#8899,1.);
#8899 = DIRECTION('',(3.3E-16,1.1E-16,-1.));
#8900 = ORIENTED_EDGE('',*,*,#8901,.F.);
#8901 = EDGE_CURVE('',#8902,#8894,#8904,.T.);
#8902 = VERTEX_POINT('',#8903);
#8903 = CARTESIAN_POINT('',(2.4,1.80104,-1.59));
#8904 = LINE('',#8905,#8906);
#8905 = CARTESIAN_POINT('',(2.4,1.80104,-1.59));
#8906 = VECTOR('',#8907,1.);
#8907 = DIRECTION('',(1.,-2.2E-16,1.1E-16));
#8908 = ORIENTED_EDGE('',*,*,#8909,.F.);
#8909 = EDGE_CURVE('',#8884,#8902,#8910,.T.);
#8910 = LINE('',#8911,#8912);
#8911 = CARTESIAN_POINT('',(2.4,1.80104,-1.43));
#8912 = VECTOR('',#8913,1.);
#8913 = DIRECTION('',(3.3E-16,1.1E-16,-1.));
#8914 = PLANE('',#8915);
#8915 = AXIS2_PLACEMENT_3D('',#8916,#8917,#8918);
#8916 = CARTESIAN_POINT('',(2.4,1.80104,-1.43));
#8917 = DIRECTION('',(2.2E-16,1.,-1.1E-16));
#8918 = DIRECTION('',(3.3E-16,-1.1E-16,-1.));
#8919 = ADVANCED_FACE('',(#8920),#8945,.F.);
#8920 = FACE_BOUND('',#8921,.F.);
#8921 = EDGE_LOOP('',(#8922,#8923,#8931,#8939));
#8922 = ORIENTED_EDGE('',*,*,#8901,.T.);
#8923 = ORIENTED_EDGE('',*,*,#8924,.T.);
#8924 = EDGE_CURVE('',#8894,#8925,#8927,.T.);
#8925 = VERTEX_POINT('',#8926);
#8926 = CARTESIAN_POINT('',(2.6,2.743,-1.59));
#8927 = LINE('',#8928,#8929);
#8928 = CARTESIAN_POINT('',(2.6,1.80104,-1.59));
#8929 = VECTOR('',#8930,1.);
#8930 = DIRECTION('',(-2.2E-16,1.,-3.3E-16));
#8931 = ORIENTED_EDGE('',*,*,#8932,.F.);
#8932 = EDGE_CURVE('',#8933,#8925,#8935,.T.);
#8933 = VERTEX_POINT('',#8934);
#8934 = CARTESIAN_POINT('',(2.4,2.743,-1.59));
#8935 = LINE('',#8936,#8937);
#8936 = CARTESIAN_POINT('',(2.4,2.743,-1.59));
#8937 = VECTOR('',#8938,1.);
#8938 = DIRECTION('',(1.,-2.2E-16,1.1E-16));
#8939 = ORIENTED_EDGE('',*,*,#8940,.F.);
#8940 = EDGE_CURVE('',#8902,#8933,#8941,.T.);
#8941 = LINE('',#8942,#8943);
#8942 = CARTESIAN_POINT('',(2.4,1.80104,-1.59));
#8943 = VECTOR('',#8944,1.);
#8944 = DIRECTION('',(-2.2E-16,1.,-3.3E-16));
#8945 = PLANE('',#8946);
#8946 = AXIS2_PLACEMENT_3D('',#8947,#8948,#8949);
#8947 = CARTESIAN_POINT('',(2.4,1.80104,-1.59));
#8948 = DIRECTION('',(-1.1E-16,3.3E-16,1.));
#8949 = DIRECTION('',(-1.29368257903E-48,1.,-3.3E-16));
#8950 = ADVANCED_FACE('',(#8951),#8976,.F.);
#8951 = FACE_BOUND('',#8952,.F.);
#8952 = EDGE_LOOP('',(#8953,#8954,#8962,#8970));
#8953 = ORIENTED_EDGE('',*,*,#8932,.T.);
#8954 = ORIENTED_EDGE('',*,*,#8955,.T.);
#8955 = EDGE_CURVE('',#8925,#8956,#8958,.T.);
#8956 = VERTEX_POINT('',#8957);
#8957 = CARTESIAN_POINT('',(2.6,2.743,-1.43));
#8958 = LINE('',#8959,#8960);
#8959 = CARTESIAN_POINT('',(2.6,2.743,-1.59));
#8960 = VECTOR('',#8961,1.);
#8961 = DIRECTION('',(-3.3E-16,-1.1E-16,1.));
#8962 = ORIENTED_EDGE('',*,*,#8963,.F.);
#8963 = EDGE_CURVE('',#8964,#8956,#8966,.T.);
#8964 = VERTEX_POINT('',#8965);
#8965 = CARTESIAN_POINT('',(2.4,2.743,-1.43));
#8966 = LINE('',#8967,#8968);
#8967 = CARTESIAN_POINT('',(2.4,2.743,-1.43));
#8968 = VECTOR('',#8969,1.);
#8969 = DIRECTION('',(1.,-2.2E-16,1.1E-16));
#8970 = ORIENTED_EDGE('',*,*,#8971,.F.);
#8971 = EDGE_CURVE('',#8933,#8964,#8972,.T.);
#8972 = LINE('',#8973,#8974);
#8973 = CARTESIAN_POINT('',(2.4,2.743,-1.59));
#8974 = VECTOR('',#8975,1.);
#8975 = DIRECTION('',(-3.3E-16,-1.1E-16,1.));
#8976 = PLANE('',#8977);
#8977 = AXIS2_PLACEMENT_3D('',#8978,#8979,#8980);
#8978 = CARTESIAN_POINT('',(2.4,2.743,-1.59));
#8979 = DIRECTION('',(-2.2E-16,-1.,1.1E-16));
#8980 = DIRECTION('',(-3.3E-16,1.1E-16,1.));
#8981 = ADVANCED_FACE('',(#8982),#8998,.F.);
#8982 = FACE_BOUND('',#8983,.F.);
#8983 = EDGE_LOOP('',(#8984,#8985,#8991,#8992));
#8984 = ORIENTED_EDGE('',*,*,#8963,.T.);
#8985 = ORIENTED_EDGE('',*,*,#8986,.T.);
#8986 = EDGE_CURVE('',#8956,#8886,#8987,.T.);
#8987 = LINE('',#8988,#8989);
#8988 = CARTESIAN_POINT('',(2.6,2.743,-1.43));
#8989 = VECTOR('',#8990,1.);
#8990 = DIRECTION('',(2.2E-16,-1.,3.3E-16));
#8991 = ORIENTED_EDGE('',*,*,#8883,.F.);
#8992 = ORIENTED_EDGE('',*,*,#8993,.F.);
#8993 = EDGE_CURVE('',#8964,#8884,#8994,.T.);
#8994 = LINE('',#8995,#8996);
#8995 = CARTESIAN_POINT('',(2.4,2.743,-1.43));
#8996 = VECTOR('',#8997,1.);
#8997 = DIRECTION('',(2.2E-16,-1.,3.3E-16));
#8998 = PLANE('',#8999);
#8999 = AXIS2_PLACEMENT_3D('',#9000,#9001,#9002);
#9000 = CARTESIAN_POINT('',(2.4,2.743,-1.43));
#9001 = DIRECTION('',(1.1E-16,-3.3E-16,-1.));
#9002 = DIRECTION('',(1.29368257903E-48,-1.,3.3E-16));
#9003 = ADVANCED_FACE('',(#9004),#9010,.F.);
#9004 = FACE_BOUND('',#9005,.F.);
#9005 = EDGE_LOOP('',(#9006,#9007,#9008,#9009));
#9006 = ORIENTED_EDGE('',*,*,#8909,.T.);
#9007 = ORIENTED_EDGE('',*,*,#8940,.T.);
#9008 = ORIENTED_EDGE('',*,*,#8971,.T.);
#9009 = ORIENTED_EDGE('',*,*,#8993,.T.);
#9010 = PLANE('',#9011);
#9011 = AXIS2_PLACEMENT_3D('',#9012,#9013,#9014);
#9012 = CARTESIAN_POINT('',(2.4,2.27202,-1.51));
#9013 = DIRECTION('',(1.,-2.2E-16,-1.1E-16));
#9014 = DIRECTION('',(1.1E-16,-1.1E-16,1.));
#9015 = ADVANCED_FACE('',(#9016),#9022,.T.);
#9016 = FACE_BOUND('',#9017,.T.);
#9017 = EDGE_LOOP('',(#9018,#9019,#9020,#9021));
#9018 = ORIENTED_EDGE('',*,*,#8893,.T.);
#9019 = ORIENTED_EDGE('',*,*,#8924,.T.);
#9020 = ORIENTED_EDGE('',*,*,#8955,.T.);
#9021 = ORIENTED_EDGE('',*,*,#8986,.T.);
#9022 = PLANE('',#9023);
#9023 = AXIS2_PLACEMENT_3D('',#9024,#9025,#9026);
#9024 = CARTESIAN_POINT('',(2.6,2.27202,-1.51));
#9025 = DIRECTION('',(1.,-2.2E-16,-1.1E-16));
#9026 = DIRECTION('',(1.1E-16,-1.1E-16,1.));
#9027 = MANIFOLD_SOLID_BREP('',#9028);
#9028 = CLOSED_SHELL('',(#9029,#9069,#9100,#9131,#9153,#9165));
#9029 = ADVANCED_FACE('',(#9030),#9064,.F.);
#9030 = FACE_BOUND('',#9031,.F.);
#9031 = EDGE_LOOP('',(#9032,#9042,#9050,#9058));
#9032 = ORIENTED_EDGE('',*,*,#9033,.T.);
#9033 = EDGE_CURVE('',#9034,#9036,#9038,.T.);
#9034 = VERTEX_POINT('',#9035);
#9035 = CARTESIAN_POINT('',(2.9,1.80104,-1.43));
#9036 = VERTEX_POINT('',#9037);
#9037 = CARTESIAN_POINT('',(3.1,1.80104,-1.43));
#9038 = LINE('',#9039,#9040);
#9039 = CARTESIAN_POINT('',(2.9,1.80104,-1.43));
#9040 = VECTOR('',#9041,1.);
#9041 = DIRECTION('',(1.,-2.2E-16,1.1E-16));
#9042 = ORIENTED_EDGE('',*,*,#9043,.T.);
#9043 = EDGE_CURVE('',#9036,#9044,#9046,.T.);
#9044 = VERTEX_POINT('',#9045);
#9045 = CARTESIAN_POINT('',(3.1,1.80104,-1.59));
#9046 = LINE('',#9047,#9048);
#9047 = CARTESIAN_POINT('',(3.1,1.80104,-1.43));
#9048 = VECTOR('',#9049,1.);
#9049 = DIRECTION('',(3.3E-16,1.1E-16,-1.));
#9050 = ORIENTED_EDGE('',*,*,#9051,.F.);
#9051 = EDGE_CURVE('',#9052,#9044,#9054,.T.);
#9052 = VERTEX_POINT('',#9053);
#9053 = CARTESIAN_POINT('',(2.9,1.80104,-1.59));
#9054 = LINE('',#9055,#9056);
#9055 = CARTESIAN_POINT('',(2.9,1.80104,-1.59));
#9056 = VECTOR('',#9057,1.);
#9057 = DIRECTION('',(1.,-2.2E-16,1.1E-16));
#9058 = ORIENTED_EDGE('',*,*,#9059,.F.);
#9059 = EDGE_CURVE('',#9034,#9052,#9060,.T.);
#9060 = LINE('',#9061,#9062);
#9061 = CARTESIAN_POINT('',(2.9,1.80104,-1.43));
#9062 = VECTOR('',#9063,1.);
#9063 = DIRECTION('',(3.3E-16,1.1E-16,-1.));
#9064 = PLANE('',#9065);
#9065 = AXIS2_PLACEMENT_3D('',#9066,#9067,#9068);
#9066 = CARTESIAN_POINT('',(2.9,1.80104,-1.43));
#9067 = DIRECTION('',(2.2E-16,1.,-1.1E-16));
#9068 = DIRECTION('',(3.3E-16,-1.1E-16,-1.));
#9069 = ADVANCED_FACE('',(#9070),#9095,.F.);
#9070 = FACE_BOUND('',#9071,.F.);
#9071 = EDGE_LOOP('',(#9072,#9073,#9081,#9089));
#9072 = ORIENTED_EDGE('',*,*,#9051,.T.);
#9073 = ORIENTED_EDGE('',*,*,#9074,.T.);
#9074 = EDGE_CURVE('',#9044,#9075,#9077,.T.);
#9075 = VERTEX_POINT('',#9076);
#9076 = CARTESIAN_POINT('',(3.1,2.743,-1.59));
#9077 = LINE('',#9078,#9079);
#9078 = CARTESIAN_POINT('',(3.1,1.80104,-1.59));
#9079 = VECTOR('',#9080,1.);
#9080 = DIRECTION('',(-2.2E-16,1.,-3.3E-16));
#9081 = ORIENTED_EDGE('',*,*,#9082,.F.);
#9082 = EDGE_CURVE('',#9083,#9075,#9085,.T.);
#9083 = VERTEX_POINT('',#9084);
#9084 = CARTESIAN_POINT('',(2.9,2.743,-1.59));
#9085 = LINE('',#9086,#9087);
#9086 = CARTESIAN_POINT('',(2.9,2.743,-1.59));
#9087 = VECTOR('',#9088,1.);
#9088 = DIRECTION('',(1.,-2.2E-16,1.1E-16));
#9089 = ORIENTED_EDGE('',*,*,#9090,.F.);
#9090 = EDGE_CURVE('',#9052,#9083,#9091,.T.);
#9091 = LINE('',#9092,#9093);
#9092 = CARTESIAN_POINT('',(2.9,1.80104,-1.59));
#9093 = VECTOR('',#9094,1.);
#9094 = DIRECTION('',(-2.2E-16,1.,-3.3E-16));
#9095 = PLANE('',#9096);
#9096 = AXIS2_PLACEMENT_3D('',#9097,#9098,#9099);
#9097 = CARTESIAN_POINT('',(2.9,1.80104,-1.59));
#9098 = DIRECTION('',(-1.1E-16,3.3E-16,1.));
#9099 = DIRECTION('',(-1.29368257903E-48,1.,-3.3E-16));
#9100 = ADVANCED_FACE('',(#9101),#9126,.F.);
#9101 = FACE_BOUND('',#9102,.F.);
#9102 = EDGE_LOOP('',(#9103,#9104,#9112,#9120));
#9103 = ORIENTED_EDGE('',*,*,#9082,.T.);
#9104 = ORIENTED_EDGE('',*,*,#9105,.T.);
#9105 = EDGE_CURVE('',#9075,#9106,#9108,.T.);
#9106 = VERTEX_POINT('',#9107);
#9107 = CARTESIAN_POINT('',(3.1,2.743,-1.43));
#9108 = LINE('',#9109,#9110);
#9109 = CARTESIAN_POINT('',(3.1,2.743,-1.59));
#9110 = VECTOR('',#9111,1.);
#9111 = DIRECTION('',(-3.3E-16,-1.1E-16,1.));
#9112 = ORIENTED_EDGE('',*,*,#9113,.F.);
#9113 = EDGE_CURVE('',#9114,#9106,#9116,.T.);
#9114 = VERTEX_POINT('',#9115);
#9115 = CARTESIAN_POINT('',(2.9,2.743,-1.43));
#9116 = LINE('',#9117,#9118);
#9117 = CARTESIAN_POINT('',(2.9,2.743,-1.43));
#9118 = VECTOR('',#9119,1.);
#9119 = DIRECTION('',(1.,-2.2E-16,1.1E-16));
#9120 = ORIENTED_EDGE('',*,*,#9121,.F.);
#9121 = EDGE_CURVE('',#9083,#9114,#9122,.T.);
#9122 = LINE('',#9123,#9124);
#9123 = CARTESIAN_POINT('',(2.9,2.743,-1.59));
#9124 = VECTOR('',#9125,1.);
#9125 = DIRECTION('',(-3.3E-16,-1.1E-16,1.));
#9126 = PLANE('',#9127);
#9127 = AXIS2_PLACEMENT_3D('',#9128,#9129,#9130);
#9128 = CARTESIAN_POINT('',(2.9,2.743,-1.59));
#9129 = DIRECTION('',(-2.2E-16,-1.,1.1E-16));
#9130 = DIRECTION('',(-3.3E-16,1.1E-16,1.));
#9131 = ADVANCED_FACE('',(#9132),#9148,.F.);
#9132 = FACE_BOUND('',#9133,.F.);
#9133 = EDGE_LOOP('',(#9134,#9135,#9141,#9142));
#9134 = ORIENTED_EDGE('',*,*,#9113,.T.);
#9135 = ORIENTED_EDGE('',*,*,#9136,.T.);
#9136 = EDGE_CURVE('',#9106,#9036,#9137,.T.);
#9137 = LINE('',#9138,#9139);
#9138 = CARTESIAN_POINT('',(3.1,2.743,-1.43));
#9139 = VECTOR('',#9140,1.);
#9140 = DIRECTION('',(2.2E-16,-1.,3.3E-16));
#9141 = ORIENTED_EDGE('',*,*,#9033,.F.);
#9142 = ORIENTED_EDGE('',*,*,#9143,.F.);
#9143 = EDGE_CURVE('',#9114,#9034,#9144,.T.);
#9144 = LINE('',#9145,#9146);
#9145 = CARTESIAN_POINT('',(2.9,2.743,-1.43));
#9146 = VECTOR('',#9147,1.);
#9147 = DIRECTION('',(2.2E-16,-1.,3.3E-16));
#9148 = PLANE('',#9149);
#9149 = AXIS2_PLACEMENT_3D('',#9150,#9151,#9152);
#9150 = CARTESIAN_POINT('',(2.9,2.743,-1.43));
#9151 = DIRECTION('',(1.1E-16,-3.3E-16,-1.));
#9152 = DIRECTION('',(1.29368257903E-48,-1.,3.3E-16));
#9153 = ADVANCED_FACE('',(#9154),#9160,.F.);
#9154 = FACE_BOUND('',#9155,.F.);
#9155 = EDGE_LOOP('',(#9156,#9157,#9158,#9159));
#9156 = ORIENTED_EDGE('',*,*,#9059,.T.);
#9157 = ORIENTED_EDGE('',*,*,#9090,.T.);
#9158 = ORIENTED_EDGE('',*,*,#9121,.T.);
#9159 = ORIENTED_EDGE('',*,*,#9143,.T.);
#9160 = PLANE('',#9161);
#9161 = AXIS2_PLACEMENT_3D('',#9162,#9163,#9164);
#9162 = CARTESIAN_POINT('',(2.9,2.27202,-1.51));
#9163 = DIRECTION('',(1.,-2.2E-16,-1.1E-16));
#9164 = DIRECTION('',(1.1E-16,-1.1E-16,1.));
#9165 = ADVANCED_FACE('',(#9166),#9172,.T.);
#9166 = FACE_BOUND('',#9167,.T.);
#9167 = EDGE_LOOP('',(#9168,#9169,#9170,#9171));
#9168 = ORIENTED_EDGE('',*,*,#9043,.T.);
#9169 = ORIENTED_EDGE('',*,*,#9074,.T.);
#9170 = ORIENTED_EDGE('',*,*,#9105,.T.);
#9171 = ORIENTED_EDGE('',*,*,#9136,.T.);
#9172 = PLANE('',#9173);
#9173 = AXIS2_PLACEMENT_3D('',#9174,#9175,#9176);
#9174 = CARTESIAN_POINT('',(3.1,2.27202,-1.51));
#9175 = DIRECTION('',(1.,-2.2E-16,-1.1E-16));
#9176 = DIRECTION('',(1.1E-16,-1.1E-16,1.));
#9177 = MANIFOLD_SOLID_BREP('',#9178);
#9178 = CLOSED_SHELL('',(#9179,#9219,#9250,#9281,#9303,#9315));
#9179 = ADVANCED_FACE('',(#9180),#9214,.F.);
#9180 = FACE_BOUND('',#9181,.F.);
#9181 = EDGE_LOOP('',(#9182,#9192,#9200,#9208));
#9182 = ORIENTED_EDGE('',*,*,#9183,.T.);
#9183 = EDGE_CURVE('',#9184,#9186,#9188,.T.);
#9184 = VERTEX_POINT('',#9185);
#9185 = CARTESIAN_POINT('',(3.15,1.80104,-1.43));
#9186 = VERTEX_POINT('',#9187);
#9187 = CARTESIAN_POINT('',(3.35,1.80104,-1.43));
#9188 = LINE('',#9189,#9190);
#9189 = CARTESIAN_POINT('',(3.15,1.80104,-1.43));
#9190 = VECTOR('',#9191,1.);
#9191 = DIRECTION('',(1.,-2.2E-16,1.1E-16));
#9192 = ORIENTED_EDGE('',*,*,#9193,.T.);
#9193 = EDGE_CURVE('',#9186,#9194,#9196,.T.);
#9194 = VERTEX_POINT('',#9195);
#9195 = CARTESIAN_POINT('',(3.35,1.80104,-1.59));
#9196 = LINE('',#9197,#9198);
#9197 = CARTESIAN_POINT('',(3.35,1.80104,-1.43));
#9198 = VECTOR('',#9199,1.);
#9199 = DIRECTION('',(3.3E-16,1.1E-16,-1.));
#9200 = ORIENTED_EDGE('',*,*,#9201,.F.);
#9201 = EDGE_CURVE('',#9202,#9194,#9204,.T.);
#9202 = VERTEX_POINT('',#9203);
#9203 = CARTESIAN_POINT('',(3.15,1.80104,-1.59));
#9204 = LINE('',#9205,#9206);
#9205 = CARTESIAN_POINT('',(3.15,1.80104,-1.59));
#9206 = VECTOR('',#9207,1.);
#9207 = DIRECTION('',(1.,-2.2E-16,1.1E-16));
#9208 = ORIENTED_EDGE('',*,*,#9209,.F.);
#9209 = EDGE_CURVE('',#9184,#9202,#9210,.T.);
#9210 = LINE('',#9211,#9212);
#9211 = CARTESIAN_POINT('',(3.15,1.80104,-1.43));
#9212 = VECTOR('',#9213,1.);
#9213 = DIRECTION('',(3.3E-16,1.1E-16,-1.));
#9214 = PLANE('',#9215);
#9215 = AXIS2_PLACEMENT_3D('',#9216,#9217,#9218);
#9216 = CARTESIAN_POINT('',(3.15,1.80104,-1.43));
#9217 = DIRECTION('',(2.2E-16,1.,-1.1E-16));
#9218 = DIRECTION('',(3.3E-16,-1.1E-16,-1.));
#9219 = ADVANCED_FACE('',(#9220),#9245,.F.);
#9220 = FACE_BOUND('',#9221,.F.);
#9221 = EDGE_LOOP('',(#9222,#9223,#9231,#9239));
#9222 = ORIENTED_EDGE('',*,*,#9201,.T.);
#9223 = ORIENTED_EDGE('',*,*,#9224,.T.);
#9224 = EDGE_CURVE('',#9194,#9225,#9227,.T.);
#9225 = VERTEX_POINT('',#9226);
#9226 = CARTESIAN_POINT('',(3.35,2.743,-1.59));
#9227 = LINE('',#9228,#9229);
#9228 = CARTESIAN_POINT('',(3.35,1.80104,-1.59));
#9229 = VECTOR('',#9230,1.);
#9230 = DIRECTION('',(-2.2E-16,1.,-3.3E-16));
#9231 = ORIENTED_EDGE('',*,*,#9232,.F.);
#9232 = EDGE_CURVE('',#9233,#9225,#9235,.T.);
#9233 = VERTEX_POINT('',#9234);
#9234 = CARTESIAN_POINT('',(3.15,2.743,-1.59));
#9235 = LINE('',#9236,#9237);
#9236 = CARTESIAN_POINT('',(3.15,2.743,-1.59));
#9237 = VECTOR('',#9238,1.);
#9238 = DIRECTION('',(1.,-2.2E-16,1.1E-16));
#9239 = ORIENTED_EDGE('',*,*,#9240,.F.);
#9240 = EDGE_CURVE('',#9202,#9233,#9241,.T.);
#9241 = LINE('',#9242,#9243);
#9242 = CARTESIAN_POINT('',(3.15,1.80104,-1.59));
#9243 = VECTOR('',#9244,1.);
#9244 = DIRECTION('',(-2.2E-16,1.,-3.3E-16));
#9245 = PLANE('',#9246);
#9246 = AXIS2_PLACEMENT_3D('',#9247,#9248,#9249);
#9247 = CARTESIAN_POINT('',(3.15,1.80104,-1.59));
#9248 = DIRECTION('',(-1.1E-16,3.3E-16,1.));
#9249 = DIRECTION('',(-1.29368257903E-48,1.,-3.3E-16));
#9250 = ADVANCED_FACE('',(#9251),#9276,.F.);
#9251 = FACE_BOUND('',#9252,.F.);
#9252 = EDGE_LOOP('',(#9253,#9254,#9262,#9270));
#9253 = ORIENTED_EDGE('',*,*,#9232,.T.);
#9254 = ORIENTED_EDGE('',*,*,#9255,.T.);
#9255 = EDGE_CURVE('',#9225,#9256,#9258,.T.);
#9256 = VERTEX_POINT('',#9257);
#9257 = CARTESIAN_POINT('',(3.35,2.743,-1.43));
#9258 = LINE('',#9259,#9260);
#9259 = CARTESIAN_POINT('',(3.35,2.743,-1.59));
#9260 = VECTOR('',#9261,1.);
#9261 = DIRECTION('',(-3.3E-16,-1.1E-16,1.));
#9262 = ORIENTED_EDGE('',*,*,#9263,.F.);
#9263 = EDGE_CURVE('',#9264,#9256,#9266,.T.);
#9264 = VERTEX_POINT('',#9265);
#9265 = CARTESIAN_POINT('',(3.15,2.743,-1.43));
#9266 = LINE('',#9267,#9268);
#9267 = CARTESIAN_POINT('',(3.15,2.743,-1.43));
#9268 = VECTOR('',#9269,1.);
#9269 = DIRECTION('',(1.,-2.2E-16,1.1E-16));
#9270 = ORIENTED_EDGE('',*,*,#9271,.F.);
#9271 = EDGE_CURVE('',#9233,#9264,#9272,.T.);
#9272 = LINE('',#9273,#9274);
#9273 = CARTESIAN_POINT('',(3.15,2.743,-1.59));
#9274 = VECTOR('',#9275,1.);
#9275 = DIRECTION('',(-3.3E-16,-1.1E-16,1.));
#9276 = PLANE('',#9277);
#9277 = AXIS2_PLACEMENT_3D('',#9278,#9279,#9280);
#9278 = CARTESIAN_POINT('',(3.15,2.743,-1.59));
#9279 = DIRECTION('',(-2.2E-16,-1.,1.1E-16));
#9280 = DIRECTION('',(-3.3E-16,1.1E-16,1.));
#9281 = ADVANCED_FACE('',(#9282),#9298,.F.);
#9282 = FACE_BOUND('',#9283,.F.);
#9283 = EDGE_LOOP('',(#9284,#9285,#9291,#9292));
#9284 = ORIENTED_EDGE('',*,*,#9263,.T.);
#9285 = ORIENTED_EDGE('',*,*,#9286,.T.);
#9286 = EDGE_CURVE('',#9256,#9186,#9287,.T.);
#9287 = LINE('',#9288,#9289);
#9288 = CARTESIAN_POINT('',(3.35,2.743,-1.43));
#9289 = VECTOR('',#9290,1.);
#9290 = DIRECTION('',(2.2E-16,-1.,3.3E-16));
#9291 = ORIENTED_EDGE('',*,*,#9183,.F.);
#9292 = ORIENTED_EDGE('',*,*,#9293,.F.);
#9293 = EDGE_CURVE('',#9264,#9184,#9294,.T.);
#9294 = LINE('',#9295,#9296);
#9295 = CARTESIAN_POINT('',(3.15,2.743,-1.43));
#9296 = VECTOR('',#9297,1.);
#9297 = DIRECTION('',(2.2E-16,-1.,3.3E-16));
#9298 = PLANE('',#9299);
#9299 = AXIS2_PLACEMENT_3D('',#9300,#9301,#9302);
#9300 = CARTESIAN_POINT('',(3.15,2.743,-1.43));
#9301 = DIRECTION('',(1.1E-16,-3.3E-16,-1.));
#9302 = DIRECTION('',(1.29368257903E-48,-1.,3.3E-16));
#9303 = ADVANCED_FACE('',(#9304),#9310,.F.);
#9304 = FACE_BOUND('',#9305,.F.);
#9305 = EDGE_LOOP('',(#9306,#9307,#9308,#9309));
#9306 = ORIENTED_EDGE('',*,*,#9209,.T.);
#9307 = ORIENTED_EDGE('',*,*,#9240,.T.);
#9308 = ORIENTED_EDGE('',*,*,#9271,.T.);
#9309 = ORIENTED_EDGE('',*,*,#9293,.T.);
#9310 = PLANE('',#9311);
#9311 = AXIS2_PLACEMENT_3D('',#9312,#9313,#9314);
#9312 = CARTESIAN_POINT('',(3.15,2.27202,-1.51));
#9313 = DIRECTION('',(1.,-2.2E-16,-1.1E-16));
#9314 = DIRECTION('',(1.1E-16,-1.1E-16,1.));
#9315 = ADVANCED_FACE('',(#9316),#9322,.T.);
#9316 = FACE_BOUND('',#9317,.T.);
#9317 = EDGE_LOOP('',(#9318,#9319,#9320,#9321));
#9318 = ORIENTED_EDGE('',*,*,#9193,.T.);
#9319 = ORIENTED_EDGE('',*,*,#9224,.T.);
#9320 = ORIENTED_EDGE('',*,*,#9255,.T.);
#9321 = ORIENTED_EDGE('',*,*,#9286,.T.);
#9322 = PLANE('',#9323);
#9323 = AXIS2_PLACEMENT_3D('',#9324,#9325,#9326);
#9324 = CARTESIAN_POINT('',(3.35,2.27202,-1.51));
#9325 = DIRECTION('',(1.,-2.2E-16,-1.1E-16));
#9326 = DIRECTION('',(1.1E-16,-1.1E-16,1.));
#9327 = MANIFOLD_SOLID_BREP('',#9328);
#9328 = CLOSED_SHELL('',(#9329,#9369,#9400,#9431,#9453,#9465));
#9329 = ADVANCED_FACE('',(#9330),#9364,.F.);
#9330 = FACE_BOUND('',#9331,.F.);
#9331 = EDGE_LOOP('',(#9332,#9342,#9350,#9358));
#9332 = ORIENTED_EDGE('',*,*,#9333,.T.);
#9333 = EDGE_CURVE('',#9334,#9336,#9338,.T.);
#9334 = VERTEX_POINT('',#9335);
#9335 = CARTESIAN_POINT('',(-0.35,1.80104,-1.43));
#9336 = VERTEX_POINT('',#9337);
#9337 = CARTESIAN_POINT('',(-0.15,1.80104,-1.43));
#9338 = LINE('',#9339,#9340);
#9339 = CARTESIAN_POINT('',(-0.35,1.80104,-1.43));
#9340 = VECTOR('',#9341,1.);
#9341 = DIRECTION('',(1.,-2.2E-16,1.1E-16));
#9342 = ORIENTED_EDGE('',*,*,#9343,.T.);
#9343 = EDGE_CURVE('',#9336,#9344,#9346,.T.);
#9344 = VERTEX_POINT('',#9345);
#9345 = CARTESIAN_POINT('',(-0.15,1.80104,-1.59));
#9346 = LINE('',#9347,#9348);
#9347 = CARTESIAN_POINT('',(-0.15,1.80104,-1.43));
#9348 = VECTOR('',#9349,1.);
#9349 = DIRECTION('',(3.3E-16,1.1E-16,-1.));
#9350 = ORIENTED_EDGE('',*,*,#9351,.F.);
#9351 = EDGE_CURVE('',#9352,#9344,#9354,.T.);
#9352 = VERTEX_POINT('',#9353);
#9353 = CARTESIAN_POINT('',(-0.35,1.80104,-1.59));
#9354 = LINE('',#9355,#9356);
#9355 = CARTESIAN_POINT('',(-0.35,1.80104,-1.59));
#9356 = VECTOR('',#9357,1.);
#9357 = DIRECTION('',(1.,-2.2E-16,1.1E-16));
#9358 = ORIENTED_EDGE('',*,*,#9359,.F.);
#9359 = EDGE_CURVE('',#9334,#9352,#9360,.T.);
#9360 = LINE('',#9361,#9362);
#9361 = CARTESIAN_POINT('',(-0.35,1.80104,-1.43));
#9362 = VECTOR('',#9363,1.);
#9363 = DIRECTION('',(3.3E-16,1.1E-16,-1.));
#9364 = PLANE('',#9365);
#9365 = AXIS2_PLACEMENT_3D('',#9366,#9367,#9368);
#9366 = CARTESIAN_POINT('',(-0.35,1.80104,-1.43));
#9367 = DIRECTION('',(2.2E-16,1.,-1.1E-16));
#9368 = DIRECTION('',(3.3E-16,-1.1E-16,-1.));
#9369 = ADVANCED_FACE('',(#9370),#9395,.F.);
#9370 = FACE_BOUND('',#9371,.F.);
#9371 = EDGE_LOOP('',(#9372,#9373,#9381,#9389));
#9372 = ORIENTED_EDGE('',*,*,#9351,.T.);
#9373 = ORIENTED_EDGE('',*,*,#9374,.T.);
#9374 = EDGE_CURVE('',#9344,#9375,#9377,.T.);
#9375 = VERTEX_POINT('',#9376);
#9376 = CARTESIAN_POINT('',(-0.15,2.743,-1.59));
#9377 = LINE('',#9378,#9379);
#9378 = CARTESIAN_POINT('',(-0.15,1.80104,-1.59));
#9379 = VECTOR('',#9380,1.);
#9380 = DIRECTION('',(-2.2E-16,1.,-3.3E-16));
#9381 = ORIENTED_EDGE('',*,*,#9382,.F.);
#9382 = EDGE_CURVE('',#9383,#9375,#9385,.T.);
#9383 = VERTEX_POINT('',#9384);
#9384 = CARTESIAN_POINT('',(-0.35,2.743,-1.59));
#9385 = LINE('',#9386,#9387);
#9386 = CARTESIAN_POINT('',(-0.35,2.743,-1.59));
#9387 = VECTOR('',#9388,1.);
#9388 = DIRECTION('',(1.,-2.2E-16,1.1E-16));
#9389 = ORIENTED_EDGE('',*,*,#9390,.F.);
#9390 = EDGE_CURVE('',#9352,#9383,#9391,.T.);
#9391 = LINE('',#9392,#9393);
#9392 = CARTESIAN_POINT('',(-0.35,1.80104,-1.59));
#9393 = VECTOR('',#9394,1.);
#9394 = DIRECTION('',(-2.2E-16,1.,-3.3E-16));
#9395 = PLANE('',#9396);
#9396 = AXIS2_PLACEMENT_3D('',#9397,#9398,#9399);
#9397 = CARTESIAN_POINT('',(-0.35,1.80104,-1.59));
#9398 = DIRECTION('',(-1.1E-16,3.3E-16,1.));
#9399 = DIRECTION('',(-1.29368257903E-48,1.,-3.3E-16));
#9400 = ADVANCED_FACE('',(#9401),#9426,.F.);
#9401 = FACE_BOUND('',#9402,.F.);
#9402 = EDGE_LOOP('',(#9403,#9404,#9412,#9420));
#9403 = ORIENTED_EDGE('',*,*,#9382,.T.);
#9404 = ORIENTED_EDGE('',*,*,#9405,.T.);
#9405 = EDGE_CURVE('',#9375,#9406,#9408,.T.);
#9406 = VERTEX_POINT('',#9407);
#9407 = CARTESIAN_POINT('',(-0.15,2.743,-1.43));
#9408 = LINE('',#9409,#9410);
#9409 = CARTESIAN_POINT('',(-0.15,2.743,-1.59));
#9410 = VECTOR('',#9411,1.);
#9411 = DIRECTION('',(-3.3E-16,-1.1E-16,1.));
#9412 = ORIENTED_EDGE('',*,*,#9413,.F.);
#9413 = EDGE_CURVE('',#9414,#9406,#9416,.T.);
#9414 = VERTEX_POINT('',#9415);
#9415 = CARTESIAN_POINT('',(-0.35,2.743,-1.43));
#9416 = LINE('',#9417,#9418);
#9417 = CARTESIAN_POINT('',(-0.35,2.743,-1.43));
#9418 = VECTOR('',#9419,1.);
#9419 = DIRECTION('',(1.,-2.2E-16,1.1E-16));
#9420 = ORIENTED_EDGE('',*,*,#9421,.F.);
#9421 = EDGE_CURVE('',#9383,#9414,#9422,.T.);
#9422 = LINE('',#9423,#9424);
#9423 = CARTESIAN_POINT('',(-0.35,2.743,-1.59));
#9424 = VECTOR('',#9425,1.);
#9425 = DIRECTION('',(-3.3E-16,-1.1E-16,1.));
#9426 = PLANE('',#9427);
#9427 = AXIS2_PLACEMENT_3D('',#9428,#9429,#9430);
#9428 = CARTESIAN_POINT('',(-0.35,2.743,-1.59));
#9429 = DIRECTION('',(-2.2E-16,-1.,1.1E-16));
#9430 = DIRECTION('',(-3.3E-16,1.1E-16,1.));
#9431 = ADVANCED_FACE('',(#9432),#9448,.F.);
#9432 = FACE_BOUND('',#9433,.F.);
#9433 = EDGE_LOOP('',(#9434,#9435,#9441,#9442));
#9434 = ORIENTED_EDGE('',*,*,#9413,.T.);
#9435 = ORIENTED_EDGE('',*,*,#9436,.T.);
#9436 = EDGE_CURVE('',#9406,#9336,#9437,.T.);
#9437 = LINE('',#9438,#9439);
#9438 = CARTESIAN_POINT('',(-0.15,2.743,-1.43));
#9439 = VECTOR('',#9440,1.);
#9440 = DIRECTION('',(2.2E-16,-1.,3.3E-16));
#9441 = ORIENTED_EDGE('',*,*,#9333,.F.);
#9442 = ORIENTED_EDGE('',*,*,#9443,.F.);
#9443 = EDGE_CURVE('',#9414,#9334,#9444,.T.);
#9444 = LINE('',#9445,#9446);
#9445 = CARTESIAN_POINT('',(-0.35,2.743,-1.43));
#9446 = VECTOR('',#9447,1.);
#9447 = DIRECTION('',(2.2E-16,-1.,3.3E-16));
#9448 = PLANE('',#9449);
#9449 = AXIS2_PLACEMENT_3D('',#9450,#9451,#9452);
#9450 = CARTESIAN_POINT('',(-0.35,2.743,-1.43));
#9451 = DIRECTION('',(1.1E-16,-3.3E-16,-1.));
#9452 = DIRECTION('',(1.29368257903E-48,-1.,3.3E-16));
#9453 = ADVANCED_FACE('',(#9454),#9460,.F.);
#9454 = FACE_BOUND('',#9455,.F.);
#9455 = EDGE_LOOP('',(#9456,#9457,#9458,#9459));
#9456 = ORIENTED_EDGE('',*,*,#9359,.T.);
#9457 = ORIENTED_EDGE('',*,*,#9390,.T.);
#9458 = ORIENTED_EDGE('',*,*,#9421,.T.);
#9459 = ORIENTED_EDGE('',*,*,#9443,.T.);
#9460 = PLANE('',#9461);
#9461 = AXIS2_PLACEMENT_3D('',#9462,#9463,#9464);
#9462 = CARTESIAN_POINT('',(-0.35,2.27202,-1.51));
#9463 = DIRECTION('',(1.,-2.2E-16,-1.1E-16));
#9464 = DIRECTION('',(1.1E-16,-1.1E-16,1.));
#9465 = ADVANCED_FACE('',(#9466),#9472,.T.);
#9466 = FACE_BOUND('',#9467,.T.);
#9467 = EDGE_LOOP('',(#9468,#9469,#9470,#9471));
#9468 = ORIENTED_EDGE('',*,*,#9343,.T.);
#9469 = ORIENTED_EDGE('',*,*,#9374,.T.);
#9470 = ORIENTED_EDGE('',*,*,#9405,.T.);
#9471 = ORIENTED_EDGE('',*,*,#9436,.T.);
#9472 = PLANE('',#9473);
#9473 = AXIS2_PLACEMENT_3D('',#9474,#9475,#9476);
#9474 = CARTESIAN_POINT('',(-0.15,2.27202,-1.51));
#9475 = DIRECTION('',(1.,-2.2E-16,-1.1E-16));
#9476 = DIRECTION('',(1.1E-16,-1.1E-16,1.));
#9477 = MANIFOLD_SOLID_BREP('',#9478);
#9478 = CLOSED_SHELL('',(#9479,#9519,#9550,#9581,#9603,#9615));
#9479 = ADVANCED_FACE('',(#9480),#9514,.F.);
#9480 = FACE_BOUND('',#9481,.F.);
#9481 = EDGE_LOOP('',(#9482,#9492,#9500,#9508));
#9482 = ORIENTED_EDGE('',*,*,#9483,.T.);
#9483 = EDGE_CURVE('',#9484,#9486,#9488,.T.);
#9484 = VERTEX_POINT('',#9485);
#9485 = CARTESIAN_POINT('',(-0.85,1.80104,-1.43));
#9486 = VERTEX_POINT('',#9487);
#9487 = CARTESIAN_POINT('',(-0.65,1.80104,-1.43));
#9488 = LINE('',#9489,#9490);
#9489 = CARTESIAN_POINT('',(-0.85,1.80104,-1.43));
#9490 = VECTOR('',#9491,1.);
#9491 = DIRECTION('',(1.,-2.2E-16,1.1E-16));
#9492 = ORIENTED_EDGE('',*,*,#9493,.T.);
#9493 = EDGE_CURVE('',#9486,#9494,#9496,.T.);
#9494 = VERTEX_POINT('',#9495);
#9495 = CARTESIAN_POINT('',(-0.65,1.80104,-1.59));
#9496 = LINE('',#9497,#9498);
#9497 = CARTESIAN_POINT('',(-0.65,1.80104,-1.43));
#9498 = VECTOR('',#9499,1.);
#9499 = DIRECTION('',(3.3E-16,1.1E-16,-1.));
#9500 = ORIENTED_EDGE('',*,*,#9501,.F.);
#9501 = EDGE_CURVE('',#9502,#9494,#9504,.T.);
#9502 = VERTEX_POINT('',#9503);
#9503 = CARTESIAN_POINT('',(-0.85,1.80104,-1.59));
#9504 = LINE('',#9505,#9506);
#9505 = CARTESIAN_POINT('',(-0.85,1.80104,-1.59));
#9506 = VECTOR('',#9507,1.);
#9507 = DIRECTION('',(1.,-2.2E-16,1.1E-16));
#9508 = ORIENTED_EDGE('',*,*,#9509,.F.);
#9509 = EDGE_CURVE('',#9484,#9502,#9510,.T.);
#9510 = LINE('',#9511,#9512);
#9511 = CARTESIAN_POINT('',(-0.85,1.80104,-1.43));
#9512 = VECTOR('',#9513,1.);
#9513 = DIRECTION('',(3.3E-16,1.1E-16,-1.));
#9514 = PLANE('',#9515);
#9515 = AXIS2_PLACEMENT_3D('',#9516,#9517,#9518);
#9516 = CARTESIAN_POINT('',(-0.85,1.80104,-1.43));
#9517 = DIRECTION('',(2.2E-16,1.,-1.1E-16));
#9518 = DIRECTION('',(3.3E-16,-1.1E-16,-1.));
#9519 = ADVANCED_FACE('',(#9520),#9545,.F.);
#9520 = FACE_BOUND('',#9521,.F.);
#9521 = EDGE_LOOP('',(#9522,#9523,#9531,#9539));
#9522 = ORIENTED_EDGE('',*,*,#9501,.T.);
#9523 = ORIENTED_EDGE('',*,*,#9524,.T.);
#9524 = EDGE_CURVE('',#9494,#9525,#9527,.T.);
#9525 = VERTEX_POINT('',#9526);
#9526 = CARTESIAN_POINT('',(-0.65,2.743,-1.59));
#9527 = LINE('',#9528,#9529);
#9528 = CARTESIAN_POINT('',(-0.65,1.80104,-1.59));
#9529 = VECTOR('',#9530,1.);
#9530 = DIRECTION('',(-2.2E-16,1.,-3.3E-16));
#9531 = ORIENTED_EDGE('',*,*,#9532,.F.);
#9532 = EDGE_CURVE('',#9533,#9525,#9535,.T.);
#9533 = VERTEX_POINT('',#9534);
#9534 = CARTESIAN_POINT('',(-0.85,2.743,-1.59));
#9535 = LINE('',#9536,#9537);
#9536 = CARTESIAN_POINT('',(-0.85,2.743,-1.59));
#9537 = VECTOR('',#9538,1.);
#9538 = DIRECTION('',(1.,-2.2E-16,1.1E-16));
#9539 = ORIENTED_EDGE('',*,*,#9540,.F.);
#9540 = EDGE_CURVE('',#9502,#9533,#9541,.T.);
#9541 = LINE('',#9542,#9543);
#9542 = CARTESIAN_POINT('',(-0.85,1.80104,-1.59));
#9543 = VECTOR('',#9544,1.);
#9544 = DIRECTION('',(-2.2E-16,1.,-3.3E-16));
#9545 = PLANE('',#9546);
#9546 = AXIS2_PLACEMENT_3D('',#9547,#9548,#9549);
#9547 = CARTESIAN_POINT('',(-0.85,1.80104,-1.59));
#9548 = DIRECTION('',(-1.1E-16,3.3E-16,1.));
#9549 = DIRECTION('',(-1.29368257903E-48,1.,-3.3E-16));
#9550 = ADVANCED_FACE('',(#9551),#9576,.F.);
#9551 = FACE_BOUND('',#9552,.F.);
#9552 = EDGE_LOOP('',(#9553,#9554,#9562,#9570));
#9553 = ORIENTED_EDGE('',*,*,#9532,.T.);
#9554 = ORIENTED_EDGE('',*,*,#9555,.T.);
#9555 = EDGE_CURVE('',#9525,#9556,#9558,.T.);
#9556 = VERTEX_POINT('',#9557);
#9557 = CARTESIAN_POINT('',(-0.65,2.743,-1.43));
#9558 = LINE('',#9559,#9560);
#9559 = CARTESIAN_POINT('',(-0.65,2.743,-1.59));
#9560 = VECTOR('',#9561,1.);
#9561 = DIRECTION('',(-3.3E-16,-1.1E-16,1.));
#9562 = ORIENTED_EDGE('',*,*,#9563,.F.);
#9563 = EDGE_CURVE('',#9564,#9556,#9566,.T.);
#9564 = VERTEX_POINT('',#9565);
#9565 = CARTESIAN_POINT('',(-0.85,2.743,-1.43));
#9566 = LINE('',#9567,#9568);
#9567 = CARTESIAN_POINT('',(-0.85,2.743,-1.43));
#9568 = VECTOR('',#9569,1.);
#9569 = DIRECTION('',(1.,-2.2E-16,1.1E-16));
#9570 = ORIENTED_EDGE('',*,*,#9571,.F.);
#9571 = EDGE_CURVE('',#9533,#9564,#9572,.T.);
#9572 = LINE('',#9573,#9574);
#9573 = CARTESIAN_POINT('',(-0.85,2.743,-1.59));
#9574 = VECTOR('',#9575,1.);
#9575 = DIRECTION('',(-3.3E-16,-1.1E-16,1.));
#9576 = PLANE('',#9577);
#9577 = AXIS2_PLACEMENT_3D('',#9578,#9579,#9580);
#9578 = CARTESIAN_POINT('',(-0.85,2.743,-1.59));
#9579 = DIRECTION('',(-2.2E-16,-1.,1.1E-16));
#9580 = DIRECTION('',(-3.3E-16,1.1E-16,1.));
#9581 = ADVANCED_FACE('',(#9582),#9598,.F.);
#9582 = FACE_BOUND('',#9583,.F.);
#9583 = EDGE_LOOP('',(#9584,#9585,#9591,#9592));
#9584 = ORIENTED_EDGE('',*,*,#9563,.T.);
#9585 = ORIENTED_EDGE('',*,*,#9586,.T.);
#9586 = EDGE_CURVE('',#9556,#9486,#9587,.T.);
#9587 = LINE('',#9588,#9589);
#9588 = CARTESIAN_POINT('',(-0.65,2.743,-1.43));
#9589 = VECTOR('',#9590,1.);
#9590 = DIRECTION('',(2.2E-16,-1.,3.3E-16));
#9591 = ORIENTED_EDGE('',*,*,#9483,.F.);
#9592 = ORIENTED_EDGE('',*,*,#9593,.F.);
#9593 = EDGE_CURVE('',#9564,#9484,#9594,.T.);
#9594 = LINE('',#9595,#9596);
#9595 = CARTESIAN_POINT('',(-0.85,2.743,-1.43));
#9596 = VECTOR('',#9597,1.);
#9597 = DIRECTION('',(2.2E-16,-1.,3.3E-16));
#9598 = PLANE('',#9599);
#9599 = AXIS2_PLACEMENT_3D('',#9600,#9601,#9602);
#9600 = CARTESIAN_POINT('',(-0.85,2.743,-1.43));
#9601 = DIRECTION('',(1.1E-16,-3.3E-16,-1.));
#9602 = DIRECTION('',(1.29368257903E-48,-1.,3.3E-16));
#9603 = ADVANCED_FACE('',(#9604),#9610,.F.);
#9604 = FACE_BOUND('',#9605,.F.);
#9605 = EDGE_LOOP('',(#9606,#9607,#9608,#9609));
#9606 = ORIENTED_EDGE('',*,*,#9509,.T.);
#9607 = ORIENTED_EDGE('',*,*,#9540,.T.);
#9608 = ORIENTED_EDGE('',*,*,#9571,.T.);
#9609 = ORIENTED_EDGE('',*,*,#9593,.T.);
#9610 = PLANE('',#9611);
#9611 = AXIS2_PLACEMENT_3D('',#9612,#9613,#9614);
#9612 = CARTESIAN_POINT('',(-0.85,2.27202,-1.51));
#9613 = DIRECTION('',(1.,-2.2E-16,-1.1E-16));
#9614 = DIRECTION('',(1.1E-16,-1.1E-16,1.));
#9615 = ADVANCED_FACE('',(#9616),#9622,.T.);
#9616 = FACE_BOUND('',#9617,.T.);
#9617 = EDGE_LOOP('',(#9618,#9619,#9620,#9621));
#9618 = ORIENTED_EDGE('',*,*,#9493,.T.);
#9619 = ORIENTED_EDGE('',*,*,#9524,.T.);
#9620 = ORIENTED_EDGE('',*,*,#9555,.T.);
#9621 = ORIENTED_EDGE('',*,*,#9586,.T.);
#9622 = PLANE('',#9623);
#9623 = AXIS2_PLACEMENT_3D('',#9624,#9625,#9626);
#9624 = CARTESIAN_POINT('',(-0.65,2.27202,-1.51));
#9625 = DIRECTION('',(1.,-2.2E-16,-1.1E-16));
#9626 = DIRECTION('',(1.1E-16,-1.1E-16,1.));
#9627 = MANIFOLD_SOLID_BREP('',#9628);
#9628 = CLOSED_SHELL('',(#9629,#9669,#9700,#9731,#9753,#9765));
#9629 = ADVANCED_FACE('',(#9630),#9664,.F.);
#9630 = FACE_BOUND('',#9631,.F.);
#9631 = EDGE_LOOP('',(#9632,#9642,#9650,#9658));
#9632 = ORIENTED_EDGE('',*,*,#9633,.T.);
#9633 = EDGE_CURVE('',#9634,#9636,#9638,.T.);
#9634 = VERTEX_POINT('',#9635);
#9635 = CARTESIAN_POINT('',(-1.35,1.80104,-1.43));
#9636 = VERTEX_POINT('',#9637);
#9637 = CARTESIAN_POINT('',(-1.15,1.80104,-1.43));
#9638 = LINE('',#9639,#9640);
#9639 = CARTESIAN_POINT('',(-1.35,1.80104,-1.43));
#9640 = VECTOR('',#9641,1.);
#9641 = DIRECTION('',(1.,-2.2E-16,1.1E-16));
#9642 = ORIENTED_EDGE('',*,*,#9643,.T.);
#9643 = EDGE_CURVE('',#9636,#9644,#9646,.T.);
#9644 = VERTEX_POINT('',#9645);
#9645 = CARTESIAN_POINT('',(-1.15,1.80104,-1.59));
#9646 = LINE('',#9647,#9648);
#9647 = CARTESIAN_POINT('',(-1.15,1.80104,-1.43));
#9648 = VECTOR('',#9649,1.);
#9649 = DIRECTION('',(3.3E-16,1.1E-16,-1.));
#9650 = ORIENTED_EDGE('',*,*,#9651,.F.);
#9651 = EDGE_CURVE('',#9652,#9644,#9654,.T.);
#9652 = VERTEX_POINT('',#9653);
#9653 = CARTESIAN_POINT('',(-1.35,1.80104,-1.59));
#9654 = LINE('',#9655,#9656);
#9655 = CARTESIAN_POINT('',(-1.35,1.80104,-1.59));
#9656 = VECTOR('',#9657,1.);
#9657 = DIRECTION('',(1.,-2.2E-16,1.1E-16));
#9658 = ORIENTED_EDGE('',*,*,#9659,.F.);
#9659 = EDGE_CURVE('',#9634,#9652,#9660,.T.);
#9660 = LINE('',#9661,#9662);
#9661 = CARTESIAN_POINT('',(-1.35,1.80104,-1.43));
#9662 = VECTOR('',#9663,1.);
#9663 = DIRECTION('',(3.3E-16,1.1E-16,-1.));
#9664 = PLANE('',#9665);
#9665 = AXIS2_PLACEMENT_3D('',#9666,#9667,#9668);
#9666 = CARTESIAN_POINT('',(-1.35,1.80104,-1.43));
#9667 = DIRECTION('',(2.2E-16,1.,-1.1E-16));
#9668 = DIRECTION('',(3.3E-16,-1.1E-16,-1.));
#9669 = ADVANCED_FACE('',(#9670),#9695,.F.);
#9670 = FACE_BOUND('',#9671,.F.);
#9671 = EDGE_LOOP('',(#9672,#9673,#9681,#9689));
#9672 = ORIENTED_EDGE('',*,*,#9651,.T.);
#9673 = ORIENTED_EDGE('',*,*,#9674,.T.);
#9674 = EDGE_CURVE('',#9644,#9675,#9677,.T.);
#9675 = VERTEX_POINT('',#9676);
#9676 = CARTESIAN_POINT('',(-1.15,2.743,-1.59));
#9677 = LINE('',#9678,#9679);
#9678 = CARTESIAN_POINT('',(-1.15,1.80104,-1.59));
#9679 = VECTOR('',#9680,1.);
#9680 = DIRECTION('',(-2.2E-16,1.,-3.3E-16));
#9681 = ORIENTED_EDGE('',*,*,#9682,.F.);
#9682 = EDGE_CURVE('',#9683,#9675,#9685,.T.);
#9683 = VERTEX_POINT('',#9684);
#9684 = CARTESIAN_POINT('',(-1.35,2.743,-1.59));
#9685 = LINE('',#9686,#9687);
#9686 = CARTESIAN_POINT('',(-1.35,2.743,-1.59));
#9687 = VECTOR('',#9688,1.);
#9688 = DIRECTION('',(1.,-2.2E-16,1.1E-16));
#9689 = ORIENTED_EDGE('',*,*,#9690,.F.);
#9690 = EDGE_CURVE('',#9652,#9683,#9691,.T.);
#9691 = LINE('',#9692,#9693);
#9692 = CARTESIAN_POINT('',(-1.35,1.80104,-1.59));
#9693 = VECTOR('',#9694,1.);
#9694 = DIRECTION('',(-2.2E-16,1.,-3.3E-16));
#9695 = PLANE('',#9696);
#9696 = AXIS2_PLACEMENT_3D('',#9697,#9698,#9699);
#9697 = CARTESIAN_POINT('',(-1.35,1.80104,-1.59));
#9698 = DIRECTION('',(-1.1E-16,3.3E-16,1.));
#9699 = DIRECTION('',(-1.29368257903E-48,1.,-3.3E-16));
#9700 = ADVANCED_FACE('',(#9701),#9726,.F.);
#9701 = FACE_BOUND('',#9702,.F.);
#9702 = EDGE_LOOP('',(#9703,#9704,#9712,#9720));
#9703 = ORIENTED_EDGE('',*,*,#9682,.T.);
#9704 = ORIENTED_EDGE('',*,*,#9705,.T.);
#9705 = EDGE_CURVE('',#9675,#9706,#9708,.T.);
#9706 = VERTEX_POINT('',#9707);
#9707 = CARTESIAN_POINT('',(-1.15,2.743,-1.43));
#9708 = LINE('',#9709,#9710);
#9709 = CARTESIAN_POINT('',(-1.15,2.743,-1.59));
#9710 = VECTOR('',#9711,1.);
#9711 = DIRECTION('',(-3.3E-16,-1.1E-16,1.));
#9712 = ORIENTED_EDGE('',*,*,#9713,.F.);
#9713 = EDGE_CURVE('',#9714,#9706,#9716,.T.);
#9714 = VERTEX_POINT('',#9715);
#9715 = CARTESIAN_POINT('',(-1.35,2.743,-1.43));
#9716 = LINE('',#9717,#9718);
#9717 = CARTESIAN_POINT('',(-1.35,2.743,-1.43));
#9718 = VECTOR('',#9719,1.);
#9719 = DIRECTION('',(1.,-2.2E-16,1.1E-16));
#9720 = ORIENTED_EDGE('',*,*,#9721,.F.);
#9721 = EDGE_CURVE('',#9683,#9714,#9722,.T.);
#9722 = LINE('',#9723,#9724);
#9723 = CARTESIAN_POINT('',(-1.35,2.743,-1.59));
#9724 = VECTOR('',#9725,1.);
#9725 = DIRECTION('',(-3.3E-16,-1.1E-16,1.));
#9726 = PLANE('',#9727);
#9727 = AXIS2_PLACEMENT_3D('',#9728,#9729,#9730);
#9728 = CARTESIAN_POINT('',(-1.35,2.743,-1.59));
#9729 = DIRECTION('',(-2.2E-16,-1.,1.1E-16));
#9730 = DIRECTION('',(-3.3E-16,1.1E-16,1.));
#9731 = ADVANCED_FACE('',(#9732),#9748,.F.);
#9732 = FACE_BOUND('',#9733,.F.);
#9733 = EDGE_LOOP('',(#9734,#9735,#9741,#9742));
#9734 = ORIENTED_EDGE('',*,*,#9713,.T.);
#9735 = ORIENTED_EDGE('',*,*,#9736,.T.);
#9736 = EDGE_CURVE('',#9706,#9636,#9737,.T.);
#9737 = LINE('',#9738,#9739);
#9738 = CARTESIAN_POINT('',(-1.15,2.743,-1.43));
#9739 = VECTOR('',#9740,1.);
#9740 = DIRECTION('',(2.2E-16,-1.,3.3E-16));
#9741 = ORIENTED_EDGE('',*,*,#9633,.F.);
#9742 = ORIENTED_EDGE('',*,*,#9743,.F.);
#9743 = EDGE_CURVE('',#9714,#9634,#9744,.T.);
#9744 = LINE('',#9745,#9746);
#9745 = CARTESIAN_POINT('',(-1.35,2.743,-1.43));
#9746 = VECTOR('',#9747,1.);
#9747 = DIRECTION('',(2.2E-16,-1.,3.3E-16));
#9748 = PLANE('',#9749);
#9749 = AXIS2_PLACEMENT_3D('',#9750,#9751,#9752);
#9750 = CARTESIAN_POINT('',(-1.35,2.743,-1.43));
#9751 = DIRECTION('',(1.1E-16,-3.3E-16,-1.));
#9752 = DIRECTION('',(1.29368257903E-48,-1.,3.3E-16));
#9753 = ADVANCED_FACE('',(#9754),#9760,.F.);
#9754 = FACE_BOUND('',#9755,.F.);
#9755 = EDGE_LOOP('',(#9756,#9757,#9758,#9759));
#9756 = ORIENTED_EDGE('',*,*,#9659,.T.);
#9757 = ORIENTED_EDGE('',*,*,#9690,.T.);
#9758 = ORIENTED_EDGE('',*,*,#9721,.T.);
#9759 = ORIENTED_EDGE('',*,*,#9743,.T.);
#9760 = PLANE('',#9761);
#9761 = AXIS2_PLACEMENT_3D('',#9762,#9763,#9764);
#9762 = CARTESIAN_POINT('',(-1.35,2.27202,-1.51));
#9763 = DIRECTION('',(1.,-2.2E-16,-1.1E-16));
#9764 = DIRECTION('',(1.1E-16,-1.1E-16,1.));
#9765 = ADVANCED_FACE('',(#9766),#9772,.T.);
#9766 = FACE_BOUND('',#9767,.T.);
#9767 = EDGE_LOOP('',(#9768,#9769,#9770,#9771));
#9768 = ORIENTED_EDGE('',*,*,#9643,.T.);
#9769 = ORIENTED_EDGE('',*,*,#9674,.T.);
#9770 = ORIENTED_EDGE('',*,*,#9705,.T.);
#9771 = ORIENTED_EDGE('',*,*,#9736,.T.);
#9772 = PLANE('',#9773);
#9773 = AXIS2_PLACEMENT_3D('',#9774,#9775,#9776);
#9774 = CARTESIAN_POINT('',(-1.15,2.27202,-1.51));
#9775 = DIRECTION('',(1.,-2.2E-16,-1.1E-16));
#9776 = DIRECTION('',(1.1E-16,-1.1E-16,1.));
#9777 = MANIFOLD_SOLID_BREP('',#9778);
#9778 = CLOSED_SHELL('',(#9779,#9819,#9850,#9881,#9903,#9915));
#9779 = ADVANCED_FACE('',(#9780),#9814,.F.);
#9780 = FACE_BOUND('',#9781,.F.);
#9781 = EDGE_LOOP('',(#9782,#9792,#9800,#9808));
#9782 = ORIENTED_EDGE('',*,*,#9783,.T.);
#9783 = EDGE_CURVE('',#9784,#9786,#9788,.T.);
#9784 = VERTEX_POINT('',#9785);
#9785 = CARTESIAN_POINT('',(-1.85,1.80104,-1.43));
#9786 = VERTEX_POINT('',#9787);
#9787 = CARTESIAN_POINT('',(-1.65,1.80104,-1.43));
#9788 = LINE('',#9789,#9790);
#9789 = CARTESIAN_POINT('',(-1.85,1.80104,-1.43));
#9790 = VECTOR('',#9791,1.);
#9791 = DIRECTION('',(1.,-2.2E-16,1.1E-16));
#9792 = ORIENTED_EDGE('',*,*,#9793,.T.);
#9793 = EDGE_CURVE('',#9786,#9794,#9796,.T.);
#9794 = VERTEX_POINT('',#9795);
#9795 = CARTESIAN_POINT('',(-1.65,1.80104,-1.59));
#9796 = LINE('',#9797,#9798);
#9797 = CARTESIAN_POINT('',(-1.65,1.80104,-1.43));
#9798 = VECTOR('',#9799,1.);
#9799 = DIRECTION('',(3.3E-16,1.1E-16,-1.));
#9800 = ORIENTED_EDGE('',*,*,#9801,.F.);
#9801 = EDGE_CURVE('',#9802,#9794,#9804,.T.);
#9802 = VERTEX_POINT('',#9803);
#9803 = CARTESIAN_POINT('',(-1.85,1.80104,-1.59));
#9804 = LINE('',#9805,#9806);
#9805 = CARTESIAN_POINT('',(-1.85,1.80104,-1.59));
#9806 = VECTOR('',#9807,1.);
#9807 = DIRECTION('',(1.,-2.2E-16,1.1E-16));
#9808 = ORIENTED_EDGE('',*,*,#9809,.F.);
#9809 = EDGE_CURVE('',#9784,#9802,#9810,.T.);
#9810 = LINE('',#9811,#9812);
#9811 = CARTESIAN_POINT('',(-1.85,1.80104,-1.43));
#9812 = VECTOR('',#9813,1.);
#9813 = DIRECTION('',(3.3E-16,1.1E-16,-1.));
#9814 = PLANE('',#9815);
#9815 = AXIS2_PLACEMENT_3D('',#9816,#9817,#9818);
#9816 = CARTESIAN_POINT('',(-1.85,1.80104,-1.43));
#9817 = DIRECTION('',(2.2E-16,1.,-1.1E-16));
#9818 = DIRECTION('',(3.3E-16,-1.1E-16,-1.));
#9819 = ADVANCED_FACE('',(#9820),#9845,.F.);
#9820 = FACE_BOUND('',#9821,.F.);
#9821 = EDGE_LOOP('',(#9822,#9823,#9831,#9839));
#9822 = ORIENTED_EDGE('',*,*,#9801,.T.);
#9823 = ORIENTED_EDGE('',*,*,#9824,.T.);
#9824 = EDGE_CURVE('',#9794,#9825,#9827,.T.);
#9825 = VERTEX_POINT('',#9826);
#9826 = CARTESIAN_POINT('',(-1.65,2.743,-1.59));
#9827 = LINE('',#9828,#9829);
#9828 = CARTESIAN_POINT('',(-1.65,1.80104,-1.59));
#9829 = VECTOR('',#9830,1.);
#9830 = DIRECTION('',(-2.2E-16,1.,-3.3E-16));
#9831 = ORIENTED_EDGE('',*,*,#9832,.F.);
#9832 = EDGE_CURVE('',#9833,#9825,#9835,.T.);
#9833 = VERTEX_POINT('',#9834);
#9834 = CARTESIAN_POINT('',(-1.85,2.743,-1.59));
#9835 = LINE('',#9836,#9837);
#9836 = CARTESIAN_POINT('',(-1.85,2.743,-1.59));
#9837 = VECTOR('',#9838,1.);
#9838 = DIRECTION('',(1.,-2.2E-16,1.1E-16));
#9839 = ORIENTED_EDGE('',*,*,#9840,.F.);
#9840 = EDGE_CURVE('',#9802,#9833,#9841,.T.);
#9841 = LINE('',#9842,#9843);
#9842 = CARTESIAN_POINT('',(-1.85,1.80104,-1.59));
#9843 = VECTOR('',#9844,1.);
#9844 = DIRECTION('',(-2.2E-16,1.,-3.3E-16));
#9845 = PLANE('',#9846);
#9846 = AXIS2_PLACEMENT_3D('',#9847,#9848,#9849);
#9847 = CARTESIAN_POINT('',(-1.85,1.80104,-1.59));
#9848 = DIRECTION('',(-1.1E-16,3.3E-16,1.));
#9849 = DIRECTION('',(-1.29368257903E-48,1.,-3.3E-16));
#9850 = ADVANCED_FACE('',(#9851),#9876,.F.);
#9851 = FACE_BOUND('',#9852,.F.);
#9852 = EDGE_LOOP('',(#9853,#9854,#9862,#9870));
#9853 = ORIENTED_EDGE('',*,*,#9832,.T.);
#9854 = ORIENTED_EDGE('',*,*,#9855,.T.);
#9855 = EDGE_CURVE('',#9825,#9856,#9858,.T.);
#9856 = VERTEX_POINT('',#9857);
#9857 = CARTESIAN_POINT('',(-1.65,2.743,-1.43));
#9858 = LINE('',#9859,#9860);
#9859 = CARTESIAN_POINT('',(-1.65,2.743,-1.59));
#9860 = VECTOR('',#9861,1.);
#9861 = DIRECTION('',(-3.3E-16,-1.1E-16,1.));
#9862 = ORIENTED_EDGE('',*,*,#9863,.F.);
#9863 = EDGE_CURVE('',#9864,#9856,#9866,.T.);
#9864 = VERTEX_POINT('',#9865);
#9865 = CARTESIAN_POINT('',(-1.85,2.743,-1.43));
#9866 = LINE('',#9867,#9868);
#9867 = CARTESIAN_POINT('',(-1.85,2.743,-1.43));
#9868 = VECTOR('',#9869,1.);
#9869 = DIRECTION('',(1.,-2.2E-16,1.1E-16));
#9870 = ORIENTED_EDGE('',*,*,#9871,.F.);
#9871 = EDGE_CURVE('',#9833,#9864,#9872,.T.);
#9872 = LINE('',#9873,#9874);
#9873 = CARTESIAN_POINT('',(-1.85,2.743,-1.59));
#9874 = VECTOR('',#9875,1.);
#9875 = DIRECTION('',(-3.3E-16,-1.1E-16,1.));
#9876 = PLANE('',#9877);
#9877 = AXIS2_PLACEMENT_3D('',#9878,#9879,#9880);
#9878 = CARTESIAN_POINT('',(-1.85,2.743,-1.59));
#9879 = DIRECTION('',(-2.2E-16,-1.,1.1E-16));
#9880 = DIRECTION('',(-3.3E-16,1.1E-16,1.));
#9881 = ADVANCED_FACE('',(#9882),#9898,.F.);
#9882 = FACE_BOUND('',#9883,.F.);
#9883 = EDGE_LOOP('',(#9884,#9885,#9891,#9892));
#9884 = ORIENTED_EDGE('',*,*,#9863,.T.);
#9885 = ORIENTED_EDGE('',*,*,#9886,.T.);
#9886 = EDGE_CURVE('',#9856,#9786,#9887,.T.);
#9887 = LINE('',#9888,#9889);
#9888 = CARTESIAN_POINT('',(-1.65,2.743,-1.43));
#9889 = VECTOR('',#9890,1.);
#9890 = DIRECTION('',(2.2E-16,-1.,3.3E-16));
#9891 = ORIENTED_EDGE('',*,*,#9783,.F.);
#9892 = ORIENTED_EDGE('',*,*,#9893,.F.);
#9893 = EDGE_CURVE('',#9864,#9784,#9894,.T.);
#9894 = LINE('',#9895,#9896);
#9895 = CARTESIAN_POINT('',(-1.85,2.743,-1.43));
#9896 = VECTOR('',#9897,1.);
#9897 = DIRECTION('',(2.2E-16,-1.,3.3E-16));
#9898 = PLANE('',#9899);
#9899 = AXIS2_PLACEMENT_3D('',#9900,#9901,#9902);
#9900 = CARTESIAN_POINT('',(-1.85,2.743,-1.43));
#9901 = DIRECTION('',(1.1E-16,-3.3E-16,-1.));
#9902 = DIRECTION('',(1.29368257903E-48,-1.,3.3E-16));
#9903 = ADVANCED_FACE('',(#9904),#9910,.F.);
#9904 = FACE_BOUND('',#9905,.F.);
#9905 = EDGE_LOOP('',(#9906,#9907,#9908,#9909));
#9906 = ORIENTED_EDGE('',*,*,#9809,.T.);
#9907 = ORIENTED_EDGE('',*,*,#9840,.T.);
#9908 = ORIENTED_EDGE('',*,*,#9871,.T.);
#9909 = ORIENTED_EDGE('',*,*,#9893,.T.);
#9910 = PLANE('',#9911);
#9911 = AXIS2_PLACEMENT_3D('',#9912,#9913,#9914);
#9912 = CARTESIAN_POINT('',(-1.85,2.27202,-1.51));
#9913 = DIRECTION('',(1.,-2.2E-16,-1.1E-16));
#9914 = DIRECTION('',(1.1E-16,-1.1E-16,1.));
#9915 = ADVANCED_FACE('',(#9916),#9922,.T.);
#9916 = FACE_BOUND('',#9917,.T.);
#9917 = EDGE_LOOP('',(#9918,#9919,#9920,#9921));
#9918 = ORIENTED_EDGE('',*,*,#9793,.T.);
#9919 = ORIENTED_EDGE('',*,*,#9824,.T.);
#9920 = ORIENTED_EDGE('',*,*,#9855,.T.);
#9921 = ORIENTED_EDGE('',*,*,#9886,.T.);
#9922 = PLANE('',#9923);
#9923 = AXIS2_PLACEMENT_3D('',#9924,#9925,#9926);
#9924 = CARTESIAN_POINT('',(-1.65,2.27202,-1.51));
#9925 = DIRECTION('',(1.,-2.2E-16,-1.1E-16));
#9926 = DIRECTION('',(1.1E-16,-1.1E-16,1.));
#9927 = MANIFOLD_SOLID_BREP('',#9928);
#9928 = CLOSED_SHELL('',(#9929,#9969,#10000,#10031,#10053,#10065));
#9929 = ADVANCED_FACE('',(#9930),#9964,.F.);
#9930 = FACE_BOUND('',#9931,.F.);
#9931 = EDGE_LOOP('',(#9932,#9942,#9950,#9958));
#9932 = ORIENTED_EDGE('',*,*,#9933,.T.);
#9933 = EDGE_CURVE('',#9934,#9936,#9938,.T.);
#9934 = VERTEX_POINT('',#9935);
#9935 = CARTESIAN_POINT('',(-2.35,1.80104,-1.43));
#9936 = VERTEX_POINT('',#9937);
#9937 = CARTESIAN_POINT('',(-2.15,1.80104,-1.43));
#9938 = LINE('',#9939,#9940);
#9939 = CARTESIAN_POINT('',(-2.35,1.80104,-1.43));
#9940 = VECTOR('',#9941,1.);
#9941 = DIRECTION('',(1.,-2.2E-16,1.1E-16));
#9942 = ORIENTED_EDGE('',*,*,#9943,.T.);
#9943 = EDGE_CURVE('',#9936,#9944,#9946,.T.);
#9944 = VERTEX_POINT('',#9945);
#9945 = CARTESIAN_POINT('',(-2.15,1.80104,-1.59));
#9946 = LINE('',#9947,#9948);
#9947 = CARTESIAN_POINT('',(-2.15,1.80104,-1.43));
#9948 = VECTOR('',#9949,1.);
#9949 = DIRECTION('',(3.3E-16,1.1E-16,-1.));
#9950 = ORIENTED_EDGE('',*,*,#9951,.F.);
#9951 = EDGE_CURVE('',#9952,#9944,#9954,.T.);
#9952 = VERTEX_POINT('',#9953);
#9953 = CARTESIAN_POINT('',(-2.35,1.80104,-1.59));
#9954 = LINE('',#9955,#9956);
#9955 = CARTESIAN_POINT('',(-2.35,1.80104,-1.59));
#9956 = VECTOR('',#9957,1.);
#9957 = DIRECTION('',(1.,-2.2E-16,1.1E-16));
#9958 = ORIENTED_EDGE('',*,*,#9959,.F.);
#9959 = EDGE_CURVE('',#9934,#9952,#9960,.T.);
#9960 = LINE('',#9961,#9962);
#9961 = CARTESIAN_POINT('',(-2.35,1.80104,-1.43));
#9962 = VECTOR('',#9963,1.);
#9963 = DIRECTION('',(3.3E-16,1.1E-16,-1.));
#9964 = PLANE('',#9965);
#9965 = AXIS2_PLACEMENT_3D('',#9966,#9967,#9968);
#9966 = CARTESIAN_POINT('',(-2.35,1.80104,-1.43));
#9967 = DIRECTION('',(2.2E-16,1.,-1.1E-16));
#9968 = DIRECTION('',(3.3E-16,-1.1E-16,-1.));
#9969 = ADVANCED_FACE('',(#9970),#9995,.F.);
#9970 = FACE_BOUND('',#9971,.F.);
#9971 = EDGE_LOOP('',(#9972,#9973,#9981,#9989));
#9972 = ORIENTED_EDGE('',*,*,#9951,.T.);
#9973 = ORIENTED_EDGE('',*,*,#9974,.T.);
#9974 = EDGE_CURVE('',#9944,#9975,#9977,.T.);
#9975 = VERTEX_POINT('',#9976);
#9976 = CARTESIAN_POINT('',(-2.15,2.743,-1.59));
#9977 = LINE('',#9978,#9979);
#9978 = CARTESIAN_POINT('',(-2.15,1.80104,-1.59));
#9979 = VECTOR('',#9980,1.);
#9980 = DIRECTION('',(-2.2E-16,1.,-3.3E-16));
#9981 = ORIENTED_EDGE('',*,*,#9982,.F.);
#9982 = EDGE_CURVE('',#9983,#9975,#9985,.T.);
#9983 = VERTEX_POINT('',#9984);
#9984 = CARTESIAN_POINT('',(-2.35,2.743,-1.59));
#9985 = LINE('',#9986,#9987);
#9986 = CARTESIAN_POINT('',(-2.35,2.743,-1.59));
#9987 = VECTOR('',#9988,1.);
#9988 = DIRECTION('',(1.,-2.2E-16,1.1E-16));
#9989 = ORIENTED_EDGE('',*,*,#9990,.F.);
#9990 = EDGE_CURVE('',#9952,#9983,#9991,.T.);
#9991 = LINE('',#9992,#9993);
#9992 = CARTESIAN_POINT('',(-2.35,1.80104,-1.59));
#9993 = VECTOR('',#9994,1.);
#9994 = DIRECTION('',(-2.2E-16,1.,-3.3E-16));
#9995 = PLANE('',#9996);
#9996 = AXIS2_PLACEMENT_3D('',#9997,#9998,#9999);
#9997 = CARTESIAN_POINT('',(-2.35,1.80104,-1.59));
#9998 = DIRECTION('',(-1.1E-16,3.3E-16,1.));
#9999 = DIRECTION('',(-1.29368257903E-48,1.,-3.3E-16));
#10000 = ADVANCED_FACE('',(#10001),#10026,.F.);
#10001 = FACE_BOUND('',#10002,.F.);
#10002 = EDGE_LOOP('',(#10003,#10004,#10012,#10020));
#10003 = ORIENTED_EDGE('',*,*,#9982,.T.);
#10004 = ORIENTED_EDGE('',*,*,#10005,.T.);
#10005 = EDGE_CURVE('',#9975,#10006,#10008,.T.);
#10006 = VERTEX_POINT('',#10007);
#10007 = CARTESIAN_POINT('',(-2.15,2.743,-1.43));
#10008 = LINE('',#10009,#10010);
#10009 = CARTESIAN_POINT('',(-2.15,2.743,-1.59));
#10010 = VECTOR('',#10011,1.);
#10011 = DIRECTION('',(-3.3E-16,-1.1E-16,1.));
#10012 = ORIENTED_EDGE('',*,*,#10013,.F.);
#10013 = EDGE_CURVE('',#10014,#10006,#10016,.T.);
#10014 = VERTEX_POINT('',#10015);
#10015 = CARTESIAN_POINT('',(-2.35,2.743,-1.43));
#10016 = LINE('',#10017,#10018);
#10017 = CARTESIAN_POINT('',(-2.35,2.743,-1.43));
#10018 = VECTOR('',#10019,1.);
#10019 = DIRECTION('',(1.,-2.2E-16,1.1E-16));
#10020 = ORIENTED_EDGE('',*,*,#10021,.F.);
#10021 = EDGE_CURVE('',#9983,#10014,#10022,.T.);
#10022 = LINE('',#10023,#10024);
#10023 = CARTESIAN_POINT('',(-2.35,2.743,-1.59));
#10024 = VECTOR('',#10025,1.);
#10025 = DIRECTION('',(-3.3E-16,-1.1E-16,1.));
#10026 = PLANE('',#10027);
#10027 = AXIS2_PLACEMENT_3D('',#10028,#10029,#10030);
#10028 = CARTESIAN_POINT('',(-2.35,2.743,-1.59));
#10029 = DIRECTION('',(-2.2E-16,-1.,1.1E-16));
#10030 = DIRECTION('',(-3.3E-16,1.1E-16,1.));
#10031 = ADVANCED_FACE('',(#10032),#10048,.F.);
#10032 = FACE_BOUND('',#10033,.F.);
#10033 = EDGE_LOOP('',(#10034,#10035,#10041,#10042));
#10034 = ORIENTED_EDGE('',*,*,#10013,.T.);
#10035 = ORIENTED_EDGE('',*,*,#10036,.T.);
#10036 = EDGE_CURVE('',#10006,#9936,#10037,.T.);
#10037 = LINE('',#10038,#10039);
#10038 = CARTESIAN_POINT('',(-2.15,2.743,-1.43));
#10039 = VECTOR('',#10040,1.);
#10040 = DIRECTION('',(2.2E-16,-1.,3.3E-16));
#10041 = ORIENTED_EDGE('',*,*,#9933,.F.);
#10042 = ORIENTED_EDGE('',*,*,#10043,.F.);
#10043 = EDGE_CURVE('',#10014,#9934,#10044,.T.);
#10044 = LINE('',#10045,#10046);
#10045 = CARTESIAN_POINT('',(-2.35,2.743,-1.43));
#10046 = VECTOR('',#10047,1.);
#10047 = DIRECTION('',(2.2E-16,-1.,3.3E-16));
#10048 = PLANE('',#10049);
#10049 = AXIS2_PLACEMENT_3D('',#10050,#10051,#10052);
#10050 = CARTESIAN_POINT('',(-2.35,2.743,-1.43));
#10051 = DIRECTION('',(1.1E-16,-3.3E-16,-1.));
#10052 = DIRECTION('',(1.29368257903E-48,-1.,3.3E-16));
#10053 = ADVANCED_FACE('',(#10054),#10060,.F.);
#10054 = FACE_BOUND('',#10055,.F.);
#10055 = EDGE_LOOP('',(#10056,#10057,#10058,#10059));
#10056 = ORIENTED_EDGE('',*,*,#9959,.T.);
#10057 = ORIENTED_EDGE('',*,*,#9990,.T.);
#10058 = ORIENTED_EDGE('',*,*,#10021,.T.);
#10059 = ORIENTED_EDGE('',*,*,#10043,.T.);
#10060 = PLANE('',#10061);
#10061 = AXIS2_PLACEMENT_3D('',#10062,#10063,#10064);
#10062 = CARTESIAN_POINT('',(-2.35,2.27202,-1.51));
#10063 = DIRECTION('',(1.,-2.2E-16,-1.1E-16));
#10064 = DIRECTION('',(1.1E-16,-1.1E-16,1.));
#10065 = ADVANCED_FACE('',(#10066),#10072,.T.);
#10066 = FACE_BOUND('',#10067,.T.);
#10067 = EDGE_LOOP('',(#10068,#10069,#10070,#10071));
#10068 = ORIENTED_EDGE('',*,*,#9943,.T.);
#10069 = ORIENTED_EDGE('',*,*,#9974,.T.);
#10070 = ORIENTED_EDGE('',*,*,#10005,.T.);
#10071 = ORIENTED_EDGE('',*,*,#10036,.T.);
#10072 = PLANE('',#10073);
#10073 = AXIS2_PLACEMENT_3D('',#10074,#10075,#10076);
#10074 = CARTESIAN_POINT('',(-2.15,2.27202,-1.51));
#10075 = DIRECTION('',(1.,-2.2E-16,-1.1E-16));
#10076 = DIRECTION('',(1.1E-16,-1.1E-16,1.));
#10077 = MANIFOLD_SOLID_BREP('',#10078);
#10078 = CLOSED_SHELL('',(#10079,#10119,#10150,#10181,#10203,#10215));
#10079 = ADVANCED_FACE('',(#10080),#10114,.F.);
#10080 = FACE_BOUND('',#10081,.F.);
#10081 = EDGE_LOOP('',(#10082,#10092,#10100,#10108));
#10082 = ORIENTED_EDGE('',*,*,#10083,.T.);
#10083 = EDGE_CURVE('',#10084,#10086,#10088,.T.);
#10084 = VERTEX_POINT('',#10085);
#10085 = CARTESIAN_POINT('',(-2.6,1.80104,-1.43));
#10086 = VERTEX_POINT('',#10087);
#10087 = CARTESIAN_POINT('',(-2.4,1.80104,-1.43));
#10088 = LINE('',#10089,#10090);
#10089 = CARTESIAN_POINT('',(-2.6,1.80104,-1.43));
#10090 = VECTOR('',#10091,1.);
#10091 = DIRECTION('',(1.,-2.2E-16,1.1E-16));
#10092 = ORIENTED_EDGE('',*,*,#10093,.T.);
#10093 = EDGE_CURVE('',#10086,#10094,#10096,.T.);
#10094 = VERTEX_POINT('',#10095);
#10095 = CARTESIAN_POINT('',(-2.4,1.80104,-1.59));
#10096 = LINE('',#10097,#10098);
#10097 = CARTESIAN_POINT('',(-2.4,1.80104,-1.43));
#10098 = VECTOR('',#10099,1.);
#10099 = DIRECTION('',(3.3E-16,1.1E-16,-1.));
#10100 = ORIENTED_EDGE('',*,*,#10101,.F.);
#10101 = EDGE_CURVE('',#10102,#10094,#10104,.T.);
#10102 = VERTEX_POINT('',#10103);
#10103 = CARTESIAN_POINT('',(-2.6,1.80104,-1.59));
#10104 = LINE('',#10105,#10106);
#10105 = CARTESIAN_POINT('',(-2.6,1.80104,-1.59));
#10106 = VECTOR('',#10107,1.);
#10107 = DIRECTION('',(1.,-2.2E-16,1.1E-16));
#10108 = ORIENTED_EDGE('',*,*,#10109,.F.);
#10109 = EDGE_CURVE('',#10084,#10102,#10110,.T.);
#10110 = LINE('',#10111,#10112);
#10111 = CARTESIAN_POINT('',(-2.6,1.80104,-1.43));
#10112 = VECTOR('',#10113,1.);
#10113 = DIRECTION('',(3.3E-16,1.1E-16,-1.));
#10114 = PLANE('',#10115);
#10115 = AXIS2_PLACEMENT_3D('',#10116,#10117,#10118);
#10116 = CARTESIAN_POINT('',(-2.6,1.80104,-1.43));
#10117 = DIRECTION('',(2.2E-16,1.,-1.1E-16));
#10118 = DIRECTION('',(3.3E-16,-1.1E-16,-1.));
#10119 = ADVANCED_FACE('',(#10120),#10145,.F.);
#10120 = FACE_BOUND('',#10121,.F.);
#10121 = EDGE_LOOP('',(#10122,#10123,#10131,#10139));
#10122 = ORIENTED_EDGE('',*,*,#10101,.T.);
#10123 = ORIENTED_EDGE('',*,*,#10124,.T.);
#10124 = EDGE_CURVE('',#10094,#10125,#10127,.T.);
#10125 = VERTEX_POINT('',#10126);
#10126 = CARTESIAN_POINT('',(-2.4,2.743,-1.59));
#10127 = LINE('',#10128,#10129);
#10128 = CARTESIAN_POINT('',(-2.4,1.80104,-1.59));
#10129 = VECTOR('',#10130,1.);
#10130 = DIRECTION('',(-2.2E-16,1.,-3.3E-16));
#10131 = ORIENTED_EDGE('',*,*,#10132,.F.);
#10132 = EDGE_CURVE('',#10133,#10125,#10135,.T.);
#10133 = VERTEX_POINT('',#10134);
#10134 = CARTESIAN_POINT('',(-2.6,2.743,-1.59));
#10135 = LINE('',#10136,#10137);
#10136 = CARTESIAN_POINT('',(-2.6,2.743,-1.59));
#10137 = VECTOR('',#10138,1.);
#10138 = DIRECTION('',(1.,-2.2E-16,1.1E-16));
#10139 = ORIENTED_EDGE('',*,*,#10140,.F.);
#10140 = EDGE_CURVE('',#10102,#10133,#10141,.T.);
#10141 = LINE('',#10142,#10143);
#10142 = CARTESIAN_POINT('',(-2.6,1.80104,-1.59));
#10143 = VECTOR('',#10144,1.);
#10144 = DIRECTION('',(-2.2E-16,1.,-3.3E-16));
#10145 = PLANE('',#10146);
#10146 = AXIS2_PLACEMENT_3D('',#10147,#10148,#10149);
#10147 = CARTESIAN_POINT('',(-2.6,1.80104,-1.59));
#10148 = DIRECTION('',(-1.1E-16,3.3E-16,1.));
#10149 = DIRECTION('',(-1.29368257903E-48,1.,-3.3E-16));
#10150 = ADVANCED_FACE('',(#10151),#10176,.F.);
#10151 = FACE_BOUND('',#10152,.F.);
#10152 = EDGE_LOOP('',(#10153,#10154,#10162,#10170));
#10153 = ORIENTED_EDGE('',*,*,#10132,.T.);
#10154 = ORIENTED_EDGE('',*,*,#10155,.T.);
#10155 = EDGE_CURVE('',#10125,#10156,#10158,.T.);
#10156 = VERTEX_POINT('',#10157);
#10157 = CARTESIAN_POINT('',(-2.4,2.743,-1.43));
#10158 = LINE('',#10159,#10160);
#10159 = CARTESIAN_POINT('',(-2.4,2.743,-1.59));
#10160 = VECTOR('',#10161,1.);
#10161 = DIRECTION('',(-3.3E-16,-1.1E-16,1.));
#10162 = ORIENTED_EDGE('',*,*,#10163,.F.);
#10163 = EDGE_CURVE('',#10164,#10156,#10166,.T.);
#10164 = VERTEX_POINT('',#10165);
#10165 = CARTESIAN_POINT('',(-2.6,2.743,-1.43));
#10166 = LINE('',#10167,#10168);
#10167 = CARTESIAN_POINT('',(-2.6,2.743,-1.43));
#10168 = VECTOR('',#10169,1.);
#10169 = DIRECTION('',(1.,-2.2E-16,1.1E-16));
#10170 = ORIENTED_EDGE('',*,*,#10171,.F.);
#10171 = EDGE_CURVE('',#10133,#10164,#10172,.T.);
#10172 = LINE('',#10173,#10174);
#10173 = CARTESIAN_POINT('',(-2.6,2.743,-1.59));
#10174 = VECTOR('',#10175,1.);
#10175 = DIRECTION('',(-3.3E-16,-1.1E-16,1.));
#10176 = PLANE('',#10177);
#10177 = AXIS2_PLACEMENT_3D('',#10178,#10179,#10180);
#10178 = CARTESIAN_POINT('',(-2.6,2.743,-1.59));
#10179 = DIRECTION('',(-2.2E-16,-1.,1.1E-16));
#10180 = DIRECTION('',(-3.3E-16,1.1E-16,1.));
#10181 = ADVANCED_FACE('',(#10182),#10198,.F.);
#10182 = FACE_BOUND('',#10183,.F.);
#10183 = EDGE_LOOP('',(#10184,#10185,#10191,#10192));
#10184 = ORIENTED_EDGE('',*,*,#10163,.T.);
#10185 = ORIENTED_EDGE('',*,*,#10186,.T.);
#10186 = EDGE_CURVE('',#10156,#10086,#10187,.T.);
#10187 = LINE('',#10188,#10189);
#10188 = CARTESIAN_POINT('',(-2.4,2.743,-1.43));
#10189 = VECTOR('',#10190,1.);
#10190 = DIRECTION('',(2.2E-16,-1.,3.3E-16));
#10191 = ORIENTED_EDGE('',*,*,#10083,.F.);
#10192 = ORIENTED_EDGE('',*,*,#10193,.F.);
#10193 = EDGE_CURVE('',#10164,#10084,#10194,.T.);
#10194 = LINE('',#10195,#10196);
#10195 = CARTESIAN_POINT('',(-2.6,2.743,-1.43));
#10196 = VECTOR('',#10197,1.);
#10197 = DIRECTION('',(2.2E-16,-1.,3.3E-16));
#10198 = PLANE('',#10199);
#10199 = AXIS2_PLACEMENT_3D('',#10200,#10201,#10202);
#10200 = CARTESIAN_POINT('',(-2.6,2.743,-1.43));
#10201 = DIRECTION('',(1.1E-16,-3.3E-16,-1.));
#10202 = DIRECTION('',(1.29368257903E-48,-1.,3.3E-16));
#10203 = ADVANCED_FACE('',(#10204),#10210,.F.);
#10204 = FACE_BOUND('',#10205,.F.);
#10205 = EDGE_LOOP('',(#10206,#10207,#10208,#10209));
#10206 = ORIENTED_EDGE('',*,*,#10109,.T.);
#10207 = ORIENTED_EDGE('',*,*,#10140,.T.);
#10208 = ORIENTED_EDGE('',*,*,#10171,.T.);
#10209 = ORIENTED_EDGE('',*,*,#10193,.T.);
#10210 = PLANE('',#10211);
#10211 = AXIS2_PLACEMENT_3D('',#10212,#10213,#10214);
#10212 = CARTESIAN_POINT('',(-2.6,2.27202,-1.51));
#10213 = DIRECTION('',(1.,-2.2E-16,-1.1E-16));
#10214 = DIRECTION('',(1.1E-16,-1.1E-16,1.));
#10215 = ADVANCED_FACE('',(#10216),#10222,.T.);
#10216 = FACE_BOUND('',#10217,.T.);
#10217 = EDGE_LOOP('',(#10218,#10219,#10220,#10221));
#10218 = ORIENTED_EDGE('',*,*,#10093,.T.);
#10219 = ORIENTED_EDGE('',*,*,#10124,.T.);
#10220 = ORIENTED_EDGE('',*,*,#10155,.T.);
#10221 = ORIENTED_EDGE('',*,*,#10186,.T.);
#10222 = PLANE('',#10223);
#10223 = AXIS2_PLACEMENT_3D('',#10224,#10225,#10226);
#10224 = CARTESIAN_POINT('',(-2.4,2.27202,-1.51));
#10225 = DIRECTION('',(1.,-2.2E-16,-1.1E-16));
#10226 = DIRECTION('',(1.1E-16,-1.1E-16,1.));
#10227 = MANIFOLD_SOLID_BREP('',#10228);
#10228 = CLOSED_SHELL('',(#10229,#10269,#10300,#10331,#10353,#10365));
#10229 = ADVANCED_FACE('',(#10230),#10264,.F.);
#10230 = FACE_BOUND('',#10231,.F.);
#10231 = EDGE_LOOP('',(#10232,#10242,#10250,#10258));
#10232 = ORIENTED_EDGE('',*,*,#10233,.T.);
#10233 = EDGE_CURVE('',#10234,#10236,#10238,.T.);
#10234 = VERTEX_POINT('',#10235);
#10235 = CARTESIAN_POINT('',(-3.1,1.80104,-1.43));
#10236 = VERTEX_POINT('',#10237);
#10237 = CARTESIAN_POINT('',(-2.9,1.80104,-1.43));
#10238 = LINE('',#10239,#10240);
#10239 = CARTESIAN_POINT('',(-3.1,1.80104,-1.43));
#10240 = VECTOR('',#10241,1.);
#10241 = DIRECTION('',(1.,-2.2E-16,1.1E-16));
#10242 = ORIENTED_EDGE('',*,*,#10243,.T.);
#10243 = EDGE_CURVE('',#10236,#10244,#10246,.T.);
#10244 = VERTEX_POINT('',#10245);
#10245 = CARTESIAN_POINT('',(-2.9,1.80104,-1.59));
#10246 = LINE('',#10247,#10248);
#10247 = CARTESIAN_POINT('',(-2.9,1.80104,-1.43));
#10248 = VECTOR('',#10249,1.);
#10249 = DIRECTION('',(3.3E-16,1.1E-16,-1.));
#10250 = ORIENTED_EDGE('',*,*,#10251,.F.);
#10251 = EDGE_CURVE('',#10252,#10244,#10254,.T.);
#10252 = VERTEX_POINT('',#10253);
#10253 = CARTESIAN_POINT('',(-3.1,1.80104,-1.59));
#10254 = LINE('',#10255,#10256);
#10255 = CARTESIAN_POINT('',(-3.1,1.80104,-1.59));
#10256 = VECTOR('',#10257,1.);
#10257 = DIRECTION('',(1.,-2.2E-16,1.1E-16));
#10258 = ORIENTED_EDGE('',*,*,#10259,.F.);
#10259 = EDGE_CURVE('',#10234,#10252,#10260,.T.);
#10260 = LINE('',#10261,#10262);
#10261 = CARTESIAN_POINT('',(-3.1,1.80104,-1.43));
#10262 = VECTOR('',#10263,1.);
#10263 = DIRECTION('',(3.3E-16,1.1E-16,-1.));
#10264 = PLANE('',#10265);
#10265 = AXIS2_PLACEMENT_3D('',#10266,#10267,#10268);
#10266 = CARTESIAN_POINT('',(-3.1,1.80104,-1.43));
#10267 = DIRECTION('',(2.2E-16,1.,-1.1E-16));
#10268 = DIRECTION('',(3.3E-16,-1.1E-16,-1.));
#10269 = ADVANCED_FACE('',(#10270),#10295,.F.);
#10270 = FACE_BOUND('',#10271,.F.);
#10271 = EDGE_LOOP('',(#10272,#10273,#10281,#10289));
#10272 = ORIENTED_EDGE('',*,*,#10251,.T.);
#10273 = ORIENTED_EDGE('',*,*,#10274,.T.);
#10274 = EDGE_CURVE('',#10244,#10275,#10277,.T.);
#10275 = VERTEX_POINT('',#10276);
#10276 = CARTESIAN_POINT('',(-2.9,2.743,-1.59));
#10277 = LINE('',#10278,#10279);
#10278 = CARTESIAN_POINT('',(-2.9,1.80104,-1.59));
#10279 = VECTOR('',#10280,1.);
#10280 = DIRECTION('',(-2.2E-16,1.,-3.3E-16));
#10281 = ORIENTED_EDGE('',*,*,#10282,.F.);
#10282 = EDGE_CURVE('',#10283,#10275,#10285,.T.);
#10283 = VERTEX_POINT('',#10284);
#10284 = CARTESIAN_POINT('',(-3.1,2.743,-1.59));
#10285 = LINE('',#10286,#10287);
#10286 = CARTESIAN_POINT('',(-3.1,2.743,-1.59));
#10287 = VECTOR('',#10288,1.);
#10288 = DIRECTION('',(1.,-2.2E-16,1.1E-16));
#10289 = ORIENTED_EDGE('',*,*,#10290,.F.);
#10290 = EDGE_CURVE('',#10252,#10283,#10291,.T.);
#10291 = LINE('',#10292,#10293);
#10292 = CARTESIAN_POINT('',(-3.1,1.80104,-1.59));
#10293 = VECTOR('',#10294,1.);
#10294 = DIRECTION('',(-2.2E-16,1.,-3.3E-16));
#10295 = PLANE('',#10296);
#10296 = AXIS2_PLACEMENT_3D('',#10297,#10298,#10299);
#10297 = CARTESIAN_POINT('',(-3.1,1.80104,-1.59));
#10298 = DIRECTION('',(-1.1E-16,3.3E-16,1.));
#10299 = DIRECTION('',(-1.29368257903E-48,1.,-3.3E-16));
#10300 = ADVANCED_FACE('',(#10301),#10326,.F.);
#10301 = FACE_BOUND('',#10302,.F.);
#10302 = EDGE_LOOP('',(#10303,#10304,#10312,#10320));
#10303 = ORIENTED_EDGE('',*,*,#10282,.T.);
#10304 = ORIENTED_EDGE('',*,*,#10305,.T.);
#10305 = EDGE_CURVE('',#10275,#10306,#10308,.T.);
#10306 = VERTEX_POINT('',#10307);
#10307 = CARTESIAN_POINT('',(-2.9,2.743,-1.43));
#10308 = LINE('',#10309,#10310);
#10309 = CARTESIAN_POINT('',(-2.9,2.743,-1.59));
#10310 = VECTOR('',#10311,1.);
#10311 = DIRECTION('',(-3.3E-16,-1.1E-16,1.));
#10312 = ORIENTED_EDGE('',*,*,#10313,.F.);
#10313 = EDGE_CURVE('',#10314,#10306,#10316,.T.);
#10314 = VERTEX_POINT('',#10315);
#10315 = CARTESIAN_POINT('',(-3.1,2.743,-1.43));
#10316 = LINE('',#10317,#10318);
#10317 = CARTESIAN_POINT('',(-3.1,2.743,-1.43));
#10318 = VECTOR('',#10319,1.);
#10319 = DIRECTION('',(1.,-2.2E-16,1.1E-16));
#10320 = ORIENTED_EDGE('',*,*,#10321,.F.);
#10321 = EDGE_CURVE('',#10283,#10314,#10322,.T.);
#10322 = LINE('',#10323,#10324);
#10323 = CARTESIAN_POINT('',(-3.1,2.743,-1.59));
#10324 = VECTOR('',#10325,1.);
#10325 = DIRECTION('',(-3.3E-16,-1.1E-16,1.));
#10326 = PLANE('',#10327);
#10327 = AXIS2_PLACEMENT_3D('',#10328,#10329,#10330);
#10328 = CARTESIAN_POINT('',(-3.1,2.743,-1.59));
#10329 = DIRECTION('',(-2.2E-16,-1.,1.1E-16));
#10330 = DIRECTION('',(-3.3E-16,1.1E-16,1.));
#10331 = ADVANCED_FACE('',(#10332),#10348,.F.);
#10332 = FACE_BOUND('',#10333,.F.);
#10333 = EDGE_LOOP('',(#10334,#10335,#10341,#10342));
#10334 = ORIENTED_EDGE('',*,*,#10313,.T.);
#10335 = ORIENTED_EDGE('',*,*,#10336,.T.);
#10336 = EDGE_CURVE('',#10306,#10236,#10337,.T.);
#10337 = LINE('',#10338,#10339);
#10338 = CARTESIAN_POINT('',(-2.9,2.743,-1.43));
#10339 = VECTOR('',#10340,1.);
#10340 = DIRECTION('',(2.2E-16,-1.,3.3E-16));
#10341 = ORIENTED_EDGE('',*,*,#10233,.F.);
#10342 = ORIENTED_EDGE('',*,*,#10343,.F.);
#10343 = EDGE_CURVE('',#10314,#10234,#10344,.T.);
#10344 = LINE('',#10345,#10346);
#10345 = CARTESIAN_POINT('',(-3.1,2.743,-1.43));
#10346 = VECTOR('',#10347,1.);
#10347 = DIRECTION('',(2.2E-16,-1.,3.3E-16));
#10348 = PLANE('',#10349);
#10349 = AXIS2_PLACEMENT_3D('',#10350,#10351,#10352);
#10350 = CARTESIAN_POINT('',(-3.1,2.743,-1.43));
#10351 = DIRECTION('',(1.1E-16,-3.3E-16,-1.));
#10352 = DIRECTION('',(1.29368257903E-48,-1.,3.3E-16));
#10353 = ADVANCED_FACE('',(#10354),#10360,.F.);
#10354 = FACE_BOUND('',#10355,.F.);
#10355 = EDGE_LOOP('',(#10356,#10357,#10358,#10359));
#10356 = ORIENTED_EDGE('',*,*,#10259,.T.);
#10357 = ORIENTED_EDGE('',*,*,#10290,.T.);
#10358 = ORIENTED_EDGE('',*,*,#10321,.T.);
#10359 = ORIENTED_EDGE('',*,*,#10343,.T.);
#10360 = PLANE('',#10361);
#10361 = AXIS2_PLACEMENT_3D('',#10362,#10363,#10364);
#10362 = CARTESIAN_POINT('',(-3.1,2.27202,-1.51));
#10363 = DIRECTION('',(1.,-2.2E-16,-1.1E-16));
#10364 = DIRECTION('',(1.1E-16,-1.1E-16,1.));
#10365 = ADVANCED_FACE('',(#10366),#10372,.T.);
#10366 = FACE_BOUND('',#10367,.T.);
#10367 = EDGE_LOOP('',(#10368,#10369,#10370,#10371));
#10368 = ORIENTED_EDGE('',*,*,#10243,.T.);
#10369 = ORIENTED_EDGE('',*,*,#10274,.T.);
#10370 = ORIENTED_EDGE('',*,*,#10305,.T.);
#10371 = ORIENTED_EDGE('',*,*,#10336,.T.);
#10372 = PLANE('',#10373);
#10373 = AXIS2_PLACEMENT_3D('',#10374,#10375,#10376);
#10374 = CARTESIAN_POINT('',(-2.9,2.27202,-1.51));
#10375 = DIRECTION('',(1.,-2.2E-16,-1.1E-16));
#10376 = DIRECTION('',(1.1E-16,-1.1E-16,1.));
#10377 = MANIFOLD_SOLID_BREP('',#10378);
#10378 = CLOSED_SHELL('',(#10379,#10419,#10450,#10481,#10503,#10515));
#10379 = ADVANCED_FACE('',(#10380),#10414,.F.);
#10380 = FACE_BOUND('',#10381,.F.);
#10381 = EDGE_LOOP('',(#10382,#10392,#10400,#10408));
#10382 = ORIENTED_EDGE('',*,*,#10383,.T.);
#10383 = EDGE_CURVE('',#10384,#10386,#10388,.T.);
#10384 = VERTEX_POINT('',#10385);
#10385 = CARTESIAN_POINT('',(-3.35,1.80104,-1.43));
#10386 = VERTEX_POINT('',#10387);
#10387 = CARTESIAN_POINT('',(-3.15,1.80104,-1.43));
#10388 = LINE('',#10389,#10390);
#10389 = CARTESIAN_POINT('',(-3.35,1.80104,-1.43));
#10390 = VECTOR('',#10391,1.);
#10391 = DIRECTION('',(1.,-2.2E-16,1.1E-16));
#10392 = ORIENTED_EDGE('',*,*,#10393,.T.);
#10393 = EDGE_CURVE('',#10386,#10394,#10396,.T.);
#10394 = VERTEX_POINT('',#10395);
#10395 = CARTESIAN_POINT('',(-3.15,1.80104,-1.59));
#10396 = LINE('',#10397,#10398);
#10397 = CARTESIAN_POINT('',(-3.15,1.80104,-1.43));
#10398 = VECTOR('',#10399,1.);
#10399 = DIRECTION('',(3.3E-16,1.1E-16,-1.));
#10400 = ORIENTED_EDGE('',*,*,#10401,.F.);
#10401 = EDGE_CURVE('',#10402,#10394,#10404,.T.);
#10402 = VERTEX_POINT('',#10403);
#10403 = CARTESIAN_POINT('',(-3.35,1.80104,-1.59));
#10404 = LINE('',#10405,#10406);
#10405 = CARTESIAN_POINT('',(-3.35,1.80104,-1.59));
#10406 = VECTOR('',#10407,1.);
#10407 = DIRECTION('',(1.,-2.2E-16,1.1E-16));
#10408 = ORIENTED_EDGE('',*,*,#10409,.F.);
#10409 = EDGE_CURVE('',#10384,#10402,#10410,.T.);
#10410 = LINE('',#10411,#10412);
#10411 = CARTESIAN_POINT('',(-3.35,1.80104,-1.43));
#10412 = VECTOR('',#10413,1.);
#10413 = DIRECTION('',(3.3E-16,1.1E-16,-1.));
#10414 = PLANE('',#10415);
#10415 = AXIS2_PLACEMENT_3D('',#10416,#10417,#10418);
#10416 = CARTESIAN_POINT('',(-3.35,1.80104,-1.43));
#10417 = DIRECTION('',(2.2E-16,1.,-1.1E-16));
#10418 = DIRECTION('',(3.3E-16,-1.1E-16,-1.));
#10419 = ADVANCED_FACE('',(#10420),#10445,.F.);
#10420 = FACE_BOUND('',#10421,.F.);
#10421 = EDGE_LOOP('',(#10422,#10423,#10431,#10439));
#10422 = ORIENTED_EDGE('',*,*,#10401,.T.);
#10423 = ORIENTED_EDGE('',*,*,#10424,.T.);
#10424 = EDGE_CURVE('',#10394,#10425,#10427,.T.);
#10425 = VERTEX_POINT('',#10426);
#10426 = CARTESIAN_POINT('',(-3.15,2.743,-1.59));
#10427 = LINE('',#10428,#10429);
#10428 = CARTESIAN_POINT('',(-3.15,1.80104,-1.59));
#10429 = VECTOR('',#10430,1.);
#10430 = DIRECTION('',(-2.2E-16,1.,-3.3E-16));
#10431 = ORIENTED_EDGE('',*,*,#10432,.F.);
#10432 = EDGE_CURVE('',#10433,#10425,#10435,.T.);
#10433 = VERTEX_POINT('',#10434);
#10434 = CARTESIAN_POINT('',(-3.35,2.743,-1.59));
#10435 = LINE('',#10436,#10437);
#10436 = CARTESIAN_POINT('',(-3.35,2.743,-1.59));
#10437 = VECTOR('',#10438,1.);
#10438 = DIRECTION('',(1.,-2.2E-16,1.1E-16));
#10439 = ORIENTED_EDGE('',*,*,#10440,.F.);
#10440 = EDGE_CURVE('',#10402,#10433,#10441,.T.);
#10441 = LINE('',#10442,#10443);
#10442 = CARTESIAN_POINT('',(-3.35,1.80104,-1.59));
#10443 = VECTOR('',#10444,1.);
#10444 = DIRECTION('',(-2.2E-16,1.,-3.3E-16));
#10445 = PLANE('',#10446);
#10446 = AXIS2_PLACEMENT_3D('',#10447,#10448,#10449);
#10447 = CARTESIAN_POINT('',(-3.35,1.80104,-1.59));
#10448 = DIRECTION('',(-1.1E-16,3.3E-16,1.));
#10449 = DIRECTION('',(-1.29368257903E-48,1.,-3.3E-16));
#10450 = ADVANCED_FACE('',(#10451),#10476,.F.);
#10451 = FACE_BOUND('',#10452,.F.);
#10452 = EDGE_LOOP('',(#10453,#10454,#10462,#10470));
#10453 = ORIENTED_EDGE('',*,*,#10432,.T.);
#10454 = ORIENTED_EDGE('',*,*,#10455,.T.);
#10455 = EDGE_CURVE('',#10425,#10456,#10458,.T.);
#10456 = VERTEX_POINT('',#10457);
#10457 = CARTESIAN_POINT('',(-3.15,2.743,-1.43));
#10458 = LINE('',#10459,#10460);
#10459 = CARTESIAN_POINT('',(-3.15,2.743,-1.59));
#10460 = VECTOR('',#10461,1.);
#10461 = DIRECTION('',(-3.3E-16,-1.1E-16,1.));
#10462 = ORIENTED_EDGE('',*,*,#10463,.F.);
#10463 = EDGE_CURVE('',#10464,#10456,#10466,.T.);
#10464 = VERTEX_POINT('',#10465);
#10465 = CARTESIAN_POINT('',(-3.35,2.743,-1.43));
#10466 = LINE('',#10467,#10468);
#10467 = CARTESIAN_POINT('',(-3.35,2.743,-1.43));
#10468 = VECTOR('',#10469,1.);
#10469 = DIRECTION('',(1.,-2.2E-16,1.1E-16));
#10470 = ORIENTED_EDGE('',*,*,#10471,.F.);
#10471 = EDGE_CURVE('',#10433,#10464,#10472,.T.);
#10472 = LINE('',#10473,#10474);
#10473 = CARTESIAN_POINT('',(-3.35,2.743,-1.59));
#10474 = VECTOR('',#10475,1.);
#10475 = DIRECTION('',(-3.3E-16,-1.1E-16,1.));
#10476 = PLANE('',#10477);
#10477 = AXIS2_PLACEMENT_3D('',#10478,#10479,#10480);
#10478 = CARTESIAN_POINT('',(-3.35,2.743,-1.59));
#10479 = DIRECTION('',(-2.2E-16,-1.,1.1E-16));
#10480 = DIRECTION('',(-3.3E-16,1.1E-16,1.));
#10481 = ADVANCED_FACE('',(#10482),#10498,.F.);
#10482 = FACE_BOUND('',#10483,.F.);
#10483 = EDGE_LOOP('',(#10484,#10485,#10491,#10492));
#10484 = ORIENTED_EDGE('',*,*,#10463,.T.);
#10485 = ORIENTED_EDGE('',*,*,#10486,.T.);
#10486 = EDGE_CURVE('',#10456,#10386,#10487,.T.);
#10487 = LINE('',#10488,#10489);
#10488 = CARTESIAN_POINT('',(-3.15,2.743,-1.43));
#10489 = VECTOR('',#10490,1.);
#10490 = DIRECTION('',(2.2E-16,-1.,3.3E-16));
#10491 = ORIENTED_EDGE('',*,*,#10383,.F.);
#10492 = ORIENTED_EDGE('',*,*,#10493,.F.);
#10493 = EDGE_CURVE('',#10464,#10384,#10494,.T.);
#10494 = LINE('',#10495,#10496);
#10495 = CARTESIAN_POINT('',(-3.35,2.743,-1.43));
#10496 = VECTOR('',#10497,1.);
#10497 = DIRECTION('',(2.2E-16,-1.,3.3E-16));
#10498 = PLANE('',#10499);
#10499 = AXIS2_PLACEMENT_3D('',#10500,#10501,#10502);
#10500 = CARTESIAN_POINT('',(-3.35,2.743,-1.43));
#10501 = DIRECTION('',(1.1E-16,-3.3E-16,-1.));
#10502 = DIRECTION('',(1.29368257903E-48,-1.,3.3E-16));
#10503 = ADVANCED_FACE('',(#10504),#10510,.F.);
#10504 = FACE_BOUND('',#10505,.F.);
#10505 = EDGE_LOOP('',(#10506,#10507,#10508,#10509));
#10506 = ORIENTED_EDGE('',*,*,#10409,.T.);
#10507 = ORIENTED_EDGE('',*,*,#10440,.T.);
#10508 = ORIENTED_EDGE('',*,*,#10471,.T.);
#10509 = ORIENTED_EDGE('',*,*,#10493,.T.);
#10510 = PLANE('',#10511);
#10511 = AXIS2_PLACEMENT_3D('',#10512,#10513,#10514);
#10512 = CARTESIAN_POINT('',(-3.35,2.27202,-1.51));
#10513 = DIRECTION('',(1.,-2.2E-16,-1.1E-16));
#10514 = DIRECTION('',(1.1E-16,-1.1E-16,1.));
#10515 = ADVANCED_FACE('',(#10516),#10522,.T.);
#10516 = FACE_BOUND('',#10517,.T.);
#10517 = EDGE_LOOP('',(#10518,#10519,#10520,#10521));
#10518 = ORIENTED_EDGE('',*,*,#10393,.T.);
#10519 = ORIENTED_EDGE('',*,*,#10424,.T.);
#10520 = ORIENTED_EDGE('',*,*,#10455,.T.);
#10521 = ORIENTED_EDGE('',*,*,#10486,.T.);
#10522 = PLANE('',#10523);
#10523 = AXIS2_PLACEMENT_3D('',#10524,#10525,#10526);
#10524 = CARTESIAN_POINT('',(-3.15,2.27202,-1.51));
#10525 = DIRECTION('',(1.,-2.2E-16,-1.1E-16));
#10526 = DIRECTION('',(1.1E-16,-1.1E-16,1.));
#10527 = ( GEOMETRIC_REPRESENTATION_CONTEXT(3) 
GLOBAL_UNCERTAINTY_ASSIGNED_CONTEXT((#10531)) 
GLOBAL_UNIT_ASSIGNED_CONTEXT((#10528,#10529,#10530)) 
REPRESENTATION_CONTEXT('Context #1',
  '3D Context with UNIT and UNCERTAINTY') );
#10528 = ( LENGTH_UNIT() NAMED_UNIT(*) SI_UNIT(.MILLI.,.METRE.) );
#10529 = ( NAMED_UNIT(*) PLANE_ANGLE_UNIT() SI_UNIT($,.RADIAN.) );
#10530 = ( NAMED_UNIT(*) SI_UNIT($,.STERADIAN.) SOLID_ANGLE_UNIT() );
#10531 = UNCERTAINTY_MEASURE_WITH_UNIT(LENGTH_MEASURE(1.E-07),#10528,
  'distance_accuracy_value','confusion accuracy');
#10532 = PRODUCT_RELATED_PRODUCT_CATEGORY('part',$,(#7));
#10533 = MECHANICAL_DESIGN_GEOMETRIC_PRESENTATION_REPRESENTATION('',(
    #10534,#10544,#10554,#10564,#10573,#10582,#10591,#10600,#10609,
    #10618,#10627,#10636,#10645,#10654,#10663,#10672,#10681,#10690,
    #10699,#10708,#10717,#10726,#10735,#10744,#10753,#10762,#10771,
    #10780,#10789,#10798,#10807,#10816,#10825,#10834),#10527);
#10534 = STYLED_ITEM('color',(#10535),#15);
#10535 = PRESENTATION_STYLE_ASSIGNMENT((#10536,#10542));
#10536 = SURFACE_STYLE_USAGE(.BOTH.,#10537);
#10537 = SURFACE_SIDE_STYLE('',(#10538));
#10538 = SURFACE_STYLE_FILL_AREA(#10539);
#10539 = FILL_AREA_STYLE('',(#10540));
#10540 = FILL_AREA_STYLE_COLOUR('',#10541);
#10541 = COLOUR_RGB('',0.223529416636,0.223529416636,0.223529416636);
#10542 = CURVE_STYLE('',#10543,POSITIVE_LENGTH_MEASURE(0.1),#10541);
#10543 = DRAUGHTING_PRE_DEFINED_CURVE_FONT('continuous');
#10544 = STYLED_ITEM('color',(#10545),#2207);
#10545 = PRESENTATION_STYLE_ASSIGNMENT((#10546,#10552));
#10546 = SURFACE_STYLE_USAGE(.BOTH.,#10547);
#10547 = SURFACE_SIDE_STYLE('',(#10548));
#10548 = SURFACE_STYLE_FILL_AREA(#10549);
#10549 = FILL_AREA_STYLE('',(#10550));
#10550 = FILL_AREA_STYLE_COLOUR('',#10551);
#10551 = COLOUR_RGB('',0.850980378684,0.850980378684,0.850980378684);
#10552 = CURVE_STYLE('',#10553,POSITIVE_LENGTH_MEASURE(0.1),#10551);
#10553 = DRAUGHTING_PRE_DEFINED_CURVE_FONT('continuous');
#10554 = STYLED_ITEM('color',(#10555),#5727);
#10555 = PRESENTATION_STYLE_ASSIGNMENT((#10556,#10562));
#10556 = SURFACE_STYLE_USAGE(.BOTH.,#10557);
#10557 = SURFACE_SIDE_STYLE('',(#10558));
#10558 = SURFACE_STYLE_FILL_AREA(#10559);
#10559 = FILL_AREA_STYLE('',(#10560));
#10560 = FILL_AREA_STYLE_COLOUR('',#10561);
#10561 = COLOUR_RGB('',0.968627457133,0.878431359152,0.599999994755);
#10562 = CURVE_STYLE('',#10563,POSITIVE_LENGTH_MEASURE(0.1),#10561);
#10563 = DRAUGHTING_PRE_DEFINED_CURVE_FONT('continuous');
#10564 = STYLED_ITEM('color',(#10565),#5877);
#10565 = PRESENTATION_STYLE_ASSIGNMENT((#10566,#10571));
#10566 = SURFACE_STYLE_USAGE(.BOTH.,#10567);
#10567 = SURFACE_SIDE_STYLE('',(#10568));
#10568 = SURFACE_STYLE_FILL_AREA(#10569);
#10569 = FILL_AREA_STYLE('',(#10570));
#10570 = FILL_AREA_STYLE_COLOUR('',#10561);
#10571 = CURVE_STYLE('',#10572,POSITIVE_LENGTH_MEASURE(0.1),#10561);
#10572 = DRAUGHTING_PRE_DEFINED_CURVE_FONT('continuous');
#10573 = STYLED_ITEM('color',(#10574),#6027);
#10574 = PRESENTATION_STYLE_ASSIGNMENT((#10575,#10580));
#10575 = SURFACE_STYLE_USAGE(.BOTH.,#10576);
#10576 = SURFACE_SIDE_STYLE('',(#10577));
#10577 = SURFACE_STYLE_FILL_AREA(#10578);
#10578 = FILL_AREA_STYLE('',(#10579));
#10579 = FILL_AREA_STYLE_COLOUR('',#10561);
#10580 = CURVE_STYLE('',#10581,POSITIVE_LENGTH_MEASURE(0.1),#10561);
#10581 = DRAUGHTING_PRE_DEFINED_CURVE_FONT('continuous');
#10582 = STYLED_ITEM('color',(#10583),#6177);
#10583 = PRESENTATION_STYLE_ASSIGNMENT((#10584,#10589));
#10584 = SURFACE_STYLE_USAGE(.BOTH.,#10585);
#10585 = SURFACE_SIDE_STYLE('',(#10586));
#10586 = SURFACE_STYLE_FILL_AREA(#10587);
#10587 = FILL_AREA_STYLE('',(#10588));
#10588 = FILL_AREA_STYLE_COLOUR('',#10561);
#10589 = CURVE_STYLE('',#10590,POSITIVE_LENGTH_MEASURE(0.1),#10561);
#10590 = DRAUGHTING_PRE_DEFINED_CURVE_FONT('continuous');
#10591 = STYLED_ITEM('color',(#10592),#6327);
#10592 = PRESENTATION_STYLE_ASSIGNMENT((#10593,#10598));
#10593 = SURFACE_STYLE_USAGE(.BOTH.,#10594);
#10594 = SURFACE_SIDE_STYLE('',(#10595));
#10595 = SURFACE_STYLE_FILL_AREA(#10596);
#10596 = FILL_AREA_STYLE('',(#10597));
#10597 = FILL_AREA_STYLE_COLOUR('',#10561);
#10598 = CURVE_STYLE('',#10599,POSITIVE_LENGTH_MEASURE(0.1),#10561);
#10599 = DRAUGHTING_PRE_DEFINED_CURVE_FONT('continuous');
#10600 = STYLED_ITEM('color',(#10601),#6477);
#10601 = PRESENTATION_STYLE_ASSIGNMENT((#10602,#10607));
#10602 = SURFACE_STYLE_USAGE(.BOTH.,#10603);
#10603 = SURFACE_SIDE_STYLE('',(#10604));
#10604 = SURFACE_STYLE_FILL_AREA(#10605);
#10605 = FILL_AREA_STYLE('',(#10606));
#10606 = FILL_AREA_STYLE_COLOUR('',#10561);
#10607 = CURVE_STYLE('',#10608,POSITIVE_LENGTH_MEASURE(0.1),#10561);
#10608 = DRAUGHTING_PRE_DEFINED_CURVE_FONT('continuous');
#10609 = STYLED_ITEM('color',(#10610),#6627);
#10610 = PRESENTATION_STYLE_ASSIGNMENT((#10611,#10616));
#10611 = SURFACE_STYLE_USAGE(.BOTH.,#10612);
#10612 = SURFACE_SIDE_STYLE('',(#10613));
#10613 = SURFACE_STYLE_FILL_AREA(#10614);
#10614 = FILL_AREA_STYLE('',(#10615));
#10615 = FILL_AREA_STYLE_COLOUR('',#10561);
#10616 = CURVE_STYLE('',#10617,POSITIVE_LENGTH_MEASURE(0.1),#10561);
#10617 = DRAUGHTING_PRE_DEFINED_CURVE_FONT('continuous');
#10618 = STYLED_ITEM('color',(#10619),#6777);
#10619 = PRESENTATION_STYLE_ASSIGNMENT((#10620,#10625));
#10620 = SURFACE_STYLE_USAGE(.BOTH.,#10621);
#10621 = SURFACE_SIDE_STYLE('',(#10622));
#10622 = SURFACE_STYLE_FILL_AREA(#10623);
#10623 = FILL_AREA_STYLE('',(#10624));
#10624 = FILL_AREA_STYLE_COLOUR('',#10561);
#10625 = CURVE_STYLE('',#10626,POSITIVE_LENGTH_MEASURE(0.1),#10561);
#10626 = DRAUGHTING_PRE_DEFINED_CURVE_FONT('continuous');
#10627 = STYLED_ITEM('color',(#10628),#6927);
#10628 = PRESENTATION_STYLE_ASSIGNMENT((#10629,#10634));
#10629 = SURFACE_STYLE_USAGE(.BOTH.,#10630);
#10630 = SURFACE_SIDE_STYLE('',(#10631));
#10631 = SURFACE_STYLE_FILL_AREA(#10632);
#10632 = FILL_AREA_STYLE('',(#10633));
#10633 = FILL_AREA_STYLE_COLOUR('',#10561);
#10634 = CURVE_STYLE('',#10635,POSITIVE_LENGTH_MEASURE(0.1),#10561);
#10635 = DRAUGHTING_PRE_DEFINED_CURVE_FONT('continuous');
#10636 = STYLED_ITEM('color',(#10637),#7077);
#10637 = PRESENTATION_STYLE_ASSIGNMENT((#10638,#10643));
#10638 = SURFACE_STYLE_USAGE(.BOTH.,#10639);
#10639 = SURFACE_SIDE_STYLE('',(#10640));
#10640 = SURFACE_STYLE_FILL_AREA(#10641);
#10641 = FILL_AREA_STYLE('',(#10642));
#10642 = FILL_AREA_STYLE_COLOUR('',#10561);
#10643 = CURVE_STYLE('',#10644,POSITIVE_LENGTH_MEASURE(0.1),#10561);
#10644 = DRAUGHTING_PRE_DEFINED_CURVE_FONT('continuous');
#10645 = STYLED_ITEM('color',(#10646),#7227);
#10646 = PRESENTATION_STYLE_ASSIGNMENT((#10647,#10652));
#10647 = SURFACE_STYLE_USAGE(.BOTH.,#10648);
#10648 = SURFACE_SIDE_STYLE('',(#10649));
#10649 = SURFACE_STYLE_FILL_AREA(#10650);
#10650 = FILL_AREA_STYLE('',(#10651));
#10651 = FILL_AREA_STYLE_COLOUR('',#10561);
#10652 = CURVE_STYLE('',#10653,POSITIVE_LENGTH_MEASURE(0.1),#10561);
#10653 = DRAUGHTING_PRE_DEFINED_CURVE_FONT('continuous');
#10654 = STYLED_ITEM('color',(#10655),#7377);
#10655 = PRESENTATION_STYLE_ASSIGNMENT((#10656,#10661));
#10656 = SURFACE_STYLE_USAGE(.BOTH.,#10657);
#10657 = SURFACE_SIDE_STYLE('',(#10658));
#10658 = SURFACE_STYLE_FILL_AREA(#10659);
#10659 = FILL_AREA_STYLE('',(#10660));
#10660 = FILL_AREA_STYLE_COLOUR('',#10561);
#10661 = CURVE_STYLE('',#10662,POSITIVE_LENGTH_MEASURE(0.1),#10561);
#10662 = DRAUGHTING_PRE_DEFINED_CURVE_FONT('continuous');
#10663 = STYLED_ITEM('color',(#10664),#7527);
#10664 = PRESENTATION_STYLE_ASSIGNMENT((#10665,#10670));
#10665 = SURFACE_STYLE_USAGE(.BOTH.,#10666);
#10666 = SURFACE_SIDE_STYLE('',(#10667));
#10667 = SURFACE_STYLE_FILL_AREA(#10668);
#10668 = FILL_AREA_STYLE('',(#10669));
#10669 = FILL_AREA_STYLE_COLOUR('',#10561);
#10670 = CURVE_STYLE('',#10671,POSITIVE_LENGTH_MEASURE(0.1),#10561);
#10671 = DRAUGHTING_PRE_DEFINED_CURVE_FONT('continuous');
#10672 = STYLED_ITEM('color',(#10673),#7677);
#10673 = PRESENTATION_STYLE_ASSIGNMENT((#10674,#10679));
#10674 = SURFACE_STYLE_USAGE(.BOTH.,#10675);
#10675 = SURFACE_SIDE_STYLE('',(#10676));
#10676 = SURFACE_STYLE_FILL_AREA(#10677);
#10677 = FILL_AREA_STYLE('',(#10678));
#10678 = FILL_AREA_STYLE_COLOUR('',#10561);
#10679 = CURVE_STYLE('',#10680,POSITIVE_LENGTH_MEASURE(0.1),#10561);
#10680 = DRAUGHTING_PRE_DEFINED_CURVE_FONT('continuous');
#10681 = STYLED_ITEM('color',(#10682),#7827);
#10682 = PRESENTATION_STYLE_ASSIGNMENT((#10683,#10688));
#10683 = SURFACE_STYLE_USAGE(.BOTH.,#10684);
#10684 = SURFACE_SIDE_STYLE('',(#10685));
#10685 = SURFACE_STYLE_FILL_AREA(#10686);
#10686 = FILL_AREA_STYLE('',(#10687));
#10687 = FILL_AREA_STYLE_COLOUR('',#10561);
#10688 = CURVE_STYLE('',#10689,POSITIVE_LENGTH_MEASURE(0.1),#10561);
#10689 = DRAUGHTING_PRE_DEFINED_CURVE_FONT('continuous');
#10690 = STYLED_ITEM('color',(#10691),#7977);
#10691 = PRESENTATION_STYLE_ASSIGNMENT((#10692,#10697));
#10692 = SURFACE_STYLE_USAGE(.BOTH.,#10693);
#10693 = SURFACE_SIDE_STYLE('',(#10694));
#10694 = SURFACE_STYLE_FILL_AREA(#10695);
#10695 = FILL_AREA_STYLE('',(#10696));
#10696 = FILL_AREA_STYLE_COLOUR('',#10561);
#10697 = CURVE_STYLE('',#10698,POSITIVE_LENGTH_MEASURE(0.1),#10561);
#10698 = DRAUGHTING_PRE_DEFINED_CURVE_FONT('continuous');
#10699 = STYLED_ITEM('color',(#10700),#8127);
#10700 = PRESENTATION_STYLE_ASSIGNMENT((#10701,#10706));
#10701 = SURFACE_STYLE_USAGE(.BOTH.,#10702);
#10702 = SURFACE_SIDE_STYLE('',(#10703));
#10703 = SURFACE_STYLE_FILL_AREA(#10704);
#10704 = FILL_AREA_STYLE('',(#10705));
#10705 = FILL_AREA_STYLE_COLOUR('',#10561);
#10706 = CURVE_STYLE('',#10707,POSITIVE_LENGTH_MEASURE(0.1),#10561);
#10707 = DRAUGHTING_PRE_DEFINED_CURVE_FONT('continuous');
#10708 = STYLED_ITEM('color',(#10709),#8277);
#10709 = PRESENTATION_STYLE_ASSIGNMENT((#10710,#10715));
#10710 = SURFACE_STYLE_USAGE(.BOTH.,#10711);
#10711 = SURFACE_SIDE_STYLE('',(#10712));
#10712 = SURFACE_STYLE_FILL_AREA(#10713);
#10713 = FILL_AREA_STYLE('',(#10714));
#10714 = FILL_AREA_STYLE_COLOUR('',#10561);
#10715 = CURVE_STYLE('',#10716,POSITIVE_LENGTH_MEASURE(0.1),#10561);
#10716 = DRAUGHTING_PRE_DEFINED_CURVE_FONT('continuous');
#10717 = STYLED_ITEM('color',(#10718),#8427);
#10718 = PRESENTATION_STYLE_ASSIGNMENT((#10719,#10724));
#10719 = SURFACE_STYLE_USAGE(.BOTH.,#10720);
#10720 = SURFACE_SIDE_STYLE('',(#10721));
#10721 = SURFACE_STYLE_FILL_AREA(#10722);
#10722 = FILL_AREA_STYLE('',(#10723));
#10723 = FILL_AREA_STYLE_COLOUR('',#10561);
#10724 = CURVE_STYLE('',#10725,POSITIVE_LENGTH_MEASURE(0.1),#10561);
#10725 = DRAUGHTING_PRE_DEFINED_CURVE_FONT('continuous');
#10726 = STYLED_ITEM('color',(#10727),#8577);
#10727 = PRESENTATION_STYLE_ASSIGNMENT((#10728,#10733));
#10728 = SURFACE_STYLE_USAGE(.BOTH.,#10729);
#10729 = SURFACE_SIDE_STYLE('',(#10730));
#10730 = SURFACE_STYLE_FILL_AREA(#10731);
#10731 = FILL_AREA_STYLE('',(#10732));
#10732 = FILL_AREA_STYLE_COLOUR('',#10561);
#10733 = CURVE_STYLE('',#10734,POSITIVE_LENGTH_MEASURE(0.1),#10561);
#10734 = DRAUGHTING_PRE_DEFINED_CURVE_FONT('continuous');
#10735 = STYLED_ITEM('color',(#10736),#8727);
#10736 = PRESENTATION_STYLE_ASSIGNMENT((#10737,#10742));
#10737 = SURFACE_STYLE_USAGE(.BOTH.,#10738);
#10738 = SURFACE_SIDE_STYLE('',(#10739));
#10739 = SURFACE_STYLE_FILL_AREA(#10740);
#10740 = FILL_AREA_STYLE('',(#10741));
#10741 = FILL_AREA_STYLE_COLOUR('',#10561);
#10742 = CURVE_STYLE('',#10743,POSITIVE_LENGTH_MEASURE(0.1),#10561);
#10743 = DRAUGHTING_PRE_DEFINED_CURVE_FONT('continuous');
#10744 = STYLED_ITEM('color',(#10745),#8877);
#10745 = PRESENTATION_STYLE_ASSIGNMENT((#10746,#10751));
#10746 = SURFACE_STYLE_USAGE(.BOTH.,#10747);
#10747 = SURFACE_SIDE_STYLE('',(#10748));
#10748 = SURFACE_STYLE_FILL_AREA(#10749);
#10749 = FILL_AREA_STYLE('',(#10750));
#10750 = FILL_AREA_STYLE_COLOUR('',#10561);
#10751 = CURVE_STYLE('',#10752,POSITIVE_LENGTH_MEASURE(0.1),#10561);
#10752 = DRAUGHTING_PRE_DEFINED_CURVE_FONT('continuous');
#10753 = STYLED_ITEM('color',(#10754),#9027);
#10754 = PRESENTATION_STYLE_ASSIGNMENT((#10755,#10760));
#10755 = SURFACE_STYLE_USAGE(.BOTH.,#10756);
#10756 = SURFACE_SIDE_STYLE('',(#10757));
#10757 = SURFACE_STYLE_FILL_AREA(#10758);
#10758 = FILL_AREA_STYLE('',(#10759));
#10759 = FILL_AREA_STYLE_COLOUR('',#10561);
#10760 = CURVE_STYLE('',#10761,POSITIVE_LENGTH_MEASURE(0.1),#10561);
#10761 = DRAUGHTING_PRE_DEFINED_CURVE_FONT('continuous');
#10762 = STYLED_ITEM('color',(#10763),#9177);
#10763 = PRESENTATION_STYLE_ASSIGNMENT((#10764,#10769));
#10764 = SURFACE_STYLE_USAGE(.BOTH.,#10765);
#10765 = SURFACE_SIDE_STYLE('',(#10766));
#10766 = SURFACE_STYLE_FILL_AREA(#10767);
#10767 = FILL_AREA_STYLE('',(#10768));
#10768 = FILL_AREA_STYLE_COLOUR('',#10561);
#10769 = CURVE_STYLE('',#10770,POSITIVE_LENGTH_MEASURE(0.1),#10561);
#10770 = DRAUGHTING_PRE_DEFINED_CURVE_FONT('continuous');
#10771 = STYLED_ITEM('color',(#10772),#9327);
#10772 = PRESENTATION_STYLE_ASSIGNMENT((#10773,#10778));
#10773 = SURFACE_STYLE_USAGE(.BOTH.,#10774);
#10774 = SURFACE_SIDE_STYLE('',(#10775));
#10775 = SURFACE_STYLE_FILL_AREA(#10776);
#10776 = FILL_AREA_STYLE('',(#10777));
#10777 = FILL_AREA_STYLE_COLOUR('',#10561);
#10778 = CURVE_STYLE('',#10779,POSITIVE_LENGTH_MEASURE(0.1),#10561);
#10779 = DRAUGHTING_PRE_DEFINED_CURVE_FONT('continuous');
#10780 = STYLED_ITEM('color',(#10781),#9477);
#10781 = PRESENTATION_STYLE_ASSIGNMENT((#10782,#10787));
#10782 = SURFACE_STYLE_USAGE(.BOTH.,#10783);
#10783 = SURFACE_SIDE_STYLE('',(#10784));
#10784 = SURFACE_STYLE_FILL_AREA(#10785);
#10785 = FILL_AREA_STYLE('',(#10786));
#10786 = FILL_AREA_STYLE_COLOUR('',#10561);
#10787 = CURVE_STYLE('',#10788,POSITIVE_LENGTH_MEASURE(0.1),#10561);
#10788 = DRAUGHTING_PRE_DEFINED_CURVE_FONT('continuous');
#10789 = STYLED_ITEM('color',(#10790),#9627);
#10790 = PRESENTATION_STYLE_ASSIGNMENT((#10791,#10796));
#10791 = SURFACE_STYLE_USAGE(.BOTH.,#10792);
#10792 = SURFACE_SIDE_STYLE('',(#10793));
#10793 = SURFACE_STYLE_FILL_AREA(#10794);
#10794 = FILL_AREA_STYLE('',(#10795));
#10795 = FILL_AREA_STYLE_COLOUR('',#10561);
#10796 = CURVE_STYLE('',#10797,POSITIVE_LENGTH_MEASURE(0.1),#10561);
#10797 = DRAUGHTING_PRE_DEFINED_CURVE_FONT('continuous');
#10798 = STYLED_ITEM('color',(#10799),#9777);
#10799 = PRESENTATION_STYLE_ASSIGNMENT((#10800,#10805));
#10800 = SURFACE_STYLE_USAGE(.BOTH.,#10801);
#10801 = SURFACE_SIDE_STYLE('',(#10802));
#10802 = SURFACE_STYLE_FILL_AREA(#10803);
#10803 = FILL_AREA_STYLE('',(#10804));
#10804 = FILL_AREA_STYLE_COLOUR('',#10561);
#10805 = CURVE_STYLE('',#10806,POSITIVE_LENGTH_MEASURE(0.1),#10561);
#10806 = DRAUGHTING_PRE_DEFINED_CURVE_FONT('continuous');
#10807 = STYLED_ITEM('color',(#10808),#9927);
#10808 = PRESENTATION_STYLE_ASSIGNMENT((#10809,#10814));
#10809 = SURFACE_STYLE_USAGE(.BOTH.,#10810);
#10810 = SURFACE_SIDE_STYLE('',(#10811));
#10811 = SURFACE_STYLE_FILL_AREA(#10812);
#10812 = FILL_AREA_STYLE('',(#10813));
#10813 = FILL_AREA_STYLE_COLOUR('',#10561);
#10814 = CURVE_STYLE('',#10815,POSITIVE_LENGTH_MEASURE(0.1),#10561);
#10815 = DRAUGHTING_PRE_DEFINED_CURVE_FONT('continuous');
#10816 = STYLED_ITEM('color',(#10817),#10077);
#10817 = PRESENTATION_STYLE_ASSIGNMENT((#10818,#10823));
#10818 = SURFACE_STYLE_USAGE(.BOTH.,#10819);
#10819 = SURFACE_SIDE_STYLE('',(#10820));
#10820 = SURFACE_STYLE_FILL_AREA(#10821);
#10821 = FILL_AREA_STYLE('',(#10822));
#10822 = FILL_AREA_STYLE_COLOUR('',#10561);
#10823 = CURVE_STYLE('',#10824,POSITIVE_LENGTH_MEASURE(0.1),#10561);
#10824 = DRAUGHTING_PRE_DEFINED_CURVE_FONT('continuous');
#10825 = STYLED_ITEM('color',(#10826),#10227);
#10826 = PRESENTATION_STYLE_ASSIGNMENT((#10827,#10832));
#10827 = SURFACE_STYLE_USAGE(.BOTH.,#10828);
#10828 = SURFACE_SIDE_STYLE('',(#10829));
#10829 = SURFACE_STYLE_FILL_AREA(#10830);
#10830 = FILL_AREA_STYLE('',(#10831));
#10831 = FILL_AREA_STYLE_COLOUR('',#10561);
#10832 = CURVE_STYLE('',#10833,POSITIVE_LENGTH_MEASURE(0.1),#10561);
#10833 = DRAUGHTING_PRE_DEFINED_CURVE_FONT('continuous');
#10834 = STYLED_ITEM('color',(#10835),#10377);
#10835 = PRESENTATION_STYLE_ASSIGNMENT((#10836,#10841));
#10836 = SURFACE_STYLE_USAGE(.BOTH.,#10837);
#10837 = SURFACE_SIDE_STYLE('',(#10838));
#10838 = SURFACE_STYLE_FILL_AREA(#10839);
#10839 = FILL_AREA_STYLE('',(#10840));
#10840 = FILL_AREA_STYLE_COLOUR('',#10561);
#10841 = CURVE_STYLE('',#10842,POSITIVE_LENGTH_MEASURE(0.1),#10561);
#10842 = DRAUGHTING_PRE_DEFINED_CURVE_FONT('continuous');
ENDSEC;
END-ISO-10303-21;
