#VRML V2.0 utf8
# 3D model generated by easyeda2kicad.py (https://github.com/uPesy/easyeda2kicad.py)

Shape{
    appearance Appearance {
        material  Material 	{
            diffuseColor 0.0 0.0 0.0
            specularColor 0.0 0.0 0.0
            ambientIntensity 0.2
            transparency 0
            shininess 0.5
        }
    }
    geometry IndexedFaceSet {
        ccw TRUE
        solid FALSE
        coord DEF co Coordinate {
            point [
                -0.0249 0.2389 0.1898, -0.0249 0.2349 0.1898, -0.0101 0.2399 0.1898, -0.0101 0.236 0.1898, -0.0101 0.2399 0.2227, -0.0101 0.236 0.2227, -0.0053 0.2401 0.2227, -0.0053 0.2362 0.2227, -0.0053 0.2401 0.1856, -0.0053 0.2362 0.1856, -0.0249 0.2389 0.1856, -0.0249 0.2349 0.1856, -0.0815 0.2259 0.1898, -0.0815 0.2217 0.1898, -0.0664 0.2308 0.1898, -0.0664 0.2267 0.1898, -0.0664 0.2308 0.2023, -0.0664 0.2267 0.2023, -0.0796 0.2266 0.2023, -0.0796 0.2224 0.2023, -0.0796 0.2266 0.2065, -0.0796 0.2224 0.2065, -0.0664 0.2308 0.2065, -0.0664 0.2267 0.2065, -0.0664 0.2308 0.2184, -0.0664 0.2267 0.2184, -0.0807 0.2262 0.2184, -0.0807 0.222 0.2184, -0.0807 0.2262 0.2227, -0.0807 0.222 0.2227, -0.0616 0.2321 0.2227, -0.0616 0.2281 0.2227, -0.0616 0.2321 0.1856, -0.0616 0.2281 0.1856, -0.0815 0.2259 0.1856, -0.0815 0.2217 0.1856, -0.1541 0.1842 0.1856, -0.1541 0.179 0.1856, -0.14 0.1951 0.2227, -0.14 0.1903 0.2227, -0.1379 0.1966 0.2227, -0.1349 0.1939 0.2227, -0.1349 0.1987 0.2227, -0.1207 0.2076 0.1856, -0.1207 0.203 0.1856, -0.126 0.2044 0.1856, -0.126 0.1998 0.1856, -0.1296 0.2022 0.1957, -0.1296 0.1975 0.1957, -0.145 0.1865 0.1957, -0.145 0.1914 0.1957, -0.1379 0.1966 0.1957, -0.1488 0.1885 0.1856, -0.1488 0.1835 0.1856, -0.0253 0.2388 0.131, -0.0253 0.2349 0.131, -0.0101 0.2399 0.131, -0.0101 0.236 0.131, -0.0101 0.2399 0.1435, -0.0101 0.236 0.1435, -0.0234 0.239 0.1435, -0.0234 0.2351 0.1435, -0.0234 0.239 0.1477, -0.0234 0.2351 0.1477, -0.0101 0.2399 0.1477, -0.0101 0.236 0.1477, -0.0101 0.2399 0.1596, -0.0101 0.236 0.1596, -0.0244 0.2389 0.1596, -0.0244 0.235 0.1596, -0.0244 0.2389 0.1639, -0.0244 0.235 0.1639, -0.0053 0.2401 0.1639, -0.0053 0.2362 0.1639, -0.0053 0.2401 0.1268, -0.0053 0.2362 0.1268, -0.0253 0.2388 0.1268, -0.0253 0.2349 0.1268, -0.0463 0.2356 0.1436, -0.0463 0.2316 0.1436, -0.0385 0.2371 0.1425, -0.0385 0.2331 0.1425, -0.0462 0.2357 0.1309, -0.0462 0.2317 0.1309, -0.0463 0.2356 0.1309, -0.0463 0.2316 0.1309, -0.0463 0.2356 0.1268, -0.0463 0.2316 0.1268, -0.051 0.2347 0.1268, -0.051 0.2307 0.1268, -0.103 0.217 0.1533, -0.103 0.2126 0.1533, -0.0982 0.2192 0.1533, -0.0982 0.2149 0.1533, -0.0909 0.2223 0.1333, -0.0909 0.218 0.1333, -0.0904 0.2225 0.1312, -0.0904 0.2182 0.1312, -0.0903 0.2226 0.1312, -0.0903 0.2183 0.1312, -0.0897 0.2228 0.1334, -0.0897 0.2185 0.1334, -0.0828 0.2254 0.1533, -0.0828 0.2212 0.1533, -0.0776 0.2273 0.1533, -0.0776 0.2231 0.1533, -0.088 0.2235 0.1269, -0.088 0.2192 0.1269, -0.0859 0.2243 0.122, -0.0859 0.22 0.122, -0.091 0.2223 0.1228, -0.091 0.218 0.1228, -0.1279 0.2032 0.131, -0.1279 0.1986 0.131, -0.1128 0.212 0.131, -0.1128 0.2076 0.131, -0.1128 0.212 0.1435, -0.1128 0.2076 0.1435, -0.126 0.2044 0.1435, -0.126 0.1998 0.1435, -0.126 0.2044 0.1477, -0.126 0.1998 0.1477, -0.1128 0.212 0.1477, -0.1128 0.2076 0.1477, -0.1128 0.212 0.1596, -0.1128 0.2076 0.1596, -0.1271 0.2038 0.1596, -0.1271 0.1991 0.1596, -0.1271 0.2038 0.1639, -0.1271 0.1991 0.1639, -0.108 0.2145 0.1639, -0.108 0.2101 0.1639, -0.108 0.2145 0.1268, -0.108 0.2101 0.1268, -0.1279 0.2032 0.1268, -0.1279 0.1986 0.1268, -0.1279 0.1986 0.1268
            ]
        }
        coordIndex [
            0,1,2,-1,2,1,3,-1,4,5,6,-1,6,5,7,-1,8,9,10,-1,10,9,11,-1,12,13,14,-1,14,13,15,-1,16,17,18,-1,18,17,19,-1,20,21,22,-1,22,21,23,-1,24,25,26,-1,26,25,27,-1,28,29,30,-1,30,29,31,-1,32,33,34,-1,34,33,35,-1,36,37,38,-1,38,37,39,-1,38,39,40,-1,40,39,41,-1,40,41,42,-1,42,41,43,-1,43,41,44,-1,43,44,45,-1,45,44,46,-1,45,46,47,-1,47,46,48,-1,49,50,48,-1,48,50,51,-1,48,51,47,-1,50,49,52,-1,52,49,53,-1,52,53,36,-1,36,53,37,-1,54,55,56,-1,56,55,57,-1,58,59,60,-1,60,59,61,-1,62,63,64,-1,64,63,65,-1,66,67,68,-1,68,67,69,-1,70,71,72,-1,72,71,73,-1,74,75,76,-1,76,75,77,-1,78,79,80,-1,80,79,81,-1,82,83,84,-1,84,83,85,-1,86,87,88,-1,88,87,89,-1,90,91,92,-1,92,91,93,-1,92,93,94,-1,94,93,95,-1,96,97,98,-1,98,97,99,-1,98,99,100,-1,100,99,101,-1,100,101,102,-1,102,101,103,-1,102,103,104,-1,104,103,105,-1,104,105,106,-1,106,105,107,-1,106,107,108,-1,108,107,109,-1,110,111,90,-1,90,111,91,-1,112,113,114,-1,114,113,115,-1,116,117,118,-1,118,117,119,-1,120,121,122,-1,122,121,123,-1,124,125,126,-1,126,125,127,-1,128,129,130,-1,130,129,131,-1,132,133,134,-1,134,133,135,-1,
        ]
    }
}
Shape{
    appearance Appearance {
        material  Material 	{
            diffuseColor 0.8274509803921568 0.6666666666666666 0.12941176470588237
            specularColor 0.4117647058823529 0.3333333333333333 0.06666666666666667
            ambientIntensity 0.2
            transparency 0
            shininess 0.5
        }
    }
    geometry IndexedFaceSet {
        ccw TRUE
        solid FALSE
        coord DEF co Coordinate {
            point [
                -0.0859 0.22 0.122, -0.088 0.2192 0.1269, -0.0798 0.2223 0.1475, -0.1128 0.2076 0.1596, -0.1128 0.2076 0.1477, -0.1128 0.2075 0.1477, 0.1206 0.2031 0.1573, 0.1162 0.2057 0.1533, 0.0966 0.2156 0.1635, 0.0499 0.2309 0.1977, 0.042 0.2324 0.1938, 0.0271 0.2347 0.315, 0.0626 0.2278 0.315, 0.0626 0.2278 0.2161, 0.0607 0.2283 0.2142, 0.0511 0.2306 0.1981, 0.0536 0.2301 0.2037, 0.0567 0.2293 0.2089, 0.0349 0.2336 0.1878, 0.0295 0.2344 0.1803, 0.0271 0.2347 0.1743, 0.0966 0.2156 0.315, 0.0966 0.2155 0.2321, 0.0903 0.2183 0.2315, 0.0836 0.2209 0.2296, 0.0771 0.2233 0.2268, 0.071 0.2253 0.2233, 0.0654 0.227 0.2189, 0.1284 0.1983 0.2251, 0.1264 0.1996 0.2263, 0.1284 0.1983 0.315, 0.1205 0.2032 0.229, 0.1143 0.2068 0.231, 0.1078 0.2102 0.2322, 0.1012 0.2134 0.2326, 0.1572 0.1764 0.315, 0.1505 0.1821 0.2113, 0.1475 0.1845 0.211, 0.1328 0.1953 0.2223, 0.139 0.191 0.217, 0.1444 0.1869 0.2107, 0.1808 0.152 0.1986, 0.179 0.1541 0.2003, 0.1822 0.1503 0.315, 0.1707 0.1633 0.2062, 0.1609 0.173 0.21, 0.1571 0.1763 0.2104, 0.1881 0.1429 0.1484, 0.1902 0.14 0.1531, 0.203 0.1207 0.0, 0.1919 0.1378 0.1582, 0.1928 0.1364 0.1633, 0.1932 0.136 0.1686, 0.1931 0.1361 0.1711, 0.1925 0.1369 0.1761, 0.203 0.1207 0.315, 0.1913 0.1385 0.181, 0.1895 0.1411 0.186, 0.1872 0.1441 0.1905, 0.1842 0.1479 0.1948, 0.1822 0.1503 0.197, 0.1599 0.1739 0.1244, 0.161 0.1728 0.1272, 0.1822 0.1503 0.0, 0.1644 0.1696 0.1282, 0.1739 0.1599 0.1329, 0.1821 0.1505 0.1398, 0.1822 0.1503 0.14, 0.1853 0.1465 0.1438, 0.1496 0.1828 0.113, 0.1547 0.1785 0.1169, 0.1572 0.1764 0.0, 0.1572 0.1763 0.12, 0.1585 0.1751 0.1218, 0.13 0.1972 0.11, 0.136 0.1932 0.1093, 0.1284 0.1983 0.0, 0.1373 0.1922 0.1095, 0.1435 0.1876 0.1104, 0.0966 0.2156 0.1451, 0.1096 0.2092 0.1383, 0.1096 0.2092 0.1356, 0.1127 0.2076 0.1234, 0.1144 0.2067 0.1206, 0.0966 0.2156 0.0, 0.1099 0.2091 0.133, 0.1103 0.2089 0.1296, 0.1113 0.2084 0.1265, 0.1188 0.2042 0.1157, 0.1241 0.201 0.1121, 0.1284 0.1983 0.1106, 0.0809 0.2219 0.1717, 0.0698 0.2257 0.1998, 0.0758 0.2237 0.2069, 0.0763 0.2235 0.2073, 0.0837 0.2209 0.2125, 0.064 0.2274 0.1839, 0.0626 0.2278 0.1839, 0.0727 0.2247 0.1578, 0.0657 0.2269 0.1914, 0.0675 0.2264 0.1957, 0.0626 0.2278 0.0, 0.0626 0.2278 0.1267, 0.0743 0.2242 0.1267, 0.0757 0.2238 0.1269, 0.0774 0.2232 0.1275, 0.0791 0.2226 0.1287, 0.0819 0.2216 0.1339, 0.082 0.2215 0.1348, 0.0799 0.2223 0.1295, 0.081 0.2219 0.1311, 0.0817 0.2216 0.1329, 0.0819 0.2216 0.1356, 0.0817 0.2216 0.1367, 0.0814 0.2217 0.1377, 0.0805 0.2221 0.1395, 0.0792 0.2225 0.1409, 0.0776 0.2231 0.1421, 0.0758 0.2237 0.1428, 0.0738 0.2244 0.143, 0.0735 0.2245 0.143, 0.0727 0.2247 0.1428, 0.0619 0.228 0.1839, 0.0626 0.2278 0.1427, 0.0722 0.2249 0.1427, 0.1107 0.2087 0.2155, 0.1262 0.1997 0.1604, 0.1009 0.2136 0.2168, 0.0966 0.2155 0.2163, 0.0919 0.2176 0.2157, 0.1345 0.1942 0.1959, 0.1362 0.193 0.1915, 0.1284 0.1983 0.161, 0.1322 0.1958 0.1999, 0.1193 0.2039 0.212, 0.1263 0.1996 0.2069, 0.1284 0.1983 0.2044, 0.1572 0.1763 0.1514, 0.1532 0.1798 0.1558, 0.1571 0.1763 0.1943, 0.1478 0.1843 0.1594, 0.1529 0.1801 0.1953, 0.1502 0.1823 0.1955, 0.1445 0.1869 0.1948, 0.1419 0.1888 0.1616, 0.1385 0.1913 0.1927, 0.136 0.1932 0.1622, 0.1325 0.1956 0.162, 0.1762 0.1573 0.1649, 0.1755 0.1581 0.1616, 0.1594 0.1744 0.148, 0.1743 0.1594 0.1585, 0.1727 0.1611 0.1555, 0.1709 0.1631 0.1528, 0.1661 0.168 0.1481, 0.1608 0.1731 0.1449, 0.1766 0.1569 0.1691, 0.1576 0.1759 0.1508, 0.1764 0.1571 0.1721, 0.1594 0.1743 0.1938, 0.1653 0.1688 0.1907, 0.1702 0.1638 0.1863, 0.1737 0.1601 0.181, 0.175 0.1587 0.1782, 0.1759 0.1577 0.1751, 0.0603 0.2284 0.1427, 0.0557 0.2296 0.1436, 0.051 0.2306 0.1458, 0.0471 0.2315 0.149, 0.0467 0.2316 0.1494, 0.0517 0.2305 0.1736, 0.0438 0.2321 0.1535, 0.0482 0.2312 0.1786, 0.0523 0.2304 0.1815, 0.0569 0.2293 0.1832, 0.042 0.2325 0.1582, 0.0414 0.2326 0.1633, 0.0415 0.2325 0.1655, 0.0427 0.2323 0.1706, 0.0451 0.2319 0.1752, 0.0348 0.2336 0.1385, 0.0419 0.2325 0.1325, 0.0271 0.2347 0.0, 0.05 0.2309 0.1285, 0.0588 0.2288 0.1267, 0.0262 0.2348 0.1542, 0.0271 0.2347 0.152, 0.0295 0.2344 0.1459, 0.0263 0.2348 0.1722, 0.025 0.2349 0.1636, -0.0053 0.2362 0.1639, -0.0053 0.2362 0.1268, -0.1702 0.1638 0.315, -0.1701 0.1637 0.1345, -0.1813 0.1514 0.1639, -0.1932 0.1359 0.315, -0.159 0.1747 0.1317, -0.1555 0.1778 0.1291, -0.1432 0.1879 0.0, -0.1512 0.1815 0.1275, -0.1451 0.1864 0.1268, -0.1432 0.1879 0.1268, -0.1512 0.1815 0.1632, -0.1541 0.179 0.1856, -0.1455 0.1861 0.1639, -0.1488 0.1835 0.1856, -0.1432 0.1879 0.1639, -0.1556 0.1777 0.1616, -0.1595 0.1742 0.159, -0.1608 0.1731 0.1577, -0.1631 0.1709 0.1545, -0.1639 0.1701 0.1528, -0.1645 0.1696 0.151, -0.165 0.1691 0.1484, -0.1651 0.1689 0.1458, -0.165 0.169 0.1435, -0.1647 0.1694 0.1413, -0.1641 0.1699 0.1391, -0.1633 0.1707 0.1371, -0.1672 0.1669 0.1268, -0.1623 0.1716 0.1353, -0.1595 0.1742 0.132, -0.1915 0.1384 0.1369, -0.176 0.1575 0.1369, -0.1932 0.1359 0.1323, -0.1725 0.1614 0.1268, -0.1702 0.1638 0.1268, -0.1702 0.1638 0.0, -0.1932 0.1359 0.0, -0.1864 0.1451 0.1639, -0.1932 0.1359 0.146, -0.2117 0.1048 0.315, -0.2005 0.1249 0.1268, -0.1279 0.1986 0.131, -0.1279 0.1986 0.1268, -0.1349 0.1939 0.1268, -0.1349 0.1939 0.1639, -0.1271 0.1991 0.1596, -0.1271 0.1991 0.1639, -0.1432 0.1879 0.1957, -0.1296 0.1975 0.1957, -0.126 0.1998 0.1856, -0.1128 0.2075 0.1639, -0.1207 0.203 0.1856, -0.145 0.1865 0.1957, -0.1143 0.2067 0.2165, -0.1167 0.2054 0.2133, -0.1349 0.1939 0.2227, -0.118 0.2046 0.2098, -0.1185 0.2043 0.2072, -0.1187 0.2042 0.2046, -0.1186 0.2043 0.2023, -0.1177 0.2048 0.1979, -0.1169 0.2053 0.1959, -0.1432 0.1879 0.315, -0.1128 0.2075 0.315, -0.14 0.1903 0.2227, -0.1431 0.1878 0.2144, -0.126 0.1998 0.1435, -0.1128 0.2075 0.1435, -0.1128 0.2075 0.131, -0.1128 0.2076 0.1435, -0.1128 0.2076 0.131, -0.126 0.1998 0.1477, -0.1128 0.2075 0.1596, -0.0903 0.2183 0.1312, -0.0904 0.2182 0.1312, -0.0897 0.2185 0.1334, -0.0906 0.2181 0.1321, -0.0909 0.218 0.1333, -0.0982 0.2149 0.1533, -0.0828 0.2212 0.1533, -0.0798 0.2223 0.1898, -0.0815 0.2217 0.1898, -0.0807 0.222 0.2184, -0.0885 0.219 0.1856, -0.0885 0.219 0.2227, -0.0807 0.222 0.2227, -0.0815 0.2217 0.1856, -0.0798 0.2223 0.1533, -0.0987 0.2146 0.1856, -0.1048 0.2117 0.1863, -0.1091 0.2095 0.1879, -0.103 0.2126 0.1533, -0.1126 0.2076 0.1905, -0.1128 0.2075 0.1906, -0.1047 0.2117 0.222, -0.1092 0.2095 0.2204, -0.1128 0.2075 0.2179, -0.1131 0.2074 0.2178, -0.0798 0.2223 0.2227, -0.0798 0.2223 0.315, -0.0991 0.2144 0.2227, -0.1128 0.2075 0.0, -0.1128 0.2075 0.1268, -0.108 0.2101 0.1268, -0.0896 0.2185 0.12, -0.0876 0.2194 0.1171, -0.1159 0.2059 0.1941, -0.1131 0.2074 0.1908, -0.108 0.2101 0.1639, -0.091 0.218 0.1228, -0.0815 0.2217 0.1143, -0.0798 0.2223 0.0, -0.0832 0.2211 0.1145, -0.0851 0.2204 0.1152, -0.0867 0.2197 0.1162, -0.0664 0.2267 0.2184, -0.0664 0.2267 0.2065, -0.0798 0.2223 0.2184, -0.0796 0.2224 0.2065, -0.0796 0.2224 0.2023, -0.0664 0.2267 0.2023, -0.0664 0.2267 0.1898, -0.0708 0.2253 0.1275, -0.0683 0.2261 0.1266, -0.0785 0.2228 0.1147, -0.0645 0.2273 0.1262, -0.0605 0.2283 0.1266, -0.0499 0.2309 0.1495, -0.0506 0.2307 0.1474, -0.0573 0.2292 0.1325, -0.051 0.2307 0.1438, -0.0573 0.2292 0.1277, -0.051 0.2307 0.1268, -0.0799 0.2223 0.1144, -0.0798 0.2223 0.1144, -0.045 0.2319 0.0, -0.0463 0.2316 0.1309, -0.0462 0.2317 0.1309, -0.0463 0.2316 0.1268, -0.0451 0.2319 0.1293, -0.045 0.2319 0.1292, -0.0752 0.2239 0.134, -0.0751 0.224 0.133, -0.0798 0.2223 0.1185, -0.0749 0.224 0.132, -0.0743 0.2242 0.1306, -0.0734 0.2245 0.1294, -0.0722 0.2249 0.1283, -0.0785 0.2228 0.1188, -0.0797 0.2224 0.1185, -0.0454 0.2318 0.219, -0.045 0.2319 0.219, -0.045 0.2319 0.1893, -0.045 0.2319 0.315, -0.045 0.2319 0.2232, -0.0454 0.2318 0.2233, -0.0455 0.2318 0.2233, -0.0503 0.2308 0.2229, -0.0541 0.2299 0.2218, -0.0541 0.2299 0.2168, -0.0541 0.2299 0.1917, -0.0505 0.2308 0.1901, -0.0537 0.23 0.217, -0.0463 0.2316 0.1893, -0.05 0.2309 0.2184, -0.0477 0.2314 0.1522, -0.0489 0.2311 0.151, -0.0638 0.2274 0.1534, -0.0461 0.2317 0.153, -0.045 0.2319 0.1851, -0.0649 0.2271 0.13, -0.0651 0.2271 0.13, -0.0643 0.2273 0.1384, -0.0675 0.2264 0.1302, -0.0687 0.226 0.1307, -0.0691 0.2259 0.1309, -0.0697 0.2257 0.1314, -0.0699 0.2256 0.1317, -0.0674 0.2264 0.1372, -0.0701 0.2256 0.132, -0.0703 0.2255 0.1327, -0.0704 0.2255 0.1335, -0.0703 0.2255 0.1341, -0.0701 0.2256 0.1348, -0.0698 0.2257 0.1355, -0.0692 0.2259 0.1361, -0.0594 0.2286 0.1411, -0.0616 0.2281 0.1397, -0.0589 0.2287 0.1315, -0.0618 0.228 0.1303, -0.0575 0.2291 0.1444, -0.058 0.229 0.143, -0.0586 0.2288 0.1419, -0.0581 0.229 0.1494, -0.059 0.2287 0.1506, -0.0573 0.2292 0.1461, -0.0575 0.2291 0.1479, -0.0578 0.2291 0.1487, -0.0603 0.2284 0.1518, -0.0614 0.2281 0.1524, -0.0676 0.2263 0.1539, -0.0709 0.2253 0.1536, -0.0739 0.2244 0.1527, -0.0739 0.2244 0.1482, -0.0776 0.2231 0.1533, -0.0798 0.2223 0.1856, -0.0616 0.2281 0.1856, -0.0535 0.2301 0.1868, -0.0495 0.231 0.1855, -0.0616 0.2281 0.2227, -0.0541 0.2299 0.1871, -0.0622 0.2279 0.1473, -0.0621 0.2279 0.1465, -0.0628 0.2277 0.1478, -0.0635 0.2275 0.1491, -0.0628 0.2277 0.1485, -0.0624 0.2278 0.1479, -0.0645 0.2272 0.1497, -0.0658 0.2269 0.15, -0.0621 0.2279 0.1459, -0.0623 0.2279 0.1452, -0.0627 0.2278 0.1446, -0.0631 0.2276 0.1441, -0.0647 0.2272 0.1431, -0.0725 0.2248 0.1394, -0.0694 0.2258 0.1411, -0.073 0.2246 0.1487, -0.0676 0.2263 0.1418, -0.0704 0.2255 0.1497, -0.0672 0.2265 0.1501, -0.0736 0.2245 0.1384, -0.0737 0.2244 0.1382, -0.0745 0.2242 0.137, -0.075 0.224 0.1356, -0.0436 0.2322 0.1279, -0.0425 0.2324 0.1272, -0.0407 0.2327 0.1265, -0.0381 0.2331 0.1262, -0.0371 0.2333 0.1262, -0.035 0.2336 0.1266, -0.0333 0.2339 0.1273, -0.032 0.234 0.1283, -0.0253 0.2349 0.1268, -0.0316 0.2341 0.1287, -0.0306 0.2342 0.1301, -0.0253 0.2349 0.131, -0.03 0.2343 0.1316, -0.0297 0.2343 0.1339, -0.0298 0.2343 0.1344, -0.03 0.2343 0.1364, -0.0307 0.2342 0.1381, -0.0316 0.2341 0.1394, -0.033 0.2339 0.1406, -0.0323 0.234 0.1469, -0.035 0.2336 0.1417, -0.0355 0.2335 0.1489, -0.0385 0.2331 0.1425, -0.0385 0.2331 0.1499, -0.0437 0.2322 0.1496, -0.0426 0.2323 0.1499, -0.041 0.2326 0.1501, -0.045 0.2319 0.1434, -0.045 0.2319 0.1485, -0.0445 0.232 0.149, -0.009 0.236 0.1268, -0.009 0.236 0.0, -0.0101 0.236 0.1898, -0.0264 0.2347 0.2034, -0.0101 0.236 0.2227, -0.0265 0.2347 0.2054, -0.0326 0.234 0.2187, -0.0361 0.2335 0.2211, -0.0399 0.2328 0.2226, -0.0273 0.2346 0.2102, -0.0291 0.2344 0.2143, -0.0317 0.2341 0.2178, -0.009 0.236 0.2227, -0.009 0.236 0.315, -0.0053 0.2362 0.2227, -0.0053 0.2362 0.1856, -0.009 0.236 0.1856, -0.0376 0.2332 0.1859, -0.0341 0.2337 0.1876, -0.0249 0.2349 0.1856, -0.045 0.2319 0.1534, -0.0439 0.2321 0.185, -0.0417 0.2325 0.1851, -0.0312 0.2342 0.19, -0.0308 0.2342 0.1904, -0.0249 0.2349 0.1898, -0.0286 0.2345 0.1936, -0.0271 0.2347 0.1975, -0.0244 0.235 0.1639, -0.009 0.236 0.1639, -0.0244 0.235 0.1596, -0.0323 0.234 0.1514, -0.0332 0.2339 0.1519, -0.0366 0.2334 0.1533, -0.0414 0.2326 0.1539, -0.0442 0.2321 0.1536, -0.0101 0.236 0.1477, -0.0234 0.2351 0.1477, -0.0101 0.236 0.1596, -0.0234 0.2351 0.1435, -0.0101 0.236 0.1435, -0.0101 0.236 0.131, -0.0319 0.2341 0.2084, -0.0314 0.2341 0.2037, -0.0408 0.2327 0.2183, -0.0378 0.2332 0.217, -0.0353 0.2336 0.2149, -0.044 0.2321 0.2189, -0.0348 0.2336 0.2143, -0.0331 0.2339 0.2117, -0.0315 0.2341 0.2023, -0.0321 0.234 0.1986, -0.0333 0.2339 0.1956, -0.0351 0.2336 0.1931, -0.0358 0.2335 0.1925, -0.0382 0.2331 0.1907, -0.0408 0.2327 0.1897, -0.0446 0.232 0.1892, -0.0463 0.2316 0.1436, -0.0462 0.2317 0.1456, -0.0457 0.2318 0.1473, -0.0452 0.2319 0.1483, -0.0851 0.2204 0.1204, -0.0812 0.2218 0.1183, -0.0822 0.2214 0.1184, -0.0833 0.2211 0.1188, -0.0842 0.2207 0.1194, 0.2355 0.0181 0.315, 0.2362 0.0 0.315, 0.2362 0.0 0.0, 0.2355 -0.0181 0.0, 0.2355 0.0181 0.0, 0.23 0.0538 0.0, 0.23 0.0538 0.315, 0.2191 0.0883 0.0, 0.2191 0.0883 0.315, 0.2355 -0.0181 0.315, 0.23 -0.0538 0.315, 0.23 -0.0538 0.0, 0.2191 -0.0883 0.315, 0.2191 -0.0883 0.0, 0.203 -0.1207 0.315, 0.203 -0.1207 0.0, 0.1822 -0.1503 0.315, 0.1822 -0.1503 0.0, 0.1572 -0.1764 0.315, 0.1572 -0.1764 0.0, 0.1284 -0.1983 0.315, 0.1284 -0.1983 0.0, 0.0966 -0.2156 0.315, 0.0966 -0.2156 0.0, 0.0626 -0.2278 0.315, 0.0626 -0.2278 0.0, 0.0271 -0.2347 0.315, 0.0271 -0.2347 0.0, -0.009 -0.236 0.315, -0.009 -0.236 0.0, -0.045 -0.2319 0.315, -0.045 -0.2319 0.0, -0.0798 -0.2223 0.315, -0.0798 -0.2223 0.0, -0.1128 -0.2075 0.315, -0.1128 -0.2075 0.0, -0.1432 -0.1879 0.315, -0.1432 -0.1879 0.0, -0.1702 -0.1638 0.315, -0.1702 -0.1638 0.0, -0.1932 -0.1359 0.315, -0.1932 -0.1359 0.0, -0.2117 -0.1048 0.315, -0.2117 -0.1048 0.0, -0.2252 -0.0713 0.315, -0.2252 -0.0713 0.0, -0.2335 -0.0361 0.315, -0.2335 -0.0361 0.0, -0.2362 0.0 0.315, -0.2362 0.0 0.0, -0.2335 0.0361 0.315, -0.2335 0.0361 0.0, -0.2252 0.0713 0.315, -0.2252 0.0713 0.0, -0.2117 0.1048 0.0, -0.1952 0.133 0.1268, 0.0 0.0 0.0, -0.214 -0.0331 0.3346, -0.2137 -0.0347 0.6299, -0.2165 0.0 0.6299, -0.2136 -0.0347 0.3346, -0.2064 -0.0653 0.3346, -0.2054 -0.0686 0.6299, -0.2052 -0.0685 0.3346, -0.1941 -0.0961 0.3346, -0.1917 -0.1006 0.6299, -0.1914 -0.1005 0.3346, -0.1771 -0.1246 0.3346, -0.1731 -0.1301 0.6299, -0.1728 -0.1298 0.3346, -0.156 -0.1502 0.3346, -0.15 -0.1562 0.6299, -0.1497 -0.1558 0.3346, -0.1313 -0.1722 0.3346, -0.123 -0.1782 0.6299, -0.1227 -0.1778 0.3346, -0.1034 -0.1902 0.3346, -0.0928 -0.1956 0.6299, -0.0926 -0.1951 0.3346, -0.0732 -0.2038 0.3346, -0.0602 -0.208 0.6299, -0.0601 -0.2074 0.3346, -0.0412 -0.2126 0.3346, -0.0261 -0.215 0.6299, -0.026 -0.2143 0.3346, -0.0083 -0.2164 0.3346, 0.0087 -0.2164 0.6299, 0.0087 -0.2157 0.3346, 0.0248 -0.2151 0.3346, 0.0433 -0.2122 0.6299, 0.0432 -0.2115 0.3346, 0.0574 -0.2088 0.3346, 0.0768 -0.2025 0.6299, 0.0766 -0.2019 0.3346, 0.0886 -0.1976 0.3346, 0.1083 -0.1875 0.6299, 0.108 -0.187 0.3346, 0.1177 -0.1818 0.3346, 0.1369 -0.1677 0.6299, 0.1366 -0.1673 0.3346, 0.1441 -0.1617 0.3346, 0.1621 -0.1436 0.6299, 0.1618 -0.1433 0.3346, 0.1671 -0.1378 0.3346, 0.183 -0.1157 0.6299, 0.1827 -0.1155 0.3346, 0.1861 -0.1107 0.3346, 0.1992 -0.0849 0.6299, 0.199 -0.0847 0.3346, 0.2008 -0.0809 0.3346, 0.2102 -0.0518 0.6299, 0.2165 0.0 0.3346, 0.2159 0.0166 0.3346, 0.2165 0.0 0.6299, 0.2158 0.0174 0.6299, 0.2101 -0.0518 0.3346, 0.2108 -0.0493 0.3346, 0.2158 -0.0174 0.6299, 0.2158 -0.0174 0.3346, 0.2159 -0.0166 0.3346, 0.2158 0.0174 0.3346, 0.2108 0.0493 0.3346, 0.2102 0.0518 0.6299, 0.2101 0.0518 0.3346, 0.2008 0.0809 0.3346, 0.1992 0.0849 0.6299, 0.199 0.0847 0.3346, 0.1861 0.1107 0.3346, 0.183 0.1157 0.6299, 0.1827 0.1155 0.3346, 0.1671 0.1378 0.3346, 0.1621 0.1436 0.6299, 0.1618 0.1433 0.3346, 0.1441 0.1617 0.3346, 0.1369 0.1677 0.6299, 0.1366 0.1673 0.3346, 0.1177 0.1818 0.3346, 0.1083 0.1875 0.6299, 0.108 0.187 0.3346, 0.0886 0.1976 0.3346, 0.0768 0.2025 0.6299, 0.0766 0.2019 0.3346, 0.0574 0.2088 0.3346, 0.0433 0.2122 0.6299, 0.0432 0.2115 0.3346, 0.0248 0.2151 0.3346, 0.0087 0.2164 0.6299, 0.0087 0.2157 0.3346, -0.0083 0.2164 0.3346, -0.0261 0.215 0.6299, -0.026 0.2143 0.3346, -0.0412 0.2126 0.3346, -0.0602 0.208 0.6299, -0.0601 0.2074 0.3346, -0.0732 0.2038 0.3346, -0.0928 0.1956 0.6299, -0.0926 0.1951 0.3346, -0.1034 0.1902 0.3346, -0.123 0.1782 0.6299, -0.1227 0.1778 0.3346, -0.1313 0.1722 0.3346, -0.15 0.1562 0.6299, -0.1497 0.1558 0.3346, -0.156 0.1502 0.3346, -0.1731 0.1301 0.6299, -0.1728 0.1298 0.3346, -0.1771 0.1246 0.3346, -0.1917 0.1006 0.6299, -0.1914 0.1005 0.3346, -0.1941 0.0961 0.3346, -0.2054 0.0686 0.6299, -0.2052 0.0685 0.3346, -0.2064 0.0653 0.3346, -0.2137 0.0347 0.6299, -0.2136 0.0347 0.3346, -0.214 0.0331 0.3346, -0.2165 0.0 0.3346, 0.1046 -0.0898 0.6693, 0.1505 -0.099 0.6693, 0.1205 -0.0669 0.6693, 0.161 -0.0809 0.6693, 0.1315 -0.0413 0.6693, 0.0843 -0.109 0.6693, 0.0607 -0.1237 0.6693, 0.0901 -0.156 0.6693, 0.1076 -0.1445 0.6693, 0.1236 -0.131 0.6693, 0.138 -0.1158 0.6693, -0.1378 0.0 0.6693, -0.1789 -0.0209 0.6693, -0.135 -0.0277 0.6693, -0.1753 -0.0415 0.6693, -0.1266 -0.0543 0.6693, 0.007 -0.1376 0.6693, 0.0313 -0.1774 0.6693, 0.0345 -0.1334 0.6693, 0.0517 -0.1726 0.6693, 0.0714 -0.1654 0.6693, -0.0209 -0.1362 0.6693, -0.0105 -0.1798 0.6693, 0.0105 -0.1798 0.6693, -0.0949 -0.0999 0.6693, -0.1076 -0.1445 0.6693, -0.0729 -0.1169 0.6693, -0.0901 -0.156 0.6693, -0.0479 -0.1292 0.6693, 0.1371 0.0139 0.6693, 0.1753 0.0415 0.6693, 0.1315 0.0413 0.6693, 0.1693 0.0616 0.6693, 0.1205 0.0669 0.6693, 0.1693 -0.0616 0.6693, 0.1753 -0.0415 0.6693, 0.1371 -0.0139 0.6693, 0.1789 -0.0209 0.6693, 0.1378 0.0 0.6693, 0.1802 -0.0 0.6693, 0.1789 0.0209 0.6693, -0.0714 -0.1654 0.6693, -0.0517 -0.1726 0.6693, -0.0313 -0.1774 0.6693, 0.1236 0.131 0.6693, 0.0843 0.109 0.6693, 0.1046 0.0898 0.6693, -0.0105 0.1798 0.6693, -0.0209 0.1362 0.6693, 0.007 0.1376 0.6693, 0.1076 0.1445 0.6693, 0.0901 0.156 0.6693, 0.0607 0.1237 0.6693, 0.0714 0.1654 0.6693, 0.0345 0.1334 0.6693, 0.161 0.0809 0.6693, 0.1505 0.099 0.6693, 0.138 0.1158 0.6693, -0.1131 -0.0787 0.6693, -0.138 -0.1158 0.6693, -0.1236 -0.131 0.6693, -0.1693 -0.0616 0.6693, -0.161 -0.0809 0.6693, -0.1505 -0.099 0.6693, -0.135 0.0277 0.6693, -0.1789 0.0209 0.6693, -0.1802 0.0 0.6693, -0.1131 0.0787 0.6693, -0.161 0.0809 0.6693, -0.1266 0.0543 0.6693, -0.1693 0.0616 0.6693, -0.1753 0.0415 0.6693, -0.0949 0.0999 0.6693, -0.138 0.1158 0.6693, -0.1505 0.099 0.6693, -0.0729 0.1169 0.6693, -0.1076 0.1445 0.6693, -0.1236 0.131 0.6693, -0.0313 0.1774 0.6693, -0.0517 0.1726 0.6693, -0.0479 0.1292 0.6693, -0.0714 0.1654 0.6693, -0.0901 0.156 0.6693, 0.0517 0.1726 0.6693, 0.0313 0.1774 0.6693, 0.0105 0.1798 0.6693, -0.1874 0.0941 0.6486, -0.1856 0.0974 0.6486, -0.0602 0.2009 0.6486, -0.0583 0.2014 0.6486, -0.1439 -0.1526 0.6486, -0.1452 -0.1512 0.6486, -0.1987 -0.0663 0.6486, -0.2041 -0.0484 0.6486, -0.1856 -0.0974 0.6486, -0.1874 -0.0941 0.6486, -0.1971 -0.0717 0.6486, -0.1752 -0.1153 0.6486, -0.1674 -0.1258 0.6486, -0.1607 -0.1348 0.6486, -0.1253 -0.1682 0.6486, -0.119 -0.1724 0.6486, -0.0583 -0.2014 0.6486, -0.0602 -0.2009 0.6486, -0.0831 -0.1926 0.6486, -0.0898 -0.1892 0.6486, -0.1049 -0.1816 0.6486, -0.0364 -0.2066 0.6486, -0.0252 -0.2079 0.6486, 0.0084 -0.2094 0.6486, -0.0122 -0.2094 0.6486, 0.0364 -0.2066 0.6486, 0.0122 -0.2094 0.6486, 0.0831 -0.1926 0.6486, 0.0743 -0.1958 0.6486, 0.0602 -0.2009 0.6486, 0.0419 -0.2053 0.6486, 0.1049 -0.1816 0.6486, 0.1253 -0.1682 0.6486, 0.1324 -0.1622 0.6486, 0.1771 -0.112 0.6486, 0.1752 -0.1153 0.6486, 0.1607 -0.1348 0.6486, 0.1568 -0.1389 0.6486, 0.1439 -0.1526 0.6486, 0.1874 -0.0941 0.6486, 0.1926 -0.0821 0.6486, 0.2036 -0.0502 0.6486, 0.1971 -0.0717 0.6486, 0.2083 -0.0244 0.6486, 0.2041 -0.0484 0.6486, 0.2036 0.0502 0.6486, 0.2041 0.0484 0.6486, 0.2083 0.0244 0.6486, 0.2088 0.0169 0.6486, 0.2097 0.0 0.6486, 0.2088 -0.0169 0.6486, 0.1971 0.0717 0.6486, 0.1926 0.0821 0.6486, 0.1771 0.112 0.6486, 0.1874 0.0941 0.6486, 0.1607 0.1348 0.6486, 0.1752 0.1153 0.6486, 0.1253 0.1682 0.6486, 0.1324 0.1622 0.6486, 0.1439 0.1526 0.6486, 0.1568 0.1389 0.6486, 0.1049 0.1816 0.6486, 0.0831 0.1926 0.6486, 0.0743 0.1958 0.6486, 0.0084 0.2094 0.6486, 0.0122 0.2094 0.6486, 0.0364 0.2066 0.6486, 0.0419 0.2053 0.6486, 0.0602 0.2009 0.6486, -0.0122 0.2094 0.6486, -0.0252 0.2079 0.6486, -0.0364 0.2066 0.6486, -0.0831 0.1926 0.6486, -0.0898 0.1892 0.6486, -0.1452 0.1512 0.6486, -0.1439 0.1526 0.6486, -0.1253 0.1682 0.6486, -0.119 0.1724 0.6486, -0.1049 0.1816 0.6486, -0.1607 0.1348 0.6486, -0.1674 0.1258 0.6486, -0.1752 0.1153 0.6486, -0.1971 0.0717 0.6486, -0.1987 0.0663 0.6486, -0.2041 0.0484 0.6486, -0.2067 0.0336 0.6486, -0.2067 -0.0336 0.6486, -0.2083 -0.0244 0.6486, -0.2097 0.0 0.6486, -0.2083 0.0244 0.6486, 0.2049 0.0239 0.6554, 0.1938 0.0705 0.6554, 0.1843 0.0926 0.6554, 0.1723 0.1133 0.6554, 0.1415 0.15 0.6554, 0.0592 0.1976 0.6554, -0.012 0.2059 0.6554, -0.0592 0.1976 0.6554, -0.1031 0.1786 0.6554, -0.158 0.1326 0.6554, -0.1723 0.1133 0.6554, -0.1843 0.0926 0.6554, -0.2007 0.0476 0.6554, -0.2007 -0.0476 0.6554, -0.1723 -0.1133 0.6554, -0.1415 -0.15 0.6554, -0.1031 -0.1786 0.6554, -0.0358 -0.2031 0.6554, -0.012 -0.2059 0.6554, 0.012 -0.2059 0.6554, 0.0592 -0.1976 0.6554, 0.1415 -0.15 0.6554, 0.1843 -0.0926 0.6554, 0.1827 -0.0433 0.6684, 0.1865 -0.0218 0.6684, 0.1936 -0.0226 0.6656, 0.1878 0.0 0.6684, 0.1949 0.0 0.6656, 0.2012 0.0 0.6612, 0.1865 0.0218 0.6684, 0.1936 0.0226 0.6656, 0.1999 0.0234 0.6612, 0.1999 -0.0234 0.6612, 0.2049 -0.0239 0.6554, 0.2063 0.0 0.6554, 0.2007 -0.0476 0.6554, 0.1958 -0.0464 0.6612, 0.1897 -0.045 0.6656, 0.1764 -0.0642 0.6684, 0.1678 -0.0843 0.6684, 0.1832 -0.0667 0.6656, 0.1742 -0.0875 0.6656, 0.1891 -0.0688 0.6612, 0.1798 -0.0903 0.6612, 0.1938 -0.0705 0.6554, 0.1438 -0.1207 0.6684, 0.1289 -0.1366 0.6684, 0.1493 -0.1253 0.6656, 0.1338 -0.1418 0.6656, 0.1541 -0.1293 0.6612, 0.1381 -0.1464 0.6612, 0.158 -0.1326 0.6554, 0.0744 -0.1724 0.6684, 0.0539 -0.1799 0.6684, 0.0772 -0.179 0.6656, 0.0559 -0.1867 0.6656, 0.0797 -0.1848 0.6612, 0.0577 -0.1928 0.6612, 0.0817 -0.1894 0.6554, -0.0744 -0.1724 0.6684, -0.0939 -0.1626 0.6684, -0.0772 -0.179 0.6656, -0.0975 -0.1688 0.6656, -0.0797 -0.1848 0.6612, -0.1006 -0.1743 0.6612, -0.0817 -0.1894 0.6554, -0.1438 -0.1207 0.6684, -0.1569 -0.1032 0.6684, -0.1493 -0.1253 0.6656, -0.1629 -0.1071 0.6656, -0.1541 -0.1293 0.6612, -0.1681 -0.1106 0.6612, -0.158 -0.1326 0.6554, -0.1764 -0.0642 0.6684, -0.1827 -0.0433 0.6684, -0.1832 -0.0667 0.6656, -0.1897 -0.045 0.6656, -0.1891 -0.0688 0.6612, -0.1958 -0.0464 0.6612, -0.1938 -0.0705 0.6554, -0.1865 0.0218 0.6684, -0.1827 0.0433 0.6684, -0.1936 0.0226 0.6656, -0.1897 0.045 0.6656, -0.1999 0.0234 0.6612, -0.1958 0.0464 0.6612, -0.2049 0.0239 0.6554, -0.1121 0.1506 0.6684, -0.0939 0.1626 0.6684, -0.1164 0.1564 0.6656, -0.0975 0.1688 0.6656, -0.1202 0.1614 0.6612, -0.1006 0.1743 0.6612, -0.1232 0.1654 0.6554, -0.0326 0.1849 0.6684, -0.0109 0.1875 0.6684, -0.0339 0.192 0.6656, -0.0113 0.1946 0.6656, -0.0349 0.1982 0.6612, -0.0117 0.2009 0.6612, -0.0358 0.2031 0.6554, 0.0326 0.1849 0.6684, 0.0539 0.1799 0.6684, 0.0339 0.192 0.6656, 0.0559 0.1867 0.6656, 0.0349 0.1982 0.6612, 0.0577 0.1928 0.6612, 0.0358 0.2031 0.6554, 0.1121 0.1506 0.6684, 0.1289 0.1366 0.6684, 0.1164 0.1564 0.6656, 0.1338 0.1418 0.6656, 0.1202 0.1614 0.6612, 0.1381 0.1464 0.6612, 0.1232 0.1654 0.6554, 0.1723 -0.1133 0.6554, 0.1681 -0.1106 0.6612, 0.1629 -0.1071 0.6656, 0.1569 -0.1032 0.6684, 0.1232 -0.1654 0.6554, 0.1202 -0.1614 0.6612, 0.1164 -0.1564 0.6656, 0.1121 -0.1506 0.6684, 0.0939 -0.1626 0.6684, 0.0975 -0.1688 0.6656, 0.1006 -0.1743 0.6612, 0.1031 -0.1786 0.6554, 0.0358 -0.2031 0.6554, 0.0349 -0.1982 0.6612, 0.0339 -0.192 0.6656, 0.0326 -0.1849 0.6684, 0.0109 -0.1875 0.6684, 0.0113 -0.1946 0.6656, 0.0117 -0.2009 0.6612, -0.0117 -0.2009 0.6612, -0.0113 -0.1946 0.6656, -0.0109 -0.1875 0.6684, -0.0349 -0.1982 0.6612, -0.0339 -0.192 0.6656, -0.0326 -0.1849 0.6684, -0.0592 -0.1976 0.6554, -0.0577 -0.1928 0.6612, -0.0559 -0.1867 0.6656, -0.0539 -0.1799 0.6684, -0.1232 -0.1654 0.6554, -0.1202 -0.1614 0.6612, -0.1164 -0.1564 0.6656, -0.1121 -0.1506 0.6684, -0.1289 -0.1366 0.6684, -0.1338 -0.1418 0.6656, -0.1381 -0.1464 0.6612, -0.1843 -0.0926 0.6554, -0.1798 -0.0903 0.6612, -0.1742 -0.0875 0.6656, -0.1678 -0.0843 0.6684, -0.2049 -0.0239 0.6554, -0.1999 -0.0234 0.6612, -0.1936 -0.0226 0.6656, -0.1865 -0.0218 0.6684, -0.1878 0.0 0.6684, -0.1949 0.0 0.6656, -0.2012 0.0 0.6612, -0.2063 0.0 0.6554, -0.1938 0.0705 0.6554, -0.1891 0.0688 0.6612, -0.1832 0.0667 0.6656, -0.1764 0.0642 0.6684, -0.1678 0.0843 0.6684, -0.1742 0.0875 0.6656, -0.1798 0.0903 0.6612, -0.1681 0.1106 0.6612, -0.1629 0.1071 0.6656, -0.1569 0.1032 0.6684, -0.1541 0.1293 0.6612, -0.1493 0.1253 0.6656, -0.1438 0.1207 0.6684, -0.1415 0.15 0.6554, -0.1381 0.1464 0.6612, -0.1338 0.1418 0.6656, -0.1289 0.1366 0.6684, -0.0817 0.1894 0.6554, -0.0797 0.1848 0.6612, -0.0772 0.179 0.6656, -0.0744 0.1724 0.6684, -0.0539 0.1799 0.6684, -0.0559 0.1867 0.6656, -0.0577 0.1928 0.6612, 0.012 0.2059 0.6554, 0.0117 0.2009 0.6612, 0.0113 0.1946 0.6656, 0.0109 0.1875 0.6684, 0.0817 0.1894 0.6554, 0.0797 0.1848 0.6612, 0.0772 0.179 0.6656, 0.0744 0.1724 0.6684, 0.0939 0.1626 0.6684, 0.0975 0.1688 0.6656, 0.1006 0.1743 0.6612, 0.1031 0.1786 0.6554, 0.158 0.1326 0.6554, 0.1541 0.1293 0.6612, 0.1493 0.1253 0.6656, 0.1438 0.1207 0.6684, 0.1569 0.1032 0.6684, 0.1629 0.1071 0.6656, 0.1681 0.1106 0.6612, 0.1798 0.0903 0.6612, 0.1742 0.0875 0.6656, 0.1678 0.0843 0.6684, 0.1891 0.0688 0.6612, 0.1832 0.0667 0.6656, 0.1764 0.0642 0.6684, 0.2007 0.0476 0.6554, 0.1958 0.0464 0.6612, 0.1897 0.045 0.6656, 0.1827 0.0433 0.6684, -0.1364 -0.0196 0.8071, -0.1322 -0.0388 0.8071, -0.1346 -0.0277 0.8071, -0.1129 -0.0786 0.8071, -0.1159 -0.0745 0.8071, -0.1253 -0.0572 0.8071, -0.1265 -0.0543 0.8071, -0.1041 -0.0902 0.8071, -0.0947 -0.0997 0.8071, -0.0902 -0.1041 0.8071, -0.0745 -0.1159 0.8071, -0.0572 -0.1253 0.8071, -0.0728 -0.1168 0.8071, -0.0388 -0.1322 0.8071, -0.0477 -0.1289 0.8071, 0.007 -0.1373 0.8071, -0.0 -0.1378 0.8071, -0.0196 -0.1364 0.8071, -0.0208 -0.1361 0.8071, 0.0196 -0.1364 0.8071, 0.0345 -0.1332 0.8071, 0.0388 -0.1322 0.8071, 0.0572 -0.1253 0.8071, 0.0745 -0.1159 0.8071, 0.0606 -0.1235 0.8071, 0.1041 -0.0902 0.8071, 0.0902 -0.1041 0.8071, 0.0841 -0.1087 0.8071, 0.1045 -0.0897 0.8071, 0.1159 -0.0745 0.8071, 0.1202 -0.0667 0.8071, 0.1253 -0.0572 0.8071, 0.1313 -0.0412 0.8071, 0.1322 -0.0388 0.8071, 0.1364 -0.0196 0.8071, 0.1313 0.0412 0.8071, 0.1322 0.0388 0.8071, 0.1364 0.0196 0.8071, 0.1368 0.0139 0.8071, 0.1378 0.0 0.8071, 0.1368 -0.0139 0.8071, 0.1253 0.0572 0.8071, 0.1202 0.0667 0.8071, 0.1159 0.0745 0.8071, 0.1045 0.0897 0.8071, 0.1041 0.0902 0.8071, 0.0902 0.1041 0.8071, 0.0745 0.1159 0.8071, 0.0841 0.1087 0.8071, 0.0345 0.1332 0.8071, 0.0388 0.1322 0.8071, 0.0572 0.1253 0.8071, 0.0606 0.1235 0.8071, 0.0196 0.1364 0.8071, 0.007 0.1373 0.8071, 0.0 0.1378 0.8071, -0.0196 0.1364 0.8071, -0.0388 0.1322 0.8071, -0.0208 0.1361 0.8071, -0.0572 0.1253 0.8071, -0.0477 0.1289 0.8071, -0.0947 0.0997 0.8071, -0.0902 0.1041 0.8071, -0.0745 0.1159 0.8071, -0.0728 0.1168 0.8071, -0.1041 0.0902 0.8071, -0.1129 0.0786 0.8071, -0.1159 0.0745 0.8071, -0.1253 0.0572 0.8071, -0.1322 0.0388 0.8071, -0.1265 0.0543 0.8071, -0.1378 0.0 0.8071, -0.1364 0.0196 0.8071, -0.1346 0.0277 0.8071, 0.135 0.0194 0.8267, 0.1241 0.0567 0.8267, 0.1147 0.0737 0.8267, 0.1031 0.0893 0.8267, 0.0737 0.1147 0.8267, 0.0567 0.1241 0.8267, 0.0194 0.135 0.8267, -0.0 0.1364 0.8267, -0.0384 0.1309 0.8267, -0.0567 0.1241 0.8267, -0.0737 0.1147 0.8267, -0.1031 0.0893 0.8267, -0.1147 0.0737 0.8267, -0.1309 0.0384 0.8267, -0.135 0.0194 0.8267, -0.1309 -0.0384 0.8267, -0.1241 -0.0567 0.8267, -0.1031 -0.0893 0.8267, -0.0893 -0.1031 0.8267, -0.0567 -0.1241 0.8267, -0.0384 -0.1309 0.8267, -0.0194 -0.135 0.8267, 0.0194 -0.135 0.8267, 0.0384 -0.1309 0.8267, 0.0737 -0.1147 0.8267, 0.0893 -0.1031 0.8267, 0.1147 -0.0737 0.8267, 0.1241 -0.0567 0.8267, 0.1309 -0.0384 0.8267, 0.1364 0.0 0.8267, 0.0293 -0.0254 0.9393, 0.0148 -0.0128 0.9435, 0.0128 -0.0148 0.9435, 0.0 0.0 0.9449, 0.0165 -0.0106 0.9435, 0.0327 -0.021 0.9393, 0.0482 -0.0309 0.9324, 0.0178 -0.0081 0.9435, 0.0353 -0.0161 0.9393, 0.0521 -0.0238 0.9324, 0.0678 -0.0309 0.923, 0.0188 -0.0055 0.9435, 0.0372 -0.0109 0.9393, 0.0549 -0.0161 0.9324, 0.0715 -0.021 0.923, 0.0866 -0.0254 0.9112, 0.0194 -0.0028 0.9435, 0.0384 -0.0055 0.9393, 0.0567 -0.0081 0.9324, 0.0737 -0.0106 0.923, 0.0893 -0.0128 0.9112, 0.1031 -0.0148 0.8973, 0.0196 0.0 0.9435, 0.0388 0.0 0.9393, 0.0572 0.0 0.9324, 0.0745 0.0 0.923, 0.0902 0.0 0.9112, 0.1041 0.0 0.8973, 0.1159 0.0 0.8816, 0.135 -0.0194 0.8267, 0.1309 -0.0188 0.8459, 0.1322 0.0 0.8459, 0.1241 -0.0178 0.8643, 0.1253 0.0 0.8643, 0.1147 -0.0165 0.8816, 0.1269 -0.0372 0.8459, 0.1203 -0.0353 0.8643, 0.1112 -0.0327 0.8816, 0.0999 -0.0293 0.8973, 0.1203 -0.0549 0.8459, 0.114 -0.0521 0.8643, 0.1054 -0.0482 0.8816, 0.0947 -0.0433 0.8973, 0.0821 -0.0375 0.9112, 0.1112 -0.0715 0.8459, 0.1054 -0.0678 0.8643, 0.0975 -0.0627 0.8816, 0.0876 -0.0563 0.8973, 0.0759 -0.0488 0.9112, 0.0627 -0.0403 0.923, 0.1031 -0.0893 0.8267, 0.0999 -0.0866 0.8459, 0.0947 -0.0821 0.8643, 0.0876 -0.0759 0.8816, 0.0787 -0.0682 0.8973, 0.0682 -0.0591 0.9112, 0.0563 -0.0488 0.923, 0.0433 -0.0375 0.9324, 0.0866 -0.0999 0.8459, 0.0821 -0.0947 0.8643, 0.0759 -0.0876 0.8816, 0.0682 -0.0787 0.8973, 0.0591 -0.0682 0.9112, 0.0488 -0.0563 0.923, 0.0375 -0.0433 0.9324, 0.0254 -0.0293 0.9393, 0.0715 -0.1112 0.8459, 0.0678 -0.1054 0.8643, 0.0627 -0.0975 0.8816, 0.0563 -0.0876 0.8973, 0.0488 -0.0759 0.9112, 0.0403 -0.0627 0.923, 0.0309 -0.0482 0.9324, 0.021 -0.0327 0.9393, 0.0106 -0.0165 0.9435, 0.0567 -0.1241 0.8267, 0.0549 -0.1203 0.8459, 0.0521 -0.114 0.8643, 0.0482 -0.1054 0.8816, 0.0433 -0.0947 0.8973, 0.0375 -0.0821 0.9112, 0.0309 -0.0678 0.923, 0.0238 -0.0521 0.9324, 0.0161 -0.0353 0.9393, 0.0081 -0.0178 0.9435, 0.0372 -0.1269 0.8459, 0.0353 -0.1203 0.8643, 0.0327 -0.1112 0.8816, 0.0293 -0.0999 0.8973, 0.0254 -0.0866 0.9112, 0.021 -0.0715 0.923, 0.0161 -0.0549 0.9324, 0.0109 -0.0372 0.9393, 0.0055 -0.0188 0.9435, 0.0188 -0.1309 0.8459, 0.0178 -0.1241 0.8643, 0.0165 -0.1147 0.8816, 0.0148 -0.1031 0.8973, 0.0128 -0.0893 0.9112, 0.0106 -0.0737 0.923, 0.0081 -0.0567 0.9324, 0.0055 -0.0384 0.9393, 0.0028 -0.0194 0.9435, 0.0 -0.1364 0.8267, 0.0 -0.1322 0.8459, 0.0 -0.1253 0.8643, 0.0 -0.1159 0.8816, 0.0 -0.1041 0.8973, 0.0 -0.0902 0.9112, 0.0 -0.0745 0.923, 0.0 -0.0572 0.9324, 0.0 -0.0388 0.9393, 0.0 -0.0196 0.9435, -0.0188 -0.1309 0.8459, -0.0178 -0.1241 0.8643, -0.0165 -0.1147 0.8816, -0.0148 -0.1031 0.8973, -0.0128 -0.0893 0.9112, -0.0106 -0.0737 0.923, -0.0081 -0.0567 0.9324, -0.0055 -0.0384 0.9393, -0.0028 -0.0194 0.9435, -0.0372 -0.1269 0.8459, -0.0353 -0.1203 0.8643, -0.0327 -0.1112 0.8816, -0.0293 -0.0999 0.8973, -0.0254 -0.0866 0.9112, -0.021 -0.0715 0.923, -0.0161 -0.0549 0.9324, -0.0109 -0.0372 0.9393, -0.0055 -0.0188 0.9435, -0.0549 -0.1203 0.8459, -0.0521 -0.114 0.8643, -0.0482 -0.1054 0.8816, -0.0433 -0.0947 0.8973, -0.0375 -0.0821 0.9112, -0.0309 -0.0678 0.923, -0.0238 -0.0521 0.9324, -0.0161 -0.0353 0.9393, -0.0081 -0.0178 0.9435, -0.0737 -0.1147 0.8267, -0.0715 -0.1112 0.8459, -0.0678 -0.1054 0.8643, -0.0627 -0.0975 0.8816, -0.0563 -0.0876 0.8973, -0.0488 -0.0759 0.9112, -0.0403 -0.0627 0.923, -0.0309 -0.0482 0.9324, -0.021 -0.0327 0.9393, -0.0106 -0.0165 0.9435, -0.0866 -0.0999 0.8459, -0.0821 -0.0947 0.8643, -0.0759 -0.0876 0.8816, -0.0682 -0.0787 0.8973, -0.0591 -0.0682 0.9112, -0.0488 -0.0563 0.923, -0.0375 -0.0433 0.9324, -0.0254 -0.0293 0.9393, -0.0128 -0.0148 0.9435, -0.0999 -0.0866 0.8459, -0.0947 -0.0821 0.8643, -0.0876 -0.0759 0.8816, -0.0787 -0.0682 0.8973, -0.0682 -0.0591 0.9112, -0.0563 -0.0488 0.923, -0.0433 -0.0375 0.9324, -0.0293 -0.0254 0.9393, -0.0148 -0.0128 0.9435, -0.1147 -0.0737 0.8267, -0.1112 -0.0715 0.8459, -0.1054 -0.0678 0.8643, -0.0975 -0.0627 0.8816, -0.0876 -0.0563 0.8973, -0.0759 -0.0488 0.9112, -0.0627 -0.0403 0.923, -0.0482 -0.0309 0.9324, -0.0327 -0.021 0.9393, -0.0165 -0.0106 0.9435, -0.1203 -0.0549 0.8459, -0.114 -0.0521 0.8643, -0.1054 -0.0482 0.8816, -0.0947 -0.0433 0.8973, -0.0821 -0.0375 0.9112, -0.0678 -0.0309 0.923, -0.0521 -0.0238 0.9324, -0.0353 -0.0161 0.9393, -0.0178 -0.0081 0.9435, -0.1269 -0.0372 0.8459, -0.1203 -0.0353 0.8643, -0.1112 -0.0327 0.8816, -0.0999 -0.0293 0.8973, -0.0866 -0.0254 0.9112, -0.0715 -0.021 0.923, -0.0549 -0.0161 0.9324, -0.0372 -0.0109 0.9393, -0.0188 -0.0055 0.9435, -0.135 -0.0194 0.8267, -0.1309 -0.0188 0.8459, -0.1241 -0.0178 0.8643, -0.1147 -0.0165 0.8816, -0.1031 -0.0148 0.8973, -0.0893 -0.0128 0.9112, -0.0737 -0.0106 0.923, -0.0567 -0.0081 0.9324, -0.0384 -0.0055 0.9393, -0.0194 -0.0028 0.9435, -0.1364 -0.0 0.8267, -0.1322 -0.0 0.8459, -0.1253 -0.0 0.8643, -0.1159 -0.0 0.8816, -0.1041 -0.0 0.8973, -0.0902 -0.0 0.9112, -0.0745 -0.0 0.923, -0.0572 -0.0 0.9324, -0.0388 -0.0 0.9393, -0.0196 -0.0 0.9435, -0.1309 0.0188 0.8459, -0.1241 0.0178 0.8643, -0.1147 0.0165 0.8816, -0.1031 0.0148 0.8973, -0.0893 0.0128 0.9112, -0.0737 0.0106 0.923, -0.0567 0.0081 0.9324, -0.0384 0.0055 0.9393, -0.0194 0.0028 0.9435, -0.1269 0.0372 0.8459, -0.1203 0.0353 0.8643, -0.1112 0.0327 0.8816, -0.0999 0.0293 0.8973, -0.0866 0.0254 0.9112, -0.0715 0.021 0.923, -0.0549 0.0161 0.9324, -0.0372 0.0109 0.9393, -0.0188 0.0055 0.9435, -0.1241 0.0567 0.8267, -0.1203 0.0549 0.8459, -0.114 0.0521 0.8643, -0.1054 0.0482 0.8816, -0.0947 0.0433 0.8973, -0.0821 0.0375 0.9112, -0.0678 0.0309 0.923, -0.0521 0.0238 0.9324, -0.0353 0.0161 0.9393, -0.0178 0.0081 0.9435, -0.1112 0.0715 0.8459, -0.1054 0.0678 0.8643, -0.0975 0.0627 0.8816, -0.0876 0.0563 0.8973, -0.0759 0.0488 0.9112, -0.0627 0.0403 0.923, -0.0482 0.0309 0.9324, -0.0327 0.021 0.9393, -0.0165 0.0106 0.9435, -0.0999 0.0866 0.8459, -0.0947 0.0821 0.8643, -0.0876 0.0759 0.8816, -0.0787 0.0682 0.8973, -0.0682 0.0591 0.9112, -0.0563 0.0488 0.923, -0.0433 0.0375 0.9324, -0.0293 0.0254 0.9393, -0.0148 0.0128 0.9435, -0.0893 0.1031 0.8267, -0.0866 0.0999 0.8459, -0.0821 0.0947 0.8643, -0.0759 0.0876 0.8816, -0.0682 0.0787 0.8973, -0.0591 0.0682 0.9112, -0.0488 0.0563 0.923, -0.0375 0.0433 0.9324, -0.0254 0.0293 0.9393, -0.0128 0.0148 0.9435, -0.0715 0.1112 0.8459, -0.0678 0.1054 0.8643, -0.0627 0.0975 0.8816, -0.0563 0.0876 0.8973, -0.0488 0.0759 0.9112, -0.0403 0.0627 0.923, -0.0309 0.0482 0.9324, -0.021 0.0327 0.9393, -0.0106 0.0165 0.9435, -0.0549 0.1203 0.8459, -0.0521 0.114 0.8643, -0.0482 0.1054 0.8816, -0.0433 0.0947 0.8973, -0.0375 0.0821 0.9112, -0.0309 0.0678 0.923, -0.0238 0.0521 0.9324, -0.0161 0.0353 0.9393, -0.0081 0.0178 0.9435, -0.0372 0.1269 0.8459, -0.0353 0.1203 0.8643, -0.0327 0.1112 0.8816, -0.0293 0.0999 0.8973, -0.0254 0.0866 0.9112, -0.021 0.0715 0.923, -0.0161 0.0549 0.9324, -0.0109 0.0372 0.9393, -0.0055 0.0188 0.9435, -0.0194 0.135 0.8267, -0.0188 0.1309 0.8459, -0.0178 0.1241 0.8643, -0.0165 0.1147 0.8816, -0.0148 0.1031 0.8973, -0.0128 0.0893 0.9112, -0.0106 0.0737 0.923, -0.0081 0.0567 0.9324, -0.0055 0.0384 0.9393, -0.0028 0.0194 0.9435, -0.0 0.1322 0.8459, -0.0 0.1253 0.8643, -0.0 0.1159 0.8816, -0.0 0.1041 0.8973, -0.0 0.0902 0.9112, -0.0 0.0745 0.923, -0.0 0.0572 0.9324, -0.0 0.0388 0.9393, -0.0 0.0196 0.9435, 0.0188 0.1309 0.8459, 0.0178 0.1241 0.8643, 0.0165 0.1147 0.8816, 0.0148 0.1031 0.8973, 0.0128 0.0893 0.9112, 0.0106 0.0737 0.923, 0.0081 0.0567 0.9324, 0.0055 0.0384 0.9393, 0.0028 0.0194 0.9435, 0.0384 0.1309 0.8267, 0.0372 0.1269 0.8459, 0.0353 0.1203 0.8643, 0.0327 0.1112 0.8816, 0.0293 0.0999 0.8973, 0.0254 0.0866 0.9112, 0.021 0.0715 0.923, 0.0161 0.0549 0.9324, 0.0109 0.0372 0.9393, 0.0055 0.0188 0.9435, 0.0549 0.1203 0.8459, 0.0521 0.114 0.8643, 0.0482 0.1054 0.8816, 0.0433 0.0947 0.8973, 0.0375 0.0821 0.9112, 0.0309 0.0678 0.923, 0.0238 0.0521 0.9324, 0.0161 0.0353 0.9393, 0.0081 0.0178 0.9435, 0.0715 0.1112 0.8459, 0.0678 0.1054 0.8643, 0.0627 0.0975 0.8816, 0.0563 0.0876 0.8973, 0.0488 0.0759 0.9112, 0.0403 0.0627 0.923, 0.0309 0.0482 0.9324, 0.021 0.0327 0.9393, 0.0106 0.0165 0.9435, 0.0893 0.1031 0.8267, 0.0866 0.0999 0.8459, 0.0821 0.0947 0.8643, 0.0759 0.0876 0.8816, 0.0682 0.0787 0.8973, 0.0591 0.0682 0.9112, 0.0488 0.0563 0.923, 0.0375 0.0433 0.9324, 0.0254 0.0293 0.9393, 0.0128 0.0148 0.9435, 0.0999 0.0866 0.8459, 0.0947 0.0821 0.8643, 0.0876 0.0759 0.8816, 0.0787 0.0682 0.8973, 0.0682 0.0591 0.9112, 0.0563 0.0488 0.923, 0.0433 0.0375 0.9324, 0.0293 0.0254 0.9393, 0.0148 0.0128 0.9435, 0.1112 0.0715 0.8459, 0.1054 0.0678 0.8643, 0.0975 0.0627 0.8816, 0.0876 0.0563 0.8973, 0.0759 0.0488 0.9112, 0.0627 0.0403 0.923, 0.0482 0.0309 0.9324, 0.0327 0.021 0.9393, 0.0165 0.0106 0.9435, 0.1203 0.0549 0.8459, 0.114 0.0521 0.8643, 0.1054 0.0482 0.8816, 0.0947 0.0433 0.8973, 0.0821 0.0375 0.9112, 0.0678 0.0309 0.923, 0.0521 0.0238 0.9324, 0.0353 0.0161 0.9393, 0.0178 0.0081 0.9435, 0.1309 0.0384 0.8267, 0.1269 0.0372 0.8459, 0.1203 0.0353 0.8643, 0.1112 0.0327 0.8816, 0.0999 0.0293 0.8973, 0.0866 0.0254 0.9112, 0.0715 0.021 0.923, 0.0549 0.0161 0.9324, 0.0372 0.0109 0.9393, 0.0188 0.0055 0.9435, 0.1309 0.0188 0.8459, 0.1241 0.0178 0.8643, 0.1147 0.0165 0.8816, 0.1031 0.0148 0.8973, 0.0893 0.0128 0.9112, 0.0737 0.0106 0.923, 0.0567 0.0081 0.9324, 0.0384 0.0055 0.9393, 0.0194 0.0028 0.9435, 0.0194 0.0028 0.9435
            ]
        }
        coordIndex [
            0,1,2,-1,3,4,5,-1,6,7,8,-1,9,10,11,-1,12,13,11,-1,11,13,14,-1,15,9,16,-1,16,9,11,-1,16,11,17,-1,17,11,14,-1,10,18,11,-1,11,18,19,-1,11,19,20,-1,12,21,22,-1,22,23,12,-1,12,23,24,-1,12,24,25,-1,25,26,12,-1,12,26,27,-1,12,27,13,-1,28,29,30,-1,30,29,31,-1,31,32,30,-1,30,32,33,-1,30,33,21,-1,21,33,34,-1,21,34,22,-1,35,36,37,-1,28,30,38,-1,38,30,35,-1,38,35,39,-1,39,35,37,-1,39,37,40,-1,41,42,43,-1,42,44,43,-1,43,44,45,-1,43,45,35,-1,35,45,46,-1,35,46,36,-1,47,48,49,-1,48,50,49,-1,49,50,51,-1,49,51,52,-1,53,54,55,-1,55,54,56,-1,55,56,57,-1,57,58,55,-1,55,58,59,-1,55,59,43,-1,43,59,60,-1,43,60,41,-1,61,62,63,-1,63,62,64,-1,63,64,65,-1,65,66,63,-1,63,66,67,-1,63,67,49,-1,49,67,68,-1,49,68,47,-1,69,70,71,-1,71,70,72,-1,71,72,63,-1,63,72,73,-1,63,73,61,-1,74,75,76,-1,76,75,77,-1,76,77,71,-1,71,77,78,-1,71,78,69,-1,79,80,81,-1,82,83,84,-1,81,85,79,-1,79,85,86,-1,79,86,84,-1,84,86,87,-1,84,87,82,-1,83,88,84,-1,84,88,89,-1,84,89,76,-1,76,89,90,-1,76,90,74,-1,8,91,92,-1,92,93,8,-1,8,93,94,-1,8,94,95,-1,96,91,97,-1,97,91,98,-1,96,99,91,-1,91,99,100,-1,91,100,92,-1,101,102,84,-1,84,102,103,-1,103,104,84,-1,84,104,105,-1,84,105,106,-1,107,108,79,-1,106,109,84,-1,84,109,110,-1,84,110,79,-1,79,110,111,-1,79,111,107,-1,108,112,79,-1,79,112,113,-1,79,113,114,-1,114,115,79,-1,79,115,116,-1,79,116,98,-1,98,116,117,-1,98,117,118,-1,118,119,98,-1,98,119,120,-1,98,120,121,-1,122,97,123,-1,123,97,98,-1,123,98,124,-1,124,98,121,-1,125,126,127,-1,127,126,6,-1,127,6,128,-1,128,6,8,-1,128,8,129,-1,129,8,95,-1,130,131,132,-1,130,132,133,-1,125,134,126,-1,126,134,135,-1,126,135,132,-1,132,135,136,-1,132,136,133,-1,137,138,139,-1,139,138,140,-1,139,140,141,-1,141,140,142,-1,142,140,143,-1,143,140,144,-1,143,144,145,-1,145,144,146,-1,145,146,131,-1,131,146,147,-1,131,147,132,-1,148,149,150,-1,150,149,151,-1,150,151,152,-1,152,153,150,-1,150,153,154,-1,150,154,155,-1,148,150,156,-1,156,150,157,-1,156,157,158,-1,139,159,137,-1,137,159,160,-1,137,160,161,-1,161,162,137,-1,137,162,163,-1,137,163,157,-1,157,163,164,-1,157,164,158,-1,123,165,122,-1,122,165,166,-1,122,166,167,-1,167,168,122,-1,122,168,169,-1,122,169,170,-1,170,169,171,-1,172,173,170,-1,170,173,174,-1,170,174,122,-1,171,175,170,-1,170,175,176,-1,170,176,177,-1,177,178,170,-1,170,178,179,-1,170,179,172,-1,180,181,182,-1,182,181,183,-1,182,183,101,-1,101,183,184,-1,101,184,102,-1,185,186,182,-1,182,186,187,-1,182,187,180,-1,188,189,190,-1,190,189,191,-1,192,193,194,-1,192,194,195,-1,196,197,198,-1,197,199,198,-1,198,199,200,-1,198,200,201,-1,202,203,204,-1,204,203,205,-1,204,205,206,-1,202,207,203,-1,203,207,208,-1,203,208,209,-1,209,210,203,-1,203,210,211,-1,203,211,212,-1,213,214,193,-1,193,214,215,-1,193,215,216,-1,216,217,193,-1,193,217,218,-1,193,218,219,-1,219,218,220,-1,219,220,221,-1,222,223,224,-1,224,223,225,-1,221,196,219,-1,219,196,198,-1,219,198,226,-1,226,198,227,-1,226,227,225,-1,225,227,228,-1,225,228,224,-1,194,229,195,-1,195,229,230,-1,195,230,231,-1,231,230,232,-1,233,234,235,-1,235,236,237,-1,237,236,238,-1,239,240,241,-1,242,238,243,-1,243,238,236,-1,243,236,241,-1,241,236,206,-1,241,206,239,-1,239,206,205,-1,239,205,244,-1,245,246,247,-1,247,246,248,-1,247,248,249,-1,249,250,247,-1,247,250,251,-1,247,251,243,-1,243,251,252,-1,243,252,253,-1,254,255,247,-1,247,256,254,-1,254,256,257,-1,254,257,192,-1,192,257,203,-1,192,203,193,-1,193,203,212,-1,193,212,213,-1,258,259,260,-1,260,259,261,-1,260,261,262,-1,260,233,258,-1,258,233,235,-1,258,235,263,-1,263,235,237,-1,263,237,5,-1,5,237,264,-1,5,264,3,-1,265,266,267,-1,267,266,268,-1,268,269,267,-1,267,269,270,-1,267,270,271,-1,272,273,274,-1,273,275,274,-1,274,275,276,-1,274,276,277,-1,273,278,275,-1,275,278,279,-1,275,279,280,-1,280,279,271,-1,280,271,281,-1,281,271,270,-1,281,270,282,-1,282,270,283,-1,282,283,284,-1,284,283,285,-1,286,287,255,-1,255,287,288,-1,255,288,247,-1,247,288,289,-1,247,289,245,-1,290,277,291,-1,291,277,276,-1,291,276,255,-1,255,276,292,-1,255,292,286,-1,201,235,198,-1,198,235,234,-1,198,234,293,-1,293,234,294,-1,293,294,295,-1,296,297,295,-1,253,298,243,-1,243,298,299,-1,243,299,242,-1,242,299,285,-1,242,285,300,-1,300,285,283,-1,300,283,295,-1,295,283,301,-1,295,301,296,-1,302,303,304,-1,304,303,293,-1,304,293,305,-1,305,293,295,-1,305,295,306,-1,306,295,297,-1,307,308,309,-1,309,308,310,-1,309,310,311,-1,312,313,311,-1,311,313,272,-1,311,272,309,-1,309,272,274,-1,314,315,316,-1,316,315,317,-1,316,317,318,-1,319,320,321,-1,321,320,322,-1,321,322,323,-1,323,322,324,-1,323,324,318,-1,302,325,303,-1,303,325,326,-1,303,326,327,-1,327,326,316,-1,328,329,330,-1,330,329,331,-1,318,324,316,-1,316,324,330,-1,316,330,327,-1,327,330,331,-1,327,331,332,-1,333,334,335,-1,334,336,335,-1,335,336,337,-1,335,337,338,-1,314,316,339,-1,339,316,340,-1,339,340,338,-1,338,340,341,-1,338,341,335,-1,342,343,344,-1,291,345,346,-1,346,347,291,-1,291,347,348,-1,291,348,349,-1,349,350,291,-1,291,350,351,-1,291,351,352,-1,352,351,353,-1,353,351,354,-1,353,354,355,-1,355,354,344,-1,344,354,356,-1,344,356,342,-1,357,358,359,-1,360,357,361,-1,362,363,364,-1,363,365,364,-1,364,365,366,-1,364,366,367,-1,367,368,364,-1,364,368,369,-1,364,369,370,-1,370,369,371,-1,371,372,370,-1,370,372,373,-1,370,373,374,-1,374,375,370,-1,370,375,376,-1,370,376,377,-1,378,321,379,-1,379,321,380,-1,379,380,364,-1,364,380,381,-1,364,381,362,-1,382,319,383,-1,383,319,321,-1,383,321,384,-1,384,321,378,-1,385,386,358,-1,382,387,319,-1,319,387,388,-1,319,388,358,-1,358,388,389,-1,358,389,385,-1,386,390,358,-1,358,390,391,-1,358,391,359,-1,357,359,361,-1,361,359,392,-1,361,392,393,-1,394,395,396,-1,396,395,2,-1,278,397,279,-1,279,397,398,-1,279,398,396,-1,399,400,398,-1,398,400,361,-1,398,361,396,-1,396,361,393,-1,396,393,394,-1,290,291,401,-1,401,291,352,-1,401,352,398,-1,398,352,402,-1,398,402,399,-1,403,404,405,-1,406,407,405,-1,405,407,408,-1,405,408,403,-1,406,405,409,-1,409,405,404,-1,409,404,410,-1,410,404,411,-1,410,411,412,-1,412,413,410,-1,410,413,414,-1,410,414,415,-1,416,395,417,-1,417,395,418,-1,417,418,419,-1,419,418,420,-1,419,420,415,-1,415,420,421,-1,415,421,410,-1,416,422,395,-1,395,422,423,-1,395,423,424,-1,424,425,395,-1,395,425,333,-1,395,333,2,-1,332,426,327,-1,327,426,427,-1,327,427,428,-1,428,429,327,-1,327,429,430,-1,327,430,431,-1,432,433,434,-1,433,435,434,-1,434,435,436,-1,434,436,437,-1,437,436,438,-1,437,438,439,-1,439,440,437,-1,437,440,441,-1,437,441,442,-1,443,444,445,-1,445,444,446,-1,445,446,447,-1,447,446,448,-1,447,448,449,-1,450,451,448,-1,448,451,452,-1,448,452,449,-1,453,454,448,-1,448,454,455,-1,448,455,450,-1,189,185,191,-1,191,185,182,-1,191,182,456,-1,456,182,457,-1,456,457,434,-1,434,457,327,-1,434,327,432,-1,432,327,431,-1,458,459,460,-1,460,459,461,-1,462,463,345,-1,345,463,464,-1,345,464,346,-1,461,465,460,-1,460,465,466,-1,460,466,467,-1,467,462,460,-1,460,462,345,-1,460,345,468,-1,468,345,469,-1,468,469,470,-1,470,469,11,-1,470,11,471,-1,471,11,20,-1,471,20,472,-1,473,474,475,-1,360,361,476,-1,476,361,477,-1,476,477,478,-1,474,479,475,-1,475,479,480,-1,475,480,481,-1,481,480,482,-1,481,482,458,-1,458,482,483,-1,458,483,459,-1,484,475,485,-1,485,475,472,-1,485,472,190,-1,190,472,20,-1,190,20,188,-1,486,487,484,-1,484,487,488,-1,484,488,475,-1,475,488,489,-1,475,489,490,-1,478,473,476,-1,476,473,475,-1,476,475,491,-1,491,475,490,-1,492,493,494,-1,494,493,486,-1,486,493,487,-1,487,493,495,-1,487,495,445,-1,496,497,495,-1,495,497,437,-1,495,437,445,-1,445,437,442,-1,445,442,443,-1,498,499,343,-1,500,501,502,-1,500,502,503,-1,503,502,504,-1,503,504,343,-1,343,504,505,-1,343,505,498,-1,499,506,343,-1,343,506,507,-1,343,507,508,-1,508,509,343,-1,343,509,510,-1,343,510,511,-1,511,512,343,-1,343,512,513,-1,343,513,344,-1,453,514,515,-1,515,516,453,-1,453,516,517,-1,453,517,454,-1,0,2,518,-1,333,335,2,-1,2,335,519,-1,2,519,520,-1,520,521,2,-1,2,521,522,-1,2,522,518,-1,523,524,525,-1,525,524,526,-1,525,527,523,-1,523,527,528,-1,523,528,529,-1,529,528,530,-1,529,530,531,-1,531,530,49,-1,531,49,55,-1,55,49,52,-1,55,52,53,-1,524,532,526,-1,526,532,533,-1,526,533,534,-1,534,533,535,-1,534,535,536,-1,536,535,537,-1,536,537,538,-1,538,537,539,-1,538,539,540,-1,540,539,541,-1,540,541,542,-1,542,541,543,-1,542,543,544,-1,544,543,545,-1,544,545,546,-1,546,545,547,-1,546,547,548,-1,548,547,549,-1,548,549,550,-1,550,549,551,-1,550,551,552,-1,552,551,553,-1,552,553,554,-1,554,553,555,-1,554,555,556,-1,556,555,557,-1,556,557,558,-1,558,557,559,-1,558,559,560,-1,560,559,561,-1,560,561,562,-1,562,561,563,-1,562,563,564,-1,564,563,565,-1,564,565,566,-1,566,565,567,-1,566,567,568,-1,568,567,569,-1,568,569,570,-1,570,569,571,-1,570,571,572,-1,572,571,573,-1,572,573,574,-1,574,573,575,-1,574,575,576,-1,576,575,231,-1,576,231,577,-1,577,231,232,-1,577,232,228,-1,228,232,578,-1,228,578,224,-1,528,527,579,-1,579,527,525,-1,579,525,526,-1,63,49,579,-1,579,49,530,-1,579,530,528,-1,84,76,579,-1,579,76,71,-1,579,71,63,-1,457,182,579,-1,579,182,101,-1,579,101,84,-1,293,303,579,-1,579,303,327,-1,579,327,457,-1,228,227,579,-1,579,227,198,-1,579,198,293,-1,574,576,579,-1,579,576,577,-1,579,577,228,-1,568,570,579,-1,579,570,572,-1,579,572,574,-1,562,564,579,-1,579,564,566,-1,579,566,568,-1,556,558,579,-1,579,558,560,-1,579,560,562,-1,550,552,579,-1,579,552,554,-1,579,554,556,-1,544,546,579,-1,579,546,548,-1,579,548,550,-1,538,540,579,-1,579,540,542,-1,579,542,544,-1,526,534,579,-1,579,534,536,-1,579,536,538,-1,580,581,582,-1,580,583,581,-1,581,583,584,-1,581,584,585,-1,584,586,585,-1,585,586,587,-1,585,587,588,-1,587,589,588,-1,588,589,590,-1,588,590,591,-1,590,592,591,-1,591,592,593,-1,591,593,594,-1,593,595,594,-1,594,595,596,-1,594,596,597,-1,596,598,597,-1,597,598,599,-1,597,599,600,-1,599,601,600,-1,600,601,602,-1,600,602,603,-1,602,604,603,-1,603,604,605,-1,603,605,606,-1,605,607,606,-1,606,607,608,-1,606,608,609,-1,608,610,609,-1,609,610,611,-1,609,611,612,-1,611,613,612,-1,612,613,614,-1,612,614,615,-1,614,616,615,-1,615,616,617,-1,615,617,618,-1,617,619,618,-1,618,619,620,-1,618,620,621,-1,620,622,621,-1,621,622,623,-1,621,623,624,-1,623,625,624,-1,624,625,626,-1,624,626,627,-1,626,628,627,-1,627,628,629,-1,627,629,630,-1,629,631,630,-1,630,631,632,-1,630,632,633,-1,634,635,636,-1,636,635,637,-1,632,638,633,-1,633,638,639,-1,633,639,640,-1,640,639,641,-1,640,641,636,-1,636,641,642,-1,636,642,634,-1,635,643,637,-1,637,643,644,-1,637,644,645,-1,644,646,645,-1,645,646,647,-1,645,647,648,-1,647,649,648,-1,648,649,650,-1,648,650,651,-1,650,652,651,-1,651,652,653,-1,651,653,654,-1,653,655,654,-1,654,655,656,-1,654,656,657,-1,656,658,657,-1,657,658,659,-1,657,659,660,-1,659,661,660,-1,660,661,662,-1,660,662,663,-1,662,664,663,-1,663,664,665,-1,663,665,666,-1,665,667,666,-1,666,667,668,-1,666,668,669,-1,668,670,669,-1,669,670,671,-1,669,671,672,-1,671,673,672,-1,672,673,674,-1,672,674,675,-1,674,676,675,-1,675,676,677,-1,675,677,678,-1,677,679,678,-1,678,679,680,-1,678,680,681,-1,680,682,681,-1,681,682,683,-1,681,683,684,-1,683,685,684,-1,684,685,686,-1,684,686,687,-1,686,688,687,-1,687,688,689,-1,687,689,690,-1,689,691,690,-1,690,691,692,-1,690,692,693,-1,692,694,693,-1,693,694,695,-1,693,695,696,-1,695,697,696,-1,696,697,698,-1,696,698,582,-1,582,698,699,-1,582,699,580,-1,700,701,702,-1,702,701,703,-1,702,703,704,-1,705,706,707,-1,707,708,705,-1,705,708,709,-1,705,709,700,-1,700,709,710,-1,700,710,701,-1,711,712,713,-1,713,712,714,-1,713,714,715,-1,716,717,718,-1,718,717,719,-1,718,719,706,-1,706,719,720,-1,706,720,707,-1,721,722,716,-1,716,722,723,-1,716,723,717,-1,724,725,726,-1,726,725,727,-1,726,727,728,-1,729,730,731,-1,731,730,732,-1,731,732,733,-1,703,734,704,-1,704,734,735,-1,704,735,736,-1,736,735,737,-1,736,737,738,-1,738,737,739,-1,738,739,729,-1,729,739,740,-1,729,740,730,-1,727,741,728,-1,728,741,742,-1,728,742,721,-1,721,742,743,-1,721,743,722,-1,744,745,746,-1,747,748,749,-1,744,750,745,-1,745,750,751,-1,745,751,752,-1,752,751,753,-1,752,753,754,-1,732,755,733,-1,733,755,756,-1,733,756,746,-1,746,756,757,-1,746,757,744,-1,758,759,724,-1,724,759,760,-1,724,760,725,-1,714,761,715,-1,715,761,762,-1,715,762,758,-1,758,762,763,-1,758,763,759,-1,764,765,711,-1,711,765,766,-1,711,766,712,-1,767,768,769,-1,769,768,770,-1,769,770,764,-1,764,770,771,-1,764,771,765,-1,772,773,767,-1,767,773,774,-1,767,774,768,-1,775,776,772,-1,772,776,777,-1,772,777,773,-1,747,778,748,-1,748,778,779,-1,748,779,780,-1,780,779,781,-1,780,781,775,-1,775,781,782,-1,775,782,776,-1,753,783,754,-1,754,783,784,-1,754,784,749,-1,749,784,785,-1,749,785,747,-1,583,569,567,-1,565,586,567,-1,567,586,584,-1,567,584,583,-1,563,589,565,-1,565,589,587,-1,565,587,586,-1,561,592,563,-1,563,592,590,-1,563,590,589,-1,559,595,561,-1,561,595,593,-1,561,593,592,-1,557,598,559,-1,559,598,596,-1,559,596,595,-1,555,601,557,-1,557,601,599,-1,557,599,598,-1,607,605,553,-1,553,605,604,-1,553,604,555,-1,555,604,602,-1,555,602,601,-1,607,553,608,-1,608,553,551,-1,608,551,610,-1,610,551,549,-1,610,549,611,-1,611,549,613,-1,613,549,547,-1,613,547,614,-1,614,547,616,-1,616,547,545,-1,616,545,617,-1,617,545,619,-1,619,545,543,-1,619,543,620,-1,620,543,622,-1,622,543,541,-1,622,541,623,-1,623,541,625,-1,625,541,539,-1,625,539,626,-1,626,539,628,-1,628,539,537,-1,628,537,629,-1,629,537,631,-1,631,537,535,-1,631,535,632,-1,632,535,638,-1,638,535,533,-1,638,533,639,-1,639,533,641,-1,641,533,532,-1,641,532,642,-1,642,532,634,-1,634,532,524,-1,634,524,635,-1,635,524,523,-1,635,523,643,-1,643,523,529,-1,643,529,644,-1,644,529,646,-1,646,529,531,-1,646,531,647,-1,647,531,649,-1,649,531,55,-1,649,55,650,-1,650,55,652,-1,652,55,43,-1,652,43,653,-1,653,43,655,-1,655,43,35,-1,655,35,656,-1,656,35,658,-1,658,35,30,-1,658,30,659,-1,659,30,661,-1,661,30,21,-1,661,21,662,-1,662,21,664,-1,664,21,12,-1,664,12,665,-1,665,12,667,-1,667,12,11,-1,667,11,668,-1,345,673,469,-1,469,673,671,-1,469,671,11,-1,11,671,670,-1,11,670,668,-1,291,676,345,-1,345,676,674,-1,345,674,673,-1,255,679,291,-1,291,679,677,-1,291,677,676,-1,254,682,255,-1,255,682,680,-1,255,680,679,-1,192,685,254,-1,254,685,683,-1,254,683,682,-1,195,688,192,-1,192,688,686,-1,192,686,685,-1,231,691,195,-1,195,691,689,-1,195,689,688,-1,575,694,231,-1,231,694,692,-1,231,692,691,-1,583,580,569,-1,569,580,699,-1,569,699,571,-1,571,699,698,-1,571,698,573,-1,573,698,697,-1,573,697,575,-1,575,697,695,-1,575,695,694,-1,786,787,690,-1,788,789,675,-1,790,791,594,-1,585,792,581,-1,581,792,793,-1,588,794,795,-1,588,795,585,-1,585,795,796,-1,585,796,792,-1,794,588,797,-1,797,588,591,-1,797,591,798,-1,594,791,591,-1,591,791,799,-1,591,799,798,-1,790,594,800,-1,800,594,597,-1,800,597,801,-1,603,802,803,-1,603,803,600,-1,803,804,600,-1,600,804,805,-1,600,805,597,-1,597,805,806,-1,597,806,801,-1,802,603,807,-1,807,603,606,-1,807,606,808,-1,609,809,606,-1,606,809,810,-1,606,810,808,-1,612,811,609,-1,609,811,812,-1,609,812,809,-1,813,814,615,-1,615,814,815,-1,615,815,612,-1,612,815,816,-1,612,816,811,-1,813,615,817,-1,817,615,618,-1,817,618,818,-1,818,618,621,-1,818,621,819,-1,627,820,821,-1,627,821,624,-1,821,822,624,-1,624,822,823,-1,624,823,621,-1,621,823,824,-1,621,824,819,-1,820,627,825,-1,825,627,630,-1,825,630,826,-1,633,827,630,-1,630,827,828,-1,630,828,826,-1,640,829,633,-1,633,829,830,-1,633,830,827,-1,645,831,832,-1,645,832,637,-1,832,833,637,-1,637,833,834,-1,637,834,636,-1,636,834,835,-1,636,835,640,-1,640,835,836,-1,640,836,829,-1,831,645,837,-1,837,645,648,-1,837,648,838,-1,651,839,648,-1,648,839,840,-1,648,840,838,-1,654,841,651,-1,651,841,842,-1,651,842,839,-1,843,844,657,-1,657,844,845,-1,657,845,654,-1,654,845,846,-1,654,846,841,-1,843,657,847,-1,847,657,660,-1,847,660,848,-1,848,660,663,-1,848,663,849,-1,669,850,851,-1,669,851,666,-1,851,852,666,-1,666,852,853,-1,666,853,663,-1,663,853,854,-1,663,854,849,-1,850,669,855,-1,855,669,672,-1,855,672,856,-1,675,789,672,-1,672,789,857,-1,672,857,856,-1,788,675,858,-1,858,675,678,-1,858,678,859,-1,684,860,861,-1,684,861,681,-1,861,862,681,-1,681,862,863,-1,681,863,678,-1,678,863,864,-1,678,864,859,-1,860,684,865,-1,865,684,687,-1,865,687,866,-1,690,787,687,-1,687,787,867,-1,687,867,866,-1,786,690,868,-1,868,690,693,-1,868,693,869,-1,869,693,870,-1,870,693,696,-1,870,696,871,-1,793,872,581,-1,581,872,873,-1,581,873,582,-1,582,873,874,-1,582,874,696,-1,696,874,875,-1,696,875,871,-1,834,833,876,-1,831,837,877,-1,838,840,878,-1,839,842,879,-1,846,845,880,-1,849,854,881,-1,850,855,882,-1,789,788,883,-1,859,864,884,-1,860,865,885,-1,866,867,886,-1,787,786,887,-1,869,870,888,-1,872,793,889,-1,794,797,890,-1,791,790,891,-1,801,806,892,-1,802,807,893,-1,808,810,894,-1,809,812,895,-1,816,815,896,-1,819,824,897,-1,820,825,898,-1,899,735,734,-1,737,735,900,-1,900,735,899,-1,900,899,901,-1,739,737,902,-1,902,737,900,-1,902,900,903,-1,903,900,901,-1,903,901,904,-1,740,739,905,-1,905,739,902,-1,905,902,906,-1,906,902,903,-1,906,903,907,-1,907,903,904,-1,907,904,876,-1,908,909,910,-1,911,909,912,-1,912,909,908,-1,912,908,913,-1,734,703,914,-1,914,703,915,-1,914,915,916,-1,916,915,917,-1,916,917,918,-1,918,917,919,-1,918,919,920,-1,920,919,898,-1,710,709,921,-1,921,709,922,-1,921,922,923,-1,923,922,924,-1,923,924,925,-1,925,924,926,-1,925,926,927,-1,927,926,897,-1,720,719,928,-1,928,719,929,-1,928,929,930,-1,930,929,931,-1,930,931,932,-1,932,931,933,-1,932,933,934,-1,934,933,896,-1,741,727,935,-1,935,727,936,-1,935,936,937,-1,937,936,938,-1,937,938,939,-1,939,938,940,-1,939,940,941,-1,941,940,892,-1,759,763,942,-1,942,763,943,-1,942,943,944,-1,944,943,945,-1,944,945,946,-1,946,945,947,-1,946,947,948,-1,948,947,890,-1,761,714,949,-1,949,714,950,-1,949,950,951,-1,951,950,952,-1,951,952,953,-1,953,952,954,-1,953,954,955,-1,955,954,889,-1,765,771,956,-1,956,771,957,-1,956,957,958,-1,958,957,959,-1,958,959,960,-1,960,959,961,-1,960,961,962,-1,962,961,888,-1,776,782,963,-1,963,782,964,-1,963,964,965,-1,965,964,966,-1,965,966,967,-1,967,966,968,-1,967,968,969,-1,969,968,884,-1,778,747,970,-1,970,747,971,-1,970,971,972,-1,972,971,973,-1,972,973,974,-1,974,973,975,-1,974,975,976,-1,976,975,882,-1,784,783,977,-1,977,783,978,-1,977,978,979,-1,979,978,980,-1,979,980,981,-1,981,980,982,-1,981,982,983,-1,983,982,881,-1,750,744,984,-1,984,744,985,-1,984,985,986,-1,986,985,987,-1,986,987,988,-1,988,987,989,-1,988,989,990,-1,990,989,880,-1,827,830,911,-1,911,830,829,-1,911,829,909,-1,909,829,836,-1,909,836,910,-1,910,836,835,-1,828,827,920,-1,920,827,911,-1,920,911,918,-1,918,911,912,-1,918,912,916,-1,916,912,913,-1,916,913,914,-1,898,825,920,-1,920,825,826,-1,920,826,828,-1,821,820,991,-1,991,820,898,-1,991,898,992,-1,992,898,919,-1,992,919,993,-1,993,919,917,-1,993,917,994,-1,994,917,915,-1,994,915,701,-1,701,915,703,-1,701,710,994,-1,994,710,921,-1,994,921,993,-1,993,921,923,-1,993,923,992,-1,992,923,925,-1,992,925,991,-1,991,925,927,-1,991,927,821,-1,821,927,822,-1,897,824,927,-1,927,824,823,-1,927,823,822,-1,818,819,995,-1,995,819,897,-1,995,897,996,-1,996,897,926,-1,996,926,997,-1,997,926,924,-1,997,924,998,-1,998,924,922,-1,998,922,708,-1,708,922,709,-1,708,707,998,-1,998,707,999,-1,998,999,997,-1,997,999,1000,-1,997,1000,996,-1,996,1000,1001,-1,996,1001,995,-1,995,1001,1002,-1,995,1002,818,-1,818,1002,817,-1,707,720,999,-1,999,720,928,-1,999,928,1000,-1,1000,928,930,-1,1000,930,1001,-1,1001,930,932,-1,1001,932,1002,-1,1002,932,934,-1,1002,934,817,-1,817,934,813,-1,896,815,934,-1,934,815,814,-1,934,814,813,-1,811,816,1003,-1,1003,816,896,-1,1003,896,1004,-1,1004,896,933,-1,1004,933,1005,-1,1005,933,931,-1,1005,931,1006,-1,1006,931,929,-1,1006,929,717,-1,717,929,719,-1,717,723,1006,-1,1006,723,1007,-1,1006,1007,1005,-1,1005,1007,1008,-1,1005,1008,1004,-1,1004,1008,1009,-1,1004,1009,1003,-1,1003,1009,895,-1,1003,895,811,-1,811,895,812,-1,810,809,894,-1,894,809,895,-1,894,895,1010,-1,1010,895,1009,-1,1010,1009,1011,-1,1011,1009,1008,-1,1011,1008,1012,-1,1012,1008,1007,-1,1012,1007,722,-1,722,1007,723,-1,807,808,893,-1,893,808,894,-1,893,894,1013,-1,1013,894,1010,-1,1013,1010,1014,-1,1014,1010,1011,-1,1014,1011,1015,-1,1015,1011,1012,-1,1015,1012,743,-1,743,1012,722,-1,803,802,1016,-1,1016,802,893,-1,1016,893,1017,-1,1017,893,1013,-1,1017,1013,1018,-1,1018,1013,1014,-1,1018,1014,1019,-1,1019,1014,1015,-1,1019,1015,742,-1,742,1015,743,-1,742,741,1019,-1,1019,741,935,-1,1019,935,1018,-1,1018,935,937,-1,1018,937,1017,-1,1017,937,939,-1,1017,939,1016,-1,1016,939,941,-1,1016,941,803,-1,803,941,804,-1,892,806,941,-1,941,806,805,-1,941,805,804,-1,800,801,1020,-1,1020,801,892,-1,1020,892,1021,-1,1021,892,940,-1,1021,940,1022,-1,1022,940,938,-1,1022,938,1023,-1,1023,938,936,-1,1023,936,725,-1,725,936,727,-1,725,760,1023,-1,1023,760,1024,-1,1023,1024,1022,-1,1022,1024,1025,-1,1022,1025,1021,-1,1021,1025,1026,-1,1021,1026,1020,-1,1020,1026,891,-1,1020,891,800,-1,800,891,790,-1,799,791,948,-1,948,791,891,-1,948,891,946,-1,946,891,1026,-1,946,1026,944,-1,944,1026,1025,-1,944,1025,942,-1,942,1025,1024,-1,942,1024,759,-1,759,1024,760,-1,890,797,948,-1,948,797,798,-1,948,798,799,-1,795,794,1027,-1,1027,794,890,-1,1027,890,1028,-1,1028,890,947,-1,1028,947,1029,-1,1029,947,945,-1,1029,945,1030,-1,1030,945,943,-1,1030,943,762,-1,762,943,763,-1,762,761,1030,-1,1030,761,949,-1,1030,949,1029,-1,1029,949,951,-1,1029,951,1028,-1,1028,951,953,-1,1028,953,1027,-1,1027,953,955,-1,1027,955,795,-1,795,955,796,-1,889,793,955,-1,955,793,792,-1,955,792,796,-1,873,872,1031,-1,1031,872,889,-1,1031,889,1032,-1,1032,889,954,-1,1032,954,1033,-1,1033,954,952,-1,1033,952,1034,-1,1034,952,950,-1,1034,950,712,-1,712,950,714,-1,712,766,1034,-1,1034,766,1035,-1,1034,1035,1033,-1,1033,1035,1036,-1,1033,1036,1032,-1,1032,1036,1037,-1,1032,1037,1031,-1,1031,1037,1038,-1,1031,1038,873,-1,873,1038,874,-1,766,765,1035,-1,1035,765,956,-1,1035,956,1036,-1,1036,956,958,-1,1036,958,1037,-1,1037,958,960,-1,1037,960,1038,-1,1038,960,962,-1,1038,962,874,-1,874,962,875,-1,888,870,962,-1,962,870,871,-1,962,871,875,-1,868,869,1039,-1,1039,869,888,-1,1039,888,1040,-1,1040,888,961,-1,1040,961,1041,-1,1041,961,959,-1,1041,959,1042,-1,1042,959,957,-1,1042,957,770,-1,770,957,771,-1,770,768,1042,-1,1042,768,1043,-1,1042,1043,1041,-1,1041,1043,1044,-1,1041,1044,1040,-1,1040,1044,1045,-1,1040,1045,1039,-1,1039,1045,887,-1,1039,887,868,-1,868,887,786,-1,867,787,886,-1,886,787,887,-1,886,887,1046,-1,1046,887,1045,-1,1046,1045,1047,-1,1047,1045,1044,-1,1047,1044,1048,-1,1048,1044,1043,-1,1048,1043,774,-1,774,1043,768,-1,865,866,885,-1,885,866,886,-1,885,886,1049,-1,1049,886,1046,-1,1049,1046,1050,-1,1050,1046,1047,-1,1050,1047,1051,-1,1051,1047,1048,-1,1051,1048,773,-1,773,1048,774,-1,861,860,1052,-1,1052,860,885,-1,1052,885,1053,-1,1053,885,1049,-1,1053,1049,1054,-1,1054,1049,1050,-1,1054,1050,1055,-1,1055,1050,1051,-1,1055,1051,777,-1,777,1051,773,-1,777,776,1055,-1,1055,776,963,-1,1055,963,1054,-1,1054,963,965,-1,1054,965,1053,-1,1053,965,967,-1,1053,967,1052,-1,1052,967,969,-1,1052,969,861,-1,861,969,862,-1,884,864,969,-1,969,864,863,-1,969,863,862,-1,858,859,1056,-1,1056,859,884,-1,1056,884,1057,-1,1057,884,968,-1,1057,968,1058,-1,1058,968,966,-1,1058,966,1059,-1,1059,966,964,-1,1059,964,781,-1,781,964,782,-1,781,779,1059,-1,1059,779,1060,-1,1059,1060,1058,-1,1058,1060,1061,-1,1058,1061,1057,-1,1057,1061,1062,-1,1057,1062,1056,-1,1056,1062,883,-1,1056,883,858,-1,858,883,788,-1,857,789,976,-1,976,789,883,-1,976,883,974,-1,974,883,1062,-1,974,1062,972,-1,972,1062,1061,-1,972,1061,970,-1,970,1061,1060,-1,970,1060,778,-1,778,1060,779,-1,882,855,976,-1,976,855,856,-1,976,856,857,-1,851,850,1063,-1,1063,850,882,-1,1063,882,1064,-1,1064,882,975,-1,1064,975,1065,-1,1065,975,973,-1,1065,973,1066,-1,1066,973,971,-1,1066,971,785,-1,785,971,747,-1,785,784,1066,-1,1066,784,977,-1,1066,977,1065,-1,1065,977,979,-1,1065,979,1064,-1,1064,979,981,-1,1064,981,1063,-1,1063,981,983,-1,1063,983,851,-1,851,983,852,-1,881,854,983,-1,983,854,853,-1,983,853,852,-1,848,849,1067,-1,1067,849,881,-1,1067,881,1068,-1,1068,881,982,-1,1068,982,1069,-1,1069,982,980,-1,1069,980,1070,-1,1070,980,978,-1,1070,978,753,-1,753,978,783,-1,753,751,1070,-1,1070,751,1071,-1,1070,1071,1069,-1,1069,1071,1072,-1,1069,1072,1068,-1,1068,1072,1073,-1,1068,1073,1067,-1,1067,1073,1074,-1,1067,1074,848,-1,848,1074,847,-1,751,750,1071,-1,1071,750,984,-1,1071,984,1072,-1,1072,984,986,-1,1072,986,1073,-1,1073,986,988,-1,1073,988,1074,-1,1074,988,990,-1,1074,990,847,-1,847,990,843,-1,880,845,990,-1,990,845,844,-1,990,844,843,-1,841,846,1075,-1,1075,846,880,-1,1075,880,1076,-1,1076,880,989,-1,1076,989,1077,-1,1077,989,987,-1,1077,987,1078,-1,1078,987,985,-1,1078,985,757,-1,757,985,744,-1,757,756,1078,-1,1078,756,1079,-1,1078,1079,1077,-1,1077,1079,1080,-1,1077,1080,1076,-1,1076,1080,1081,-1,1076,1081,1075,-1,1075,1081,879,-1,1075,879,841,-1,841,879,842,-1,840,839,878,-1,878,839,879,-1,878,879,1082,-1,1082,879,1081,-1,1082,1081,1083,-1,1083,1081,1080,-1,1083,1080,1084,-1,1084,1080,1079,-1,1084,1079,755,-1,755,1079,756,-1,837,838,877,-1,877,838,878,-1,877,878,1085,-1,1085,878,1082,-1,1085,1082,1086,-1,1086,1082,1083,-1,1086,1083,1087,-1,1087,1083,1084,-1,1087,1084,732,-1,732,1084,755,-1,832,831,1088,-1,1088,831,877,-1,1088,877,1089,-1,1089,877,1085,-1,1089,1085,1090,-1,1090,1085,1086,-1,1090,1086,1091,-1,1091,1086,1087,-1,1091,1087,730,-1,730,1087,732,-1,730,740,1091,-1,1091,740,905,-1,1091,905,1090,-1,1090,905,906,-1,1090,906,1089,-1,1089,906,907,-1,1089,907,1088,-1,1088,907,876,-1,1088,876,832,-1,832,876,833,-1,734,914,899,-1,899,914,913,-1,899,913,901,-1,901,913,908,-1,901,908,904,-1,904,908,910,-1,904,910,876,-1,876,910,835,-1,876,835,834,-1,711,713,1092,-1,715,1093,713,-1,713,1093,1094,-1,713,1094,1092,-1,1095,1096,758,-1,758,1096,1097,-1,758,1097,715,-1,715,1097,1098,-1,715,1098,1093,-1,1095,758,1099,-1,1099,758,724,-1,1099,724,1100,-1,1100,724,1101,-1,1101,724,726,-1,1101,726,1102,-1,728,1103,726,-1,726,1103,1104,-1,726,1104,1102,-1,721,1105,728,-1,728,1105,1106,-1,728,1106,1103,-1,1107,1108,716,-1,716,1108,1109,-1,716,1109,721,-1,721,1109,1110,-1,721,1110,1105,-1,1107,716,1111,-1,1111,716,718,-1,1111,718,1112,-1,1112,718,1113,-1,1113,718,706,-1,1113,706,1114,-1,705,1115,706,-1,706,1115,1116,-1,706,1116,1114,-1,1117,1118,705,-1,705,1118,1119,-1,705,1119,1115,-1,1117,705,1120,-1,1120,705,700,-1,1120,700,1121,-1,1121,700,702,-1,1121,702,1122,-1,1122,702,1123,-1,1123,702,704,-1,1123,704,1124,-1,1124,704,1125,-1,1125,704,736,-1,1125,736,1126,-1,1127,1128,731,-1,731,1128,1129,-1,731,1129,729,-1,729,1129,1130,-1,729,1130,738,-1,738,1130,1131,-1,738,1131,736,-1,736,1131,1132,-1,736,1132,1126,-1,1127,731,1133,-1,1133,731,733,-1,1133,733,1134,-1,1134,733,1135,-1,1135,733,746,-1,1135,746,1136,-1,1136,746,1137,-1,1137,746,745,-1,1137,745,1138,-1,752,1139,745,-1,745,1139,1140,-1,745,1140,1138,-1,1141,1142,754,-1,754,1142,1143,-1,754,1143,752,-1,752,1143,1144,-1,752,1144,1139,-1,1141,754,1145,-1,1145,754,749,-1,1145,749,1146,-1,1146,749,1147,-1,1147,749,748,-1,1147,748,1148,-1,780,1149,748,-1,748,1149,1150,-1,748,1150,1148,-1,775,1151,780,-1,780,1151,1152,-1,780,1152,1149,-1,1153,1154,772,-1,772,1154,1155,-1,772,1155,775,-1,775,1155,1156,-1,775,1156,1151,-1,1153,772,1157,-1,1157,772,767,-1,1157,767,1158,-1,1158,767,1159,-1,1159,767,769,-1,1159,769,1160,-1,764,1161,769,-1,769,1161,1162,-1,769,1162,1160,-1,1092,1163,711,-1,711,1163,1164,-1,711,1164,764,-1,764,1164,1165,-1,764,1165,1161,-1,1130,1129,1166,-1,1127,1133,1167,-1,1134,1135,1168,-1,1136,1137,1169,-1,1140,1139,1170,-1,1144,1143,1171,-1,1141,1145,1172,-1,1146,1147,1173,-1,1150,1149,1174,-1,1152,1151,1175,-1,1156,1155,1176,-1,1153,1157,1177,-1,1158,1159,1178,-1,1162,1161,1179,-1,1165,1164,1180,-1,1094,1093,1181,-1,1098,1097,1182,-1,1095,1099,1183,-1,1100,1101,1184,-1,1104,1103,1185,-1,1106,1105,1186,-1,1110,1109,1187,-1,1107,1111,1188,-1,1112,1113,1189,-1,1116,1115,1190,-1,1119,1118,1191,-1,1120,1121,1192,-1,1122,1123,1193,-1,1124,1125,1194,-1,1132,1131,1195,-1,1196,1197,1198,-1,1198,1197,1199,-1,1200,1199,1197,-1,1200,1197,1201,-1,1201,1197,1196,-1,1201,1196,1202,-1,1203,1199,1200,-1,1203,1200,1204,-1,1204,1200,1201,-1,1204,1201,1205,-1,1205,1201,1202,-1,1205,1202,1206,-1,1207,1199,1203,-1,1207,1203,1208,-1,1208,1203,1204,-1,1208,1204,1209,-1,1209,1204,1205,-1,1209,1205,1210,-1,1210,1205,1206,-1,1210,1206,1211,-1,1212,1199,1207,-1,1212,1207,1213,-1,1213,1207,1208,-1,1213,1208,1214,-1,1214,1208,1209,-1,1214,1209,1215,-1,1215,1209,1210,-1,1215,1210,1216,-1,1216,1210,1211,-1,1216,1211,1217,-1,1218,1199,1212,-1,1218,1212,1219,-1,1219,1212,1213,-1,1219,1213,1220,-1,1220,1213,1214,-1,1220,1214,1221,-1,1221,1214,1215,-1,1221,1215,1222,-1,1222,1215,1216,-1,1222,1216,1223,-1,1223,1216,1217,-1,1223,1217,1224,-1,1126,1132,1225,-1,1225,1132,1195,-1,1225,1195,1226,-1,1226,1195,1227,-1,1226,1227,1228,-1,1228,1227,1229,-1,1228,1229,1230,-1,1125,1126,1194,-1,1194,1126,1225,-1,1194,1225,1231,-1,1231,1225,1226,-1,1231,1226,1232,-1,1232,1226,1228,-1,1232,1228,1233,-1,1233,1228,1230,-1,1233,1230,1234,-1,1123,1124,1193,-1,1193,1124,1194,-1,1193,1194,1235,-1,1235,1194,1231,-1,1235,1231,1236,-1,1236,1231,1232,-1,1236,1232,1237,-1,1237,1232,1233,-1,1237,1233,1238,-1,1238,1233,1234,-1,1238,1234,1239,-1,1121,1122,1192,-1,1192,1122,1193,-1,1192,1193,1240,-1,1240,1193,1235,-1,1240,1235,1241,-1,1241,1235,1236,-1,1241,1236,1242,-1,1242,1236,1237,-1,1242,1237,1243,-1,1243,1237,1238,-1,1243,1238,1244,-1,1244,1238,1239,-1,1244,1239,1245,-1,1117,1120,1246,-1,1246,1120,1192,-1,1246,1192,1247,-1,1247,1192,1240,-1,1247,1240,1248,-1,1248,1240,1241,-1,1248,1241,1249,-1,1249,1241,1242,-1,1249,1242,1250,-1,1250,1242,1243,-1,1250,1243,1251,-1,1251,1243,1244,-1,1251,1244,1252,-1,1252,1244,1245,-1,1252,1245,1253,-1,1118,1117,1191,-1,1191,1117,1246,-1,1191,1246,1254,-1,1254,1246,1247,-1,1254,1247,1255,-1,1255,1247,1248,-1,1255,1248,1256,-1,1256,1248,1249,-1,1256,1249,1257,-1,1257,1249,1250,-1,1257,1250,1258,-1,1258,1250,1251,-1,1258,1251,1259,-1,1259,1251,1252,-1,1259,1252,1260,-1,1260,1252,1253,-1,1260,1253,1261,-1,1115,1119,1190,-1,1190,1119,1191,-1,1190,1191,1262,-1,1262,1191,1254,-1,1262,1254,1263,-1,1263,1254,1255,-1,1263,1255,1264,-1,1264,1255,1256,-1,1264,1256,1265,-1,1265,1256,1257,-1,1265,1257,1266,-1,1266,1257,1258,-1,1266,1258,1267,-1,1267,1258,1259,-1,1267,1259,1268,-1,1268,1259,1260,-1,1268,1260,1269,-1,1269,1260,1261,-1,1269,1261,1270,-1,1114,1116,1271,-1,1271,1116,1190,-1,1271,1190,1272,-1,1272,1190,1262,-1,1272,1262,1273,-1,1273,1262,1263,-1,1273,1263,1274,-1,1274,1263,1264,-1,1274,1264,1275,-1,1275,1264,1265,-1,1275,1265,1276,-1,1276,1265,1266,-1,1276,1266,1277,-1,1277,1266,1267,-1,1277,1267,1278,-1,1278,1267,1268,-1,1278,1268,1279,-1,1279,1268,1269,-1,1279,1269,1280,-1,1280,1269,1270,-1,1113,1114,1189,-1,1189,1114,1271,-1,1189,1271,1281,-1,1281,1271,1272,-1,1281,1272,1282,-1,1282,1272,1273,-1,1282,1273,1283,-1,1283,1273,1274,-1,1283,1274,1284,-1,1284,1274,1275,-1,1284,1275,1285,-1,1285,1275,1276,-1,1285,1276,1286,-1,1286,1276,1277,-1,1286,1277,1287,-1,1287,1277,1278,-1,1287,1278,1288,-1,1288,1278,1279,-1,1288,1279,1289,-1,1289,1279,1280,-1,1289,1280,1199,-1,1270,1199,1280,-1,1229,1224,1230,-1,1230,1224,1217,-1,1230,1217,1234,-1,1234,1217,1211,-1,1234,1211,1239,-1,1239,1211,1206,-1,1239,1206,1245,-1,1245,1206,1202,-1,1245,1202,1253,-1,1253,1202,1196,-1,1253,1196,1261,-1,1261,1196,1198,-1,1261,1198,1270,-1,1270,1198,1199,-1,1111,1112,1188,-1,1188,1112,1189,-1,1188,1189,1290,-1,1290,1189,1281,-1,1290,1281,1291,-1,1291,1281,1282,-1,1291,1282,1292,-1,1292,1282,1283,-1,1292,1283,1293,-1,1293,1283,1284,-1,1293,1284,1294,-1,1294,1284,1285,-1,1294,1285,1295,-1,1295,1285,1286,-1,1295,1286,1296,-1,1296,1286,1287,-1,1296,1287,1297,-1,1297,1287,1288,-1,1297,1288,1298,-1,1298,1288,1289,-1,1298,1289,1199,-1,1108,1107,1299,-1,1299,1107,1188,-1,1299,1188,1300,-1,1300,1188,1290,-1,1300,1290,1301,-1,1301,1290,1291,-1,1301,1291,1302,-1,1302,1291,1292,-1,1302,1292,1303,-1,1303,1292,1293,-1,1303,1293,1304,-1,1304,1293,1294,-1,1304,1294,1305,-1,1305,1294,1295,-1,1305,1295,1306,-1,1306,1295,1296,-1,1306,1296,1307,-1,1307,1296,1297,-1,1307,1297,1308,-1,1308,1297,1298,-1,1308,1298,1199,-1,1109,1108,1187,-1,1187,1108,1299,-1,1187,1299,1309,-1,1309,1299,1300,-1,1309,1300,1310,-1,1310,1300,1301,-1,1310,1301,1311,-1,1311,1301,1302,-1,1311,1302,1312,-1,1312,1302,1303,-1,1312,1303,1313,-1,1313,1303,1304,-1,1313,1304,1314,-1,1314,1304,1305,-1,1314,1305,1315,-1,1315,1305,1306,-1,1315,1306,1316,-1,1316,1306,1307,-1,1316,1307,1317,-1,1317,1307,1308,-1,1317,1308,1199,-1,1105,1110,1186,-1,1186,1110,1187,-1,1186,1187,1318,-1,1318,1187,1309,-1,1318,1309,1319,-1,1319,1309,1310,-1,1319,1310,1320,-1,1320,1310,1311,-1,1320,1311,1321,-1,1321,1311,1312,-1,1321,1312,1322,-1,1322,1312,1313,-1,1322,1313,1323,-1,1323,1313,1314,-1,1323,1314,1324,-1,1324,1314,1315,-1,1324,1315,1325,-1,1325,1315,1316,-1,1325,1316,1326,-1,1326,1316,1317,-1,1326,1317,1199,-1,1103,1106,1185,-1,1185,1106,1186,-1,1185,1186,1327,-1,1327,1186,1318,-1,1327,1318,1328,-1,1328,1318,1319,-1,1328,1319,1329,-1,1329,1319,1320,-1,1329,1320,1330,-1,1330,1320,1321,-1,1330,1321,1331,-1,1331,1321,1322,-1,1331,1322,1332,-1,1332,1322,1323,-1,1332,1323,1333,-1,1333,1323,1324,-1,1333,1324,1334,-1,1334,1324,1325,-1,1334,1325,1335,-1,1335,1325,1326,-1,1335,1326,1199,-1,1102,1104,1336,-1,1336,1104,1185,-1,1336,1185,1337,-1,1337,1185,1327,-1,1337,1327,1338,-1,1338,1327,1328,-1,1338,1328,1339,-1,1339,1328,1329,-1,1339,1329,1340,-1,1340,1329,1330,-1,1340,1330,1341,-1,1341,1330,1331,-1,1341,1331,1342,-1,1342,1331,1332,-1,1342,1332,1343,-1,1343,1332,1333,-1,1343,1333,1344,-1,1344,1333,1334,-1,1344,1334,1345,-1,1345,1334,1335,-1,1345,1335,1199,-1,1101,1102,1184,-1,1184,1102,1336,-1,1184,1336,1346,-1,1346,1336,1337,-1,1346,1337,1347,-1,1347,1337,1338,-1,1347,1338,1348,-1,1348,1338,1339,-1,1348,1339,1349,-1,1349,1339,1340,-1,1349,1340,1350,-1,1350,1340,1341,-1,1350,1341,1351,-1,1351,1341,1342,-1,1351,1342,1352,-1,1352,1342,1343,-1,1352,1343,1353,-1,1353,1343,1344,-1,1353,1344,1354,-1,1354,1344,1345,-1,1354,1345,1199,-1,1099,1100,1183,-1,1183,1100,1184,-1,1183,1184,1355,-1,1355,1184,1346,-1,1355,1346,1356,-1,1356,1346,1347,-1,1356,1347,1357,-1,1357,1347,1348,-1,1357,1348,1358,-1,1358,1348,1349,-1,1358,1349,1359,-1,1359,1349,1350,-1,1359,1350,1360,-1,1360,1350,1351,-1,1360,1351,1361,-1,1361,1351,1352,-1,1361,1352,1362,-1,1362,1352,1353,-1,1362,1353,1363,-1,1363,1353,1354,-1,1363,1354,1199,-1,1096,1095,1364,-1,1364,1095,1183,-1,1364,1183,1365,-1,1365,1183,1355,-1,1365,1355,1366,-1,1366,1355,1356,-1,1366,1356,1367,-1,1367,1356,1357,-1,1367,1357,1368,-1,1368,1357,1358,-1,1368,1358,1369,-1,1369,1358,1359,-1,1369,1359,1370,-1,1370,1359,1360,-1,1370,1360,1371,-1,1371,1360,1361,-1,1371,1361,1372,-1,1372,1361,1362,-1,1372,1362,1373,-1,1373,1362,1363,-1,1373,1363,1199,-1,1097,1096,1182,-1,1182,1096,1364,-1,1182,1364,1374,-1,1374,1364,1365,-1,1374,1365,1375,-1,1375,1365,1366,-1,1375,1366,1376,-1,1376,1366,1367,-1,1376,1367,1377,-1,1377,1367,1368,-1,1377,1368,1378,-1,1378,1368,1369,-1,1378,1369,1379,-1,1379,1369,1370,-1,1379,1370,1380,-1,1380,1370,1371,-1,1380,1371,1381,-1,1381,1371,1372,-1,1381,1372,1382,-1,1382,1372,1373,-1,1382,1373,1199,-1,1093,1098,1181,-1,1181,1098,1182,-1,1181,1182,1383,-1,1383,1182,1374,-1,1383,1374,1384,-1,1384,1374,1375,-1,1384,1375,1385,-1,1385,1375,1376,-1,1385,1376,1386,-1,1386,1376,1377,-1,1386,1377,1387,-1,1387,1377,1378,-1,1387,1378,1388,-1,1388,1378,1379,-1,1388,1379,1389,-1,1389,1379,1380,-1,1389,1380,1390,-1,1390,1380,1381,-1,1390,1381,1391,-1,1391,1381,1382,-1,1391,1382,1199,-1,1092,1094,1392,-1,1392,1094,1181,-1,1392,1181,1393,-1,1393,1181,1383,-1,1393,1383,1394,-1,1394,1383,1384,-1,1394,1384,1395,-1,1395,1384,1385,-1,1395,1385,1396,-1,1396,1385,1386,-1,1396,1386,1397,-1,1397,1386,1387,-1,1397,1387,1398,-1,1398,1387,1388,-1,1398,1388,1399,-1,1399,1388,1389,-1,1399,1389,1400,-1,1400,1389,1390,-1,1400,1390,1401,-1,1401,1390,1391,-1,1401,1391,1199,-1,1163,1092,1402,-1,1402,1092,1392,-1,1402,1392,1403,-1,1403,1392,1393,-1,1403,1393,1404,-1,1404,1393,1394,-1,1404,1394,1405,-1,1405,1394,1395,-1,1405,1395,1406,-1,1406,1395,1396,-1,1406,1396,1407,-1,1407,1396,1397,-1,1407,1397,1408,-1,1408,1397,1398,-1,1408,1398,1409,-1,1409,1398,1399,-1,1409,1399,1410,-1,1410,1399,1400,-1,1410,1400,1411,-1,1411,1400,1401,-1,1411,1401,1199,-1,1164,1163,1180,-1,1180,1163,1402,-1,1180,1402,1412,-1,1412,1402,1403,-1,1412,1403,1413,-1,1413,1403,1404,-1,1413,1404,1414,-1,1414,1404,1405,-1,1414,1405,1415,-1,1415,1405,1406,-1,1415,1406,1416,-1,1416,1406,1407,-1,1416,1407,1417,-1,1417,1407,1408,-1,1417,1408,1418,-1,1418,1408,1409,-1,1418,1409,1419,-1,1419,1409,1410,-1,1419,1410,1420,-1,1420,1410,1411,-1,1420,1411,1199,-1,1161,1165,1179,-1,1179,1165,1180,-1,1179,1180,1421,-1,1421,1180,1412,-1,1421,1412,1422,-1,1422,1412,1413,-1,1422,1413,1423,-1,1423,1413,1414,-1,1423,1414,1424,-1,1424,1414,1415,-1,1424,1415,1425,-1,1425,1415,1416,-1,1425,1416,1426,-1,1426,1416,1417,-1,1426,1417,1427,-1,1427,1417,1418,-1,1427,1418,1428,-1,1428,1418,1419,-1,1428,1419,1429,-1,1429,1419,1420,-1,1429,1420,1199,-1,1160,1162,1430,-1,1430,1162,1179,-1,1430,1179,1431,-1,1431,1179,1421,-1,1431,1421,1432,-1,1432,1421,1422,-1,1432,1422,1433,-1,1433,1422,1423,-1,1433,1423,1434,-1,1434,1423,1424,-1,1434,1424,1435,-1,1435,1424,1425,-1,1435,1425,1436,-1,1436,1425,1426,-1,1436,1426,1437,-1,1437,1426,1427,-1,1437,1427,1438,-1,1438,1427,1428,-1,1438,1428,1439,-1,1439,1428,1429,-1,1439,1429,1199,-1,1159,1160,1178,-1,1178,1160,1430,-1,1178,1430,1440,-1,1440,1430,1431,-1,1440,1431,1441,-1,1441,1431,1432,-1,1441,1432,1442,-1,1442,1432,1433,-1,1442,1433,1443,-1,1443,1433,1434,-1,1443,1434,1444,-1,1444,1434,1435,-1,1444,1435,1445,-1,1445,1435,1436,-1,1445,1436,1446,-1,1446,1436,1437,-1,1446,1437,1447,-1,1447,1437,1438,-1,1447,1438,1448,-1,1448,1438,1439,-1,1448,1439,1199,-1,1157,1158,1177,-1,1177,1158,1178,-1,1177,1178,1449,-1,1449,1178,1440,-1,1449,1440,1450,-1,1450,1440,1441,-1,1450,1441,1451,-1,1451,1441,1442,-1,1451,1442,1452,-1,1452,1442,1443,-1,1452,1443,1453,-1,1453,1443,1444,-1,1453,1444,1454,-1,1454,1444,1445,-1,1454,1445,1455,-1,1455,1445,1446,-1,1455,1446,1456,-1,1456,1446,1447,-1,1456,1447,1457,-1,1457,1447,1448,-1,1457,1448,1199,-1,1154,1153,1458,-1,1458,1153,1177,-1,1458,1177,1459,-1,1459,1177,1449,-1,1459,1449,1460,-1,1460,1449,1450,-1,1460,1450,1461,-1,1461,1450,1451,-1,1461,1451,1462,-1,1462,1451,1452,-1,1462,1452,1463,-1,1463,1452,1453,-1,1463,1453,1464,-1,1464,1453,1454,-1,1464,1454,1465,-1,1465,1454,1455,-1,1465,1455,1466,-1,1466,1455,1456,-1,1466,1456,1467,-1,1467,1456,1457,-1,1467,1457,1199,-1,1155,1154,1176,-1,1176,1154,1458,-1,1176,1458,1468,-1,1468,1458,1459,-1,1468,1459,1469,-1,1469,1459,1460,-1,1469,1460,1470,-1,1470,1460,1461,-1,1470,1461,1471,-1,1471,1461,1462,-1,1471,1462,1472,-1,1472,1462,1463,-1,1472,1463,1473,-1,1473,1463,1464,-1,1473,1464,1474,-1,1474,1464,1465,-1,1474,1465,1475,-1,1475,1465,1466,-1,1475,1466,1476,-1,1476,1466,1467,-1,1476,1467,1199,-1,1151,1156,1175,-1,1175,1156,1176,-1,1175,1176,1477,-1,1477,1176,1468,-1,1477,1468,1478,-1,1478,1468,1469,-1,1478,1469,1479,-1,1479,1469,1470,-1,1479,1470,1480,-1,1480,1470,1471,-1,1480,1471,1481,-1,1481,1471,1472,-1,1481,1472,1482,-1,1482,1472,1473,-1,1482,1473,1483,-1,1483,1473,1474,-1,1483,1474,1484,-1,1484,1474,1475,-1,1484,1475,1485,-1,1485,1475,1476,-1,1485,1476,1199,-1,1149,1152,1174,-1,1174,1152,1175,-1,1174,1175,1486,-1,1486,1175,1477,-1,1486,1477,1487,-1,1487,1477,1478,-1,1487,1478,1488,-1,1488,1478,1479,-1,1488,1479,1489,-1,1489,1479,1480,-1,1489,1480,1490,-1,1490,1480,1481,-1,1490,1481,1491,-1,1491,1481,1482,-1,1491,1482,1492,-1,1492,1482,1483,-1,1492,1483,1493,-1,1493,1483,1484,-1,1493,1484,1494,-1,1494,1484,1485,-1,1494,1485,1199,-1,1148,1150,1495,-1,1495,1150,1174,-1,1495,1174,1496,-1,1496,1174,1486,-1,1496,1486,1497,-1,1497,1486,1487,-1,1497,1487,1498,-1,1498,1487,1488,-1,1498,1488,1499,-1,1499,1488,1489,-1,1499,1489,1500,-1,1500,1489,1490,-1,1500,1490,1501,-1,1501,1490,1491,-1,1501,1491,1502,-1,1502,1491,1492,-1,1502,1492,1503,-1,1503,1492,1493,-1,1503,1493,1504,-1,1504,1493,1494,-1,1504,1494,1199,-1,1147,1148,1173,-1,1173,1148,1495,-1,1173,1495,1505,-1,1505,1495,1496,-1,1505,1496,1506,-1,1506,1496,1497,-1,1506,1497,1507,-1,1507,1497,1498,-1,1507,1498,1508,-1,1508,1498,1499,-1,1508,1499,1509,-1,1509,1499,1500,-1,1509,1500,1510,-1,1510,1500,1501,-1,1510,1501,1511,-1,1511,1501,1502,-1,1511,1502,1512,-1,1512,1502,1503,-1,1512,1503,1513,-1,1513,1503,1504,-1,1513,1504,1199,-1,1145,1146,1172,-1,1172,1146,1173,-1,1172,1173,1514,-1,1514,1173,1505,-1,1514,1505,1515,-1,1515,1505,1506,-1,1515,1506,1516,-1,1516,1506,1507,-1,1516,1507,1517,-1,1517,1507,1508,-1,1517,1508,1518,-1,1518,1508,1509,-1,1518,1509,1519,-1,1519,1509,1510,-1,1519,1510,1520,-1,1520,1510,1511,-1,1520,1511,1521,-1,1521,1511,1512,-1,1521,1512,1522,-1,1522,1512,1513,-1,1522,1513,1199,-1,1142,1141,1523,-1,1523,1141,1172,-1,1523,1172,1524,-1,1524,1172,1514,-1,1524,1514,1525,-1,1525,1514,1515,-1,1525,1515,1526,-1,1526,1515,1516,-1,1526,1516,1527,-1,1527,1516,1517,-1,1527,1517,1528,-1,1528,1517,1518,-1,1528,1518,1529,-1,1529,1518,1519,-1,1529,1519,1530,-1,1530,1519,1520,-1,1530,1520,1531,-1,1531,1520,1521,-1,1531,1521,1532,-1,1532,1521,1522,-1,1532,1522,1199,-1,1143,1142,1171,-1,1171,1142,1523,-1,1171,1523,1533,-1,1533,1523,1524,-1,1533,1524,1534,-1,1534,1524,1525,-1,1534,1525,1535,-1,1535,1525,1526,-1,1535,1526,1536,-1,1536,1526,1527,-1,1536,1527,1537,-1,1537,1527,1528,-1,1537,1528,1538,-1,1538,1528,1529,-1,1538,1529,1539,-1,1539,1529,1530,-1,1539,1530,1540,-1,1540,1530,1531,-1,1540,1531,1541,-1,1541,1531,1532,-1,1541,1532,1199,-1,1139,1144,1170,-1,1170,1144,1171,-1,1170,1171,1542,-1,1542,1171,1533,-1,1542,1533,1543,-1,1543,1533,1534,-1,1543,1534,1544,-1,1544,1534,1535,-1,1544,1535,1545,-1,1545,1535,1536,-1,1545,1536,1546,-1,1546,1536,1537,-1,1546,1537,1547,-1,1547,1537,1538,-1,1547,1538,1548,-1,1548,1538,1539,-1,1548,1539,1549,-1,1549,1539,1540,-1,1549,1540,1550,-1,1550,1540,1541,-1,1550,1541,1199,-1,1138,1140,1551,-1,1551,1140,1170,-1,1551,1170,1552,-1,1552,1170,1542,-1,1552,1542,1553,-1,1553,1542,1543,-1,1553,1543,1554,-1,1554,1543,1544,-1,1554,1544,1555,-1,1555,1544,1545,-1,1555,1545,1556,-1,1556,1545,1546,-1,1556,1546,1557,-1,1557,1546,1547,-1,1557,1547,1558,-1,1558,1547,1548,-1,1558,1548,1559,-1,1559,1548,1549,-1,1559,1549,1560,-1,1560,1549,1550,-1,1560,1550,1199,-1,1137,1138,1169,-1,1169,1138,1551,-1,1169,1551,1561,-1,1561,1551,1552,-1,1561,1552,1562,-1,1562,1552,1553,-1,1562,1553,1563,-1,1563,1553,1554,-1,1563,1554,1564,-1,1564,1554,1555,-1,1564,1555,1565,-1,1565,1555,1556,-1,1565,1556,1566,-1,1566,1556,1557,-1,1566,1557,1567,-1,1567,1557,1558,-1,1567,1558,1568,-1,1568,1558,1559,-1,1568,1559,1569,-1,1569,1559,1560,-1,1569,1560,1199,-1,1135,1136,1168,-1,1168,1136,1169,-1,1168,1169,1570,-1,1570,1169,1561,-1,1570,1561,1571,-1,1571,1561,1562,-1,1571,1562,1572,-1,1572,1562,1563,-1,1572,1563,1573,-1,1573,1563,1564,-1,1573,1564,1574,-1,1574,1564,1565,-1,1574,1565,1575,-1,1575,1565,1566,-1,1575,1566,1576,-1,1576,1566,1567,-1,1576,1567,1577,-1,1577,1567,1568,-1,1577,1568,1578,-1,1578,1568,1569,-1,1578,1569,1199,-1,1133,1134,1167,-1,1167,1134,1168,-1,1167,1168,1579,-1,1579,1168,1570,-1,1579,1570,1580,-1,1580,1570,1571,-1,1580,1571,1581,-1,1581,1571,1572,-1,1581,1572,1582,-1,1582,1572,1573,-1,1582,1573,1583,-1,1583,1573,1574,-1,1583,1574,1584,-1,1584,1574,1575,-1,1584,1575,1585,-1,1585,1575,1576,-1,1585,1576,1586,-1,1586,1576,1577,-1,1586,1577,1587,-1,1587,1577,1578,-1,1587,1578,1199,-1,1128,1127,1588,-1,1588,1127,1167,-1,1588,1167,1589,-1,1589,1167,1579,-1,1589,1579,1590,-1,1590,1579,1580,-1,1590,1580,1591,-1,1591,1580,1581,-1,1591,1581,1592,-1,1592,1581,1582,-1,1592,1582,1593,-1,1593,1582,1583,-1,1593,1583,1594,-1,1594,1583,1584,-1,1594,1584,1595,-1,1595,1584,1585,-1,1595,1585,1596,-1,1596,1585,1586,-1,1596,1586,1597,-1,1597,1586,1587,-1,1597,1587,1199,-1,1129,1128,1166,-1,1166,1128,1588,-1,1166,1588,1598,-1,1598,1588,1589,-1,1598,1589,1599,-1,1599,1589,1590,-1,1599,1590,1600,-1,1600,1590,1591,-1,1600,1591,1601,-1,1601,1591,1592,-1,1601,1592,1602,-1,1602,1592,1593,-1,1602,1593,1603,-1,1603,1593,1594,-1,1603,1594,1604,-1,1604,1594,1595,-1,1604,1595,1605,-1,1605,1595,1596,-1,1605,1596,1606,-1,1606,1596,1597,-1,1606,1597,1199,-1,1131,1130,1195,-1,1195,1130,1166,-1,1195,1166,1227,-1,1227,1166,1598,-1,1227,1598,1229,-1,1229,1598,1599,-1,1229,1599,1224,-1,1224,1599,1600,-1,1224,1600,1223,-1,1223,1600,1601,-1,1223,1601,1222,-1,1222,1601,1602,-1,1222,1602,1221,-1,1221,1602,1603,-1,1221,1603,1220,-1,1220,1603,1604,-1,1220,1604,1219,-1,1219,1604,1605,-1,1219,1605,1218,-1,1218,1605,1606,-1,1218,1606,1199,-1,
        ]
    }
}
Shape{
    appearance Appearance {
        material  Material 	{
            diffuseColor 0.0 0.0 0.0
            specularColor 0.0 0.0 0.0
            ambientIntensity 0.2
            transparency 0
            shininess 0.5
        }
    }
    geometry IndexedFaceSet {
        ccw TRUE
        solid FALSE
        coord DEF co Coordinate {
            point [
                -0.0249 0.2389 0.1856, -0.0249 0.2349 0.1856, -0.0249 0.2389 0.1898, -0.0249 0.2349 0.1898, -0.0101 0.2399 0.1898, -0.0101 0.236 0.1898, -0.0101 0.2399 0.2227, -0.0101 0.236 0.2227, -0.0053 0.2401 0.2227, -0.0053 0.2362 0.2227, -0.0053 0.2401 0.1856, -0.0053 0.2362 0.1856, -0.0541 0.2299 0.1871, -0.0541 0.234 0.1871, -0.0535 0.2341 0.1869, -0.0535 0.2301 0.1868, -0.0504 0.2348 0.1857, -0.0495 0.231 0.1855, -0.0439 0.2361 0.185, -0.0439 0.2321 0.185, -0.0491 0.2351 0.1854, -0.0495 0.235 0.1855, -0.0541 0.234 0.1917, -0.0541 0.2299 0.1917, -0.0446 0.232 0.1892, -0.0446 0.236 0.1892, -0.0463 0.2356 0.1894, -0.0463 0.2316 0.1893, -0.0491 0.2351 0.1897, -0.0505 0.2308 0.1901, -0.0517 0.2345 0.1905, -0.0505 0.2348 0.1901, -0.0351 0.2336 0.1931, -0.0351 0.2376 0.1931, -0.0354 0.2375 0.1927, -0.0358 0.2335 0.1925, -0.0358 0.2375 0.1925, -0.0377 0.2372 0.191, -0.0382 0.2331 0.1907, -0.0382 0.2371 0.1908, -0.0389 0.237 0.1904, -0.0408 0.2327 0.1897, -0.0417 0.2365 0.1895, -0.0408 0.2367 0.1898, -0.0314 0.2381 0.2037, -0.0315 0.2381 0.2023, -0.0314 0.2341 0.2037, -0.0315 0.2341 0.2023, -0.0316 0.2381 0.2006, -0.0317 0.2381 0.2, -0.0321 0.234 0.1986, -0.0321 0.238 0.1987, -0.0328 0.2379 0.1966, -0.0333 0.2339 0.1956, -0.0333 0.2378 0.1956, -0.0333 0.2378 0.1957, -0.0353 0.2375 0.2149, -0.0353 0.2376 0.2148, -0.0353 0.2336 0.2149, -0.0348 0.2336 0.2143, -0.0349 0.2376 0.2143, -0.034 0.2377 0.2132, -0.0331 0.2339 0.2117, -0.0322 0.238 0.2093, -0.0319 0.2341 0.2084, -0.0325 0.2379 0.2103, -0.0332 0.2379 0.2117, -0.0315 0.2381 0.2052, -0.032 0.238 0.2084, -0.0454 0.2318 0.219, -0.0454 0.2358 0.219, -0.044 0.2361 0.2188, -0.044 0.2321 0.2189, -0.0416 0.2365 0.2185, -0.0408 0.2327 0.2183, -0.0408 0.2367 0.2183, -0.0404 0.2367 0.2182, -0.0378 0.2332 0.217, -0.0377 0.2372 0.2169, -0.0379 0.2372 0.2169, -0.0541 0.2299 0.2168, -0.0541 0.234 0.2168, -0.0537 0.2341 0.217, -0.05 0.2349 0.2184, -0.05 0.2309 0.2184, -0.0537 0.23 0.217, -0.0477 0.2354 0.2188, -0.05 0.2349 0.2184, -0.0541 0.234 0.2218, -0.0541 0.2299 0.2218, -0.0454 0.2318 0.2233, -0.0454 0.2358 0.2233, -0.0455 0.2358 0.2233, -0.0455 0.2318 0.2233, -0.0491 0.2351 0.2231, -0.0503 0.2308 0.2229, -0.0517 0.2345 0.2226, -0.0503 0.2348 0.2229, -0.0317 0.2341 0.2178, -0.0317 0.238 0.2178, -0.0319 0.238 0.218, -0.0326 0.234 0.2187, -0.0361 0.2374 0.221, -0.0361 0.2335 0.2211, -0.0333 0.2378 0.2193, -0.0326 0.2379 0.2186, -0.0369 0.2373 0.2215, -0.0385 0.2371 0.2222, -0.0399 0.2328 0.2226, -0.0428 0.2363 0.2232, -0.0399 0.2368 0.2225, -0.0264 0.2387 0.2034, -0.0266 0.2387 0.2054, -0.0264 0.2347 0.2034, -0.0265 0.2347 0.2054, -0.0273 0.2346 0.2102, -0.0269 0.2386 0.2085, -0.0273 0.2386 0.2101, -0.0273 0.2386 0.2102, -0.029 0.2384 0.2143, -0.0291 0.2344 0.2143, -0.0291 0.2384 0.2143, -0.0312 0.2342 0.19, -0.0312 0.2381 0.19, -0.0308 0.2382 0.1905, -0.0308 0.2342 0.1904, -0.0289 0.2384 0.1931, -0.0286 0.2345 0.1936, -0.0286 0.2384 0.1936, -0.0279 0.2385 0.1951, -0.0271 0.2347 0.1975, -0.0267 0.2387 0.1993, -0.0272 0.2386 0.1975, -0.0417 0.2365 0.1851, -0.0417 0.2325 0.1851, -0.0404 0.2367 0.1852, -0.0393 0.2369 0.1855, -0.0376 0.2332 0.1859, -0.0377 0.2372 0.186, -0.0355 0.2375 0.1868, -0.0341 0.2337 0.1876, -0.0341 0.2377 0.1876, -0.0341 0.2377 0.1876, -0.0313 0.2381 0.1899, -0.0815 0.2259 0.1856, -0.0815 0.2217 0.1856, -0.0815 0.2259 0.1898, -0.0815 0.2217 0.1898, -0.0664 0.2308 0.1898, -0.0664 0.2267 0.1898, -0.0664 0.2308 0.2023, -0.0664 0.2267 0.2023, -0.0796 0.2266 0.2023, -0.0796 0.2224 0.2023, -0.0796 0.2266 0.2065, -0.0796 0.2224 0.2065, -0.0664 0.2308 0.2065, -0.0664 0.2267 0.2065, -0.0664 0.2308 0.2184, -0.0664 0.2267 0.2184, -0.0807 0.2262 0.2184, -0.0807 0.222 0.2184, -0.0807 0.2262 0.2227, -0.0807 0.222 0.2227, -0.0616 0.2321 0.2227, -0.0616 0.2281 0.2227, -0.0616 0.2321 0.1856, -0.0616 0.2281 0.1856, -0.109 0.2095 0.1879, -0.1126 0.2077 0.1904, -0.1126 0.2121 0.1904, -0.1131 0.2074 0.1908, -0.1131 0.2119 0.1908, -0.11 0.2135 0.1885, -0.109 0.214 0.188, -0.1048 0.2117 0.1863, -0.1067 0.2152 0.1869, -0.0987 0.2189 0.1856, -0.0987 0.2146 0.1856, -0.1037 0.2166 0.1861, -0.1048 0.2161 0.1864, -0.1186 0.2043 0.2023, -0.1187 0.2042 0.2046, -0.1187 0.2088 0.2046, -0.1186 0.2088 0.2032, -0.1185 0.2089 0.2023, -0.1177 0.2048 0.1979, -0.1179 0.2092 0.1987, -0.1177 0.2094 0.1979, -0.1169 0.2053 0.1959, -0.1174 0.2095 0.1972, -0.1159 0.2059 0.1941, -0.1157 0.2104 0.1939, -0.1158 0.2104 0.1941, -0.1131 0.2074 0.2178, -0.1131 0.2119 0.2178, -0.1137 0.2115 0.2172, -0.1143 0.2067 0.2165, -0.1166 0.2099 0.2134, -0.1167 0.2054 0.2133, -0.1145 0.2111 0.2164, -0.1143 0.2112 0.2165, -0.1167 0.2099 0.2133, -0.1173 0.2096 0.212, -0.118 0.2046 0.2098, -0.118 0.2092 0.2098, -0.1183 0.209 0.2086, -0.1185 0.2043 0.2072, -0.0991 0.2144 0.2227, -0.0991 0.2188 0.2227, -0.1033 0.2168 0.2223, -0.1047 0.2117 0.222, -0.1047 0.2161 0.222, -0.1056 0.2157 0.2218, -0.1092 0.2095 0.2204, -0.1099 0.2135 0.22, -0.1092 0.2139 0.2203, -0.0885 0.2233 0.2227, -0.0885 0.219 0.2227, -0.0885 0.2233 0.1856, -0.0885 0.219 0.1856, -0.0253 0.2388 0.1268, -0.0253 0.2349 0.1268, -0.0253 0.2388 0.131, -0.0253 0.2349 0.131, -0.0101 0.2399 0.131, -0.0101 0.236 0.131, -0.0101 0.2399 0.1435, -0.0101 0.236 0.1435, -0.0234 0.239 0.1435, -0.0234 0.2351 0.1435, -0.0234 0.239 0.1477, -0.0234 0.2351 0.1477, -0.0101 0.2399 0.1477, -0.0101 0.236 0.1477, -0.0101 0.2399 0.1596, -0.0101 0.236 0.1596, -0.0244 0.2389 0.1596, -0.0244 0.235 0.1596, -0.0244 0.2389 0.1639, -0.0244 0.235 0.1639, -0.0053 0.2401 0.1639, -0.0053 0.2362 0.1639, -0.0053 0.2401 0.1268, -0.0053 0.2362 0.1268, -0.0323 0.234 0.1514, -0.0323 0.238 0.1514, -0.033 0.2379 0.1518, -0.0332 0.2339 0.1519, -0.0332 0.2378 0.1519, -0.0364 0.2374 0.1532, -0.0366 0.2334 0.1533, -0.0414 0.2366 0.1539, -0.0414 0.2326 0.1539, -0.0389 0.237 0.1537, -0.0366 0.2373 0.1533, -0.0323 0.238 0.1469, -0.0323 0.234 0.1469, -0.041 0.2366 0.1501, -0.0387 0.237 0.1499, -0.041 0.2326 0.1501, -0.0385 0.2331 0.1499, -0.0385 0.2371 0.1499, -0.0373 0.2372 0.1496, -0.0355 0.2335 0.1489, -0.0344 0.2377 0.1483, -0.0356 0.2375 0.1489, -0.0463 0.2316 0.1436, -0.0463 0.2356 0.1436, -0.0461 0.2357 0.1456, -0.0462 0.2317 0.1456, -0.046 0.2357 0.1463, -0.0457 0.2318 0.1473, -0.0459 0.2357 0.1468, -0.0457 0.2358 0.1473, -0.0452 0.2319 0.1483, -0.0453 0.2358 0.148, -0.0452 0.2359 0.1483, -0.0445 0.232 0.149, -0.0451 0.2359 0.1484, -0.0445 0.236 0.149, -0.0436 0.2322 0.1496, -0.0444 0.236 0.1491, -0.044 0.2361 0.1493, -0.0436 0.2362 0.1495, -0.0426 0.2324 0.1499, -0.0431 0.2363 0.1498, -0.0425 0.2364 0.1499, -0.0426 0.2364 0.1499, -0.0297 0.2383 0.1339, -0.0297 0.2383 0.1344, -0.0297 0.2343 0.1339, -0.0298 0.2343 0.1344, -0.0298 0.2383 0.1354, -0.0299 0.2383 0.1358, -0.03 0.2343 0.1364, -0.0301 0.2383 0.1364, -0.0304 0.2382 0.1376, -0.0307 0.2342 0.1381, -0.0316 0.2381 0.1394, -0.0316 0.2341 0.1394, -0.031 0.2382 0.1386, -0.0307 0.2382 0.1381, -0.033 0.2379 0.1406, -0.033 0.2339 0.1406, -0.0325 0.2379 0.1403, -0.032 0.238 0.1399, -0.0343 0.2377 0.1414, -0.0346 0.2377 0.1415, -0.035 0.2336 0.1417, -0.0385 0.2371 0.1425, -0.0385 0.2331 0.1425, -0.0378 0.2372 0.1424, -0.035 0.2376 0.1416, -0.032 0.238 0.1283, -0.0316 0.2381 0.1287, -0.032 0.234 0.1283, -0.0316 0.2341 0.1287, -0.0315 0.2381 0.1288, -0.0309 0.2382 0.1295, -0.0306 0.2342 0.1301, -0.03 0.2383 0.1315, -0.03 0.2343 0.1316, -0.0302 0.2383 0.131, -0.0306 0.2382 0.1301, -0.0297 0.2383 0.1334, -0.03 0.2383 0.1316, -0.0381 0.2371 0.1262, -0.0371 0.2373 0.1262, -0.0381 0.2331 0.1262, -0.0371 0.2333 0.1262, -0.035 0.2336 0.1266, -0.0362 0.2374 0.1263, -0.0355 0.2375 0.1264, -0.0334 0.2378 0.1272, -0.0333 0.2339 0.1273, -0.0336 0.2378 0.1272, -0.035 0.2376 0.1266, -0.0333 0.2378 0.1273, -0.0462 0.2317 0.1309, -0.0462 0.2357 0.1309, -0.046 0.2357 0.1305, -0.0451 0.2319 0.1293, -0.0457 0.2358 0.1301, -0.0451 0.2359 0.1294, -0.0436 0.2322 0.1279, -0.0442 0.2361 0.1283, -0.0436 0.2362 0.1279, -0.0425 0.2324 0.1272, -0.0431 0.2363 0.1275, -0.0425 0.2364 0.1273, -0.0407 0.2327 0.1265, -0.0413 0.2366 0.1267, -0.0405 0.2367 0.1264, -0.0407 0.2367 0.1265, -0.0463 0.2356 0.1309, -0.0463 0.2316 0.1309, -0.0463 0.2356 0.1268, -0.0463 0.2316 0.1268, -0.051 0.2347 0.1268, -0.051 0.2307 0.1268, -0.051 0.2347 0.1438, -0.051 0.2307 0.1438, -0.0441 0.2361 0.1537, -0.0442 0.2321 0.1536, -0.0442 0.2361 0.1536, -0.0448 0.2359 0.1535, -0.0461 0.2317 0.153, -0.0461 0.2357 0.153, -0.0469 0.2355 0.1527, -0.0477 0.2314 0.1522, -0.0476 0.2354 0.1522, -0.0477 0.2354 0.1522, -0.0489 0.2311 0.151, -0.0488 0.2351 0.1511, -0.0489 0.2351 0.151, -0.0492 0.2351 0.1506, -0.0499 0.2309 0.1495, -0.0498 0.2349 0.1495, -0.0501 0.2349 0.149, -0.0506 0.2307 0.1474, -0.0507 0.2347 0.147, -0.0506 0.2348 0.1474, -0.0573 0.2292 0.1325, -0.0573 0.2332 0.1325, -0.0578 0.2331 0.1322, -0.0589 0.2287 0.1315, -0.059 0.2328 0.1316, -0.0608 0.2323 0.1307, -0.0618 0.228 0.1303, -0.0649 0.2312 0.13, -0.0649 0.2271 0.13, -0.0628 0.2318 0.1301, -0.0619 0.2321 0.1304, -0.0573 0.2332 0.1277, -0.0573 0.2292 0.1277, -0.0645 0.2313 0.1262, -0.0611 0.2323 0.1265, -0.0645 0.2273 0.1262, -0.0605 0.2283 0.1266, -0.0591 0.2328 0.127, -0.0605 0.2324 0.1266, -0.0708 0.2254 0.1275, -0.0722 0.2249 0.1283, -0.0722 0.2291 0.1283, -0.0714 0.2293 0.1278, -0.0708 0.2295 0.1275, -0.0683 0.2261 0.1266, -0.069 0.23 0.1268, -0.0667 0.2307 0.1263, -0.0683 0.2302 0.1266, -0.0752 0.2239 0.134, -0.0752 0.2281 0.134, -0.0752 0.2281 0.1338, -0.0751 0.224 0.133, -0.0749 0.2282 0.1321, -0.0749 0.224 0.132, -0.0749 0.2282 0.132, -0.0743 0.2242 0.1306, -0.0746 0.2283 0.1312, -0.0743 0.2284 0.1306, -0.0734 0.2245 0.1294, -0.0739 0.2285 0.1299, -0.0735 0.2286 0.1294, -0.0734 0.2287 0.1294, -0.0736 0.2245 0.1384, -0.0736 0.2286 0.1384, -0.0737 0.2286 0.1382, -0.0737 0.2244 0.1382, -0.0744 0.2284 0.1373, -0.0745 0.2242 0.137, -0.0745 0.2283 0.137, -0.0747 0.2283 0.1367, -0.075 0.224 0.1356, -0.075 0.2281 0.1353, -0.075 0.2282 0.1356, -0.0676 0.2263 0.1418, -0.0676 0.2304 0.1418, -0.069 0.23 0.1411, -0.0721 0.2291 0.1396, -0.0723 0.2249 0.1395, -0.069 0.2259 0.1411, -0.0722 0.229 0.1395, -0.0631 0.2276 0.1441, -0.0631 0.2317 0.1441, -0.0645 0.2313 0.1432, -0.0647 0.2272 0.1431, -0.0648 0.2313 0.1431, -0.0622 0.232 0.1459, -0.0621 0.2279 0.1459, -0.0621 0.232 0.1464, -0.0621 0.2279 0.1465, -0.0621 0.232 0.1465, -0.0622 0.232 0.1455, -0.0623 0.2319 0.1452, -0.0623 0.2279 0.1452, -0.0623 0.2319 0.1452, -0.0626 0.2319 0.1446, -0.0627 0.2278 0.1446, -0.0627 0.2318 0.1446, -0.0635 0.2316 0.1491, -0.0633 0.2317 0.149, -0.0635 0.2275 0.1491, -0.0628 0.2277 0.1485, -0.0625 0.2319 0.1481, -0.0624 0.2278 0.1479, -0.0627 0.2318 0.1484, -0.0628 0.2318 0.1485, -0.0624 0.2319 0.1479, -0.0622 0.232 0.1475, -0.0622 0.2279 0.1473, -0.0622 0.232 0.1473, -0.0622 0.232 0.1473, -0.0672 0.2265 0.1501, -0.0672 0.2306 0.1501, -0.0658 0.231 0.15, -0.0658 0.2269 0.15, -0.0654 0.2311 0.1499, -0.0645 0.2272 0.1497, -0.0645 0.2313 0.1496, -0.0645 0.2313 0.1497, -0.073 0.2246 0.1487, -0.0739 0.2244 0.1482, -0.0739 0.2285 0.1482, -0.0734 0.2287 0.1485, -0.073 0.2288 0.1486, -0.0704 0.2255 0.1497, -0.0707 0.2295 0.1496, -0.069 0.23 0.15, -0.0704 0.2296 0.1497, -0.0739 0.2285 0.1527, -0.0739 0.2244 0.1527, -0.0676 0.2304 0.1539, -0.0708 0.2295 0.1536, -0.0676 0.2263 0.1539, -0.0709 0.2253 0.1536, -0.0709 0.2295 0.1536, -0.0603 0.2325 0.1518, -0.0614 0.2322 0.1524, -0.0603 0.2284 0.1518, -0.0614 0.2281 0.1524, -0.0619 0.232 0.1527, -0.0628 0.2318 0.1531, -0.0638 0.2274 0.1534, -0.0657 0.231 0.1538, -0.0639 0.2315 0.1533, -0.0573 0.2292 0.1461, -0.0573 0.2332 0.1461, -0.0573 0.2332 0.1466, -0.0575 0.2291 0.1479, -0.0581 0.233 0.1494, -0.0581 0.229 0.1494, -0.0578 0.2331 0.1488, -0.0578 0.2291 0.1487, -0.0576 0.2331 0.1482, -0.0575 0.2332 0.1479, -0.0585 0.2329 0.1501, -0.0589 0.2328 0.1506, -0.059 0.2287 0.1506, -0.059 0.2328 0.1506, -0.0586 0.2329 0.1419, -0.0582 0.233 0.1425, -0.0586 0.2288 0.1419, -0.058 0.229 0.143, -0.058 0.233 0.143, -0.0576 0.2331 0.1438, -0.0575 0.2291 0.1444, -0.0574 0.2332 0.1449, -0.0575 0.2332 0.1445, -0.0643 0.2314 0.1384, -0.0623 0.2319 0.1393, -0.0643 0.2273 0.1384, -0.0616 0.2281 0.1397, -0.0616 0.2321 0.1398, -0.0596 0.2326 0.141, -0.0594 0.2286 0.1411, -0.0594 0.2327 0.1412, -0.0692 0.2259 0.1361, -0.0692 0.23 0.1361, -0.0674 0.2264 0.1372, -0.0677 0.2304 0.137, -0.0674 0.2305 0.1371, -0.0703 0.2255 0.1341, -0.0704 0.2255 0.1335, -0.0704 0.2296 0.1335, -0.0704 0.2296 0.1339, -0.0703 0.2296 0.1341, -0.0701 0.2256 0.1348, -0.0702 0.2297 0.1347, -0.0701 0.2297 0.1348, -0.0698 0.2257 0.1355, -0.0701 0.2297 0.135, -0.0698 0.2298 0.1355, -0.0697 0.2298 0.1355, -0.0675 0.2305 0.1303, -0.0675 0.2264 0.1302, -0.0653 0.2311 0.13, -0.0651 0.2271 0.13, -0.0651 0.2312 0.13, -0.0677 0.2304 0.1303, -0.0681 0.2303 0.1304, -0.0687 0.226 0.1307, -0.0687 0.2301 0.1307, -0.0691 0.23 0.1309, -0.0691 0.2259 0.1309, -0.0696 0.2298 0.1314, -0.0697 0.2257 0.1314, -0.0692 0.23 0.131, -0.0691 0.23 0.1309, -0.0697 0.2298 0.1315, -0.07 0.2297 0.1319, -0.0699 0.2256 0.1317, -0.07 0.2297 0.132, -0.0701 0.2256 0.132, -0.0702 0.2297 0.1325, -0.0703 0.2255 0.1327, -0.0703 0.2296 0.1327, -0.0703 0.2296 0.1327, -0.0904 0.2182 0.1312, -0.0904 0.2225 0.1312, -0.0906 0.2224 0.1321, -0.0906 0.2181 0.1321, -0.0909 0.2223 0.1333, -0.0909 0.218 0.1333, -0.0812 0.226 0.1183, -0.0821 0.2257 0.1184, -0.0812 0.2218 0.1183, -0.0821 0.2215 0.1184, -0.0831 0.2253 0.1187, -0.0831 0.2211 0.1187, -0.0826 0.2255 0.1185, -0.0821 0.2257 0.1184, -0.0836 0.2251 0.119, -0.0839 0.225 0.1192, -0.0839 0.2208 0.1192, -0.0839 0.225 0.1192, -0.0848 0.2247 0.1201, -0.0849 0.2204 0.1202, -0.0849 0.2247 0.1202, -0.085 0.2246 0.1204, -0.0855 0.2202 0.1211, -0.0859 0.2243 0.122, -0.0859 0.22 0.122, -0.0785 0.2228 0.1188, -0.0785 0.227 0.1188, -0.0794 0.2266 0.1185, -0.0797 0.2224 0.1185, -0.0797 0.2266 0.1185, -0.0785 0.227 0.1147, -0.0785 0.2228 0.1147, -0.0815 0.2259 0.1143, -0.0802 0.2264 0.1144, -0.0815 0.2217 0.1143, -0.0799 0.2223 0.1144, -0.0799 0.2265 0.1144, -0.091 0.218 0.1228, -0.091 0.2223 0.1228, -0.0888 0.2189 0.1187, -0.0892 0.223 0.1193, -0.0888 0.2231 0.1187, -0.0887 0.2232 0.1184, -0.0869 0.2196 0.1164, -0.0869 0.2239 0.1165, -0.0853 0.2203 0.1153, -0.0867 0.224 0.1163, -0.0861 0.2242 0.1158, -0.0853 0.2245 0.1154, -0.0835 0.221 0.1146, -0.0843 0.2249 0.1148, -0.0835 0.2252 0.1146, -0.0835 0.2252 0.1146, -0.1279 0.2032 0.1268, -0.1279 0.1986 0.1268, -0.1279 0.2032 0.131, -0.1279 0.1986 0.131, -0.1128 0.212 0.131, -0.1128 0.2076 0.131, -0.1128 0.212 0.1435, -0.1128 0.2076 0.1435, -0.126 0.2044 0.1435, -0.126 0.1998 0.1435, -0.126 0.2044 0.1477, -0.126 0.1998 0.1477, -0.1128 0.212 0.1477, -0.1128 0.2076 0.1477, -0.1128 0.212 0.1596, -0.1128 0.2076 0.1596, -0.1271 0.2038 0.1596, -0.1271 0.1991 0.1596, -0.1271 0.2038 0.1639, -0.1271 0.1991 0.1639, -0.108 0.2145 0.1639, -0.108 0.2101 0.1639, -0.108 0.2145 0.1268, -0.108 0.2101 0.1268, -0.1555 0.1779 0.1291, -0.159 0.1747 0.1316, -0.159 0.1799 0.1316, -0.1595 0.1742 0.132, -0.1595 0.1795 0.132, -0.158 0.1808 0.1307, -0.1554 0.1831 0.1292, -0.1512 0.1815 0.1275, -0.1542 0.1841 0.1285, -0.1512 0.1866 0.1276, -0.1506 0.1871 0.1274, -0.1451 0.1864 0.1268, -0.1502 0.1874 0.1273, -0.1451 0.1913 0.1268, -0.165 0.169 0.1435, -0.1651 0.1689 0.1458, -0.1651 0.1744 0.1458, -0.1651 0.1744 0.1445, -0.165 0.1745 0.1435, -0.1647 0.1694 0.1413, -0.1649 0.1746 0.1429, -0.1641 0.1699 0.1391, -0.1642 0.1753 0.1393, -0.1641 0.1753 0.1391, -0.1633 0.1707 0.1371, -0.1636 0.1758 0.1378, -0.1623 0.1716 0.1353, -0.1622 0.1771 0.1353, -0.162 0.1773 0.1348, -0.1595 0.1795 0.159, -0.1607 0.1784 0.1577, -0.1595 0.1742 0.159, -0.1608 0.1731 0.1577, -0.163 0.1764 0.1545, -0.1631 0.1709 0.1545, -0.1619 0.1774 0.1564, -0.1614 0.1778 0.157, -0.1636 0.1758 0.1535, -0.1639 0.1756 0.1528, -0.1639 0.1701 0.1528, -0.1644 0.1751 0.151, -0.1645 0.1696 0.151, -0.1647 0.1747 0.1498, -0.165 0.1691 0.1484, -0.1455 0.1911 0.1639, -0.1497 0.1878 0.1635, -0.1455 0.1861 0.1639, -0.1506 0.1871 0.1633, -0.1512 0.1815 0.1632, -0.1511 0.1866 0.1632, -0.1536 0.1846 0.1625, -0.1556 0.1777 0.1616, -0.1557 0.1828 0.1616, -0.1556 0.1829 0.1616, -0.1349 0.1987 0.1639, -0.1349 0.1939 0.1639, -0.1349 0.1987 0.1268, -0.1349 0.1939 0.1268, -0.2005 0.1322 0.1268, -0.2005 0.1249 0.1268, -0.1937 0.142 0.1447, -0.1881 0.1429 0.1595, -0.1864 0.1514 0.1639, -0.1864 0.1451 0.1639, -0.1849 0.1532 0.1639, -0.1813 0.1514 0.1639, -0.1813 0.1575 0.1639, -0.1672 0.1724 0.1268, -0.1672 0.1669 0.1268, -0.1725 0.1671 0.1268, -0.1725 0.1614 0.1268, -0.176 0.1634 0.1369, -0.176 0.1575 0.1369, -0.1915 0.1384 0.1369, -0.1915 0.145 0.1369, -0.1849 0.1532 0.1369, -0.1952 0.1399 0.1268, -0.1952 0.133 0.1268, 0.0511 0.2306 0.1981, 0.0511 0.2347 0.1981, 0.0499 0.2349 0.1977, 0.0499 0.2309 0.1977, 0.0483 0.2353 0.1971, 0.042 0.2324 0.1938, 0.0425 0.2364 0.1941, 0.0421 0.2364 0.1938, 0.0349 0.2336 0.1878, 0.0378 0.2372 0.1906, 0.035 0.2376 0.1877, 0.0333 0.2378 0.1859, 0.0295 0.2344 0.1803, 0.0301 0.2383 0.1813, 0.0296 0.2383 0.1802, 0.0263 0.2348 0.1722, 0.0273 0.2386 0.1754, 0.025 0.2388 0.1636, 0.025 0.2349 0.1636, 0.0257 0.2388 0.17, 0.0264 0.2387 0.1722, 0.0572 0.2333 0.2096, 0.0567 0.2293 0.2089, 0.0607 0.2283 0.2142, 0.0654 0.227 0.2189, 0.0654 0.2311 0.2189, 0.0621 0.232 0.2157, 0.057 0.2333 0.2093, 0.0567 0.2334 0.2089, 0.0536 0.2301 0.2037, 0.0538 0.2341 0.204, 0.0904 0.2225 0.2315, 0.0903 0.2183 0.2315, 0.098 0.2193 0.2325, 0.1012 0.2134 0.2326, 0.1012 0.2178 0.2326, 0.0804 0.2263 0.2283, 0.0771 0.2233 0.2268, 0.0877 0.2236 0.2308, 0.0836 0.2209 0.2296, 0.089 0.2231 0.2311, 0.0903 0.2225 0.2315, 0.0717 0.2292 0.2237, 0.071 0.2253 0.2233, 0.0734 0.2287 0.2248, 0.0772 0.2274 0.2267, 0.1264 0.1996 0.2263, 0.1328 0.1953 0.2223, 0.1328 0.2001 0.2223, 0.1205 0.2032 0.229, 0.1192 0.2085 0.2295, 0.1143 0.2068 0.231, 0.1185 0.2089 0.2298, 0.1274 0.2036 0.2258, 0.1264 0.2042 0.2263, 0.1202 0.2079 0.2291, 0.109 0.214 0.2321, 0.1078 0.2102 0.2322, 0.1109 0.213 0.2317, 0.1142 0.2112 0.2309, 0.1444 0.1869 0.2107, 0.1444 0.1919 0.2107, 0.139 0.191 0.217, 0.1418 0.1938 0.214, 0.139 0.1958 0.217, 0.1382 0.1964 0.2178, 0.1389 0.1959 0.2171, 0.1475 0.1845 0.211, 0.1505 0.1821 0.2113, 0.1505 0.1872 0.2113, 0.1487 0.1886 0.2112, 0.1474 0.1895 0.2111, 0.1472 0.1898 0.211, 0.179 0.1541 0.2003, 0.1808 0.152 0.1986, 0.1808 0.1581 0.1986, 0.1795 0.1595 0.1998, 0.179 0.1601 0.2002, 0.1707 0.1633 0.2062, 0.1741 0.1655 0.2041, 0.1722 0.1674 0.2052, 0.1706 0.169 0.2061, 0.1609 0.173 0.21, 0.168 0.1716 0.2075, 0.1662 0.1733 0.2083, 0.1609 0.1783 0.2099, 0.1596 0.1795 0.2103, 0.1574 0.1814 0.2107, 0.1932 0.1427 0.1686, 0.193 0.1429 0.1711, 0.1932 0.136 0.1686, 0.1931 0.1361 0.1711, 0.1925 0.1369 0.1761, 0.1929 0.143 0.1733, 0.1913 0.1385 0.181, 0.192 0.1443 0.1786, 0.1913 0.1451 0.181, 0.1895 0.1411 0.186, 0.1912 0.1453 0.1814, 0.1872 0.1441 0.1905, 0.1892 0.148 0.1867, 0.1847 0.1535 0.1941, 0.1842 0.1479 0.1948, 0.1871 0.1506 0.1904, 0.188 0.1495 0.189, 0.1821 0.1505 0.1398, 0.1821 0.1566 0.1398, 0.1853 0.1465 0.1438, 0.1861 0.1518 0.1451, 0.1881 0.1429 0.1484, 0.188 0.1494 0.1484, 0.1892 0.1479 0.1507, 0.1902 0.14 0.1531, 0.1909 0.1458 0.1547, 0.1919 0.1378 0.1582, 0.1928 0.1432 0.1631, 0.1928 0.1364 0.1633, 0.1924 0.1438 0.1603, 0.1918 0.1445 0.1582, 0.1643 0.1751 0.1283, 0.1644 0.1696 0.1282, 0.1619 0.1774 0.1274, 0.161 0.1728 0.1272, 0.161 0.1782 0.1272, 0.1686 0.1711 0.1299, 0.1694 0.1702 0.1303, 0.1739 0.1599 0.1329, 0.1722 0.1674 0.1319, 0.1739 0.1656 0.1329, 0.177 0.1623 0.1351, 0.1754 0.1641 0.1338, 0.1436 0.1925 0.1104, 0.1436 0.1876 0.1104, 0.1421 0.1936 0.11, 0.1373 0.1922 0.1095, 0.1373 0.197 0.1094, 0.136 0.1932 0.1093, 0.136 0.1979 0.1093, 0.1496 0.1879 0.1131, 0.1496 0.1828 0.113, 0.1471 0.1898 0.1118, 0.1455 0.191 0.111, 0.1504 0.1872 0.1135, 0.1537 0.1845 0.116, 0.1547 0.1785 0.1169, 0.1546 0.1837 0.117, 0.1572 0.1815 0.1199, 0.1586 0.1751 0.1218, 0.1585 0.1804 0.1219, 0.1591 0.1799 0.1227, 0.1599 0.1739 0.1244, 0.1096 0.2092 0.1356, 0.1096 0.2137 0.1356, 0.1097 0.2136 0.1334, 0.1099 0.2091 0.133, 0.1098 0.2136 0.1329, 0.1103 0.2089 0.1296, 0.1103 0.2133 0.1298, 0.1113 0.2084 0.1264, 0.1114 0.2128 0.1265, 0.1119 0.2125 0.1249, 0.1127 0.2076 0.1233, 0.1141 0.2113 0.121, 0.1144 0.2067 0.1205, 0.1189 0.2087 0.1157, 0.1188 0.2042 0.1157, 0.1174 0.2095 0.117, 0.1144 0.2111 0.1206, 0.1242 0.2056 0.1122, 0.1241 0.201 0.1121, 0.1203 0.2079 0.1145, 0.1192 0.2085 0.1154, 0.1248 0.2052 0.1118, 0.1257 0.2047 0.1114, 0.13 0.1972 0.11, 0.1307 0.2014 0.1098, 0.1301 0.2019 0.11, 0.1096 0.2137 0.1383, 0.1096 0.2092 0.1383, 0.1325 0.1956 0.162, 0.136 0.1932 0.1622, 0.136 0.1979 0.1622, 0.1335 0.1996 0.1621, 0.1325 0.2003 0.1619, 0.1261 0.1997 0.1604, 0.1282 0.2031 0.1611, 0.1262 0.2043 0.1603, 0.1206 0.2031 0.1573, 0.1248 0.2052 0.1598, 0.1206 0.2077 0.1573, 0.1202 0.2079 0.1571, 0.1162 0.2057 0.1533, 0.1192 0.2085 0.1561, 0.1162 0.2102 0.1533, 0.1608 0.1731 0.1449, 0.1608 0.1784 0.1449, 0.1593 0.1744 0.148, 0.1601 0.179 0.1465, 0.1576 0.176 0.1509, 0.1586 0.1804 0.1494, 0.1575 0.1813 0.1508, 0.1532 0.1798 0.1558, 0.1556 0.1829 0.1534, 0.1531 0.185 0.1557, 0.1477 0.1843 0.1594, 0.1514 0.1864 0.1572, 0.1469 0.19 0.1599, 0.1419 0.1889 0.1616, 0.1472 0.1898 0.1597, 0.1477 0.1894 0.1594, 0.1414 0.1941 0.1617, 0.1419 0.1938 0.1615, 0.1766 0.1569 0.1691, 0.1766 0.1628 0.1691, 0.1766 0.1628 0.168, 0.1762 0.1573 0.1649, 0.1762 0.1632 0.1649, 0.1755 0.1582 0.1615, 0.176 0.1634 0.1638, 0.1755 0.1639 0.1618, 0.1743 0.1594 0.1584, 0.1742 0.1653 0.1585, 0.1727 0.1612 0.1554, 0.1739 0.1656 0.1576, 0.1709 0.1631 0.1528, 0.1725 0.1671 0.155, 0.1722 0.1674 0.1547, 0.1708 0.1688 0.1528, 0.166 0.168 0.148, 0.1695 0.1701 0.1512, 0.166 0.1735 0.1481, 0.1654 0.1742 0.1475, 0.1502 0.1874 0.1955, 0.1529 0.1852 0.1953, 0.1502 0.1823 0.1955, 0.1529 0.18 0.1953, 0.1531 0.1851 0.1953, 0.1584 0.1805 0.1942, 0.1594 0.1743 0.1938, 0.1594 0.1796 0.1937, 0.1634 0.176 0.1919, 0.1653 0.1687 0.1907, 0.1702 0.1695 0.1862, 0.1702 0.1638 0.1863, 0.1678 0.1718 0.1887, 0.1652 0.1743 0.1906, 0.1733 0.1663 0.1818, 0.1737 0.16 0.181, 0.1722 0.1674 0.1834, 0.1703 0.1693 0.1861, 0.1737 0.1658 0.1809, 0.174 0.1655 0.1804, 0.175 0.1587 0.1781, 0.1757 0.1637 0.1759, 0.1759 0.1577 0.175, 0.1759 0.1635 0.175, 0.1762 0.1632 0.1735, 0.1764 0.1571 0.1721, 0.1445 0.1918 0.1948, 0.1445 0.1869 0.1948, 0.1406 0.1947 0.1936, 0.1386 0.1913 0.1927, 0.1386 0.1961 0.1927, 0.1362 0.193 0.1915, 0.1362 0.1978 0.1915, 0.1471 0.1898 0.1951, 0.145 0.1915 0.1949, 0.1103 0.2133 0.2157, 0.1107 0.2087 0.2155, 0.1038 0.2166 0.2167, 0.1009 0.2136 0.2168, 0.1009 0.2179 0.2168, 0.1192 0.2085 0.2119, 0.1193 0.2039 0.212, 0.1163 0.2101 0.2136, 0.1107 0.2131 0.2155, 0.1192 0.2085 0.2119, 0.122 0.2069 0.2104, 0.1263 0.1996 0.2069, 0.1261 0.2044 0.2071, 0.1263 0.2043 0.2069, 0.1322 0.1958 0.1999, 0.1305 0.2016 0.2023, 0.1338 0.1995 0.1972, 0.1321 0.2006 0.1998, 0.1345 0.1942 0.1959, 0.064 0.2274 0.1839, 0.064 0.2315 0.1839, 0.0644 0.2314 0.1861, 0.0657 0.2269 0.1914, 0.0658 0.231 0.1913, 0.066 0.2309 0.1921, 0.0675 0.2264 0.1957, 0.0686 0.2301 0.1979, 0.0698 0.2257 0.1998, 0.0699 0.2297 0.1998, 0.0724 0.229 0.2033, 0.0758 0.2237 0.2069, 0.0758 0.2279 0.2068, 0.0763 0.2277 0.2073, 0.0763 0.2235 0.2073, 0.0769 0.2275 0.2079, 0.0837 0.2209 0.2125, 0.0825 0.2255 0.2119, 0.0837 0.2251 0.2124, 0.0883 0.2233 0.2146, 0.089 0.2231 0.2147, 0.0919 0.2176 0.2157, 0.0946 0.2207 0.2163, 0.092 0.2218 0.2156, 0.0414 0.2366 0.1633, 0.0416 0.2365 0.1655, 0.0414 0.2326 0.1633, 0.0415 0.2325 0.1655, 0.0418 0.2365 0.1674, 0.0423 0.2364 0.1696, 0.0427 0.2323 0.1706, 0.0428 0.2363 0.1706, 0.0443 0.236 0.1739, 0.0451 0.2319 0.1752, 0.0483 0.2352 0.1786, 0.0482 0.2312 0.1786, 0.0455 0.2358 0.1757, 0.0452 0.2359 0.1752, 0.0489 0.2351 0.1792, 0.0507 0.2347 0.1805, 0.0523 0.2304 0.1815, 0.0569 0.2333 0.1832, 0.0569 0.2293 0.1832, 0.0551 0.2338 0.1827, 0.0524 0.2344 0.1814, 0.0619 0.232 0.1839, 0.0619 0.228 0.1839, 0.0571 0.2333 0.1833, 0.057 0.2333 0.1832, 0.057 0.2333 0.1433, 0.0557 0.2296 0.1436, 0.057 0.2333 0.1433, 0.0603 0.2284 0.1427, 0.0603 0.2325 0.1427, 0.0557 0.2336 0.1437, 0.0551 0.2337 0.1438, 0.051 0.2306 0.1458, 0.0492 0.2351 0.1471, 0.0471 0.2315 0.149, 0.0508 0.2347 0.1459, 0.051 0.2347 0.1458, 0.0446 0.236 0.1522, 0.0438 0.2321 0.1535, 0.0458 0.2358 0.1505, 0.0467 0.2316 0.1494, 0.0468 0.2355 0.1495, 0.0472 0.2355 0.149, 0.0439 0.2361 0.1535, 0.0425 0.2364 0.1565, 0.042 0.2325 0.1582, 0.0419 0.2365 0.1585, 0.042 0.2365 0.1582, 0.0738 0.2244 0.143, 0.0738 0.2285 0.143, 0.0735 0.2286 0.143, 0.0735 0.2245 0.143, 0.0727 0.2289 0.1428, 0.0727 0.2247 0.1428, 0.0722 0.229 0.1427, 0.0722 0.2249 0.1427, 0.082 0.2257 0.1348, 0.0819 0.2258 0.1356, 0.082 0.2215 0.1348, 0.0819 0.2216 0.1356, 0.0817 0.2216 0.1367, 0.0818 0.2258 0.1362, 0.0814 0.2217 0.1377, 0.0816 0.2259 0.1371, 0.0814 0.2259 0.1377, 0.0805 0.2221 0.1395, 0.0809 0.2261 0.1388, 0.0805 0.2263 0.1395, 0.0792 0.2225 0.1409, 0.0804 0.2263 0.1396, 0.0792 0.2267 0.1409, 0.0776 0.2231 0.1421, 0.0791 0.2268 0.1411, 0.0784 0.227 0.1416, 0.0775 0.2273 0.142, 0.0758 0.2237 0.1428, 0.0766 0.2276 0.1425, 0.0758 0.2279 0.1428, 0.0758 0.2279 0.1428, 0.0743 0.2284 0.1267, 0.0757 0.2279 0.1269, 0.0743 0.2242 0.1267, 0.0757 0.2238 0.1269, 0.0774 0.2273 0.1276, 0.0774 0.2232 0.1275, 0.0767 0.2276 0.1272, 0.0759 0.2279 0.1269, 0.0784 0.227 0.1281, 0.079 0.2268 0.1285, 0.0791 0.2226 0.1287, 0.0791 0.2267 0.1287, 0.0799 0.2265 0.1295, 0.0799 0.2223 0.1295, 0.0803 0.2263 0.13, 0.0807 0.2262 0.1306, 0.081 0.2219 0.1311, 0.081 0.2261 0.1312, 0.0815 0.2259 0.1323, 0.0817 0.2216 0.1329, 0.0817 0.2258 0.1329, 0.0818 0.2258 0.1331, 0.0819 0.2216 0.1339, 0.0348 0.2376 0.1385, 0.0359 0.2375 0.1374, 0.0348 0.2336 0.1385, 0.0409 0.2366 0.1331, 0.0419 0.2325 0.1325, 0.042 0.2365 0.1325, 0.0459 0.2357 0.1302, 0.05 0.2309 0.1285, 0.05 0.2349 0.1287, 0.052 0.2345 0.1279, 0.0588 0.2288 0.1267, 0.057 0.2333 0.127, 0.0588 0.2329 0.1267, 0.0251 0.2388 0.1622, 0.0259 0.2388 0.1557, 0.0262 0.2348 0.1542, 0.0296 0.2383 0.1459, 0.0295 0.2344 0.1459, 0.0275 0.2386 0.1501, 0.0263 0.2387 0.1542, 0.0308 0.2382 0.1437, 0.0304 0.2382 0.1443, 0.089 0.2231 0.1492, 0.0779 0.223 0.155, 0.0727 0.2289 0.1578, 0.0727 0.2247 0.1578, 0.0809 0.2261 0.1717, 0.0809 0.2219 0.1717, 0.1124 0.2077 0.1553, 0.089 0.2231 0.1675, 0.1261 0.2044 0.1367, 0.126 0.2045 0.1346, 0.0816 0.2259 0.1366, 0.1487 0.1886 0.2112, 0.126 0.2044 0.1345, 0.1262 0.2043 0.1333, 0.1266 0.2041 0.1319, 0.1268 0.2039 0.1313, 0.1276 0.2035 0.1299, 0.1278 0.2034 0.1296, 0.129 0.2026 0.1281, 0.1294 0.2023 0.1277, 0.1298 0.2021 0.1274, 0.1315 0.201 0.1263, 0.1319 0.2007 0.126, 0.1334 0.1997 0.1255, 0.1337 0.1995 0.1254, 0.1362 0.1978 0.1251, 0.1376 0.1968 0.1252, 0.1419 0.1937 0.1268, 0.1411 0.1944 0.1263, 0.141 0.1944 0.1263, 0.1386 0.1961 0.1254, 0.1383 0.1963 0.1253, 0.1431 0.1929 0.1278, 0.144 0.1922 0.1286, 0.1442 0.192 0.1289, 0.1448 0.1916 0.1297, 0.1455 0.1911 0.1308, 0.1458 0.1909 0.1315, 0.1459 0.1908 0.1319, 0.1463 0.1904 0.1334, 0.1465 0.1903 0.1343, 0.1465 0.1903 0.1343, 0.1465 0.1903 0.1363, 0.1464 0.1904 0.1369, 0.1463 0.1905 0.1376, 0.1457 0.1909 0.1394, 0.1457 0.1909 0.1395, 0.1453 0.1912 0.1403, 0.1444 0.1919 0.1416, 0.144 0.1922 0.1421, 0.1431 0.1929 0.143, 0.1428 0.1931 0.1433, 0.141 0.1944 0.1444, 0.1405 0.1948 0.1447, 0.1391 0.1957 0.1452, 0.1387 0.196 0.1453, 0.1362 0.1978 0.1456, 0.1349 0.1987 0.1456, 0.1345 0.199 0.1455, 0.1342 0.1992 0.1454, 0.132 0.2006 0.1447, 0.1316 0.2009 0.1445, 0.1311 0.2012 0.1442, 0.1298 0.202 0.1433, 0.129 0.2026 0.1427, 0.1286 0.2028 0.1423, 0.1281 0.2031 0.1415, 0.1273 0.2037 0.1404, 0.1269 0.2039 0.1397, 0.1268 0.2039 0.1394, 0.1262 0.2043 0.1377, 0.1261 0.2044 0.137, 0.1261 0.2044 0.137
            ]
        }
        coordIndex [
            0,1,2,-1,2,1,3,-1,4,5,6,-1,6,5,7,-1,8,9,10,-1,10,9,11,-1,12,13,14,-1,12,14,15,-1,15,14,16,-1,15,16,17,-1,18,19,20,-1,20,19,17,-1,20,17,21,-1,21,17,16,-1,13,12,22,-1,22,12,23,-1,24,25,26,-1,24,26,27,-1,27,26,28,-1,27,28,29,-1,22,23,30,-1,30,23,29,-1,30,29,31,-1,31,29,28,-1,32,33,34,-1,32,34,35,-1,34,36,35,-1,35,36,37,-1,35,37,38,-1,37,39,38,-1,38,39,40,-1,38,40,41,-1,25,24,42,-1,42,24,41,-1,42,41,43,-1,43,41,40,-1,44,45,46,-1,46,45,47,-1,45,48,47,-1,47,48,49,-1,47,49,50,-1,49,51,50,-1,50,51,52,-1,50,52,53,-1,33,32,54,-1,54,32,53,-1,54,53,55,-1,55,53,52,-1,56,57,58,-1,58,57,59,-1,57,60,59,-1,59,60,61,-1,59,61,62,-1,63,64,65,-1,65,64,62,-1,65,62,66,-1,66,62,61,-1,44,46,67,-1,67,46,64,-1,67,64,68,-1,68,64,63,-1,69,70,71,-1,69,71,72,-1,72,71,73,-1,72,73,74,-1,73,75,74,-1,74,75,76,-1,74,76,77,-1,56,58,78,-1,78,58,77,-1,78,77,79,-1,79,77,76,-1,80,81,82,-1,83,84,82,-1,82,84,85,-1,82,85,80,-1,70,69,86,-1,86,69,84,-1,86,84,87,-1,87,84,83,-1,81,80,88,-1,88,80,89,-1,90,91,92,-1,90,92,93,-1,93,92,94,-1,93,94,95,-1,88,89,96,-1,96,89,95,-1,96,95,97,-1,97,95,94,-1,98,99,100,-1,98,100,101,-1,102,103,104,-1,104,103,101,-1,104,101,105,-1,105,101,100,-1,102,106,103,-1,103,106,107,-1,103,107,108,-1,91,90,109,-1,109,90,108,-1,109,108,110,-1,110,108,107,-1,111,112,113,-1,113,112,114,-1,114,112,115,-1,115,112,116,-1,115,116,117,-1,117,118,115,-1,115,118,119,-1,115,119,120,-1,119,121,120,-1,120,121,99,-1,120,99,98,-1,122,123,124,-1,122,124,125,-1,125,124,126,-1,125,126,127,-1,126,128,127,-1,127,128,129,-1,127,129,130,-1,111,113,131,-1,131,113,130,-1,131,130,132,-1,132,130,129,-1,18,133,19,-1,19,133,134,-1,133,135,134,-1,134,135,136,-1,134,136,137,-1,136,138,137,-1,137,138,139,-1,137,139,140,-1,139,141,140,-1,140,141,142,-1,140,142,122,-1,122,142,143,-1,122,143,123,-1,144,145,146,-1,146,145,147,-1,148,149,150,-1,150,149,151,-1,152,153,154,-1,154,153,155,-1,156,157,158,-1,158,157,159,-1,160,161,162,-1,162,161,163,-1,164,165,166,-1,166,165,167,-1,168,169,170,-1,170,169,171,-1,170,171,172,-1,170,173,168,-1,168,173,174,-1,168,174,175,-1,175,174,176,-1,177,178,179,-1,179,178,175,-1,179,175,180,-1,180,175,176,-1,181,182,183,-1,183,184,181,-1,181,184,185,-1,181,185,186,-1,185,187,186,-1,186,187,188,-1,186,188,189,-1,189,188,190,-1,189,190,191,-1,172,171,192,-1,192,171,191,-1,192,191,193,-1,193,191,190,-1,194,195,196,-1,194,196,197,-1,198,199,200,-1,200,199,197,-1,200,197,201,-1,201,197,196,-1,198,202,199,-1,199,202,203,-1,199,203,204,-1,203,205,204,-1,204,205,206,-1,204,206,207,-1,207,206,183,-1,207,183,182,-1,208,209,210,-1,208,210,211,-1,210,212,211,-1,211,212,213,-1,211,213,214,-1,195,194,215,-1,215,194,214,-1,215,214,216,-1,216,214,213,-1,217,218,219,-1,219,218,220,-1,219,220,177,-1,177,220,178,-1,209,208,217,-1,217,208,218,-1,221,222,223,-1,223,222,224,-1,225,226,227,-1,227,226,228,-1,229,230,231,-1,231,230,232,-1,233,234,235,-1,235,234,236,-1,237,238,239,-1,239,238,240,-1,241,242,243,-1,243,242,244,-1,245,246,247,-1,245,247,248,-1,247,249,248,-1,248,249,250,-1,248,250,251,-1,252,253,254,-1,254,253,251,-1,254,251,255,-1,255,251,250,-1,246,245,256,-1,256,245,257,-1,258,259,260,-1,260,259,261,-1,259,262,261,-1,261,262,263,-1,261,263,264,-1,256,257,265,-1,265,257,264,-1,265,264,266,-1,266,264,263,-1,267,268,269,-1,267,269,270,-1,270,269,271,-1,270,271,272,-1,271,273,272,-1,272,273,274,-1,272,274,275,-1,274,276,275,-1,275,276,277,-1,275,277,278,-1,277,279,278,-1,278,279,280,-1,278,280,281,-1,281,280,282,-1,282,283,281,-1,281,283,284,-1,281,284,285,-1,285,284,286,-1,258,260,287,-1,287,260,285,-1,287,285,288,-1,288,285,286,-1,289,290,291,-1,291,290,292,-1,290,293,292,-1,292,293,294,-1,292,294,295,-1,294,296,295,-1,295,296,297,-1,295,297,298,-1,299,300,301,-1,301,300,298,-1,301,298,302,-1,302,298,297,-1,303,304,305,-1,305,304,300,-1,305,300,306,-1,306,300,299,-1,303,307,304,-1,304,307,308,-1,304,308,309,-1,310,311,312,-1,312,311,309,-1,312,309,313,-1,313,309,308,-1,314,315,316,-1,316,315,317,-1,315,318,317,-1,317,318,319,-1,317,319,320,-1,321,322,323,-1,323,322,320,-1,323,320,324,-1,324,320,319,-1,289,291,325,-1,325,291,322,-1,325,322,326,-1,326,322,321,-1,327,328,329,-1,329,328,330,-1,330,328,331,-1,331,328,332,-1,331,332,333,-1,334,335,336,-1,336,335,331,-1,336,331,337,-1,337,331,333,-1,334,338,335,-1,335,338,314,-1,335,314,316,-1,339,340,341,-1,339,341,342,-1,341,343,342,-1,342,343,344,-1,342,344,345,-1,344,346,345,-1,345,346,347,-1,345,347,348,-1,347,349,348,-1,348,349,350,-1,348,350,351,-1,351,350,352,-1,327,329,353,-1,353,329,351,-1,353,351,354,-1,354,351,352,-1,355,356,357,-1,357,356,358,-1,359,360,361,-1,361,360,362,-1,252,363,253,-1,253,363,364,-1,363,365,364,-1,364,365,366,-1,364,366,367,-1,366,368,367,-1,367,368,369,-1,367,369,370,-1,369,371,370,-1,370,371,372,-1,370,372,373,-1,373,372,374,-1,374,375,373,-1,373,375,376,-1,373,376,377,-1,376,378,377,-1,377,378,379,-1,377,379,380,-1,361,362,381,-1,381,362,380,-1,381,380,382,-1,382,380,379,-1,383,384,385,-1,383,385,386,-1,385,387,386,-1,386,387,388,-1,386,388,389,-1,390,391,392,-1,392,391,389,-1,392,389,393,-1,393,389,388,-1,384,383,394,-1,394,383,395,-1,396,397,398,-1,398,397,399,-1,394,395,400,-1,400,395,399,-1,400,399,401,-1,401,399,397,-1,402,403,404,-1,404,405,402,-1,402,405,406,-1,402,406,407,-1,407,406,408,-1,396,398,409,-1,409,398,407,-1,409,407,410,-1,410,407,408,-1,411,412,413,-1,411,413,414,-1,414,413,415,-1,414,415,416,-1,416,415,417,-1,416,417,418,-1,417,419,418,-1,418,419,420,-1,418,420,421,-1,421,420,422,-1,421,422,423,-1,423,424,421,-1,421,424,404,-1,421,404,403,-1,425,426,427,-1,425,427,428,-1,428,427,429,-1,428,429,430,-1,429,431,430,-1,430,431,432,-1,430,432,433,-1,412,411,434,-1,434,411,433,-1,434,433,435,-1,435,433,432,-1,436,437,438,-1,439,440,438,-1,438,440,441,-1,438,441,436,-1,439,442,440,-1,440,442,426,-1,440,426,425,-1,443,444,445,-1,443,445,446,-1,445,447,446,-1,446,447,437,-1,446,437,436,-1,448,449,450,-1,450,449,451,-1,450,451,452,-1,448,453,449,-1,449,453,454,-1,449,454,455,-1,454,456,455,-1,455,456,457,-1,455,457,458,-1,457,459,458,-1,458,459,444,-1,458,444,443,-1,460,461,462,-1,462,461,463,-1,464,465,466,-1,466,465,463,-1,466,463,467,-1,467,463,461,-1,464,468,465,-1,465,468,469,-1,465,469,470,-1,452,451,471,-1,471,451,470,-1,471,470,472,-1,472,470,469,-1,473,474,475,-1,473,475,476,-1,476,475,477,-1,476,477,478,-1,460,462,479,-1,479,462,478,-1,479,478,480,-1,480,478,477,-1,481,482,483,-1,483,484,481,-1,481,484,485,-1,481,485,486,-1,486,485,487,-1,474,473,488,-1,488,473,486,-1,488,486,489,-1,489,486,487,-1,483,482,490,-1,490,482,491,-1,492,493,494,-1,494,493,495,-1,493,496,495,-1,495,496,490,-1,495,490,491,-1,497,498,499,-1,499,498,500,-1,498,501,500,-1,500,501,502,-1,500,502,503,-1,492,494,504,-1,504,494,503,-1,504,503,505,-1,505,503,502,-1,506,507,508,-1,506,508,509,-1,510,511,512,-1,512,511,513,-1,512,513,514,-1,514,513,509,-1,514,509,515,-1,515,509,508,-1,510,516,511,-1,511,516,517,-1,511,517,518,-1,517,519,518,-1,518,519,497,-1,518,497,499,-1,520,521,522,-1,522,521,523,-1,521,524,523,-1,523,524,525,-1,523,525,526,-1,507,506,527,-1,527,506,526,-1,527,526,528,-1,528,526,525,-1,529,530,531,-1,531,530,532,-1,530,533,532,-1,532,533,534,-1,532,534,535,-1,534,536,535,-1,535,536,520,-1,535,520,522,-1,537,538,539,-1,539,538,540,-1,540,541,539,-1,539,541,529,-1,539,529,531,-1,542,543,544,-1,544,545,542,-1,542,545,546,-1,542,546,547,-1,546,548,547,-1,547,548,549,-1,547,549,550,-1,549,551,550,-1,550,551,552,-1,550,552,537,-1,537,552,553,-1,537,553,538,-1,554,555,556,-1,556,555,557,-1,556,557,558,-1,558,557,391,-1,558,391,390,-1,554,559,555,-1,555,559,560,-1,555,560,561,-1,560,562,561,-1,561,562,563,-1,561,563,564,-1,565,566,567,-1,567,566,564,-1,567,564,568,-1,568,564,563,-1,565,569,566,-1,566,569,570,-1,566,570,571,-1,571,570,572,-1,571,572,573,-1,573,572,574,-1,573,574,575,-1,544,543,576,-1,576,543,575,-1,576,575,577,-1,577,575,574,-1,578,579,580,-1,578,580,581,-1,581,580,582,-1,581,582,583,-1,584,585,586,-1,586,585,587,-1,588,589,590,-1,590,589,587,-1,590,587,591,-1,591,587,585,-1,588,592,589,-1,589,592,593,-1,589,593,594,-1,593,595,594,-1,594,595,596,-1,594,596,597,-1,596,598,597,-1,597,598,599,-1,597,599,600,-1,600,599,601,-1,600,601,602,-1,603,604,605,-1,603,605,606,-1,605,607,606,-1,606,607,584,-1,606,584,586,-1,604,603,608,-1,608,603,609,-1,610,611,612,-1,612,611,613,-1,611,614,613,-1,613,614,608,-1,613,608,609,-1,615,616,617,-1,617,616,618,-1,618,619,617,-1,617,619,620,-1,617,620,621,-1,621,620,622,-1,621,622,623,-1,623,622,624,-1,624,625,623,-1,623,625,626,-1,623,626,627,-1,626,628,627,-1,627,628,629,-1,627,629,612,-1,612,629,630,-1,612,630,610,-1,631,632,633,-1,633,632,634,-1,635,636,637,-1,637,636,638,-1,639,640,641,-1,641,640,642,-1,643,644,645,-1,645,644,646,-1,647,648,649,-1,649,648,650,-1,651,652,653,-1,653,652,654,-1,655,656,657,-1,657,656,658,-1,657,658,659,-1,657,660,655,-1,655,660,661,-1,655,661,662,-1,662,661,663,-1,663,664,662,-1,662,664,665,-1,662,665,666,-1,666,665,667,-1,666,667,668,-1,669,670,671,-1,671,672,669,-1,669,672,673,-1,669,673,674,-1,674,673,675,-1,674,675,676,-1,675,677,676,-1,676,677,678,-1,676,678,679,-1,679,678,680,-1,679,680,681,-1,681,680,682,-1,681,682,658,-1,658,682,683,-1,658,683,659,-1,684,685,686,-1,686,685,687,-1,688,689,690,-1,690,689,687,-1,690,687,691,-1,691,687,685,-1,688,692,689,-1,689,692,693,-1,689,693,694,-1,694,693,695,-1,694,695,696,-1,696,695,697,-1,696,697,698,-1,698,697,671,-1,698,671,670,-1,699,700,701,-1,701,700,702,-1,701,702,703,-1,702,704,703,-1,703,704,705,-1,703,705,706,-1,684,686,707,-1,707,686,706,-1,707,706,708,-1,708,706,705,-1,709,710,711,-1,711,710,712,-1,711,712,668,-1,668,712,666,-1,699,701,709,-1,709,701,710,-1,713,714,715,-1,715,714,716,-1,715,716,717,-1,717,716,718,-1,717,718,719,-1,719,718,720,-1,719,720,721,-1,721,720,722,-1,722,720,723,-1,722,723,724,-1,724,723,725,-1,724,725,726,-1,726,725,727,-1,728,729,727,-1,727,729,730,-1,727,730,726,-1,729,728,731,-1,731,728,732,-1,731,732,713,-1,713,732,714,-1,733,734,735,-1,733,735,736,-1,736,735,737,-1,736,737,738,-1,737,739,738,-1,738,739,740,-1,738,740,741,-1,741,740,742,-1,742,743,741,-1,741,743,744,-1,741,744,745,-1,744,746,745,-1,745,746,747,-1,745,747,748,-1,748,747,749,-1,750,751,752,-1,752,751,748,-1,752,748,753,-1,753,748,749,-1,754,755,756,-1,757,758,756,-1,756,758,759,-1,756,759,754,-1,754,760,755,-1,755,760,761,-1,755,761,762,-1,762,761,763,-1,762,763,733,-1,733,763,734,-1,764,765,766,-1,766,765,767,-1,766,767,768,-1,769,770,771,-1,771,770,772,-1,771,772,773,-1,773,772,765,-1,773,765,774,-1,774,765,764,-1,758,757,775,-1,775,757,776,-1,775,776,777,-1,777,776,770,-1,777,770,778,-1,778,770,769,-1,779,780,781,-1,782,783,784,-1,784,783,785,-1,781,786,779,-1,779,786,787,-1,779,787,782,-1,782,787,788,-1,782,788,783,-1,768,767,789,-1,789,767,790,-1,789,790,791,-1,791,790,784,-1,791,784,792,-1,792,784,785,-1,793,794,795,-1,795,794,796,-1,795,796,797,-1,781,780,798,-1,798,780,795,-1,798,795,799,-1,799,795,797,-1,800,801,802,-1,802,803,800,-1,800,803,804,-1,800,804,793,-1,793,804,805,-1,793,805,794,-1,806,807,808,-1,808,809,806,-1,806,809,810,-1,806,810,811,-1,811,810,812,-1,812,813,811,-1,811,813,814,-1,811,814,815,-1,815,814,816,-1,815,816,817,-1,817,818,815,-1,815,818,819,-1,815,819,801,-1,801,819,820,-1,801,820,802,-1,821,822,823,-1,823,822,824,-1,824,822,825,-1,825,822,826,-1,825,826,827,-1,826,828,827,-1,827,828,829,-1,827,829,830,-1,830,829,831,-1,830,831,832,-1,832,831,833,-1,808,807,834,-1,834,807,835,-1,834,835,836,-1,836,835,832,-1,836,832,837,-1,837,832,833,-1,838,839,840,-1,840,839,841,-1,840,841,842,-1,841,843,842,-1,842,843,844,-1,842,844,845,-1,845,844,846,-1,845,846,847,-1,821,823,848,-1,848,823,849,-1,848,849,850,-1,850,849,847,-1,850,847,851,-1,851,847,846,-1,852,853,854,-1,854,853,855,-1,854,855,856,-1,852,857,853,-1,853,857,858,-1,853,858,859,-1,859,858,860,-1,859,860,861,-1,839,838,862,-1,862,838,859,-1,862,859,863,-1,863,859,861,-1,864,865,866,-1,866,865,867,-1,866,867,868,-1,868,867,869,-1,868,869,870,-1,871,872,873,-1,873,872,865,-1,873,865,874,-1,874,865,864,-1,871,875,872,-1,872,875,876,-1,872,876,877,-1,876,878,877,-1,877,878,879,-1,877,879,880,-1,879,881,880,-1,880,881,882,-1,880,882,883,-1,883,882,856,-1,883,856,855,-1,884,885,886,-1,884,886,887,-1,887,886,888,-1,887,888,889,-1,889,888,890,-1,889,890,891,-1,890,892,891,-1,891,892,893,-1,891,893,894,-1,894,893,895,-1,894,895,896,-1,897,898,899,-1,899,898,896,-1,899,896,900,-1,900,896,895,-1,901,902,903,-1,903,902,898,-1,903,898,904,-1,904,898,897,-1,901,905,902,-1,902,905,906,-1,902,906,907,-1,870,869,908,-1,908,869,907,-1,908,907,909,-1,909,907,906,-1,885,884,910,-1,910,884,911,-1,912,913,914,-1,914,915,912,-1,912,915,916,-1,912,916,917,-1,916,918,917,-1,917,918,919,-1,917,919,920,-1,920,919,921,-1,921,922,920,-1,920,922,923,-1,920,923,924,-1,924,923,925,-1,924,925,926,-1,927,928,929,-1,929,928,930,-1,929,930,931,-1,930,932,931,-1,931,932,933,-1,931,933,934,-1,933,935,934,-1,934,935,936,-1,934,936,937,-1,937,936,938,-1,939,940,941,-1,941,940,937,-1,941,937,942,-1,942,937,938,-1,914,913,943,-1,943,913,940,-1,943,940,944,-1,944,940,939,-1,945,946,947,-1,945,947,948,-1,948,947,949,-1,948,949,950,-1,949,951,950,-1,950,951,952,-1,950,952,953,-1,953,952,954,-1,953,954,955,-1,955,954,956,-1,955,956,957,-1,957,956,958,-1,958,959,957,-1,957,959,960,-1,957,960,961,-1,960,962,961,-1,961,962,963,-1,961,963,927,-1,927,963,964,-1,927,964,928,-1,965,966,967,-1,967,966,968,-1,966,969,968,-1,968,969,970,-1,968,970,971,-1,970,972,971,-1,971,972,973,-1,971,973,974,-1,975,976,977,-1,977,976,974,-1,977,974,978,-1,978,974,973,-1,979,980,981,-1,981,980,976,-1,981,976,982,-1,982,976,975,-1,979,983,980,-1,980,983,984,-1,980,984,985,-1,985,984,986,-1,985,986,987,-1,986,988,987,-1,987,988,989,-1,987,989,990,-1,990,989,946,-1,990,946,945,-1,991,992,993,-1,993,992,994,-1,993,994,995,-1,995,994,996,-1,995,996,997,-1,965,967,998,-1,998,967,992,-1,998,992,999,-1,999,992,991,-1,1000,1001,1002,-1,1002,1001,1003,-1,1002,1003,1004,-1,1005,1006,1007,-1,1007,1006,1001,-1,1007,1001,1008,-1,1008,1001,1000,-1,1005,1009,1006,-1,1006,1009,1010,-1,1006,1010,1011,-1,1010,1012,1011,-1,1011,1012,1013,-1,1011,1013,1014,-1,1014,1013,1015,-1,1016,997,996,-1,1015,1017,1014,-1,1014,1017,1016,-1,1014,1016,1018,-1,1018,1016,996,-1,1019,1020,1021,-1,1019,1021,1022,-1,1021,1023,1022,-1,1022,1023,1024,-1,1022,1024,1025,-1,1025,1024,1026,-1,1025,1026,1027,-1,1026,1028,1027,-1,1027,1028,1029,-1,1027,1029,1030,-1,1029,1031,1030,-1,1030,1031,1032,-1,1030,1032,1033,-1,1033,1032,1034,-1,1033,1034,1035,-1,1035,1034,1036,-1,1035,1036,1037,-1,1037,1038,1035,-1,1035,1038,1039,-1,1035,1039,1040,-1,1004,1003,1041,-1,1041,1003,1040,-1,1041,1040,1042,-1,1042,1040,1039,-1,1043,1044,1045,-1,1045,1044,1046,-1,1044,1047,1046,-1,1046,1047,1048,-1,1046,1048,1049,-1,1048,1050,1049,-1,1049,1050,1051,-1,1049,1051,1052,-1,1053,1054,1055,-1,1055,1054,1052,-1,1055,1052,1056,-1,1056,1052,1051,-1,1053,1057,1054,-1,1054,1057,1058,-1,1054,1058,1059,-1,1060,1061,1062,-1,1062,1061,1059,-1,1062,1059,1063,-1,1063,1059,1058,-1,1064,1065,1066,-1,1066,1065,1061,-1,1066,1061,1067,-1,1067,1061,1060,-1,1068,1069,1070,-1,1070,1069,1071,-1,1070,1071,1072,-1,1068,1073,1069,-1,1069,1073,1074,-1,1069,1074,1075,-1,1076,1077,1078,-1,1078,1077,1075,-1,1078,1075,1079,-1,1079,1075,1074,-1,1080,1081,1082,-1,1082,1081,1083,-1,1082,1083,1084,-1,1084,1083,1077,-1,1084,1077,1085,-1,1085,1077,1076,-1,1080,1086,1081,-1,1081,1086,1087,-1,1081,1087,1088,-1,1043,1045,1089,-1,1089,1045,1088,-1,1089,1088,1090,-1,1090,1088,1087,-1,1091,1092,1093,-1,1091,1093,1094,-1,1094,1093,1095,-1,1094,1095,1096,-1,1096,1095,1097,-1,1096,1097,1098,-1,1099,1100,1101,-1,1101,1100,1102,-1,1102,1100,1103,-1,1103,1100,1104,-1,1103,1104,1105,-1,1104,1106,1105,-1,1105,1106,1107,-1,1105,1107,1108,-1,1107,1109,1108,-1,1108,1109,1110,-1,1108,1110,1111,-1,1110,1112,1111,-1,1111,1112,1113,-1,1111,1113,1114,-1,1114,1113,1115,-1,1115,1116,1114,-1,1114,1116,1117,-1,1114,1117,1118,-1,1118,1117,1119,-1,1118,1119,1120,-1,1120,1121,1118,-1,1118,1121,1092,-1,1118,1092,1091,-1,1122,1123,1124,-1,1124,1123,1125,-1,1126,1127,1128,-1,1128,1127,1125,-1,1128,1125,1129,-1,1129,1125,1123,-1,1126,1130,1127,-1,1127,1130,1131,-1,1127,1131,1132,-1,1131,1133,1132,-1,1132,1133,1134,-1,1132,1134,1135,-1,1134,1136,1135,-1,1135,1136,1137,-1,1135,1137,1138,-1,1137,1139,1138,-1,1138,1139,1140,-1,1138,1140,1141,-1,1140,1142,1141,-1,1141,1142,1143,-1,1141,1143,1144,-1,1144,1143,1099,-1,1144,1099,1101,-1,1145,1146,1147,-1,1147,1146,1148,-1,1147,1148,1149,-1,1148,1150,1149,-1,1149,1150,1151,-1,1149,1151,1152,-1,1151,1153,1152,-1,1152,1153,1154,-1,1152,1154,1155,-1,1155,1154,1156,-1,1155,1156,1157,-1,750,1158,751,-1,751,1158,1159,-1,751,1159,1160,-1,1161,1162,1163,-1,1163,1162,1160,-1,1163,1160,1164,-1,1164,1160,1159,-1,1145,1147,1165,-1,1165,1147,1162,-1,1165,1162,1166,-1,1166,1162,1161,-1,910,911,1167,-1,1167,911,1168,-1,1167,1168,1169,-1,1169,1168,1170,-1,1169,1170,1171,-1,1171,1170,1172,-1,1173,924,926,-1,1173,926,1172,-1,1172,926,1174,-1,1172,1174,1171,-1,1020,1019,1064,-1,1064,1019,1065,-1,1072,1071,1097,-1,1097,1071,1098,-1,1122,1124,1157,-1,1157,1124,1155,-1,1175,1176,904,-1,1122,1157,1072,-1,1072,1097,1122,-1,1122,1097,1095,-1,1122,1095,1093,-1,1093,1092,1122,-1,1122,1092,1121,-1,1122,1121,1123,-1,1120,1119,1133,-1,1133,1119,1117,-1,1133,1117,1134,-1,1134,1117,1136,-1,1116,1115,1139,-1,1139,1115,1113,-1,1139,1113,1112,-1,1112,1110,1139,-1,1139,1110,1109,-1,1139,1109,1107,-1,1107,1106,1177,-1,1177,1106,1104,-1,1142,1100,1143,-1,1143,1100,1099,-1,1104,1100,1177,-1,1177,1100,1142,-1,1177,1142,1107,-1,1107,1142,1140,-1,1107,1140,1139,-1,1116,1139,1117,-1,1117,1139,1137,-1,1117,1137,1136,-1,1130,1126,1121,-1,1120,1133,1121,-1,1121,1133,1131,-1,1121,1131,1130,-1,1126,1128,1121,-1,1121,1128,1129,-1,1121,1129,1123,-1,1060,1062,735,-1,735,1062,737,-1,737,1062,1063,-1,737,1063,739,-1,739,1063,1058,-1,739,1058,740,-1,740,1058,1057,-1,740,1057,742,-1,742,1057,1053,-1,742,1053,743,-1,743,1053,1055,-1,743,1055,744,-1,744,1055,1056,-1,744,1056,746,-1,746,1056,1051,-1,746,1051,747,-1,747,1051,1050,-1,747,1050,749,-1,749,1050,1048,-1,749,1048,753,-1,753,1048,1047,-1,753,1047,752,-1,752,1047,1044,-1,752,1044,750,-1,750,1044,1043,-1,750,1043,1158,-1,1158,1043,1089,-1,1158,1089,1159,-1,1159,1089,1164,-1,1164,1089,1090,-1,1164,1090,1163,-1,1163,1090,1087,-1,1163,1087,1161,-1,1161,1087,1086,-1,1161,1086,1166,-1,1166,1086,1080,-1,1166,1080,1165,-1,1165,1080,1145,-1,1145,1080,1082,-1,1145,1082,1146,-1,1082,1084,1146,-1,1146,1084,1085,-1,1146,1085,1148,-1,1148,1085,1076,-1,1148,1076,1150,-1,1150,1076,1078,-1,1150,1078,1151,-1,1151,1078,1079,-1,1151,1079,1153,-1,1153,1079,1074,-1,1153,1074,1154,-1,1154,1074,1073,-1,1154,1073,1156,-1,1156,1073,1068,-1,1156,1068,1157,-1,1157,1068,1070,-1,1157,1070,1072,-1,763,761,1067,-1,1067,761,760,-1,1067,760,1066,-1,1060,735,1067,-1,1067,735,734,-1,1067,734,763,-1,1034,758,1036,-1,1036,758,775,-1,1034,1032,758,-1,758,1032,1031,-1,758,1031,759,-1,759,1031,1029,-1,759,1029,754,-1,754,1029,1028,-1,754,1028,760,-1,760,1028,1026,-1,1026,1024,760,-1,760,1024,1023,-1,760,1023,1066,-1,1066,1023,1021,-1,1066,1021,1064,-1,1064,1021,1020,-1,783,1007,785,-1,785,1007,1008,-1,785,1008,792,-1,792,1008,1000,-1,1041,766,1004,-1,1004,766,768,-1,1004,768,1002,-1,1002,768,789,-1,1002,789,1000,-1,1000,789,791,-1,1000,791,792,-1,775,777,1036,-1,1036,777,778,-1,1036,778,1037,-1,1037,778,769,-1,1037,769,1038,-1,1038,769,771,-1,1038,771,1039,-1,1039,771,773,-1,1039,773,1042,-1,1042,773,774,-1,1042,774,1041,-1,1041,774,764,-1,1041,764,766,-1,794,995,997,-1,997,1016,794,-1,794,1016,1017,-1,794,1017,796,-1,796,1017,1015,-1,796,1015,797,-1,797,1015,799,-1,799,1015,1013,-1,799,1013,798,-1,798,1013,781,-1,781,1013,1012,-1,781,1012,786,-1,786,1012,1010,-1,786,1010,787,-1,787,1010,788,-1,788,1010,1009,-1,788,1009,783,-1,783,1009,1005,-1,783,1005,1007,-1,805,998,794,-1,794,998,999,-1,999,991,794,-1,794,991,993,-1,794,993,995,-1,805,804,998,-1,998,804,1178,-1,998,1178,965,-1,965,1178,802,-1,965,802,966,-1,966,802,820,-1,966,820,969,-1,969,820,819,-1,969,819,970,-1,970,819,818,-1,970,818,972,-1,972,818,817,-1,972,817,973,-1,973,817,816,-1,973,816,978,-1,978,816,814,-1,978,814,977,-1,977,814,813,-1,977,813,975,-1,863,959,862,-1,862,959,958,-1,862,958,839,-1,952,844,843,-1,839,958,841,-1,841,958,956,-1,841,956,843,-1,843,956,954,-1,843,954,952,-1,844,952,846,-1,846,952,951,-1,846,951,851,-1,851,951,850,-1,850,951,949,-1,850,949,848,-1,848,949,947,-1,848,947,821,-1,821,947,946,-1,821,946,822,-1,822,946,826,-1,826,946,989,-1,826,989,828,-1,828,989,829,-1,829,989,988,-1,829,988,831,-1,831,988,833,-1,833,988,986,-1,833,986,837,-1,837,986,984,-1,837,984,836,-1,836,984,834,-1,834,984,983,-1,834,983,979,-1,812,981,813,-1,813,981,982,-1,813,982,975,-1,812,810,981,-1,981,810,809,-1,981,809,979,-1,979,809,808,-1,979,808,834,-1,873,941,871,-1,871,941,942,-1,871,942,938,-1,938,936,871,-1,871,936,935,-1,871,935,933,-1,930,928,876,-1,933,932,871,-1,871,932,930,-1,871,930,875,-1,875,930,876,-1,858,857,964,-1,964,857,928,-1,928,857,852,-1,928,852,854,-1,858,964,860,-1,860,964,963,-1,860,963,962,-1,863,861,959,-1,959,861,860,-1,959,860,960,-1,960,860,962,-1,854,856,928,-1,928,856,882,-1,928,882,881,-1,881,879,928,-1,928,879,878,-1,928,878,876,-1,1176,1179,904,-1,904,1179,1180,-1,904,1180,1181,-1,1181,1182,904,-1,904,1182,1183,-1,904,1183,1184,-1,1184,1185,904,-1,904,1185,1186,-1,904,1186,903,-1,903,1186,1187,-1,903,1187,901,-1,901,1187,905,-1,905,1187,1188,-1,905,1188,906,-1,906,1188,1189,-1,906,1189,909,-1,909,1189,1190,-1,909,1190,908,-1,908,1190,1191,-1,908,1191,870,-1,870,1191,1192,-1,870,1192,868,-1,868,1192,1193,-1,868,1193,866,-1,1194,873,1195,-1,1195,873,874,-1,1195,874,1196,-1,1196,874,864,-1,1196,864,1197,-1,1197,864,866,-1,1197,866,1198,-1,1198,866,1193,-1,1194,1199,873,-1,873,1199,1200,-1,873,1200,1201,-1,1201,1202,873,-1,873,1202,1203,-1,873,1203,1204,-1,1204,1205,873,-1,873,1205,1206,-1,873,1206,1207,-1,1207,1208,873,-1,873,1208,1209,-1,873,1209,941,-1,941,1209,1210,-1,941,1210,1211,-1,1211,1212,941,-1,941,1212,1213,-1,941,1213,1214,-1,1214,1215,941,-1,941,1215,1216,-1,941,1216,1217,-1,1217,1218,941,-1,941,1218,1219,-1,941,1219,939,-1,939,1219,1220,-1,939,1220,944,-1,944,1220,1221,-1,944,1221,943,-1,943,1221,1222,-1,943,1222,914,-1,914,1222,1223,-1,914,1223,915,-1,1223,1224,915,-1,915,1224,1225,-1,915,1225,916,-1,916,1225,1226,-1,916,1226,918,-1,918,1226,1227,-1,918,1227,919,-1,919,1227,1228,-1,919,1228,921,-1,921,1228,1229,-1,921,1229,922,-1,922,1229,1230,-1,922,1230,1231,-1,1232,925,1231,-1,1231,925,923,-1,1231,923,922,-1,1232,1233,925,-1,925,1233,1234,-1,925,1234,1235,-1,1235,1236,925,-1,925,1236,1237,-1,925,1237,1238,-1,899,900,926,-1,1238,1175,925,-1,925,1175,904,-1,925,904,926,-1,926,904,897,-1,926,897,899,-1,900,895,926,-1,926,895,893,-1,926,893,892,-1,892,890,926,-1,926,890,888,-1,926,888,886,-1,886,885,926,-1,926,885,910,-1,926,910,1174,-1,910,1167,1174,-1,1174,1167,1169,-1,1174,1169,1171,-1,
        ]
    }
}
Shape{
    appearance Appearance {
        material  Material 	{
            diffuseColor 0.8274509803921568 0.6666666666666666 0.12941176470588237
            specularColor 0.4117647058823529 0.3333333333333333 0.06666666666666667
            ambientIntensity 0.2
            transparency 0
            shininess 0.5
        }
    }
    geometry IndexedFaceSet {
        ccw TRUE
        solid FALSE
        coord DEF co Coordinate {
            point [
                0.1345 0.1942 0.1455, 0.1362 0.193 0.1456, 0.1404 0.19 0.1436, 0.132 0.1959 0.1447, 0.1431 0.1879 0.143, 0.1444 0.1869 0.1416, 0.1298 0.1974 0.1434, 0.1387 0.1912 0.1453, 0.141 0.1895 0.1444, 0.1465 0.1853 0.1343, 0.1463 0.1855 0.1331, 0.1451 0.1864 0.1406, 0.1457 0.1859 0.1394, 0.1461 0.1856 0.1382, 0.1464 0.1854 0.1369, 0.1465 0.1853 0.1356, 0.1448 0.1866 0.1297, 0.1432 0.1879 0.1278, 0.132 0.1959 0.1274, 0.1411 0.1895 0.1263, 0.1386 0.1913 0.1254, 0.1362 0.193 0.1251, 0.1337 0.1947 0.1254, 0.1314 0.1963 0.1263, 0.1294 0.1976 0.1277, 0.1277 0.1987 0.1296, 0.1271 0.1991 0.1307, 0.1454 0.1861 0.1307, 0.1266 0.1995 0.1319, 0.1262 0.1997 0.1332, 0.126 0.1998 0.1345, 0.126 0.1998 0.1358, 0.1261 0.1997 0.137, 0.1264 0.1996 0.1383, 0.1268 0.1993 0.1394, 0.1459 0.1858 0.1319, 0.128 0.1985 0.1415, 0.128 0.1985 0.1415
            ]
        }
        coordIndex [
            0,1,2,-1,0,2,3,-1,4,5,2,-1,2,5,6,-1,2,6,3,-1,1,7,2,-1,2,7,8,-1,2,8,4,-1,9,10,6,-1,5,11,6,-1,6,11,12,-1,6,12,13,-1,13,14,6,-1,6,14,15,-1,6,15,9,-1,16,17,18,-1,18,17,19,-1,18,19,20,-1,20,21,18,-1,18,21,22,-1,18,22,23,-1,23,24,18,-1,18,24,25,-1,18,25,16,-1,16,25,26,-1,16,26,27,-1,27,26,28,-1,28,29,27,-1,27,29,30,-1,27,30,31,-1,31,32,27,-1,27,32,33,-1,27,33,34,-1,10,35,6,-1,6,35,27,-1,6,27,36,-1,36,27,34,-1,
        ]
    }
}
Shape{
    appearance Appearance {
        material  Material 	{
            diffuseColor 0.0 0.0 0.0
            specularColor 0.0 0.0 0.0
            ambientIntensity 0.2
            transparency 0
            shininess 0.5
        }
    }
    geometry IndexedFaceSet {
        ccw TRUE
        solid FALSE
        coord DEF co Coordinate {
            point [
                0.1376 0.1968 0.1252, 0.1362 0.1978 0.1251, 0.1362 0.193 0.1251, 0.1362 0.1978 0.1456, 0.1387 0.196 0.1453, 0.1362 0.193 0.1456, 0.1387 0.1912 0.1453, 0.1391 0.1957 0.1452, 0.1405 0.1948 0.1447, 0.141 0.1895 0.1444, 0.141 0.1944 0.1444, 0.1428 0.1931 0.1433, 0.1431 0.1879 0.143, 0.1431 0.1929 0.143, 0.144 0.1922 0.1421, 0.1444 0.1869 0.1416, 0.1444 0.1919 0.1416, 0.1453 0.1912 0.1403, 0.1451 0.1864 0.1406, 0.1457 0.1909 0.1395, 0.1457 0.1859 0.1394, 0.1457 0.1909 0.1394, 0.1461 0.1856 0.1382, 0.1463 0.1905 0.1376, 0.1464 0.1854 0.1369, 0.1464 0.1904 0.1369, 0.1465 0.1903 0.1363, 0.1465 0.1853 0.1356, 0.1465 0.1903 0.1343, 0.1465 0.1853 0.1343, 0.1465 0.1903 0.1343, 0.1463 0.1855 0.1331, 0.1463 0.1904 0.1334, 0.1459 0.1858 0.1319, 0.1459 0.1908 0.1319, 0.1454 0.1861 0.1307, 0.1458 0.1909 0.1315, 0.1448 0.1866 0.1297, 0.1455 0.1911 0.1308, 0.1448 0.1916 0.1297, 0.1432 0.1879 0.1278, 0.1442 0.192 0.1289, 0.144 0.1922 0.1286, 0.1431 0.1929 0.1278, 0.1411 0.1895 0.1263, 0.1419 0.1937 0.1268, 0.1411 0.1944 0.1263, 0.1386 0.1913 0.1254, 0.141 0.1944 0.1263, 0.1386 0.1961 0.1254, 0.1383 0.1963 0.1253, 0.1337 0.1995 0.1254, 0.1337 0.1947 0.1254, 0.1314 0.1963 0.1263, 0.1334 0.1997 0.1255, 0.1319 0.2007 0.126, 0.1315 0.201 0.1263, 0.1298 0.2021 0.1274, 0.1294 0.1976 0.1277, 0.1294 0.2023 0.1277, 0.129 0.2026 0.1281, 0.1277 0.1987 0.1296, 0.1278 0.2034 0.1296, 0.1271 0.1991 0.1307, 0.1276 0.2035 0.1299, 0.1266 0.1995 0.1319, 0.1268 0.2039 0.1313, 0.1266 0.2041 0.1319, 0.1262 0.1997 0.1332, 0.1262 0.2043 0.1333, 0.126 0.1998 0.1345, 0.126 0.2044 0.1345, 0.126 0.2045 0.1346, 0.126 0.1998 0.1358, 0.1261 0.2044 0.1367, 0.1261 0.1997 0.137, 0.1261 0.2044 0.137, 0.1262 0.2043 0.1377, 0.1264 0.1996 0.1383, 0.1268 0.2039 0.1394, 0.1268 0.1993 0.1394, 0.1281 0.2031 0.1415, 0.128 0.1985 0.1415, 0.1273 0.2037 0.1404, 0.1269 0.2039 0.1397, 0.1298 0.202 0.1433, 0.1298 0.1974 0.1434, 0.129 0.2026 0.1427, 0.1286 0.2028 0.1423, 0.1311 0.2012 0.1442, 0.1316 0.2009 0.1445, 0.132 0.1959 0.1447, 0.132 0.2006 0.1447, 0.1342 0.1992 0.1454, 0.1345 0.1942 0.1455, 0.1349 0.1987 0.1456, 0.1345 0.199 0.1455, -0.1672 0.1724 0.1268, -0.1725 0.1671 0.1268, -0.176 0.1634 0.1369, -0.1775 0.1617 0.1411, -0.1831 0.1554 0.1565, -0.1813 0.1575 0.1639, -0.1834 0.1551 0.1575, -0.184 0.1544 0.1583, -0.1841 0.1542 0.1576, -0.1849 0.1532 0.1639, -0.1834 0.1551 0.1576, -0.1837 0.1547 0.1591, -0.1838 0.1546 0.1591, -0.1937 0.142 0.1447, -0.1864 0.1514 0.1639, -0.1844 0.1539 0.1565, -0.1849 0.1532 0.155, -0.19 0.1469 0.1411, -0.2005 0.1322 0.1268, -0.1952 0.1399 0.1268, -0.1915 0.145 0.1369, -0.1849 0.1532 0.1369, -0.1849 0.1532 0.1411, -0.1622 0.1771 0.1353, -0.1636 0.1758 0.1378, -0.1591 0.1799 0.1397, -0.1533 0.1849 0.1579, -0.1511 0.1866 0.1632, -0.1506 0.1871 0.1589, -0.1506 0.1871 0.1633, -0.1501 0.1875 0.1591, -0.1538 0.1845 0.1577, -0.156 0.1826 0.1561, -0.1595 0.1795 0.159, -0.1557 0.1828 0.1616, -0.1556 0.1829 0.1616, -0.1536 0.1846 0.1625, -0.1568 0.1819 0.1553, -0.1572 0.1815 0.1549, -0.1607 0.1784 0.1577, -0.1575 0.1813 0.1546, -0.1614 0.1778 0.157, -0.1586 0.1803 0.1527, -0.1619 0.1774 0.1564, -0.1588 0.1802 0.1524, -0.163 0.1764 0.1545, -0.1592 0.1798 0.1514, -0.1598 0.1792 0.1488, -0.1647 0.1747 0.1498, -0.1644 0.1751 0.151, -0.1596 0.1795 0.1499, -0.1639 0.1756 0.1528, -0.1636 0.1758 0.1535, -0.1651 0.1744 0.1458, -0.1601 0.179 0.1457, -0.1651 0.1744 0.1445, -0.16 0.1791 0.1442, -0.165 0.1745 0.1435, -0.1649 0.1746 0.1429, -0.16 0.1791 0.1434, -0.1642 0.1753 0.1393, -0.16 0.1791 0.1433, -0.1641 0.1753 0.1391, -0.1592 0.1798 0.1399, -0.1593 0.1797 0.1403, -0.162 0.1773 0.1348, -0.158 0.1808 0.1373, -0.1595 0.1795 0.132, -0.1579 0.1809 0.1372, -0.159 0.1799 0.1316, -0.1561 0.1825 0.1349, -0.158 0.1808 0.1307, -0.1554 0.1831 0.1343, -0.1551 0.1834 0.134, -0.1554 0.1831 0.1292, -0.1529 0.1852 0.1327, -0.1542 0.1841 0.1285, -0.1521 0.1858 0.1323, -0.1512 0.1866 0.1276, -0.1506 0.1871 0.1318, -0.1506 0.1871 0.1274, -0.1498 0.1877 0.1316, -0.1502 0.1874 0.1273, -0.1492 0.1882 0.1314, -0.1451 0.1913 0.1268, -0.1451 0.1914 0.131, -0.1349 0.1987 0.1268, -0.1397 0.1953 0.131, -0.1349 0.1987 0.1639, -0.1397 0.1953 0.1596, -0.1455 0.1911 0.1639, -0.1453 0.1912 0.1596, -0.1497 0.1878 0.1635, -0.1487 0.1886 0.1593, -0.1499 0.1876 0.1591, -0.108 0.2145 0.1268, -0.1279 0.2032 0.1268, -0.1279 0.2032 0.131, -0.1128 0.212 0.131, -0.1128 0.212 0.1435, -0.108 0.2145 0.1639, -0.1271 0.2038 0.1596, -0.1271 0.2038 0.1639, -0.1128 0.212 0.1596, -0.1128 0.212 0.1477, -0.126 0.2044 0.1477, -0.126 0.2044 0.1435, -0.0794 0.2266 0.1185, -0.0785 0.227 0.1188, -0.0785 0.227 0.1147, -0.103 0.217 0.1533, -0.0982 0.2192 0.1533, -0.091 0.2223 0.1228, -0.0909 0.2223 0.1333, -0.0906 0.2224 0.1321, -0.088 0.2235 0.1269, -0.0892 0.223 0.1193, -0.0859 0.2243 0.122, -0.0888 0.2231 0.1187, -0.085 0.2246 0.1204, -0.0887 0.2232 0.1184, -0.0849 0.2247 0.1202, -0.0869 0.2239 0.1165, -0.0848 0.2247 0.1201, -0.0867 0.224 0.1163, -0.0839 0.225 0.1192, -0.0861 0.2242 0.1158, -0.0839 0.225 0.1192, -0.0853 0.2245 0.1154, -0.0836 0.2251 0.119, -0.0843 0.2249 0.1148, -0.0831 0.2253 0.1187, -0.0835 0.2252 0.1146, -0.0826 0.2255 0.1185, -0.0835 0.2252 0.1146, -0.0821 0.2257 0.1184, -0.0815 0.2259 0.1143, -0.0821 0.2257 0.1184, -0.0812 0.226 0.1183, -0.0797 0.2266 0.1185, -0.0799 0.2265 0.1144, -0.0802 0.2264 0.1144, -0.0828 0.2254 0.1533, -0.0776 0.2273 0.1533, -0.0897 0.2228 0.1334, -0.0903 0.2226 0.1312, -0.0904 0.2225 0.1312, -0.0734 0.2287 0.1485, -0.0739 0.2285 0.1482, -0.0739 0.2285 0.1527, -0.0697 0.2298 0.1355, -0.0722 0.229 0.1395, -0.0692 0.23 0.1361, -0.0721 0.2291 0.1396, -0.0677 0.2304 0.137, -0.069 0.23 0.1411, -0.0674 0.2305 0.1371, -0.0676 0.2304 0.1418, -0.0643 0.2314 0.1384, -0.0648 0.2313 0.1431, -0.0623 0.2319 0.1393, -0.0645 0.2313 0.1432, -0.0616 0.2321 0.1398, -0.0631 0.2317 0.1441, -0.0596 0.2326 0.141, -0.0704 0.2296 0.1335, -0.0752 0.2281 0.134, -0.0704 0.2296 0.1339, -0.075 0.2281 0.1353, -0.0703 0.2296 0.1341, -0.075 0.2282 0.1356, -0.0702 0.2297 0.1347, -0.0747 0.2283 0.1367, -0.0701 0.2297 0.1348, -0.0745 0.2283 0.137, -0.0701 0.2297 0.135, -0.0744 0.2284 0.1373, -0.0698 0.2298 0.1355, -0.0737 0.2286 0.1382, -0.0736 0.2286 0.1384, -0.0746 0.2283 0.1312, -0.0749 0.2282 0.132, -0.0703 0.2296 0.1327, -0.0749 0.2282 0.1321, -0.0752 0.2281 0.1338, -0.0703 0.2296 0.1327, -0.0702 0.2297 0.1325, -0.0743 0.2284 0.1306, -0.07 0.2297 0.132, -0.0722 0.2291 0.1283, -0.0734 0.2287 0.1294, -0.07 0.2297 0.1319, -0.0735 0.2286 0.1294, -0.0739 0.2285 0.1299, -0.0697 0.2298 0.1315, -0.0696 0.2298 0.1314, -0.0714 0.2293 0.1278, -0.0692 0.23 0.131, -0.0691 0.23 0.1309, -0.0708 0.2295 0.1275, -0.0691 0.23 0.1309, -0.0687 0.2301 0.1307, -0.069 0.23 0.1268, -0.0681 0.2303 0.1304, -0.0683 0.2302 0.1266, -0.0677 0.2304 0.1303, -0.0675 0.2305 0.1303, -0.0667 0.2307 0.1263, -0.0653 0.2311 0.13, -0.0645 0.2313 0.1262, -0.0651 0.2312 0.13, -0.0649 0.2312 0.13, -0.0611 0.2323 0.1265, -0.0628 0.2318 0.1301, -0.0605 0.2324 0.1266, -0.0619 0.2321 0.1304, -0.0591 0.2328 0.127, -0.0608 0.2323 0.1307, -0.059 0.2328 0.1316, -0.0573 0.2332 0.1277, -0.0578 0.2331 0.1322, -0.0573 0.2332 0.1325, -0.0594 0.2327 0.1412, -0.0627 0.2318 0.1446, -0.0586 0.2329 0.1419, -0.0626 0.2319 0.1446, -0.0582 0.233 0.1425, -0.0623 0.2319 0.1452, -0.058 0.233 0.143, -0.0623 0.2319 0.1452, -0.0576 0.2331 0.1438, -0.0622 0.232 0.1455, -0.0575 0.2332 0.1445, -0.0574 0.2332 0.1449, -0.0622 0.232 0.1459, -0.0573 0.2332 0.1461, -0.0621 0.232 0.1464, -0.0573 0.2332 0.1466, -0.0621 0.232 0.1465, -0.0575 0.2332 0.1479, -0.0622 0.232 0.1473, -0.0576 0.2331 0.1482, -0.0578 0.2331 0.1488, -0.0622 0.232 0.1473, -0.0581 0.233 0.1494, -0.0622 0.232 0.1475, -0.0585 0.2329 0.1501, -0.0624 0.2319 0.1479, -0.0589 0.2328 0.1506, -0.0625 0.2319 0.1481, -0.059 0.2328 0.1506, -0.0627 0.2318 0.1484, -0.0628 0.2318 0.1485, -0.0603 0.2325 0.1518, -0.0633 0.2317 0.149, -0.0614 0.2322 0.1524, -0.0635 0.2316 0.1491, -0.0619 0.232 0.1527, -0.0645 0.2313 0.1496, -0.0628 0.2318 0.1531, -0.0645 0.2313 0.1497, -0.0639 0.2315 0.1533, -0.0654 0.2311 0.1499, -0.0657 0.231 0.1538, -0.0658 0.231 0.15, -0.0676 0.2304 0.1539, -0.0672 0.2306 0.1501, -0.0708 0.2295 0.1536, -0.069 0.23 0.15, -0.0704 0.2296 0.1497, -0.0709 0.2295 0.1536, -0.0707 0.2295 0.1496, -0.073 0.2288 0.1486, -0.0323 0.238 0.1514, -0.0323 0.238 0.1469, -0.0344 0.2377 0.1483, -0.033 0.2379 0.1518, -0.0356 0.2375 0.1489, -0.0332 0.2378 0.1519, -0.0364 0.2374 0.1532, -0.0373 0.2372 0.1496, -0.0366 0.2373 0.1533, -0.0385 0.2371 0.1499, -0.0389 0.237 0.1537, -0.0387 0.237 0.1499, -0.0414 0.2366 0.1539, -0.041 0.2366 0.1501, -0.0441 0.2361 0.1537, -0.0425 0.2364 0.1499, -0.0426 0.2364 0.1499, -0.0442 0.2361 0.1536, -0.0431 0.2363 0.1498, -0.0448 0.2359 0.1535, -0.0436 0.2362 0.1495, -0.0461 0.2357 0.153, -0.044 0.2361 0.1493, -0.0469 0.2355 0.1527, -0.0444 0.236 0.1491, -0.0476 0.2354 0.1522, -0.0445 0.236 0.149, -0.0477 0.2354 0.1522, -0.0453 0.2358 0.148, -0.0492 0.2351 0.1506, -0.0489 0.2351 0.151, -0.0488 0.2351 0.1511, -0.0451 0.2359 0.1484, -0.0452 0.2359 0.1483, -0.0498 0.2349 0.1495, -0.0457 0.2358 0.1473, -0.0501 0.2349 0.149, -0.0459 0.2357 0.1468, -0.0506 0.2348 0.1474, -0.046 0.2357 0.1463, -0.0461 0.2357 0.1456, -0.0507 0.2347 0.147, -0.0371 0.2373 0.1385, -0.0374 0.2372 0.1386, -0.0463 0.2356 0.1436, -0.0401 0.2368 0.1392, -0.0463 0.2356 0.1401, -0.0429 0.2363 0.1309, -0.0424 0.2364 0.1306, -0.0436 0.2362 0.1279, -0.0423 0.2364 0.1306, -0.0431 0.2363 0.1275, -0.0409 0.2366 0.1302, -0.0393 0.2369 0.13, -0.0407 0.2367 0.1265, -0.0408 0.2367 0.1301, -0.0413 0.2366 0.1267, -0.0425 0.2364 0.1273, -0.0333 0.2378 0.1273, -0.0334 0.2378 0.1272, -0.0358 0.2375 0.1312, -0.0336 0.2378 0.1272, -0.0367 0.2373 0.1306, -0.035 0.2376 0.1266, -0.0367 0.2373 0.1305, -0.0355 0.2375 0.1264, -0.0377 0.2372 0.1302, -0.0362 0.2374 0.1263, -0.0378 0.2372 0.1301, -0.0371 0.2373 0.1262, -0.0382 0.2371 0.1301, -0.0381 0.2371 0.1262, -0.0405 0.2367 0.1264, -0.0316 0.2381 0.1287, -0.035 0.2376 0.1321, -0.0315 0.2381 0.1288, -0.0309 0.2382 0.1295, -0.032 0.238 0.1283, -0.0355 0.2375 0.1314, -0.0354 0.2375 0.1316, -0.0306 0.2382 0.1301, -0.0348 0.2376 0.1324, -0.0302 0.2383 0.131, -0.0348 0.2376 0.1325, -0.03 0.2383 0.1315, -0.0346 0.2377 0.1332, -0.03 0.2383 0.1316, -0.0345 0.2377 0.1333, -0.0297 0.2383 0.1334, -0.0304 0.2382 0.1376, -0.0301 0.2383 0.1364, -0.0345 0.2377 0.1354, -0.0299 0.2383 0.1358, -0.0345 0.2377 0.135, -0.0298 0.2383 0.1354, -0.0344 0.2377 0.1343, -0.0297 0.2383 0.1344, -0.0297 0.2383 0.1339, -0.0346 0.2377 0.1358, -0.0347 0.2376 0.1361, -0.0307 0.2382 0.1381, -0.035 0.2376 0.1368, -0.031 0.2382 0.1386, -0.0316 0.2381 0.1394, -0.0351 0.2376 0.1369, -0.032 0.238 0.1399, -0.0385 0.2371 0.1425, -0.0378 0.2372 0.1424, -0.0363 0.2374 0.1381, -0.035 0.2376 0.1416, -0.0361 0.2374 0.138, -0.0346 0.2377 0.1415, -0.0343 0.2377 0.1414, -0.0357 0.2375 0.1376, -0.033 0.2379 0.1406, -0.0325 0.2379 0.1403, -0.051 0.2347 0.1438, -0.0463 0.2356 0.1375, -0.0463 0.2356 0.1369, -0.0463 0.2357 0.1364, -0.046 0.2357 0.1351, -0.0463 0.2356 0.1309, -0.0458 0.2357 0.1346, -0.0456 0.2358 0.1339, -0.0442 0.2361 0.1283, -0.0451 0.2359 0.1294, -0.0437 0.2362 0.1315, -0.0457 0.2358 0.1301, -0.0441 0.2361 0.1319, -0.046 0.2357 0.1305, -0.0444 0.236 0.1321, -0.0462 0.2357 0.1309, -0.0446 0.236 0.1325, -0.0453 0.2359 0.1334, -0.0463 0.2356 0.1268, -0.051 0.2347 0.1268, -0.0053 0.2401 0.1268, -0.0253 0.2388 0.1268, -0.0253 0.2388 0.131, -0.0101 0.2399 0.131, -0.0101 0.2399 0.1435, -0.0053 0.2401 0.1639, -0.0244 0.2389 0.1596, -0.0244 0.2389 0.1639, -0.0101 0.2399 0.1596, -0.0101 0.2399 0.1477, -0.0234 0.239 0.1477, -0.0234 0.239 0.1435, -0.1207 0.2076 0.1856, -0.126 0.2044 0.1856, -0.1296 0.2022 0.1957, -0.1311 0.2012 0.1999, -0.1367 0.1975 0.2153, -0.1349 0.1987 0.2227, -0.1369 0.1973 0.2162, -0.137 0.1973 0.2164, -0.1373 0.1971 0.2179, -0.1379 0.1966 0.2227, -0.1374 0.197 0.2179, -0.1375 0.1969 0.2171, -0.1436 0.1925 0.1999, -0.1541 0.1842 0.1856, -0.138 0.1966 0.2153, -0.14 0.1951 0.2227, -0.1379 0.1966 0.2155, -0.1377 0.1968 0.2164, -0.1488 0.1885 0.1856, -0.145 0.1914 0.1957, -0.1379 0.1966 0.1957, -0.1379 0.1966 0.1999, -0.113 0.2119 0.1995, -0.1129 0.212 0.199, -0.1174 0.2095 0.1972, -0.1128 0.212 0.1987, -0.1158 0.2104 0.1941, -0.1117 0.2126 0.1963, -0.1157 0.2104 0.1939, -0.1115 0.2127 0.196, -0.1114 0.2127 0.1958, -0.1131 0.2119 0.1908, -0.1097 0.2136 0.1937, -0.1126 0.2121 0.1904, -0.1091 0.2139 0.1931, -0.11 0.2135 0.1885, -0.109 0.214 0.1931, -0.1078 0.2146 0.1922, -0.109 0.214 0.188, -0.1065 0.2152 0.1916, -0.1067 0.2152 0.1869, -0.1048 0.2161 0.1907, -0.1048 0.2161 0.1864, -0.1034 0.2168 0.1904, -0.1037 0.2166 0.1861, -0.1019 0.2175 0.1901, -0.0987 0.2189 0.1856, -0.0987 0.2189 0.1898, -0.0885 0.2233 0.1856, -0.0933 0.2213 0.1898, -0.0885 0.2233 0.2227, -0.0933 0.2213 0.2184, -0.0991 0.2188 0.2227, -0.0989 0.2189 0.2184, -0.1033 0.2168 0.2223, -0.1019 0.2175 0.2182, -0.1047 0.2161 0.222, -0.1032 0.2169 0.218, -0.1037 0.2166 0.2178, -0.1056 0.2157 0.2218, -0.1069 0.2151 0.2167, -0.1092 0.2139 0.2203, -0.107 0.215 0.2166, -0.1099 0.2135 0.22, -0.1096 0.2137 0.2149, -0.1131 0.2119 0.2178, -0.1137 0.2115 0.2172, -0.1107 0.2131 0.2138, -0.1143 0.2112 0.2165, -0.1108 0.2131 0.2137, -0.1145 0.2111 0.2164, -0.1121 0.2124 0.2117, -0.1166 0.2099 0.2134, -0.1122 0.2123 0.2115, -0.1167 0.2099 0.2133, -0.1127 0.2121 0.2104, -0.1173 0.2096 0.212, -0.118 0.2092 0.2098, -0.1131 0.2118 0.2087, -0.1134 0.2117 0.2076, -0.1177 0.2094 0.1979, -0.1179 0.2092 0.1987, -0.1134 0.2117 0.2021, -0.1185 0.2089 0.2023, -0.1136 0.2116 0.2034, -0.1186 0.2088 0.2032, -0.1137 0.2116 0.2045, -0.1187 0.2088 0.2046, -0.1183 0.209 0.2086, -0.0616 0.2321 0.1856, -0.0815 0.2259 0.1856, -0.0815 0.2259 0.1898, -0.0664 0.2308 0.1898, -0.0664 0.2308 0.2023, -0.0616 0.2321 0.2227, -0.0807 0.2262 0.2184, -0.0807 0.2262 0.2227, -0.0664 0.2308 0.2184, -0.0664 0.2308 0.2065, -0.0796 0.2266 0.2065, -0.0796 0.2266 0.2023, -0.0541 0.234 0.1871, -0.0541 0.234 0.1917, -0.0535 0.2341 0.1869, -0.0517 0.2345 0.1905, -0.0504 0.2348 0.1857, -0.0505 0.2348 0.1901, -0.0495 0.235 0.1855, -0.0491 0.2351 0.1897, -0.0491 0.2351 0.1854, -0.0463 0.2356 0.1894, -0.0439 0.2361 0.185, -0.0446 0.236 0.1892, -0.0417 0.2365 0.1851, -0.0417 0.2365 0.1895, -0.0404 0.2367 0.1852, -0.0393 0.2369 0.1855, -0.0408 0.2367 0.1898, -0.0377 0.2372 0.186, -0.0389 0.237 0.1904, -0.0355 0.2375 0.1868, -0.0382 0.2371 0.1908, -0.0377 0.2372 0.191, -0.0341 0.2377 0.1876, -0.0358 0.2375 0.1925, -0.0341 0.2377 0.1876, -0.0313 0.2381 0.1899, -0.0289 0.2384 0.1931, -0.0308 0.2382 0.1905, -0.0351 0.2376 0.1931, -0.0354 0.2375 0.1927, -0.0312 0.2381 0.19, -0.0333 0.2378 0.1956, -0.0333 0.2378 0.1957, -0.0286 0.2384 0.1936, -0.0328 0.2379 0.1966, -0.0317 0.2381 0.2, -0.0267 0.2387 0.1993, -0.0321 0.238 0.1987, -0.0272 0.2386 0.1975, -0.0279 0.2385 0.1951, -0.0316 0.2381 0.2006, -0.0315 0.2381 0.2023, -0.0264 0.2387 0.2034, -0.0314 0.2381 0.2037, -0.0266 0.2387 0.2054, -0.0315 0.2381 0.2052, -0.0269 0.2386 0.2085, -0.032 0.238 0.2084, -0.0273 0.2386 0.2101, -0.0322 0.238 0.2093, -0.0273 0.2386 0.2102, -0.0325 0.2379 0.2103, -0.029 0.2384 0.2143, -0.0332 0.2379 0.2117, -0.0291 0.2384 0.2143, -0.034 0.2377 0.2132, -0.0317 0.238 0.2178, -0.0349 0.2376 0.2143, -0.0353 0.2376 0.2148, -0.0319 0.238 0.218, -0.0353 0.2375 0.2149, -0.0326 0.2379 0.2186, -0.0333 0.2378 0.2193, -0.0377 0.2372 0.2169, -0.0361 0.2374 0.221, -0.0379 0.2372 0.2169, -0.0369 0.2373 0.2215, -0.0404 0.2367 0.2182, -0.0385 0.2371 0.2222, -0.0408 0.2367 0.2183, -0.0399 0.2368 0.2225, -0.0416 0.2365 0.2185, -0.0428 0.2363 0.2232, -0.044 0.2361 0.2188, -0.0454 0.2358 0.2233, -0.0454 0.2358 0.219, -0.0455 0.2358 0.2233, -0.0491 0.2351 0.2231, -0.0477 0.2354 0.2188, -0.0503 0.2348 0.2229, -0.05 0.2349 0.2184, -0.0517 0.2345 0.2226, -0.05 0.2349 0.2184, -0.0541 0.234 0.2218, -0.0537 0.2341 0.217, -0.0541 0.234 0.2168, -0.0101 0.2399 0.2227, -0.0053 0.2401 0.2227, -0.0101 0.2399 0.1898, -0.0053 0.2401 0.1856, -0.0249 0.2389 0.1898, -0.0249 0.2389 0.1856, -0.0249 0.2389 0.1856
            ]
        }
        coordIndex [
            0,1,2,-1,3,4,5,-1,5,4,6,-1,4,7,6,-1,6,7,8,-1,6,8,9,-1,8,10,9,-1,9,10,11,-1,9,11,12,-1,11,13,12,-1,12,13,14,-1,12,14,15,-1,14,16,15,-1,15,16,17,-1,15,17,18,-1,18,17,19,-1,18,19,20,-1,20,19,21,-1,20,21,22,-1,22,21,23,-1,22,23,24,-1,23,25,24,-1,24,25,26,-1,24,26,27,-1,27,26,28,-1,27,28,29,-1,29,28,30,-1,29,30,31,-1,31,30,32,-1,31,32,33,-1,33,32,34,-1,33,34,35,-1,35,34,36,-1,35,36,37,-1,36,38,37,-1,37,38,39,-1,37,39,40,-1,40,39,41,-1,41,42,40,-1,40,42,43,-1,40,43,44,-1,43,45,44,-1,44,45,46,-1,44,46,47,-1,46,48,47,-1,47,48,49,-1,47,49,2,-1,2,49,50,-1,2,50,0,-1,1,51,2,-1,2,51,52,-1,52,51,53,-1,53,51,54,-1,53,54,55,-1,55,56,53,-1,53,56,57,-1,53,57,58,-1,57,59,58,-1,58,59,60,-1,58,60,61,-1,61,60,62,-1,61,62,63,-1,63,62,64,-1,63,64,65,-1,64,66,65,-1,65,66,67,-1,65,67,68,-1,68,67,69,-1,68,69,70,-1,69,71,70,-1,70,71,72,-1,70,72,73,-1,73,72,74,-1,73,74,75,-1,74,76,75,-1,75,76,77,-1,75,77,78,-1,78,77,79,-1,78,79,80,-1,81,82,83,-1,83,82,80,-1,83,80,84,-1,84,80,79,-1,85,86,87,-1,87,86,82,-1,87,82,88,-1,88,82,81,-1,85,89,86,-1,86,89,90,-1,86,90,91,-1,90,92,91,-1,91,92,93,-1,91,93,94,-1,3,5,95,-1,95,5,94,-1,95,94,96,-1,96,94,93,-1,97,98,99,-1,100,101,102,-1,102,101,103,-1,104,105,106,-1,103,107,102,-1,102,107,108,-1,102,108,106,-1,106,108,109,-1,106,109,104,-1,110,111,106,-1,105,112,106,-1,106,112,113,-1,106,113,110,-1,110,113,114,-1,110,114,115,-1,116,115,117,-1,117,115,114,-1,117,114,118,-1,118,114,119,-1,118,119,99,-1,99,119,100,-1,99,100,97,-1,97,100,102,-1,120,121,122,-1,123,124,125,-1,125,124,126,-1,125,126,127,-1,128,129,130,-1,130,131,128,-1,128,131,132,-1,128,132,123,-1,123,132,133,-1,123,133,124,-1,129,134,130,-1,130,134,135,-1,130,135,136,-1,136,135,137,-1,136,137,138,-1,138,137,139,-1,138,139,140,-1,140,139,141,-1,140,141,142,-1,142,141,143,-1,144,145,146,-1,144,146,147,-1,147,146,148,-1,147,148,143,-1,143,148,149,-1,143,149,142,-1,145,144,150,-1,150,144,151,-1,150,151,152,-1,152,151,153,-1,152,153,154,-1,154,153,155,-1,155,153,156,-1,155,156,157,-1,157,156,158,-1,157,158,159,-1,122,121,160,-1,159,158,121,-1,121,158,161,-1,121,161,160,-1,120,122,162,-1,162,122,163,-1,162,163,164,-1,164,163,165,-1,164,165,166,-1,166,165,167,-1,166,167,168,-1,167,169,168,-1,168,169,170,-1,168,170,171,-1,171,170,172,-1,171,172,173,-1,173,172,174,-1,173,174,175,-1,175,174,176,-1,175,176,177,-1,177,176,178,-1,177,178,179,-1,179,178,180,-1,179,180,181,-1,181,180,182,-1,181,182,183,-1,183,182,184,-1,183,184,185,-1,185,184,186,-1,185,186,187,-1,187,186,188,-1,187,188,189,-1,189,188,190,-1,189,190,126,-1,126,190,191,-1,126,191,127,-1,192,193,194,-1,194,195,192,-1,192,195,196,-1,192,196,197,-1,198,199,200,-1,200,199,197,-1,200,197,201,-1,201,197,196,-1,201,196,202,-1,202,196,203,-1,204,205,206,-1,207,208,209,-1,209,208,210,-1,209,210,211,-1,209,212,213,-1,213,212,214,-1,213,214,215,-1,215,214,216,-1,215,216,217,-1,217,216,218,-1,217,218,219,-1,219,218,220,-1,219,220,221,-1,221,220,222,-1,221,222,223,-1,223,222,224,-1,223,224,225,-1,225,224,226,-1,225,226,227,-1,227,226,228,-1,227,228,229,-1,229,228,230,-1,229,230,231,-1,231,230,232,-1,231,232,233,-1,233,232,234,-1,233,234,235,-1,204,206,236,-1,236,206,237,-1,236,237,235,-1,235,237,238,-1,235,238,233,-1,239,240,241,-1,241,240,212,-1,241,212,242,-1,242,212,209,-1,242,209,243,-1,243,209,211,-1,244,245,246,-1,247,248,249,-1,249,248,250,-1,249,250,251,-1,251,250,252,-1,251,252,253,-1,253,252,254,-1,253,254,255,-1,255,254,256,-1,255,256,257,-1,257,256,258,-1,257,258,259,-1,259,258,260,-1,259,260,261,-1,262,263,264,-1,264,263,265,-1,264,265,266,-1,266,265,267,-1,266,267,268,-1,268,267,269,-1,268,269,270,-1,270,269,271,-1,270,271,272,-1,272,271,273,-1,272,273,274,-1,274,273,275,-1,274,275,247,-1,247,275,276,-1,247,276,248,-1,277,278,279,-1,279,278,280,-1,279,280,262,-1,262,280,281,-1,262,281,263,-1,279,282,277,-1,277,282,283,-1,277,283,284,-1,284,283,285,-1,286,287,288,-1,288,287,289,-1,288,289,285,-1,285,289,290,-1,285,290,284,-1,288,291,286,-1,286,291,292,-1,286,292,293,-1,292,294,293,-1,293,294,295,-1,293,295,296,-1,295,297,296,-1,296,297,298,-1,296,298,299,-1,299,298,300,-1,299,300,301,-1,300,302,301,-1,301,302,303,-1,301,303,304,-1,304,303,305,-1,304,305,306,-1,305,307,306,-1,306,307,308,-1,306,308,309,-1,309,308,310,-1,309,310,311,-1,311,310,312,-1,311,312,313,-1,312,314,313,-1,313,314,315,-1,313,315,316,-1,316,315,317,-1,316,317,318,-1,261,260,319,-1,319,260,320,-1,319,320,321,-1,321,320,322,-1,321,322,323,-1,323,322,324,-1,323,324,325,-1,325,324,326,-1,325,326,327,-1,327,326,328,-1,327,328,329,-1,329,328,330,-1,330,328,331,-1,330,331,332,-1,332,331,333,-1,332,333,334,-1,334,333,335,-1,334,335,336,-1,336,335,337,-1,336,337,338,-1,338,337,339,-1,339,337,340,-1,339,340,341,-1,341,340,342,-1,341,342,343,-1,343,342,344,-1,343,344,345,-1,345,344,346,-1,345,346,347,-1,346,348,347,-1,347,348,349,-1,347,349,350,-1,350,349,351,-1,350,351,352,-1,352,351,353,-1,352,353,354,-1,354,353,355,-1,354,355,356,-1,356,355,357,-1,356,357,358,-1,358,357,359,-1,358,359,360,-1,360,359,361,-1,360,361,362,-1,362,361,363,-1,362,363,364,-1,363,365,364,-1,364,365,366,-1,364,366,367,-1,367,366,368,-1,367,368,246,-1,246,368,369,-1,246,369,244,-1,370,371,372,-1,370,372,373,-1,373,372,374,-1,373,374,375,-1,375,374,376,-1,376,374,377,-1,376,377,378,-1,378,377,379,-1,378,379,380,-1,380,379,381,-1,380,381,382,-1,382,381,383,-1,382,383,384,-1,383,385,384,-1,384,385,386,-1,384,386,387,-1,387,386,388,-1,387,388,389,-1,389,388,390,-1,389,390,391,-1,391,390,392,-1,391,392,393,-1,393,392,394,-1,393,394,395,-1,395,394,396,-1,395,396,397,-1,398,399,400,-1,397,396,401,-1,401,396,402,-1,401,402,400,-1,400,402,403,-1,400,403,398,-1,399,398,404,-1,404,398,405,-1,404,405,406,-1,406,405,407,-1,406,407,408,-1,407,409,408,-1,408,409,410,-1,408,410,411,-1,412,413,414,-1,414,413,415,-1,414,415,416,-1,417,418,419,-1,419,418,420,-1,419,420,421,-1,421,420,422,-1,423,424,425,-1,425,424,426,-1,425,426,422,-1,422,426,427,-1,422,427,421,-1,428,429,430,-1,430,429,431,-1,430,431,432,-1,432,431,433,-1,432,433,434,-1,434,433,435,-1,434,435,436,-1,436,435,437,-1,436,437,438,-1,438,437,439,-1,438,439,440,-1,440,439,441,-1,440,441,423,-1,423,441,442,-1,423,442,424,-1,443,444,445,-1,445,444,446,-1,428,430,447,-1,447,430,448,-1,447,448,443,-1,443,448,449,-1,443,449,444,-1,446,444,450,-1,450,444,451,-1,450,451,452,-1,452,451,453,-1,452,453,454,-1,454,453,455,-1,454,455,456,-1,456,455,457,-1,456,457,458,-1,459,460,461,-1,461,460,462,-1,461,462,463,-1,463,462,464,-1,463,464,465,-1,465,464,466,-1,465,466,457,-1,457,466,467,-1,457,467,458,-1,461,468,459,-1,459,468,469,-1,459,469,470,-1,470,469,471,-1,470,471,472,-1,472,471,473,-1,473,471,474,-1,473,474,475,-1,414,476,412,-1,412,476,477,-1,412,477,478,-1,478,477,479,-1,478,479,480,-1,479,481,480,-1,480,481,482,-1,480,482,483,-1,483,482,484,-1,483,484,474,-1,474,484,485,-1,474,485,475,-1,410,414,411,-1,411,414,416,-1,411,416,486,-1,486,416,487,-1,486,487,488,-1,489,490,491,-1,491,490,492,-1,491,492,493,-1,419,494,417,-1,417,494,495,-1,417,495,496,-1,496,495,497,-1,496,497,498,-1,498,497,499,-1,498,499,500,-1,500,499,501,-1,500,501,502,-1,502,501,491,-1,502,491,503,-1,503,491,493,-1,504,505,491,-1,491,505,486,-1,491,486,489,-1,489,486,488,-1,506,507,508,-1,508,509,506,-1,506,509,510,-1,506,510,511,-1,512,513,514,-1,514,513,511,-1,514,511,515,-1,515,511,510,-1,515,510,516,-1,516,510,517,-1,518,519,520,-1,521,522,523,-1,523,522,524,-1,524,525,523,-1,523,525,526,-1,523,526,527,-1,527,526,528,-1,527,528,529,-1,530,531,532,-1,532,531,533,-1,532,533,534,-1,534,533,527,-1,534,527,535,-1,535,527,529,-1,536,531,537,-1,537,531,530,-1,537,530,538,-1,538,530,539,-1,538,539,520,-1,520,539,521,-1,520,521,518,-1,518,521,523,-1,540,541,542,-1,542,541,543,-1,542,543,544,-1,544,543,545,-1,544,545,546,-1,545,547,546,-1,546,547,548,-1,546,548,549,-1,549,548,550,-1,549,550,551,-1,551,550,552,-1,551,552,553,-1,552,554,553,-1,553,554,555,-1,553,555,556,-1,556,555,557,-1,556,557,558,-1,558,557,559,-1,558,559,560,-1,560,559,561,-1,560,561,562,-1,562,561,563,-1,562,563,564,-1,564,563,565,-1,564,565,566,-1,566,565,567,-1,566,567,568,-1,568,567,569,-1,568,569,570,-1,570,569,571,-1,570,571,572,-1,572,571,573,-1,572,573,574,-1,573,575,574,-1,574,575,576,-1,574,576,577,-1,577,576,578,-1,577,578,579,-1,579,578,580,-1,579,580,581,-1,581,580,582,-1,581,582,583,-1,583,582,584,-1,584,582,585,-1,584,585,586,-1,586,585,587,-1,586,587,588,-1,588,587,589,-1,588,589,590,-1,590,589,591,-1,590,591,592,-1,592,591,593,-1,592,593,594,-1,594,593,595,-1,595,593,596,-1,595,596,597,-1,542,598,540,-1,540,598,599,-1,540,599,600,-1,600,599,601,-1,600,601,602,-1,602,601,603,-1,602,603,604,-1,604,603,605,-1,604,605,597,-1,597,605,606,-1,597,606,595,-1,607,608,609,-1,609,610,607,-1,607,610,611,-1,607,611,612,-1,613,614,615,-1,615,614,612,-1,615,612,616,-1,616,612,611,-1,616,611,617,-1,617,611,618,-1,619,620,621,-1,621,620,622,-1,621,622,623,-1,623,622,624,-1,623,624,625,-1,625,624,626,-1,625,626,627,-1,627,626,628,-1,627,628,629,-1,629,628,630,-1,629,630,631,-1,631,630,632,-1,631,632,633,-1,633,632,634,-1,634,632,635,-1,634,635,636,-1,636,635,637,-1,636,637,638,-1,637,639,638,-1,638,639,640,-1,638,640,641,-1,641,640,642,-1,641,642,643,-1,643,642,644,-1,645,646,647,-1,642,648,644,-1,644,648,647,-1,644,647,649,-1,649,647,646,-1,647,650,645,-1,645,650,651,-1,645,651,652,-1,652,651,653,-1,654,655,656,-1,656,655,657,-1,656,657,653,-1,653,657,658,-1,653,658,652,-1,654,659,655,-1,655,659,660,-1,655,660,661,-1,661,660,662,-1,661,662,663,-1,663,662,664,-1,663,664,665,-1,665,664,666,-1,665,666,667,-1,667,666,668,-1,667,668,669,-1,669,668,670,-1,669,670,671,-1,671,670,672,-1,671,672,673,-1,673,672,674,-1,673,674,675,-1,674,676,675,-1,675,676,677,-1,675,677,678,-1,678,677,679,-1,678,679,680,-1,680,679,681,-1,681,679,682,-1,681,682,683,-1,683,682,684,-1,683,684,685,-1,685,684,686,-1,685,686,687,-1,687,686,688,-1,687,688,689,-1,689,688,690,-1,689,690,691,-1,691,690,692,-1,691,692,693,-1,693,692,694,-1,693,694,695,-1,695,694,696,-1,696,694,697,-1,696,697,698,-1,698,697,699,-1,698,699,700,-1,700,699,701,-1,700,701,702,-1,702,701,703,-1,702,703,704,-1,705,706,707,-1,707,706,708,-1,707,708,709,-1,709,708,710,-1,
        ]
    }
}
Shape{
    appearance Appearance {
        material  Material 	{
            diffuseColor 0.8274509803921568 0.6666666666666666 0.12941176470588237
            specularColor 0.4117647058823529 0.3333333333333333 0.06666666666666667
            ambientIntensity 0.2
            transparency 0
            shininess 0.5
        }
    }
    geometry IndexedFaceSet {
        ccw TRUE
        solid FALSE
        coord DEF co Coordinate {
            point [
                -0.1838 0.1484 0.1591, -0.1837 0.1485 0.1591, -0.1841 0.148 0.1576, -0.1834 0.1489 0.1576, -0.1844 0.1477 0.1565, -0.1831 0.1493 0.1565, -0.19 0.1404 0.1411, -0.1775 0.1558 0.1411, -0.1775 0.1558 0.1411
            ]
        }
        coordIndex [
            0,1,2,-1,2,1,3,-1,2,3,4,-1,4,3,5,-1,4,5,6,-1,6,5,7,-1,
        ]
    }
}
Shape{
    appearance Appearance {
        material  Material 	{
            diffuseColor 0.0 0.0 0.0
            specularColor 0.0 0.0 0.0
            ambientIntensity 0.2
            transparency 0
            shininess 0.5
        }
    }
    geometry IndexedFaceSet {
        ccw TRUE
        solid FALSE
        coord DEF co Coordinate {
            point [
                -0.1837 0.1485 0.1591, -0.1838 0.1484 0.1591, -0.1837 0.1547 0.1591, -0.1838 0.1546 0.1591, -0.1775 0.1558 0.1411, -0.1831 0.1493 0.1565, -0.1775 0.1617 0.1411, -0.1831 0.1554 0.1565, -0.1844 0.1539 0.1565, -0.1844 0.1477 0.1565, -0.1849 0.1532 0.155, -0.19 0.1404 0.1411, -0.19 0.1469 0.1411, -0.1849 0.1532 0.1411, -0.1834 0.1551 0.1576, -0.1834 0.1489 0.1576, -0.1834 0.1551 0.1575, -0.184 0.1544 0.1583, -0.1841 0.148 0.1576, -0.1841 0.1542 0.1576, -0.1841 0.1542 0.1576
            ]
        }
        coordIndex [
            0,1,2,-1,2,1,3,-1,4,5,6,-1,6,5,7,-1,8,9,10,-1,10,9,11,-1,10,11,12,-1,12,11,13,-1,13,11,4,-1,13,4,6,-1,2,14,0,-1,0,14,15,-1,15,14,5,-1,5,14,16,-1,5,16,7,-1,3,1,17,-1,17,1,18,-1,17,18,19,-1,19,18,9,-1,19,9,8,-1,
        ]
    }
}
Shape{
    appearance Appearance {
        material  Material 	{
            diffuseColor 0.8274509803921568 0.6666666666666666 0.12941176470588237
            specularColor 0.4117647058823529 0.3333333333333333 0.06666666666666667
            ambientIntensity 0.2
            transparency 0
            shininess 0.5
        }
    }
    geometry IndexedFaceSet {
        ccw TRUE
        solid FALSE
        coord DEF co Coordinate {
            point [
                -0.1453 0.1862 0.1596, -0.1397 0.1905 0.1596, -0.1397 0.1905 0.131, -0.1451 0.1864 0.131, -0.1498 0.1826 0.1315, -0.153 0.18 0.1327, -0.1554 0.1779 0.1343, -0.1561 0.1773 0.1349, -0.158 0.1756 0.1372, -0.1587 0.175 0.1385, -0.1592 0.1745 0.1399, -0.1597 0.1741 0.1416, -0.16 0.1738 0.1433, -0.1601 0.1737 0.1457, -0.16 0.1738 0.1478, -0.1572 0.1763 0.1549, -0.156 0.1774 0.1561, -0.1507 0.1819 0.1579, -0.1596 0.1741 0.1499, -0.1592 0.1745 0.1514, -0.1586 0.175 0.1527, -0.1533 0.1797 0.1579, -0.1501 0.1824 0.1591, -0.1501 0.1824 0.1591
            ]
        }
        coordIndex [
            0,1,2,-1,2,3,0,-1,0,3,4,-1,0,4,5,-1,5,6,0,-1,0,6,7,-1,0,7,8,-1,8,9,0,-1,0,9,10,-1,0,10,11,-1,11,12,0,-1,0,12,13,-1,0,13,14,-1,15,16,17,-1,14,18,0,-1,0,18,19,-1,0,19,17,-1,17,19,20,-1,17,20,15,-1,16,21,17,-1,17,21,22,-1,17,22,0,-1,
        ]
    }
}
Shape{
    appearance Appearance {
        material  Material 	{
            diffuseColor 0.0 0.0 0.0
            specularColor 0.0 0.0 0.0
            ambientIntensity 0.2
            transparency 0
            shininess 0.5
        }
    }
    geometry IndexedFaceSet {
        ccw TRUE
        solid FALSE
        coord DEF co Coordinate {
            point [
                -0.1451 0.1864 0.131, -0.1397 0.1905 0.131, -0.1451 0.1914 0.131, -0.1397 0.1953 0.131, -0.1397 0.1905 0.1596, -0.1453 0.1862 0.1596, -0.1397 0.1953 0.1596, -0.1453 0.1912 0.1596, -0.1487 0.1886 0.1593, -0.1533 0.1797 0.1579, -0.156 0.1774 0.1561, -0.156 0.1826 0.1561, -0.1538 0.1845 0.1577, -0.1533 0.1849 0.1579, -0.1501 0.1824 0.1591, -0.1506 0.1871 0.1589, -0.1501 0.1875 0.1591, -0.1499 0.1876 0.1591, -0.1601 0.1737 0.1457, -0.1601 0.179 0.1457, -0.16 0.1738 0.1478, -0.1598 0.1792 0.1488, -0.1596 0.1741 0.1499, -0.1596 0.1795 0.1499, -0.1592 0.1745 0.1514, -0.1592 0.1798 0.1514, -0.1586 0.175 0.1527, -0.1588 0.1802 0.1524, -0.1586 0.1803 0.1527, -0.1572 0.1763 0.1549, -0.1575 0.1813 0.1546, -0.1572 0.1815 0.1549, -0.1568 0.1819 0.1553, -0.1561 0.1773 0.1349, -0.1561 0.1825 0.1349, -0.1579 0.1809 0.1372, -0.158 0.1756 0.1372, -0.158 0.1808 0.1373, -0.1587 0.175 0.1385, -0.1591 0.1799 0.1397, -0.1592 0.1745 0.1399, -0.1592 0.1798 0.1399, -0.1593 0.1797 0.1403, -0.1597 0.1741 0.1416, -0.16 0.1791 0.1433, -0.16 0.1738 0.1433, -0.16 0.1791 0.1442, -0.16 0.1791 0.1434, -0.1498 0.1877 0.1316, -0.1498 0.1826 0.1315, -0.1492 0.1882 0.1314, -0.1506 0.1871 0.1318, -0.1521 0.1858 0.1323, -0.153 0.18 0.1327, -0.1529 0.1852 0.1327, -0.1551 0.1834 0.134, -0.1554 0.1779 0.1343, -0.1554 0.1831 0.1343, -0.1554 0.1831 0.1343
            ]
        }
        coordIndex [
            0,1,2,-1,2,1,3,-1,4,5,6,-1,6,5,7,-1,8,7,5,-1,9,10,11,-1,11,12,9,-1,9,12,13,-1,9,13,14,-1,13,15,14,-1,14,15,16,-1,14,16,5,-1,5,16,17,-1,5,17,8,-1,18,19,20,-1,20,19,21,-1,20,21,22,-1,22,21,23,-1,22,23,24,-1,24,23,25,-1,24,25,26,-1,25,27,26,-1,26,27,28,-1,26,28,29,-1,28,30,29,-1,29,30,31,-1,29,31,10,-1,10,31,32,-1,10,32,11,-1,33,34,35,-1,33,35,36,-1,36,35,37,-1,36,37,38,-1,38,37,39,-1,38,39,40,-1,39,41,40,-1,40,41,42,-1,40,42,43,-1,43,42,44,-1,43,44,45,-1,19,18,46,-1,46,18,45,-1,46,45,47,-1,47,45,44,-1,48,49,50,-1,50,49,0,-1,50,0,2,-1,48,51,49,-1,49,51,52,-1,49,52,53,-1,52,54,53,-1,53,54,55,-1,53,55,56,-1,55,57,56,-1,56,57,34,-1,56,34,33,-1,1,4,3,-1,3,4,6,-1,
        ]
    }
}
Shape{
    appearance Appearance {
        material  Material 	{
            diffuseColor 0.8274509803921568 0.6666666666666666 0.12941176470588237
            specularColor 0.4117647058823529 0.3333333333333333 0.06666666666666667
            ambientIntensity 0.2
            transparency 0
            shininess 0.5
        }
    }
    geometry IndexedFaceSet {
        ccw TRUE
        solid FALSE
        coord DEF co Coordinate {
            point [
                -0.0453 0.2318 0.1334, -0.046 0.2317 0.1351, -0.0351 0.2336 0.1369, -0.0357 0.2335 0.1376, -0.0415 0.2325 0.1307, -0.0393 0.2329 0.13, -0.041 0.2326 0.1302, -0.0348 0.2336 0.1324, -0.0354 0.2336 0.1316, -0.0437 0.2321 0.1315, -0.0347 0.2337 0.1361, -0.0345 0.2337 0.135, -0.0444 0.232 0.1321, -0.0344 0.2337 0.1343, -0.0345 0.2337 0.1332, -0.0358 0.2335 0.1312, -0.0367 0.2334 0.1305, -0.0377 0.2332 0.1302, -0.0424 0.2324 0.1306, -0.0463 0.2316 0.1401, -0.0401 0.2328 0.1392, -0.0463 0.2316 0.1375, -0.0374 0.2332 0.1386, -0.0463 0.2316 0.1369, -0.0363 0.2334 0.1381, -0.0363 0.2334 0.1381
            ]
        }
        coordIndex [
            0,1,2,-1,2,1,3,-1,4,5,6,-1,7,8,9,-1,2,10,0,-1,0,10,11,-1,0,11,12,-1,12,11,13,-1,12,13,9,-1,9,13,14,-1,9,14,7,-1,15,16,4,-1,4,16,17,-1,4,17,5,-1,8,15,9,-1,9,15,4,-1,9,4,18,-1,18,4,6,-1,19,20,21,-1,21,20,22,-1,1,23,3,-1,3,23,21,-1,3,21,24,-1,24,21,22,-1,
        ]
    }
}
Shape{
    appearance Appearance {
        material  Material 	{
            diffuseColor 0.0 0.0 0.0
            specularColor 0.0 0.0 0.0
            ambientIntensity 0.2
            transparency 0
            shininess 0.5
        }
    }
    geometry IndexedFaceSet {
        ccw TRUE
        solid FALSE
        coord DEF co Coordinate {
            point [
                -0.0401 0.2328 0.1392, -0.0463 0.2316 0.1401, -0.0401 0.2368 0.1392, -0.0463 0.2356 0.1401, -0.0463 0.2316 0.1375, -0.0463 0.2356 0.1375, -0.0444 0.232 0.1321, -0.0444 0.236 0.1321, -0.0446 0.236 0.1325, -0.0453 0.2318 0.1334, -0.0453 0.2359 0.1334, -0.0456 0.2358 0.1339, -0.046 0.2317 0.135, -0.0458 0.2357 0.1346, -0.046 0.2357 0.1351, -0.0463 0.2316 0.1369, -0.0463 0.2357 0.1364, -0.0463 0.2356 0.1369, -0.0423 0.2364 0.1306, -0.0424 0.2324 0.1306, -0.0409 0.2366 0.1302, -0.0409 0.2326 0.1302, -0.0408 0.2367 0.1301, -0.0393 0.2329 0.13, -0.0393 0.2369 0.13, -0.0424 0.2364 0.1306, -0.0429 0.2363 0.1309, -0.0437 0.2321 0.1315, -0.0441 0.2361 0.1319, -0.0437 0.2362 0.1315, -0.0358 0.2335 0.1312, -0.0358 0.2375 0.1312, -0.0367 0.2373 0.1306, -0.0367 0.2334 0.1305, -0.0367 0.2373 0.1305, -0.0377 0.2372 0.1302, -0.0377 0.2332 0.1302, -0.0382 0.2371 0.1301, -0.0378 0.2372 0.1301, -0.0344 0.2377 0.1343, -0.0345 0.2377 0.1333, -0.0344 0.2337 0.1343, -0.0345 0.2337 0.1332, -0.0346 0.2377 0.1332, -0.0348 0.2376 0.1325, -0.0348 0.2336 0.1324, -0.0348 0.2376 0.1324, -0.035 0.2376 0.1321, -0.0354 0.2336 0.1316, -0.0355 0.2375 0.1314, -0.0354 0.2375 0.1316, -0.0357 0.2335 0.1376, -0.0357 0.2375 0.1376, -0.0351 0.2376 0.1369, -0.0351 0.2336 0.1369, -0.035 0.2376 0.1368, -0.0347 0.2337 0.1361, -0.0345 0.2377 0.1354, -0.0345 0.2337 0.135, -0.0346 0.2377 0.1358, -0.0347 0.2376 0.1361, -0.0345 0.2377 0.135, -0.0374 0.2372 0.1386, -0.0374 0.2332 0.1386, -0.0371 0.2373 0.1385, -0.0363 0.2334 0.1381, -0.0361 0.2374 0.138, -0.0363 0.2374 0.1381, -0.0363 0.2374 0.1381
            ]
        }
        coordIndex [
            0,1,2,-1,2,1,3,-1,1,4,3,-1,3,4,5,-1,6,7,8,-1,6,8,9,-1,8,10,9,-1,9,10,11,-1,9,11,12,-1,11,13,12,-1,12,13,14,-1,12,14,15,-1,15,14,16,-1,16,17,15,-1,15,17,5,-1,15,5,4,-1,18,19,20,-1,20,19,21,-1,20,21,22,-1,22,21,23,-1,22,23,24,-1,18,25,19,-1,19,25,26,-1,19,26,27,-1,7,6,28,-1,28,6,27,-1,28,27,29,-1,29,27,26,-1,30,31,32,-1,30,32,33,-1,32,34,33,-1,33,34,35,-1,33,35,36,-1,24,23,37,-1,37,23,36,-1,37,36,38,-1,38,36,35,-1,39,40,41,-1,41,40,42,-1,40,43,42,-1,42,43,44,-1,42,44,45,-1,44,46,45,-1,45,46,47,-1,45,47,48,-1,31,30,49,-1,49,30,48,-1,49,48,50,-1,50,48,47,-1,51,52,53,-1,51,53,54,-1,54,53,55,-1,54,55,56,-1,57,58,59,-1,59,58,56,-1,59,56,60,-1,60,56,55,-1,57,61,58,-1,58,61,39,-1,58,39,41,-1,0,2,62,-1,0,62,63,-1,63,62,64,-1,63,64,65,-1,52,51,66,-1,66,51,65,-1,66,65,67,-1,67,65,64,-1,
        ]
    }
}
Shape{
    appearance Appearance {
        material  Material 	{
            diffuseColor 0.8274509803921568 0.6666666666666666 0.12941176470588237
            specularColor 0.4117647058823529 0.3333333333333333 0.06666666666666667
            ambientIntensity 0.2
            transparency 0
            shininess 0.5
        }
    }
    geometry IndexedFaceSet {
        ccw TRUE
        solid FALSE
        coord DEF co Coordinate {
            point [
                -0.1374 0.1922 0.2179, -0.1373 0.1922 0.2179, -0.1377 0.1919 0.2164, -0.1369 0.1925 0.2165, -0.138 0.1918 0.2153, -0.1367 0.1927 0.2153, -0.1436 0.1876 0.1999, -0.1311 0.1965 0.1999, -0.1311 0.1965 0.1999
            ]
        }
        coordIndex [
            0,1,2,-1,2,1,3,-1,2,3,4,-1,4,3,5,-1,4,5,6,-1,6,5,7,-1,
        ]
    }
}
Shape{
    appearance Appearance {
        material  Material 	{
            diffuseColor 0.0 0.0 0.0
            specularColor 0.0 0.0 0.0
            ambientIntensity 0.2
            transparency 0
            shininess 0.5
        }
    }
    geometry IndexedFaceSet {
        ccw TRUE
        solid FALSE
        coord DEF co Coordinate {
            point [
                -0.1373 0.1922 0.2179, -0.1374 0.1922 0.2179, -0.1373 0.1971 0.2179, -0.1374 0.197 0.2179, -0.1311 0.1965 0.1999, -0.1367 0.1927 0.2153, -0.1311 0.2012 0.1999, -0.1367 0.1975 0.2153, -0.138 0.1918 0.2153, -0.1436 0.1876 0.1999, -0.138 0.1966 0.2153, -0.1436 0.1925 0.1999, -0.1379 0.1966 0.1999, -0.137 0.1973 0.2164, -0.1369 0.1925 0.2165, -0.1369 0.1973 0.2162, -0.1377 0.1919 0.2164, -0.1379 0.1966 0.2155, -0.1375 0.1969 0.2171, -0.1377 0.1968 0.2164, -0.1377 0.1968 0.2164
            ]
        }
        coordIndex [
            0,1,2,-1,2,1,3,-1,4,5,6,-1,6,5,7,-1,8,9,10,-1,10,9,11,-1,11,9,12,-1,12,9,4,-1,12,4,6,-1,2,13,0,-1,0,13,14,-1,14,13,5,-1,5,13,15,-1,5,15,7,-1,8,10,16,-1,16,10,17,-1,3,1,18,-1,18,1,16,-1,18,16,19,-1,19,16,17,-1,
        ]
    }
}
Shape{
    appearance Appearance {
        material  Material 	{
            diffuseColor 0.8274509803921568 0.6666666666666666 0.12941176470588237
            specularColor 0.4117647058823529 0.3333333333333333 0.06666666666666667
            ambientIntensity 0.2
            transparency 0
            shininess 0.5
        }
    }
    geometry IndexedFaceSet {
        ccw TRUE
        solid FALSE
        coord DEF co Coordinate {
            point [
                -0.0933 0.217 0.2184, -0.0933 0.217 0.1898, -0.0989 0.2145 0.2184, -0.0987 0.2146 0.1898, -0.1034 0.2124 0.1903, -0.1066 0.2108 0.1915, -0.109 0.2096 0.1931, -0.1097 0.2092 0.1937, -0.1115 0.2082 0.196, -0.1128 0.2075 0.1987, -0.1096 0.2093 0.2149, -0.1116 0.2082 0.2097, -0.1108 0.2086 0.2137, -0.1122 0.2079 0.2115, -0.1135 0.2071 0.2021, -0.1137 0.2071 0.2045, -0.1132 0.2073 0.2087, -0.1069 0.2107 0.2167, -0.1037 0.2123 0.2179, -0.1037 0.2123 0.2179
            ]
        }
        coordIndex [
            0,1,2,-1,2,1,3,-1,3,4,2,-1,2,4,5,-1,2,5,6,-1,6,7,2,-1,2,7,8,-1,2,8,9,-1,10,11,12,-1,12,11,13,-1,9,14,2,-1,2,14,15,-1,2,15,11,-1,11,15,16,-1,11,16,13,-1,10,17,11,-1,11,17,18,-1,11,18,2,-1,
        ]
    }
}
Shape{
    appearance Appearance {
        material  Material 	{
            diffuseColor 0.0 0.0 0.0
            specularColor 0.0 0.0 0.0
            ambientIntensity 0.2
            transparency 0
            shininess 0.5
        }
    }
    geometry IndexedFaceSet {
        ccw TRUE
        solid FALSE
        coord DEF co Coordinate {
            point [
                -0.0987 0.2146 0.1898, -0.0933 0.217 0.1898, -0.0987 0.2189 0.1898, -0.0933 0.2213 0.1898, -0.0933 0.217 0.2184, -0.0989 0.2145 0.2184, -0.0933 0.2213 0.2184, -0.0989 0.2189 0.2184, -0.1096 0.2093 0.2149, -0.1096 0.2137 0.2149, -0.1069 0.2107 0.2167, -0.107 0.215 0.2166, -0.1069 0.2151 0.2167, -0.1037 0.2166 0.2178, -0.1037 0.2123 0.2179, -0.1032 0.2169 0.218, -0.1019 0.2175 0.2182, -0.1132 0.2073 0.2087, -0.1137 0.2071 0.2045, -0.1137 0.2116 0.2045, -0.1134 0.2117 0.2076, -0.1131 0.2118 0.2087, -0.1122 0.2079 0.2115, -0.1127 0.2121 0.2104, -0.1122 0.2123 0.2115, -0.1121 0.2124 0.2117, -0.1108 0.2086 0.2137, -0.1108 0.2131 0.2137, -0.1107 0.2131 0.2138, -0.1097 0.2092 0.1937, -0.1097 0.2136 0.1937, -0.1115 0.2082 0.196, -0.1114 0.2127 0.1958, -0.1128 0.212 0.1987, -0.1128 0.2075 0.1987, -0.1117 0.2126 0.1963, -0.1115 0.2127 0.196, -0.1129 0.212 0.199, -0.113 0.2119 0.1995, -0.1135 0.2071 0.2021, -0.1136 0.2116 0.2034, -0.1134 0.2117 0.2021, -0.1019 0.2175 0.1901, -0.1034 0.2124 0.1903, -0.1034 0.2168 0.1904, -0.1048 0.2161 0.1907, -0.1066 0.2108 0.1915, -0.1065 0.2152 0.1916, -0.1078 0.2146 0.1922, -0.109 0.2096 0.1931, -0.1091 0.2139 0.1931, -0.109 0.214 0.1931, -0.109 0.214 0.1931
            ]
        }
        coordIndex [
            0,1,2,-1,2,1,3,-1,4,5,6,-1,6,5,7,-1,8,9,10,-1,10,9,11,-1,11,12,10,-1,10,12,13,-1,10,13,14,-1,14,13,15,-1,14,15,5,-1,5,15,16,-1,5,16,7,-1,17,18,19,-1,19,20,17,-1,17,20,21,-1,17,21,22,-1,22,21,23,-1,23,24,22,-1,22,24,25,-1,22,25,26,-1,26,25,27,-1,26,27,8,-1,8,27,28,-1,8,28,9,-1,29,30,31,-1,31,30,32,-1,33,34,35,-1,35,34,31,-1,35,31,36,-1,36,31,32,-1,33,37,34,-1,34,37,38,-1,34,38,39,-1,19,18,40,-1,40,18,39,-1,40,39,41,-1,41,39,38,-1,0,2,42,-1,0,42,43,-1,42,44,43,-1,43,44,45,-1,43,45,46,-1,45,47,46,-1,46,47,48,-1,46,48,49,-1,30,29,50,-1,50,29,49,-1,50,49,51,-1,51,49,48,-1,1,4,3,-1,3,4,6,-1,
        ]
    }
}