ERC report (2026-09-04T19:57:24, Encoding UTF8)
Report includes: Errors, Warnings

***** Sheet /
[isolated_pin_label]: Label connected to only one pin
    ; warning
    @(78.74 mm, 121.92 mm): Global Label 'IMU_CLKIN_NC'
[isolated_pin_label]: Label connected to only one pin
    ; warning
    @(78.74 mm, 215.90 mm): Global Label 'PIOUART1_TX_NC'
[isolated_pin_label]: Label connected to only one pin
    ; warning
    @(78.74 mm, 218.44 mm): Global Label 'PIOUART1_RX_NC'
[lib_symbol_mismatch]: Symbol 'TYPE-C16PQTWT' doesn't match copy in library 'lib'
    ; warning
    @(110.49 mm, 289.56 mm): Symbol USB101 [TYPE-C16PQTWT]
[lib_symbol_mismatch]: Symbol 'XTM25012000JT00351001' doesn't match copy in library 'lib'
    ; warning
    @(140.97 mm, 243.84 mm): Symbol X101 [XTM25012000JT00351001]
[lib_symbol_mismatch]: Symbol 'TS2306A240GFMSM9_C2976675' doesn't match copy in library 'lib'
    ; warning
    @(247.65 mm, 207.01 mm): Symbol U102 [TS2306A240GFMSM9_C2976675]
[lib_symbol_mismatch]: Symbol 'AOTA-B201610S3R3-101-T' doesn't match copy in library 'lib'
    ; warning
    @(257.81 mm, 234.95 mm): Symbol L101 [AOTA-B201610S3R3-101-T]
[lib_symbol_mismatch]: Symbol 'LED' doesn't match copy in library 'Device'
    ; warning
    @(439.42 mm, 270.51 mm): Symbol D101 [LED]
[lib_symbol_mismatch]: Symbol 'XRTC303020D4R7MBCA' doesn't match copy in library 'lib'
    ; warning
    @(102.87 mm, 38.10 mm): Symbol L201 [XRTC303020D4R7MBCA]
[lib_symbol_mismatch]: Symbol 'XRTC303020D4R7MBCA' doesn't match copy in library 'lib'
    ; warning
    @(102.87 mm, 80.01 mm): Symbol L202 [XRTC303020D4R7MBCA]
[lib_symbol_mismatch]: Symbol 'LED' doesn't match copy in library 'Device'
    ; warning
    @(140.97 mm, 57.15 mm): Symbol D202 [LED]
[lib_symbol_mismatch]: Symbol 'LED' doesn't match copy in library 'Device'
    ; warning
    @(140.97 mm, 99.06 mm): Symbol D203 [LED]
[lib_symbol_mismatch]: Symbol 'LP5912-1.8DRVR' doesn't match copy in library 'lib'
    ; warning
    @(205.74 mm, 62.23 mm): Symbol U201 [LP5912-1.8DRVR]
[lib_symbol_mismatch]: Symbol 'LP5912-3.3DRV' doesn't match copy in library 'Regulator_Linear'
    ; warning
    @(218.44 mm, 121.92 mm): Symbol U204 [LP5912-3.3DRV]
[lib_symbol_mismatch]: Symbol 'LED' doesn't match copy in library 'Device'
    ; warning
    @(252.73 mm, 128.27 mm): Symbol D205 [LED]
[lib_symbol_mismatch]: Symbol 'LED' doesn't match copy in library 'Device'
    ; warning
    @(259.08 mm, 66.04 mm): Symbol D206 [LED]
[isolated_pin_label]: Label connected to only one pin
    ; warning
    @(109.22 mm, 83.82 mm): Hierarchical Label 'CLKIN'
[lib_symbol_mismatch]: Symbol 'SN74LVC1G3157DTBR' doesn't match copy in library 'lib'
    ; warning
    @(149.86 mm, 165.10 mm): Symbol U402 [SN74LVC1G3157DTBR]
[lib_symbol_mismatch]: Symbol 'SDM02U30LP3-7B' doesn't match copy in library 'lib'
    ; warning
    @(168.91 mm, 114.30 mm): Symbol D401 [SDM02U30LP3-7B]
[lib_symbol_mismatch]: Symbol 'COS8051SOT' doesn't match copy in library 'lib'
    ; warning
    @(191.77 mm, 165.10 mm): Symbol U401 [COS8051SOT]
[lib_symbol_mismatch]: Symbol 'TLV7031DPWR' doesn't match copy in library 'lib'
    ; warning
    @(210.82 mm, 107.95 mm): Symbol U403 [TLV7031DPWR]
[lib_symbol_mismatch]: Symbol 'TF-021B-H265' doesn't match copy in library 'lib'
    ; warning
    @(72.39 mm, 68.58 mm): Symbol Card502 [TF-021B-H265]
[unconnected_wire_endpoint]: Unconnected wire endpoint
    ; warning
    @(93.98 mm, 35.56 mm): Horizontal Wire, length 35.56 mm
[unconnected_wire_endpoint]: Unconnected wire endpoint
    ; warning
    @(93.98 mm, 38.10 mm): Horizontal Wire, length 35.56 mm
[unconnected_wire_endpoint]: Unconnected wire endpoint
    ; warning
    @(93.98 mm, 40.64 mm): Horizontal Wire, length 35.56 mm
[lib_symbol_mismatch]: Symbol 'SM08B-SRSS-TB(LF)(SN)' doesn't match copy in library 'lib'
    ; warning
    @(133.35 mm, 29.21 mm): Symbol P601 [SM08B-SRSS-TB(LF)(SN)]
[lib_symbol_mismatch]: Symbol 'SM06B-SRSS-TB(LF)(SN)' doesn't match copy in library 'lib'
    ; warning
    @(184.15 mm, 64.77 mm): Symbol U601 [SM06B-SRSS-TB(LF)(SN)]
[isolated_pin_label]: Label connected to only one pin
    ; warning
    @(194.31 mm, 135.89 mm): Hierarchical Label 'PIOUART1_TX'
[isolated_pin_label]: Label connected to only one pin
    ; warning
    @(200.66 mm, 135.89 mm): Hierarchical Label 'PIOUART1_RX'
[isolated_pin_label]: Label connected to only one pin
    ; warning
    @(200.66 mm, 144.78 mm): Label 'PU1RX'
[lib_symbol_mismatch]: Symbol 'OW7EL89CENUNFAYLC-52M' doesn't match copy in library 'OpenRX-Shared'
    ; warning
    @(71.12 mm, 118.11 mm): Symbol OSC701 [OW7EL89CENUNFAYLC-52M]
[lib_symbol_mismatch]: Symbol 'XL-1010RGBC-WS2812B' doesn't match copy in library 'OpenRX-Shared'
    ; warning
    @(107.95 mm, 191.77 mm): Symbol D701 [XL-1010RGBC-WS2812B]
[lib_symbol_mismatch]: Symbol 'SX1281IMLTRT' doesn't match copy in library 'OpenRX-Shared'
    ; warning
    @(125.73 mm, 85.09 mm): Symbol U706 [SX1281IMLTRT]
[lib_symbol_mismatch]: Symbol 'CJ17-400001010B20' doesn't match copy in library 'OpenRX-Shared'
    ; warning
    @(149.86 mm, 236.22 mm): Symbol X701 [CJ17-400001010B20]
[lib_symbol_mismatch]: Symbol '2450FM07D0034T' doesn't match copy in library 'OpenRX-Shared'
    ; warning
    @(158.75 mm, 116.84 mm): Symbol FL701 [2450FM07D0034T]
[lib_symbol_mismatch]: Symbol 'U.FL-R-SMT-1(80)' doesn't match copy in library 'OpenDrone'
    ; warning
    @(182.88 mm, 115.57 mm): Symbol JP701 [U.FL-R-SMT-1(80)]
[endpoint_off_grid]: Symbol pin or wire end off connection grid
    ; warning
    @(186.259 mm, 179.07 mm): Symbol L705 Pin 2 [2, Passive, Line]
[endpoint_off_grid]: Symbol pin or wire end off connection grid
    ; warning
    @(186.259 mm, 179.07 mm): Horizontal Wire, length 4.649 mm
[endpoint_off_grid]: Symbol pin or wire end off connection grid
    ; warning
    @(201.93 mm, 179.07 mm): Horizontal Wire, length 8.051 mm
[lib_symbol_mismatch]: Symbol 'TLV75533PDQNR' doesn't match copy in library 'OpenRX-Shared'
    ; warning
    @(289.56 mm, 96.52 mm): Symbol U703 [TLV75533PDQNR]
[lib_symbol_mismatch]: Symbol '2450AT18A100E' doesn't match copy in library 'OpenRX-Shared'
    ; warning
    @(335.28 mm, 200.66 mm): Symbol AE701 [2450AT18A100E]
[lib_symbol_issues]: The current configuration does not include the symbol library 'ESCLibrary'
    ; warning
    @(45.72 mm, 134.62 mm): Symbol C810 [GRM033R61C104KE84D]
[lib_symbol_issues]: Symbol 'LMR54406DBVR' not found in symbol library 'components'
    ; warning
    @(63.50 mm, 129.54 mm): Symbol U802 [LMR54406DBVR]
[lib_symbol_issues]: The current configuration does not include the symbol library 'ESCLibrary'
    ; warning
    @(78.74 mm, 127.00 mm): Symbol C811 [GRM033R61C104KE84D]
[lib_symbol_mismatch]: Symbol 'XRIM160808SR47MBCD' doesn't match copy in library 'components'
    ; warning
    @(93.98 mm, 132.08 mm): Symbol U803 [XRIM160808SR47MBCD]
[lib_symbol_issues]: The current configuration does not include the symbol library 'ESCLibrary'
    ; warning
    @(154.94 mm, 142.24 mm): Symbol C812 [GRM033R61C104KE84D]
[lib_symbol_mismatch]: Symbol 'TLV76733DRVR' doesn't match copy in library 'components'
    ; warning
    @(179.07 mm, 139.70 mm): Symbol U804 [TLV76733DRVR]
[lib_symbol_issues]: The current configuration does not include the symbol library 'ESCLibrary'
    ; warning
    @(194.31 mm, 142.24 mm): Symbol C813 [GRM033R61C104KE84D]
[lib_symbol_issues]: Symbol '0201_1kR' not found in symbol library 'components'
    ; warning
    @(302.26 mm, 137.16 mm): Symbol R804 [0201_1kR]
[endpoint_off_grid]: Symbol pin or wire end off connection grid
    ; warning
    @(309.245 mm, 137.16 mm): Horizontal Wire, length 26.035 mm
[endpoint_off_grid]: Symbol pin or wire end off connection grid
    ; warning
    @(307.34 mm, 137.16 mm): Horizontal Wire, length 1.905 mm
[endpoint_off_grid]: Symbol pin or wire end off connection grid
    ; warning
    @(309.245 mm, 137.16 mm): Symbol C804 Pin 1 [1, Input, Line]
[footprint_link_issues]: Footprint 'C_0402_WIDE' not found in library 'Capacitor_SMD'
    ; warning
    @(309.245 mm, 140.97 mm): Symbol C804 [GRM033R61C104KE84D]
[lib_symbol_issues]: The current configuration does not include the symbol library 'ESCLibrary'
    ; warning
    @(309.245 mm, 140.97 mm): Symbol C804 [GRM033R61C104KE84D]
[endpoint_off_grid]: Symbol pin or wire end off connection grid
    ; warning
    @(309.245 mm, 144.78 mm): Symbol #PWR809 Pin 1 [Power input, Line]
[endpoint_off_grid]: Symbol pin or wire end off connection grid
    ; warning
    @(323.215 mm, 143.51 mm): Symbol R805 Pin 2 [2, Unspecified, Line]
[endpoint_off_grid]: Symbol pin or wire end off connection grid
    ; warning
    @(323.215 mm, 143.51 mm): Horizontal Wire, length 1.905 mm
[lib_symbol_issues]: Symbol '0201_1kR' not found in symbol library 'components'
    ; warning
    @(328.295 mm, 143.51 mm): Symbol R805 [0201_1kR]
[endpoint_off_grid]: Symbol pin or wire end off connection grid
    ; warning
    @(333.375 mm, 143.51 mm): Horizontal Wire, length 1.905 mm
[lib_symbol_issues]: The current configuration does not include the symbol library 'ESCLibrary'
    ; warning
    @(335.28 mm, 139.70 mm): Symbol C806 [GRM033R61C104KE84D]
[footprint_link_issues]: Footprint 'C_0402_WIDE' not found in library 'Capacitor_SMD'
    ; warning
    @(335.28 mm, 147.32 mm): Symbol C805 [GRM033R61C104KE84D]
[lib_symbol_issues]: The current configuration does not include the symbol library 'ESCLibrary'
    ; warning
    @(335.28 mm, 147.32 mm): Symbol C805 [GRM033R61C104KE84D]
[endpoint_off_grid]: Symbol pin or wire end off connection grid
    ; warning
    @(337.185 mm, 137.16 mm): Wire, length 1.796 mm
[endpoint_off_grid]: Symbol pin or wire end off connection grid
    ; warning
    @(335.28 mm, 137.16 mm): Horizontal Wire, length 1.905 mm
[endpoint_off_grid]: Symbol pin or wire end off connection grid
    ; warning
    @(335.28 mm, 143.51 mm): Horizontal Wire, length 3.175 mm
[endpoint_off_grid]: Symbol pin or wire end off connection grid
    ; warning
    @(340.995 mm, 123.19 mm): Horizontal Wire, length 7.62 mm
[endpoint_off_grid]: Symbol pin or wire end off connection grid
    ; warning
    @(340.995 mm, 123.19 mm): Vertical Wire, length 1.27 mm
[endpoint_off_grid]: Symbol pin or wire end off connection grid
    ; warning
    @(340.995 mm, 124.46 mm): Symbol C815 Pin 1 [1, Input, Line]
[lib_symbol_issues]: Symbol 'GRM033R61C104KE84D' not found in symbol library 'components'
    ; warning
    @(340.995 mm, 128.27 mm): Symbol C815 [GRM033R61C104KE84D]
[endpoint_off_grid]: Symbol pin or wire end off connection grid
    ; warning
    @(340.995 mm, 132.08 mm): Symbol #PWR806 Pin 1 [Power input, Line]
[lib_symbol_mismatch]: Symbol 'SM08B-SRSS-TB' doesn't match copy in library 'components'
    ; warning
    @(347.98 mm, 59.69 mm): Symbol J801 [SM08B-SRSS-TB]
[endpoint_off_grid]: Symbol pin or wire end off connection grid
    ; warning
    @(348.615 mm, 121.92 mm): Symbol #PWR815 Pin 1 [Power input, Line]
[endpoint_off_grid]: Symbol pin or wire end off connection grid
    ; warning
    @(348.615 mm, 121.92 mm): Vertical Wire, length 1.27 mm
[endpoint_off_grid]: Symbol pin or wire end off connection grid
    ; warning
    @(348.615 mm, 123.19 mm): Vertical Wire, length 7.62 mm
[lib_symbol_mismatch]: Symbol 'INA186A3IDCKR' doesn't match copy in library 'components'
    ; warning
    @(348.615 mm, 140.97 mm): Symbol U801 [INA186A3IDCKR]
[endpoint_off_grid]: Symbol pin or wire end off connection grid
    ; warning
    @(348.615 mm, 151.13 mm): Symbol #PWR819 Pin 1 [Power input, Line]
[endpoint_off_grid]: Symbol pin or wire end off connection grid
    ; warning
    @(358.775 mm, 135.89 mm): Symbol #PWR825 Pin 1 [Power input, Line]
[endpoint_off_grid]: Symbol pin or wire end off connection grid
    ; warning
    @(358.775 mm, 140.97 mm): Symbol U801 Pin 6 [OUT, Output, Line]
[endpoint_off_grid]: Symbol pin or wire end off connection grid
    ; warning
    @(358.775 mm, 140.97 mm): Horizontal Wire, length 6.35 mm
[endpoint_off_grid]: Symbol pin or wire end off connection grid
    ; warning
    @(365.125 mm, 140.97 mm): Symbol R803 Pin 2 [2, Unspecified, Line]
[lib_symbol_issues]: Symbol '0201_1kR' not found in symbol library 'components'
    ; warning
    @(370.205 mm, 140.97 mm): Symbol R803 [0201_1kR]
[endpoint_off_grid]: Symbol pin or wire end off connection grid
    ; warning
    @(379.095 mm, 140.97 mm): Symbol C816 Pin 1 [1, Input, Line]
[endpoint_off_grid]: Symbol pin or wire end off connection grid
    ; warning
    @(379.095 mm, 140.97 mm): Horizontal Wire, length 3.81 mm
[lib_symbol_issues]: Symbol 'GRM033R61C104KE84D' not found in symbol library 'components'
    ; warning
    @(379.095 mm, 144.78 mm): Symbol C816 [GRM033R61C104KE84D]
[endpoint_off_grid]: Symbol pin or wire end off connection grid
    ; warning
    @(379.095 mm, 148.59 mm): Symbol #PWR807 Pin 1 [Power input, Line]
[endpoint_off_grid]: Symbol pin or wire end off connection grid
    ; warning
    @(381.635 mm, 140.97 mm): Horizontal Wire, length 2.54 mm
[lib_symbol_issues]: The current configuration does not include the symbol library 'PCM_Resistor_AKL'
    ; warning
    @(29.21 mm, 147.32 mm): Symbol R1467 [R_0402]
[lib_symbol_issues]: The current configuration does not include the symbol library 'PCM_Resistor_AKL'
    ; warning
    @(29.21 mm, 162.56 mm): Symbol R1471 [R_0402]
[lib_symbol_issues]: The current configuration does not include the symbol library 'ESCLibrary'
    ; warning
    @(33.02 mm, 63.50 mm): Symbol R1447 [0201_10kR]
[lib_symbol_issues]: The current configuration does not include the symbol library 'PCM_Transistor_MOSFET_AKL'
    ; warning
    @(36.83 mm, 146.05 mm): Symbol Q1411 [2N6660]
[lib_symbol_issues]: The current configuration does not include the symbol library 'PCM_Transistor_MOSFET_AKL'
    ; warning
    @(36.83 mm, 161.29 mm): Symbol Q1420 [2N6660]
[lib_symbol_issues]: The current configuration does not include the symbol library 'ESCLibrary'
    ; warning
    @(44.45 mm, 67.31 mm): Symbol C1424 [GRM033R61C104KE84D]
[lib_symbol_issues]: The current configuration does not include the symbol library 'ESCLibrary'
    ; warning
    @(48.26 mm, 60.96 mm): Symbol R1448 [0201_10kR]
[lib_symbol_issues]: The current configuration does not include the symbol library 'ESCLibrary'
    ; warning
    @(48.26 mm, 80.01 mm): Symbol R1475 [0201_220R]
[lib_symbol_issues]: The current configuration does not include the symbol library 'ESCLibrary'
    ; warning
    @(60.96 mm, 36.83 mm): Symbol C1425 [GRM033R61C104KE84D]
[lib_symbol_issues]: The current configuration does not include the symbol library 'ESCLibrary'
    ; warning
    @(71.12 mm, 69.85 mm): Symbol U1408 [AT32F421G8U7]
[lib_symbol_issues]: The current configuration does not include the symbol library 'ESCLibrary'
    ; warning
    @(82.55 mm, 36.83 mm): Symbol C1426 [GRM033R61C104KE84D]
[lib_symbol_issues]: The current configuration does not include the symbol library 'PCM_Resistor_AKL'
    ; warning
    @(88.90 mm, 147.32 mm): Symbol R1450 [R_0402]
[lib_symbol_issues]: The current configuration does not include the symbol library 'PCM_Resistor_AKL'
    ; warning
    @(88.90 mm, 162.56 mm): Symbol R1463 [R_0402]
[lib_symbol_issues]: The current configuration does not include the symbol library 'PCM_Transistor_MOSFET_AKL'
    ; warning
    @(96.52 mm, 146.05 mm): Symbol Q1402 [2N6660]
[lib_symbol_issues]: The current configuration does not include the symbol library 'PCM_Transistor_MOSFET_AKL'
    ; warning
    @(96.52 mm, 161.29 mm): Symbol Q1407 [2N6660]
[lib_symbol_mismatch]: Symbol 'NSG2065Q' doesn't match copy in library 'components'
    ; warning
    @(132.08 mm, 74.93 mm): Symbol U1401 [NSG2065Q]
[footprint_link_issues]: Footprint 'C_0402_WIDE' not found in library 'Capacitor_SMD'
    ; warning
    @(149.86 mm, 63.50 mm): Symbol C1427 [GRM033R61C104KE84D]
[lib_symbol_issues]: The current configuration does not include the symbol library 'ESCLibrary'
    ; warning
    @(149.86 mm, 63.50 mm): Symbol C1427 [GRM033R61C104KE84D]
[lib_symbol_issues]: The current configuration does not include the symbol library 'PCM_Resistor_AKL'
    ; warning
    @(149.86 mm, 146.05 mm): Symbol R1427 [R_0402]
[lib_symbol_issues]: The current configuration does not include the symbol library 'PCM_Resistor_AKL'
    ; warning
    @(149.86 mm, 161.29 mm): Symbol R1434 [R_0402]
[lib_symbol_issues]: The current configuration does not include the symbol library 'PCM_Transistor_MOSFET_AKL'
    ; warning
    @(157.48 mm, 144.78 mm): Symbol Q1413 [2N6660]
[lib_symbol_issues]: The current configuration does not include the symbol library 'PCM_Transistor_MOSFET_AKL'
    ; warning
    @(157.48 mm, 160.02 mm): Symbol Q1417 [2N6660]
[footprint_link_issues]: Footprint 'C_0402_WIDE' not found in library 'Capacitor_SMD'
    ; warning
    @(160.02 mm, 66.04 mm): Symbol C1404 [GRM033R61C104KE84D]
[lib_symbol_issues]: The current configuration does not include the symbol library 'ESCLibrary'
    ; warning
    @(160.02 mm, 66.04 mm): Symbol C1404 [GRM033R61C104KE84D]
[footprint_link_issues]: Footprint 'C_0402_WIDE' not found in library 'Capacitor_SMD'
    ; warning
    @(170.18 mm, 68.58 mm): Symbol C1408 [GRM033R61C104KE84D]
[lib_symbol_issues]: The current configuration does not include the symbol library 'ESCLibrary'
    ; warning
    @(170.18 mm, 68.58 mm): Symbol C1408 [GRM033R61C104KE84D]
[lib_symbol_issues]: The current configuration does not include the symbol library 'ESCLibrary'
    ; warning
    @(186.69 mm, 26.67 mm): Symbol C1428 [GRM033R61C104KE84D]
[lib_symbol_issues]: Symbol '0201_10kR' not found in symbol library 'components'
    ; warning
    @(205.74 mm, 90.17 mm): Symbol R1453 [0201_10kR]
[lib_symbol_issues]: Symbol '0201_1kR' not found in symbol library 'components'
    ; warning
    @(205.74 mm, 111.76 mm): Symbol R1454 [0201_1kR]
[lib_symbol_issues]: Symbol '0201_10kR' not found in symbol library 'components'
    ; warning
    @(210.82 mm, 99.06 mm): Symbol R1455 [0201_10kR]
[lib_symbol_issues]: Symbol '0201_10kR' not found in symbol library 'components'
    ; warning
    @(229.87 mm, 90.17 mm): Symbol R1456 [0201_10kR]
[lib_symbol_issues]: Symbol '0201_1kR' not found in symbol library 'components'
    ; warning
    @(229.87 mm, 111.76 mm): Symbol R1457 [0201_1kR]
[lib_symbol_issues]: Symbol '0201_10kR' not found in symbol library 'components'
    ; warning
    @(234.95 mm, 99.06 mm): Symbol R1458 [0201_10kR]
[lib_symbol_issues]: Symbol '0201_10kR' not found in symbol library 'components'
    ; warning
    @(254.00 mm, 90.17 mm): Symbol R1459 [0201_10kR]
[lib_symbol_issues]: Symbol '0201_1kR' not found in symbol library 'components'
    ; warning
    @(254.00 mm, 111.76 mm): Symbol R1460 [0201_1kR]
[lib_symbol_issues]: Symbol '0201_10kR' not found in symbol library 'components'
    ; warning
    @(259.08 mm, 99.06 mm): Symbol R1461 [0201_10kR]

***** Sheet /rp2350a/
[power_pin_not_driven]: Input Power pin not driven by any Output Power pins
    ; error
    @(100.33 mm, 123.19 mm): Symbol #PWR101 Pin 1 [Power input, Line]
[power_pin_not_driven]: Input Power pin not driven by any Output Power pins
    ; error
    @(133.35 mm, 309.88 mm): Symbol #PWR121 Pin 1 [Power input, Line]
[power_pin_not_driven]: Input Power pin not driven by any Output Power pins
    ; error
    @(429.26 mm, 173.99 mm): Symbol #PWR149 Pin 1 [Power input, Line]
[pin_to_pin]: Pins of type Unspecified and Power input are connected
    ; warning
    @(101.60 mm, 288.29 mm): Symbol USB101 Pin 0 [EH, Unspecified, Line]
    @(101.60 mm, 288.29 mm): Symbol #PWR142 Pin 1 [Power input, Line]
[pin_to_pin]: Pins of type Unspecified and Power input are connected
    ; warning
    @(119.38 mm, 275.59 mm): Symbol USB101 Pin A1 [GND, Unspecified, Line]
    @(125.73 mm, 270.51 mm): Symbol #PWR106 Pin 1 [Power input, Line]
[pin_to_pin]: Pins of type Unspecified and Power input are connected
    ; warning
    @(119.38 mm, 278.13 mm): Symbol USB101 Pin A4 [VBUS, Unspecified, Line]
    @(134.62 mm, 269.24 mm): Symbol #PWR122 Pin 1 [Power input, Line]
[pin_to_pin]: Pins of type Unspecified and Passive are connected
    ; warning
    @(119.38 mm, 283.21 mm): Symbol USB101 Pin A5 [CC1, Unspecified, Line]
    @(130.81 mm, 283.21 mm): Symbol R106 Pin 2 [Passive, Line]
[pin_to_pin]: Pins of type Unspecified and Passive are connected
    ; warning
    @(119.38 mm, 285.75 mm): Symbol USB101 Pin B7 [DN2, Unspecified, Line]
    @(259.08 mm, 187.96 mm): Symbol R105 Pin 1 [Passive, Line]
[pin_to_pin]: Pins of type Unspecified and Unspecified are connected
    ; warning
    @(119.38 mm, 288.29 mm): Symbol USB101 Pin A6 [DP1, Unspecified, Line]
    @(119.38 mm, 293.37 mm): Symbol USB101 Pin B6 [DP2, Unspecified, Line]
[pin_to_pin]: Pins of type Unspecified and Unspecified are connected
    ; warning
    @(119.38 mm, 290.83 mm): Symbol USB101 Pin A7 [DN1, Unspecified, Line]
    @(119.38 mm, 285.75 mm): Symbol USB101 Pin B7 [DN2, Unspecified, Line]
[pin_to_pin]: Pins of type Unspecified and Passive are connected
    ; warning
    @(119.38 mm, 293.37 mm): Symbol USB101 Pin B6 [DP2, Unspecified, Line]
    @(259.08 mm, 190.50 mm): Symbol R107 Pin 2 [Passive, Line]
[pin_to_pin]: Pins of type Unspecified and Passive are connected
    ; warning
    @(119.38 mm, 298.45 mm): Symbol USB101 Pin B5 [CC2, Unspecified, Line]
    @(130.81 mm, 298.45 mm): Symbol R109 Pin 2 [Passive, Line]
[pin_to_pin]: Pins of type Unspecified and Power input are connected
    ; warning
    @(119.38 mm, 300.99 mm): Symbol USB101 Pin A9 [VBUS, Unspecified, Line]
    @(133.35 mm, 309.88 mm): Symbol #PWR121 Pin 1 [Power input, Line]
[pin_to_pin]: Pins of type Unspecified and Power input are connected
    ; warning
    @(119.38 mm, 303.53 mm): Symbol USB101 Pin A12 [GND, Unspecified, Line]
    @(125.73 mm, 308.61 mm): Symbol #PWR107 Pin 1 [Power input, Line]
[pin_to_pin]: Pins of type Unspecified and Power input are connected
    ; warning
    @(252.73 mm, 234.95 mm): Symbol L101 Pin 1 [1, Unspecified, Line]
    @(243.84 mm, 227.33 mm): Symbol #PWR116 Pin 1 [Power input, Line]
[pin_to_pin]: Pins of type Unspecified and Unspecified are connected
    ; warning
    @(262.89 mm, 234.95 mm): Symbol L101 Pin 2 [2, Unspecified, Line]
    @(270.51 mm, 234.95 mm): Symbol U101 Pin 48 [VREG_LX, Unspecified, Line]
[pin_to_pin]: Pins of type Unspecified and Power input are connected
    ; warning
    @(270.51 mm, 172.72 mm): Symbol U101 Pin 26 [RUN, Unspecified, Line]
    @(270.51 mm, 172.72 mm): Symbol #PWR118 Pin 1 [Power input, Line]
[pin_to_pin]: Pins of type Unspecified and Input are connected
    ; warning
    @(270.51 mm, 179.07 mm): Symbol U101 Pin 21 [XIN, Unspecified, Line]
    @(133.35 mm, 246.38 mm): Symbol X101 Pin 1 [1, Input, Line]
[pin_to_pin]: Pins of type Unspecified and Passive are connected
    ; warning
    @(270.51 mm, 181.61 mm): Symbol U101 Pin 22 [XOUT, Unspecified, Line]
    @(180.34 mm, 241.30 mm): Symbol R110 Pin 1 [Passive, Line]
[pin_to_pin]: Pins of type Unspecified and Passive are connected
    ; warning
    @(270.51 mm, 187.96 mm): Symbol U101 Pin 51 [USB_DM, Unspecified, Line]
    @(266.70 mm, 187.96 mm): Symbol R105 Pin 2 [Passive, Line]
[pin_to_pin]: Pins of type Unspecified and Passive are connected
    ; warning
    @(270.51 mm, 190.50 mm): Symbol U101 Pin 52 [USB_DP, Unspecified, Line]
    @(266.70 mm, 190.50 mm): Symbol R107 Pin 1 [Passive, Line]
[pin_to_pin]: Pins of type Unspecified and Passive are connected
    ; warning
    @(270.51 mm, 207.01 mm): Symbol U101 Pin 60 [QSPI_SS, Unspecified, Line]
    @(262.89 mm, 207.01 mm): Symbol R108 Pin 2 [Passive, Line]
[pin_to_pin]: Pins of type Unspecified and Power input are connected
    ; warning
    @(270.51 mm, 227.33 mm): Symbol U101 Pin 50 [VREG_FB, Unspecified, Line]
    @(243.84 mm, 227.33 mm): Symbol #PWR116 Pin 1 [Power input, Line]
[pin_to_pin]: Pins of type Unspecified and Passive are connected
    ; warning
    @(270.51 mm, 242.57 mm): Symbol U101 Pin 49 [VREG_VIN, Unspecified, Line]
    @(229.87 mm, 251.46 mm): Symbol C111 Pin 1 [Passive, Line]
[pin_to_pin]: Pins of type Unspecified and Power input are connected
    ; warning
    @(275.59 mm, 144.78 mm): Symbol U101 Pin 44 [ADC_AVDD, Unspecified, Line]
    @(275.59 mm, 144.78 mm): Symbol #PWR143 Pin 1 [Power input, Line]
[pin_to_pin]: Pins of type Unspecified and Unspecified are connected
    ; warning
    @(280.67 mm, 144.78 mm): Symbol U101 Pin 6 [DVDD, Unspecified, Line]
    @(283.21 mm, 144.78 mm): Symbol U101 Pin 23 [DVDD, Unspecified, Line]
[pin_to_pin]: Pins of type Unspecified and Unspecified are connected
    ; warning
    @(283.21 mm, 144.78 mm): Symbol U101 Pin 23 [DVDD, Unspecified, Line]
    @(285.75 mm, 144.78 mm): Symbol U101 Pin 39 [DVDD, Unspecified, Line]
[pin_to_pin]: Pins of type Unspecified and Power input are connected
    ; warning
    @(285.75 mm, 144.78 mm): Symbol U101 Pin 39 [DVDD, Unspecified, Line]
    @(283.21 mm, 137.16 mm): Symbol #PWR109 Pin 1 [Power input, Line]
[pin_to_pin]: Pins of type Unspecified and Unspecified are connected
    ; warning
    @(290.83 mm, 144.78 mm): Symbol U101 Pin 1 [IOVDD, Unspecified, Line]
    @(293.37 mm, 144.78 mm): Symbol U101 Pin 11 [IOVDD, Unspecified, Line]
[pin_to_pin]: Pins of type Unspecified and Unspecified are connected
    ; warning
    @(292.10 mm, 281.94 mm): Symbol U101 Pin 47 [VREG_PGND, Unspecified, Line]
    @(299.72 mm, 281.94 mm): Symbol U101 Pin 61 [EP, Unspecified, Line]
[pin_to_pin]: Pins of type Unspecified and Unspecified are connected
    ; warning
    @(293.37 mm, 144.78 mm): Symbol U101 Pin 11 [IOVDD, Unspecified, Line]
    @(295.91 mm, 144.78 mm): Symbol U101 Pin 20 [IOVDD, Unspecified, Line]
[pin_to_pin]: Pins of type Unspecified and Unspecified are connected
    ; warning
    @(295.91 mm, 144.78 mm): Symbol U101 Pin 20 [IOVDD, Unspecified, Line]
    @(298.45 mm, 144.78 mm): Symbol U101 Pin 30 [IOVDD, Unspecified, Line]
[pin_to_pin]: Pins of type Unspecified and Unspecified are connected
    ; warning
    @(298.45 mm, 144.78 mm): Symbol U101 Pin 30 [IOVDD, Unspecified, Line]
    @(300.99 mm, 144.78 mm): Symbol U101 Pin 38 [IOVDD, Unspecified, Line]
[pin_to_pin]: Pins of type Unspecified and Power input are connected
    ; warning
    @(299.72 mm, 281.94 mm): Symbol U101 Pin 61 [EP, Unspecified, Line]
    @(243.84 mm, 287.02 mm): Symbol #PWR117 Pin 1 [Power input, Line]
[pin_to_pin]: Pins of type Unspecified and Unspecified are connected
    ; warning
    @(300.99 mm, 144.78 mm): Symbol U101 Pin 38 [IOVDD, Unspecified, Line]
    @(303.53 mm, 144.78 mm): Symbol U101 Pin 45 [IOVDD, Unspecified, Line]
[pin_to_pin]: Pins of type Unspecified and Unspecified are connected
    ; warning
    @(303.53 mm, 144.78 mm): Symbol U101 Pin 45 [IOVDD, Unspecified, Line]
    @(306.07 mm, 144.78 mm): Symbol U101 Pin 54 [QSPI_IOVDD, Unspecified, Line]
[pin_to_pin]: Pins of type Unspecified and Power input are connected
    ; warning
    @(306.07 mm, 144.78 mm): Symbol U101 Pin 54 [QSPI_IOVDD, Unspecified, Line]
    @(303.53 mm, 137.16 mm): Symbol #PWR145 Pin 1 [Power input, Line]
[pin_to_pin]: Pins of type Unspecified and Unspecified are connected
    ; warning
    @(308.61 mm, 144.78 mm): Symbol U101 Pin 53 [USB_OTP_VDD, Unspecified, Line]
    @(306.07 mm, 144.78 mm): Symbol U101 Pin 54 [QSPI_IOVDD, Unspecified, Line]
[pin_to_pin]: Pins of type Unspecified and Passive are connected
    ; warning
    @(316.23 mm, 144.78 mm): Symbol U101 Pin 46 [VREG_AVDD, Unspecified, Line]
    @(327.66 mm, 139.70 mm): Symbol C110 Pin 1 [Passive, Line]
[pin_to_pin]: Pins of type Unspecified and Unspecified are connected
    ; warning
    @(321.31 mm, 163.83 mm): Symbol U101 Pin 13 [GPIO9, Unspecified, Line]
    @(93.98 mm, 62.23 mm): Symbol U301 Pin 4 [INT1, Unspecified, Line]
[pin_to_pin]: Pins of type Unspecified and Unspecified are connected
    ; warning
    @(321.31 mm, 166.37 mm): Symbol U101 Pin 14 [GPIO10, Unspecified, Line]
    @(93.98 mm, 69.85 mm): Symbol U301 Pin 13 [SCL, Unspecified, Line]
[pin_to_pin]: Pins of type Unspecified and Unspecified are connected
    ; warning
    @(321.31 mm, 168.91 mm): Symbol U101 Pin 15 [GPIO11, Unspecified, Line]
    @(93.98 mm, 67.31 mm): Symbol U301 Pin 14 [SDA, Unspecified, Line]
[pin_to_pin]: Pins of type Unspecified and Unspecified are connected
    ; warning
    @(321.31 mm, 171.45 mm): Symbol U101 Pin 16 [GPIO12, Unspecified, Line]
    @(93.98 mm, 64.77 mm): Symbol U301 Pin 1 [SDO/SA0, Unspecified, Line]
[pin_to_pin]: Pins of type Unspecified and Unspecified are connected
    ; warning
    @(321.31 mm, 173.99 mm): Symbol U101 Pin 17 [GPIO13, Unspecified, Line]
    @(93.98 mm, 72.39 mm): Symbol U301 Pin 12 [CS, Unspecified, Line]
[pin_to_pin]: Pins of type Unspecified and Passive are connected
    ; warning
    @(321.31 mm, 190.50 mm): Symbol U101 Pin 33 [GPIO21, Unspecified, Line]
    @(92.71 mm, 64.77 mm): Symbol R501 Pin 2 [Passive, Line]
[pin_to_pin]: Pins of type Unspecified and Input are connected
    ; warning
    @(321.31 mm, 199.39 mm): Symbol U101 Pin 34 [GPIO22, Unspecified, Line]
    @(306.07 mm, 77.47 mm): Symbol U805 Pin 10 [M4, Input, Line]
[pin_to_pin]: Pins of type Unspecified and Input are connected
    ; warning
    @(321.31 mm, 201.93 mm): Symbol U101 Pin 35 [GPIO23, Unspecified, Line]
    @(303.53 mm, 77.47 mm): Symbol U805 Pin 9 [M3, Input, Line]
[pin_to_pin]: Pins of type Unspecified and Input are connected
    ; warning
    @(321.31 mm, 204.47 mm): Symbol U101 Pin 36 [GPIO24, Unspecified, Line]
    @(300.99 mm, 77.47 mm): Symbol U805 Pin 8 [M2, Input, Line]
[pin_to_pin]: Pins of type Unspecified and Input are connected
    ; warning
    @(321.31 mm, 207.01 mm): Symbol U101 Pin 37 [GPIO25, Unspecified, Line]
    @(298.45 mm, 77.47 mm): Symbol U805 Pin 7 [M1, Input, Line]
[pin_to_pin]: Pins of type Unspecified and Unspecified are connected
    ; warning
    @(321.31 mm, 213.36 mm): Symbol U101 Pin 2 [GPIO0, Unspecified, Line]
    @(186.69 mm, 59.69 mm): Symbol U601 Pin 3 [3, Unspecified, Line]
[pin_to_pin]: Pins of type Unspecified and Unspecified are connected
    ; warning
    @(321.31 mm, 215.90 mm): Symbol U101 Pin 3 [GPIO1, Unspecified, Line]
    @(184.15 mm, 59.69 mm): Symbol U601 Pin 4 [4, Unspecified, Line]
[pin_to_pin]: Pins of type Unspecified and Passive are connected
    ; warning
    @(321.31 mm, 222.25 mm): Symbol U101 Pin 28 [GPIO17, Unspecified, Line]
    @(411.48 mm, 133.35 mm): Symbol R104 Pin 2 [Passive, Line]
[pin_to_pin]: Pins of type Unspecified and Passive are connected
    ; warning
    @(321.31 mm, 226.06 mm): Symbol U101 Pin 4 [GPIO2, Unspecified, Line]
    @(161.29 mm, 146.05 mm): Symbol J634 Pin 1 [Pin_1, Passive, Line]
[pin_to_pin]: Pins of type Unspecified and Passive are connected
    ; warning
    @(321.31 mm, 228.60 mm): Symbol U101 Pin 5 [GPIO3, Unspecified, Line]
    @(167.64 mm, 146.05 mm): Symbol J635 Pin 1 [Pin_1, Passive, Line]
[pin_to_pin]: Pins of type Unspecified and Passive are connected
    ; warning
    @(321.31 mm, 232.41 mm): Symbol U101 Pin 8 [GPIO5, Unspecified, Line]
    @(370.84 mm, 226.06 mm): Symbol R114 Pin 2 [Passive, Line]
[pin_to_pin]: Pins of type Unspecified and Passive are connected
    ; warning
    @(321.31 mm, 234.95 mm): Symbol U101 Pin 7 [GPIO4, Unspecified, Line]
    @(370.84 mm, 241.30 mm): Symbol R115 Pin 2 [Passive, Line]
[pin_to_pin]: Pins of type Unspecified and Bidirectional are connected
    ; warning
    @(321.31 mm, 238.76 mm): Symbol U101 Pin 9 [GPIO6, Unspecified, Line]
    @(199.39 mm, 223.52 mm): Symbol U701 Pin 27 [U0RXD, Bidirectional, Line]
[pin_to_pin]: Pins of type Unspecified and Bidirectional are connected
    ; warning
    @(321.31 mm, 241.30 mm): Symbol U101 Pin 10 [GPIO7, Unspecified, Line]
    @(199.39 mm, 220.98 mm): Symbol U701 Pin 28 [U0TXD, Bidirectional, Line]
[pin_to_pin]: Pins of type Unspecified and Passive are connected
    ; warning
    @(321.31 mm, 247.65 mm): Symbol U101 Pin 40 [GPIO26_ADC0, Unspecified, Line]
    @(439.42 mm, 243.84 mm): Symbol R112 Pin 1 [Passive, Line]
[pin_to_pin]: Pins of type Unspecified and Unspecified are connected
    ; warning
    @(321.31 mm, 250.19 mm): Symbol U101 Pin 41 [GPIO27_ADC1, Unspecified, Line]
    @(60.96 mm, 40.64 mm): Symbol U202 Pin 5 [EN, Unspecified, Line]
[pin_to_pin]: Pins of type Unspecified and Passive are connected
    ; warning
    @(321.31 mm, 252.73 mm): Symbol U101 Pin 42 [GPIO28_ADC2, Unspecified, Line]
    @(161.29 mm, 189.23 mm): Symbol C106 Pin 1 [Passive, Line]
[pin_to_pin]: Pins of type Unspecified and Passive are connected
    ; warning
    @(321.31 mm, 255.27 mm): Symbol U101 Pin 43 [GPIO29_ADC3, Unspecified, Line]
    @(110.49 mm, 187.96 mm): Symbol C109 Pin 2 [Passive, Line]
[pin_to_pin]: Pins of type Unspecified and Passive are connected
    ; warning
    @(321.31 mm, 264.16 mm): Symbol U101 Pin 18 [GPIO14, Unspecified, Line]
    @(93.98 mm, 167.64 mm): Symbol R402 Pin 1 [Passive, Line]
[pin_to_pin]: Pins of type Unspecified and Unspecified are connected
    ; warning
    @(321.31 mm, 266.70 mm): Symbol U101 Pin 19 [GPIO15, Unspecified, Line]
    @(158.75 mm, 167.64 mm): Symbol U402 Pin 6 [S, Unspecified, Line]
[pin_to_pin]: Pins of type Unspecified and Unspecified are connected
    ; warning
    @(321.31 mm, 269.24 mm): Symbol U101 Pin 27 [GPIO16, Unspecified, Line]
    @(220.98 mm, 105.41 mm): Symbol U403 Pin 1 [OUT, Unspecified, Line]
[pin_to_pin]: Pins of type Unspecified and Passive are connected
    ; warning
    @(415.29 mm, 130.81 mm): Symbol Q101 Pin 1 [G, Unspecified, Line]
    @(411.48 mm, 133.35 mm): Symbol R104 Pin 2 [Passive, Line]
[pin_to_pin]: Pins of type Unspecified and Unspecified are connected
    ; warning
    @(421.64 mm, 190.50 mm): Symbol Q102 Pin 1 [G, Unspecified, Line]
    @(321.31 mm, 219.71 mm): Symbol U101 Pin 12 [GPIO8, Unspecified, Line]
[pin_to_pin]: Pins of type Unspecified and Passive are connected
    ; warning
    @(422.91 mm, 125.73 mm): Symbol Q101 Pin 3 [D, Unspecified, Line]
    @(88.90 mm, 107.95 mm): Symbol J610 Pin 1 [Pin_1, Passive, Line]
[pin_to_pin]: Pins of type Unspecified and Power input are connected
    ; warning
    @(422.91 mm, 138.43 mm): Symbol Q101 Pin 2 [S, Unspecified, Line]
    @(422.91 mm, 142.24 mm): Symbol #PWR148 Pin 1 [Power input, Line]
[pin_to_pin]: Pins of type Unspecified and Passive are connected
    ; warning
    @(429.26 mm, 185.42 mm): Symbol Q102 Pin 3 [D, Unspecified, Line]
    @(429.26 mm, 181.61 mm): Symbol R111 Pin 2 [Passive, Line]
[pin_to_pin]: Pins of type Unspecified and Power input are connected
    ; warning
    @(429.26 mm, 198.12 mm): Symbol Q102 Pin 2 [S, Unspecified, Line]
    @(429.26 mm, 198.12 mm): Symbol #PWR131 Pin 1 [Power input, Line]

***** Sheet /power/
[power_pin_not_driven]: Input Power pin not driven by any Output Power pins
    ; error
    @(91.44 mm, 161.29 mm): Symbol #PWR205 Pin 1 [Power input, Line]
[power_pin_not_driven]: Input Power pin not driven by any Output Power pins
    ; error
    @(140.97 mm, 38.10 mm): Symbol #PWR211 Pin 1 [Power input, Line]
[power_pin_not_driven]: Input Power pin not driven by any Output Power pins
    ; error
    @(227.33 mm, 62.23 mm): Symbol #PWR217 Pin 1 [Power input, Line]
[pin_to_pin]: Pins of type Open collector and Power output are connected
    ; error
    @(228.60 mm, 124.46 mm): Symbol U204 Pin 5 [PG, Open collector, Line]
    @(287.02 mm, 95.25 mm): Symbol U805 Pin 11 [Hole, Power output, Line]
[pin_to_pin]: Pins of type Unspecified and Power input are connected
    ; warning
    @(60.96 mm, 38.10 mm): Symbol U202 Pin 3 [VIN, Unspecified, Line]
    @(41.91 mm, 38.10 mm): Symbol #PWR202 Pin 1 [Power input, Line]
[pin_to_pin]: Pins of type Unspecified and Passive are connected
    ; warning
    @(60.96 mm, 43.18 mm): Symbol U202 Pin 1 [GND, Unspecified, Line]
    @(41.91 mm, 54.61 mm): Symbol C201 Pin 2 [Passive, Line]
[pin_to_pin]: Pins of type Unspecified and Unspecified are connected
    ; warning
    @(60.96 mm, 80.01 mm): Symbol U203 Pin 3 [VIN, Unspecified, Line]
    @(60.96 mm, 82.55 mm): Symbol U203 Pin 5 [EN, Unspecified, Line]
[pin_to_pin]: Pins of type Unspecified and Power input are connected
    ; warning
    @(60.96 mm, 82.55 mm): Symbol U203 Pin 5 [EN, Unspecified, Line]
    @(41.91 mm, 80.01 mm): Symbol #PWR203 Pin 1 [Power input, Line]
[pin_to_pin]: Pins of type Unspecified and Passive are connected
    ; warning
    @(60.96 mm, 85.09 mm): Symbol U203 Pin 1 [GND, Unspecified, Line]
    @(41.91 mm, 96.52 mm): Symbol C202 Pin 2 [Passive, Line]
[pin_to_pin]: Pins of type Unspecified and Passive are connected
    ; warning
    @(78.74 mm, 38.10 mm): Symbol U202 Pin 2 [SW, Unspecified, Line]
    @(88.90 mm, 38.10 mm): Symbol C203 Pin 1 [Passive, Line]
[pin_to_pin]: Pins of type Unspecified and Passive are connected
    ; warning
    @(78.74 mm, 40.64 mm): Symbol U202 Pin 4 [FB, Unspecified, Line]
    @(116.84 mm, 50.80 mm): Symbol R201 Pin 1 [Passive, Line]
[pin_to_pin]: Pins of type Unspecified and Passive are connected
    ; warning
    @(78.74 mm, 43.18 mm): Symbol U202 Pin 6 [CB, Unspecified, Line]
    @(88.90 mm, 45.72 mm): Symbol C203 Pin 2 [Passive, Line]
[pin_to_pin]: Pins of type Unspecified and Passive are connected
    ; warning
    @(78.74 mm, 80.01 mm): Symbol U203 Pin 2 [SW, Unspecified, Line]
    @(88.90 mm, 80.01 mm): Symbol C204 Pin 1 [Passive, Line]
[pin_to_pin]: Pins of type Unspecified and Passive are connected
    ; warning
    @(78.74 mm, 82.55 mm): Symbol U203 Pin 4 [FB, Unspecified, Line]
    @(116.84 mm, 92.71 mm): Symbol R203 Pin 1 [Passive, Line]
[pin_to_pin]: Pins of type Unspecified and Passive are connected
    ; warning
    @(78.74 mm, 85.09 mm): Symbol U203 Pin 6 [CB, Unspecified, Line]
    @(88.90 mm, 87.63 mm): Symbol C204 Pin 2 [Passive, Line]
[multiple_net_names]: Both +5V and +5V_BUCK are attached to the same items; +5V will be used in the netlist
    ; warning
    @(77.47 mm, 142.24 mm): Symbol #PWR201 Pin 1 [Power input, Line]
    @(83.82 mm, 135.89 mm): Symbol #PWR204 Pin 1 [Power input, Line]
[pin_to_pin]: Pins of type Unspecified and Passive are connected
    ; warning
    @(97.79 mm, 38.10 mm): Symbol L201 Pin 1 [1, Unspecified, Line]
    @(88.90 mm, 38.10 mm): Symbol C203 Pin 1 [Passive, Line]
[pin_to_pin]: Pins of type Unspecified and Passive are connected
    ; warning
    @(97.79 mm, 80.01 mm): Symbol L202 Pin 1 [1, Unspecified, Line]
    @(88.90 mm, 80.01 mm): Symbol C204 Pin 1 [Passive, Line]
[pin_to_pin]: Pins of type Unspecified and Passive are connected
    ; warning
    @(107.95 mm, 38.10 mm): Symbol L201 Pin 2 [2, Unspecified, Line]
    @(116.84 mm, 43.18 mm): Symbol R201 Pin 2 [Passive, Line]
[pin_to_pin]: Pins of type Unspecified and Passive are connected
    ; warning
    @(107.95 mm, 80.01 mm): Symbol L202 Pin 2 [2, Unspecified, Line]
    @(116.84 mm, 85.09 mm): Symbol R203 Pin 2 [Passive, Line]
[pin_to_pin]: Pins of type Unspecified and Power input are connected
    ; warning
    @(196.85 mm, 59.69 mm): Symbol U201 Pin 6 [IN, Unspecified, Line]
    @(180.34 mm, 59.69 mm): Symbol #PWR210 Pin 1 [Power input, Line]
[pin_to_pin]: Pins of type Unspecified and Unspecified are connected
    ; warning
    @(196.85 mm, 62.23 mm): Symbol U201 Pin 4 [EN, Unspecified, Line]
    @(196.85 mm, 59.69 mm): Symbol U201 Pin 6 [IN, Unspecified, Line]
[pin_to_pin]: Pins of type Unspecified and Unspecified are connected
    ; warning
    @(204.47 mm, 71.12 mm): Symbol U201 Pin 5 [GND, Unspecified, Line]
    @(207.01 mm, 71.12 mm): Symbol U201 Pin 7 [EP, Unspecified, Line]
[pin_to_pin]: Pins of type Unspecified and Power input are connected
    ; warning
    @(207.01 mm, 71.12 mm): Symbol U201 Pin 7 [EP, Unspecified, Line]
    @(212.09 mm, 72.39 mm): Symbol #PWR214 Pin 1 [Power input, Line]
[pin_to_pin]: Pins of type Unspecified and Power input are connected
    ; warning
    @(214.63 mm, 59.69 mm): Symbol U201 Pin 1 [OUT, Unspecified, Line]
    @(227.33 mm, 62.23 mm): Symbol #PWR217 Pin 1 [Power input, Line]
[pin_to_pin]: Pins of type Unspecified and Passive are connected
    ; warning
    @(214.63 mm, 64.77 mm): Symbol U201 Pin 3 [PG, Unspecified, Line]
    @(256.54 mm, 57.15 mm): Symbol R206 Pin 2 [Passive, Line]

***** Sheet /imu/
[pin_to_pin]: Pins of type Unspecified and Unspecified are connected
    ; warning
    @(49.53 mm, 78.74 mm): Symbol U301 Pin 2 [SDx/AH1/Qvar1, Unspecified, Line]
    @(49.53 mm, 81.28 mm): Symbol U301 Pin 3 [SCx/AH2/Qvar2, Unspecified, Line]
[pin_to_pin]: Pins of type Unspecified and Power input are connected
    ; warning
    @(49.53 mm, 81.28 mm): Symbol U301 Pin 3 [SCx/AH2/Qvar2, Unspecified, Line]
    @(45.72 mm, 92.71 mm): Symbol #PWR301 Pin 1 [Power input, Line]
[pin_to_pin]: Pins of type Unspecified and Power input are connected
    ; warning
    @(71.12 mm, 57.15 mm): Symbol U301 Pin 8 [Vdd, Unspecified, Line]
    @(62.23 mm, 43.18 mm): Symbol #PWR303 Pin 1 [Power input, Line]
[pin_to_pin]: Pins of type Unspecified and Unspecified are connected
    ; warning
    @(71.12 mm, 90.17 mm): Symbol U301 Pin 6 [GND, Unspecified, Line]
    @(73.66 mm, 90.17 mm): Symbol U301 Pin 7 [GND, Unspecified, Line]
[pin_to_pin]: Pins of type Unspecified and Power input are connected
    ; warning
    @(73.66 mm, 57.15 mm): Symbol U301 Pin 5 [Vdd_IO, Unspecified, Line]
    @(83.82 mm, 43.18 mm): Symbol #PWR305 Pin 1 [Power input, Line]
[pin_to_pin]: Pins of type Unspecified and Power input are connected
    ; warning
    @(73.66 mm, 90.17 mm): Symbol U301 Pin 7 [GND, Unspecified, Line]
    @(72.39 mm, 92.71 mm): Symbol #PWR304 Pin 1 [Power input, Line]
[pin_to_pin]: Pins of type Unspecified and Passive are connected
    ; warning
    @(93.98 mm, 72.39 mm): Symbol U301 Pin 12 [CS, Unspecified, Line]
    @(104.14 mm, 78.74 mm): Symbol R301 Pin 1 [Passive, Line]

***** Sheet /osd/
[pin_to_pin]: Pins of type Unspecified and Passive are connected
    ; warning
    @(140.97 mm, 162.56 mm): Symbol U402 Pin 3 [B1, Unspecified, Line]
    @(125.73 mm, 109.22 mm): Symbol R405 Pin 2 [Passive, Line]
[pin_to_pin]: Pins of type Unspecified and Passive are connected
    ; warning
    @(140.97 mm, 167.64 mm): Symbol U402 Pin 1 [B2, Unspecified, Line]
    @(109.22 mm, 165.10 mm): Symbol R403 Pin 1 [Passive, Line]
[pin_to_pin]: Pins of type Unspecified and Power input are connected
    ; warning
    @(149.86 mm, 157.48 mm): Symbol U402 Pin 5 [VCC, Unspecified, Line]
    @(149.86 mm, 138.43 mm): Symbol #PWR407 Pin 1 [Power input, Line]
[pin_to_pin]: Pins of type Unspecified and Power input are connected
    ; warning
    @(149.86 mm, 172.72 mm): Symbol U402 Pin 2 [GND, Unspecified, Line]
    @(149.86 mm, 173.99 mm): Symbol #PWR408 Pin 1 [Power input, Line]
[pin_to_pin]: Pins of type Unspecified and Passive are connected
    ; warning
    @(168.91 mm, 109.22 mm): Symbol D401 Pin 1 [C, Unspecified, Line]
    @(163.83 mm, 109.22 mm): Symbol C403 Pin 2 [Passive, Line]
[pin_to_pin]: Pins of type Unspecified and Power input are connected
    ; warning
    @(168.91 mm, 119.38 mm): Symbol D401 Pin 2 [A, Unspecified, Line]
    @(168.91 mm, 119.38 mm): Symbol #PWR409 Pin 1 [Power input, Line]
[pin_to_pin]: Pins of type Unspecified and Unspecified are connected
    ; warning
    @(181.61 mm, 162.56 mm): Symbol U401 Pin 3 [IN+, Unspecified, Line]
    @(158.75 mm, 162.56 mm): Symbol U402 Pin 4 [A, Unspecified, Line]
[pin_to_pin]: Pins of type Unspecified and Passive are connected
    ; warning
    @(181.61 mm, 167.64 mm): Symbol U401 Pin 4 [IN-, Unspecified, Line]
    @(177.80 mm, 184.15 mm): Symbol R406 Pin 1 [Passive, Line]
[pin_to_pin]: Pins of type Unspecified and Power input are connected
    ; warning
    @(200.66 mm, 104.14 mm): Symbol U403 Pin 3 [IN-, Unspecified, Line]
    @(200.66 mm, 104.14 mm): Symbol #PWR415 Pin 1 [Power input, Line]
[pin_to_pin]: Pins of type Unspecified and Passive are connected
    ; warning
    @(200.66 mm, 111.76 mm): Symbol U403 Pin 4 [IN+, Unspecified, Line]
    @(163.83 mm, 109.22 mm): Symbol C403 Pin 2 [Passive, Line]
[pin_to_pin]: Pins of type Unspecified and Power input are connected
    ; warning
    @(210.82 mm, 97.79 mm): Symbol U403 Pin 2 [VCC, Unspecified, Line]
    @(210.82 mm, 85.09 mm): Symbol #PWR416 Pin 1 [Power input, Line]
[pin_to_pin]: Pins of type Unspecified and Power input are connected
    ; warning
    @(210.82 mm, 118.11 mm): Symbol U403 Pin 5 [VEE, Unspecified, Line]
    @(210.82 mm, 118.11 mm): Symbol #PWR417 Pin 1 [Power input, Line]

***** Sheet /blackbox/
[pin_to_pin]: Pins of type Unspecified and Unspecified are connected
    ; warning
    @(58.42 mm, 69.85 mm): Symbol Card502 Pin 3 [CMD, Unspecified, Line]
    @(321.31 mm, 185.42 mm): Symbol U101 Pin 31 [GPIO19, Unspecified, Line]
[pin_to_pin]: Pins of type Unspecified and Unspecified are connected
    ; warning
    @(58.42 mm, 72.39 mm): Symbol Card502 Pin 5 [CLX, Unspecified, Line]
    @(321.31 mm, 182.88 mm): Symbol U101 Pin 29 [GPIO18, Unspecified, Line]
[pin_to_pin]: Pins of type Unspecified and Power input are connected
    ; warning
    @(68.58 mm, 78.74 mm): Symbol Card502 Pin 10 [10, Unspecified, Line]
    @(72.39 mm, 78.74 mm): Symbol #PWR502 Pin 1 [Power input, Line]
[pin_to_pin]: Pins of type Unspecified and Power input are connected
    ; warning
    @(72.39 mm, 59.69 mm): Symbol Card502 Pin 4 [VDD, Unspecified, Line]
    @(72.39 mm, 50.80 mm): Symbol #PWR503 Pin 1 [Power input, Line]
[pin_to_pin]: Pins of type Unspecified and Power input are connected
    ; warning
    @(72.39 mm, 78.74 mm): Symbol Card502 Pin 6 [VSS, Unspecified, Line]
    @(72.39 mm, 78.74 mm): Symbol #PWR502 Pin 1 [Power input, Line]
[pin_to_pin]: Pins of type Unspecified and Power input are connected
    ; warning
    @(76.20 mm, 78.74 mm): Symbol Card502 Pin 9 [9, Unspecified, Line]
    @(72.39 mm, 78.74 mm): Symbol #PWR502 Pin 1 [Power input, Line]
[pin_to_pin]: Pins of type Unspecified and Passive are connected
    ; warning
    @(86.36 mm, 64.77 mm): Symbol Card502 Pin 2 [CD/DAT3, Unspecified, Line]
    @(92.71 mm, 64.77 mm): Symbol R501 Pin 2 [Passive, Line]
[pin_to_pin]: Pins of type Unspecified and Unspecified are connected
    ; warning
    @(86.36 mm, 72.39 mm): Symbol Card502 Pin 7 [DAT0, Unspecified, Line]
    @(321.31 mm, 187.96 mm): Symbol U101 Pin 32 [GPIO20, Unspecified, Line]

***** Sheet /pads/
[multiple_net_names]: Both U1RX and UART1_RX are attached to the same items; U1RX will be used in the netlist
    ; warning
    @(172.72 mm, 44.45 mm): Label 'U1RX'
    @(55.88 mm, 119.38 mm): Hierarchical Label 'UART1_RX'
[pin_to_pin]: Pins of type Unspecified and Power input are connected
    ; warning
    @(118.11 mm, 24.13 mm): Symbol P601 Pin 9 [9, Unspecified, Line]
    @(118.11 mm, 24.13 mm): Symbol #PWR605 Pin 1 [Power input, Line]
[pin_to_pin]: Pins of type Unspecified and Passive are connected
    ; warning
    @(123.19 mm, 34.29 mm): Symbol P601 Pin 8 [8, Unspecified, Line]
    @(149.86 mm, 66.04 mm): Symbol J632 Pin 1 [Pin_1, Passive, Line]
[pin_to_pin]: Pins of type Unspecified and Passive are connected
    ; warning
    @(125.73 mm, 34.29 mm): Symbol P601 Pin 7 [7, Unspecified, Line]
    @(144.78 mm, 66.04 mm): Symbol J629 Pin 1 [Pin_1, Passive, Line]
[pin_to_pin]: Pins of type Unspecified and Passive are connected
    ; warning
    @(128.27 mm, 34.29 mm): Symbol P601 Pin 6 [6, Unspecified, Line]
    @(139.70 mm, 66.04 mm): Symbol J627 Pin 1 [Pin_1, Passive, Line]
[pin_to_pin]: Pins of type Unspecified and Passive are connected
    ; warning
    @(130.81 mm, 34.29 mm): Symbol P601 Pin 5 [5, Unspecified, Line]
    @(134.62 mm, 66.04 mm): Symbol J625 Pin 1 [Pin_1, Passive, Line]
[pin_to_pin]: Pins of type Unspecified and Passive are connected
    ; warning
    @(133.35 mm, 34.29 mm): Symbol P601 Pin 4 [4, Unspecified, Line]
    @(167.64 mm, 146.05 mm): Symbol J635 Pin 1 [Pin_1, Passive, Line]
[pin_to_pin]: Pins of type Unspecified and Passive are connected
    ; warning
    @(135.89 mm, 34.29 mm): Symbol P601 Pin 3 [3, Unspecified, Line]
    @(129.54 mm, 66.04 mm): Symbol J623 Pin 1 [Pin_1, Passive, Line]
[pin_to_pin]: Pins of type Unspecified and Power input are connected
    ; warning
    @(138.43 mm, 34.29 mm): Symbol P601 Pin 2 [2, Unspecified, Line]
    @(138.43 mm, 34.29 mm): Symbol #PWR610 Pin 1 [Power input, Line]
[pin_to_pin]: Pins of type Unspecified and Power input are connected
    ; warning
    @(140.97 mm, 34.29 mm): Symbol P601 Pin 1 [1, Unspecified, Line]
    @(140.97 mm, 34.29 mm): Symbol #PWR611 Pin 1 [Power input, Line]
[pin_to_pin]: Pins of type Unspecified and Power input are connected
    ; warning
    @(146.05 mm, 24.13 mm): Symbol P601 Pin 10 [10, Unspecified, Line]
    @(146.05 mm, 24.13 mm): Symbol #PWR613 Pin 1 [Power input, Line]
[multiple_net_names]: Both PU0RX and PIOUART0_RX are attached to the same items; PU0RX will be used in the netlist
    ; warning
    @(133.35 mm, 45.72 mm): Label 'PU0RX'
    @(167.64 mm, 138.43 mm): Hierarchical Label 'PIOUART0_RX'
[pin_to_pin]: Pins of type Unspecified and Power input are connected
    ; warning
    @(173.99 mm, 69.85 mm): Symbol U601 Pin 7 [7, Unspecified, Line]
    @(173.99 mm, 69.85 mm): Symbol #PWR615 Pin 1 [Power input, Line]
[pin_to_pin]: Pins of type Unspecified and Passive are connected
    ; warning
    @(179.07 mm, 59.69 mm): Symbol U601 Pin 6 [6, Unspecified, Line]
    @(172.72 mm, 27.94 mm): Symbol J645 Pin 1 [Pin_1, Passive, Line]
[pin_to_pin]: Pins of type Unspecified and Power input are connected
    ; warning
    @(181.61 mm, 59.69 mm): Symbol U601 Pin 5 [5, Unspecified, Line]
    @(181.61 mm, 57.15 mm): Symbol #PWR618 Pin 1 [Power input, Line]
[pin_to_pin]: Pins of type Unspecified and Passive are connected
    ; warning
    @(184.15 mm, 59.69 mm): Symbol U601 Pin 4 [4, Unspecified, Line]
    @(182.88 mm, 27.94 mm): Symbol J640 Pin 1 [Pin_1, Passive, Line]
[pin_to_pin]: Pins of type Unspecified and Passive are connected
    ; warning
    @(186.69 mm, 59.69 mm): Symbol U601 Pin 3 [3, Unspecified, Line]
    @(187.96 mm, 27.94 mm): Symbol J639 Pin 1 [Pin_1, Passive, Line]
[pin_to_pin]: Pins of type Unspecified and Power input are connected
    ; warning
    @(189.23 mm, 59.69 mm): Symbol U601 Pin 2 [2, Unspecified, Line]
    @(189.23 mm, 57.15 mm): Symbol #PWR622 Pin 1 [Power input, Line]
[pin_to_pin]: Pins of type Unspecified and Power input are connected
    ; warning
    @(191.77 mm, 59.69 mm): Symbol U601 Pin 1 [1, Unspecified, Line]
    @(191.77 mm, 57.15 mm): Symbol #PWR623 Pin 1 [Power input, Line]
[pin_to_pin]: Pins of type Unspecified and Power input are connected
    ; warning
    @(196.85 mm, 69.85 mm): Symbol U601 Pin 8 [8, Unspecified, Line]
    @(196.85 mm, 69.85 mm): Symbol #PWR624 Pin 1 [Power input, Line]
[multiple_net_names]: Both PU1RX and PIOUART1_RX are attached to the same items; PU1RX will be used in the netlist
    ; warning
    @(200.66 mm, 144.78 mm): Label 'PU1RX'
    @(200.66 mm, 135.89 mm): Hierarchical Label 'PIOUART1_RX'

***** Sheet /rx/
[power_pin_not_driven]: Input Power pin not driven by any Output Power pins
    ; error
    @(212.09 mm, 195.58 mm): Symbol U701 Pin 2 [VDD3P3, Power input, Line]
[pin_to_pin]: Pins of type Unspecified and Unspecified are connected
    ; warning
    @(58.42 mm, 116.84 mm): Symbol OSC701 Pin 1 [GND, Unspecified, Line]
    @(58.42 mm, 119.38 mm): Symbol OSC701 Pin 2 [GND, Unspecified, Line]
[pin_to_pin]: Pins of type Unspecified and Power input are connected
    ; warning
    @(58.42 mm, 119.38 mm): Symbol OSC701 Pin 2 [GND, Unspecified, Line]
    @(54.61 mm, 119.38 mm): Symbol #PWR707 Pin 1 [Power input, Line]
[pin_to_pin]: Pins of type Unspecified and Power input are connected
    ; warning
    @(83.82 mm, 116.84 mm): Symbol OSC701 Pin 4 [VDD, Unspecified, Line]
    @(83.82 mm, 104.14 mm): Symbol #PWR722 Pin 1 [Power input, Line]
[pin_to_pin]: Pins of type Unspecified and Passive are connected
    ; warning
    @(83.82 mm, 119.38 mm): Symbol OSC701 Pin 3 [Out_Put, Unspecified, Line]
    @(91.44 mm, 119.38 mm): Symbol C718 Pin 1 [Passive, Line]
[pin_to_pin]: Pins of type Unspecified and Passive are connected
    ; warning
    @(97.79 mm, 195.58 mm): Symbol D701 Pin 4 [DIN, Unspecified, Line]
    @(184.15 mm, 205.74 mm): Symbol R702 Pin 2 [Passive, Line]
[pin_to_pin]: Pins of type Unspecified and Power input are connected
    ; warning
    @(104.14 mm, 182.88 mm): Symbol D701 Pin 2 [VDD, Unspecified, Line]
    @(104.14 mm, 182.88 mm): Symbol #PWR771 Pin 1 [Power input, Line]
[pin_to_pin]: Pins of type Unspecified and Unspecified are connected
    ; warning
    @(107.95 mm, 71.12 mm): Symbol U706 Pin 2 [VDD_IN, Unspecified, Line]
    @(107.95 mm, 81.28 mm): Symbol U706 Pin 12 [DCC_FB, Unspecified, Line]
[pin_to_pin]: Pins of type Unspecified and Passive are connected
    ; warning
    @(107.95 mm, 81.28 mm): Symbol U706 Pin 12 [DCC_FB, Unspecified, Line]
    @(96.52 mm, 87.63 mm): Symbol L706 Pin 1 [1, Passive, Line]
[pin_to_pin]: Pins of type Unspecified and Passive are connected
    ; warning
    @(107.95 mm, 83.82 mm): Symbol U706 Pin 14 [DCC_SW, Unspecified, Line]
    @(104.14 mm, 87.63 mm): Symbol L706 Pin 2 [2, Passive, Line]
[pin_to_pin]: Pins of type Unspecified and Passive are connected
    ; warning
    @(107.95 mm, 119.38 mm): Symbol U706 Pin 4 [XTA, Unspecified, Line]
    @(99.06 mm, 119.38 mm): Symbol C718 Pin 2 [Passive, Line]
[pin_to_pin]: Pins of type Unspecified and Power input are connected
    ; warning
    @(113.03 mm, 200.66 mm): Symbol D701 Pin 3 [GND, Unspecified, Line]
    @(113.03 mm, 200.66 mm): Symbol #PWR768 Pin 1 [Power input, Line]
[pin_to_pin]: Pins of type Unspecified and Unspecified are connected
    ; warning
    @(121.92 mm, 66.04 mm): Symbol U706 Pin 11 [VBAT_IO, Unspecified, Line]
    @(124.46 mm, 66.04 mm): Symbol U706 Pin 15 [VBAT, Unspecified, Line]
[pin_to_pin]: Pins of type Unspecified and Power input are connected
    ; warning
    @(124.46 mm, 66.04 mm): Symbol U706 Pin 15 [VBAT, Unspecified, Line]
    @(109.22 mm, 52.07 mm): Symbol #PWR710 Pin 1 [Power input, Line]
[pin_to_pin]: Pins of type Unspecified and Power input are connected
    ; warning
    @(124.46 mm, 133.35 mm): Symbol U706 Pin 25 [EP, Unspecified, Line]
    @(125.73 mm, 133.35 mm): Symbol #PWR744 Pin 1 [Power input, Line]
[pin_to_pin]: Pins of type Unspecified and Power input are connected
    ; warning
    @(127.00 mm, 133.35 mm): Symbol U706 Pin 13 [GND, Unspecified, Line]
    @(125.73 mm, 133.35 mm): Symbol #PWR744 Pin 1 [Power input, Line]
[pin_to_pin]: Pins of type Unspecified and Passive are connected
    ; warning
    @(143.51 mm, 71.12 mm): Symbol U706 Pin 1 [VR_PA, Unspecified, Line]
    @(153.67 mm, 71.12 mm): Symbol C726 Pin 1 [Passive, Line]
[pin_to_pin]: Pins of type Unspecified and Bidirectional are connected
    ; warning
    @(143.51 mm, 81.28 mm): Symbol U706 Pin 8 [DIO1, Unspecified, Line]
    @(199.39 mm, 231.14 mm): Symbol U701 Pin 5 [XTAL_32K_N, Bidirectional, Line]
[pin_to_pin]: Pins of type Unspecified and Bidirectional are connected
    ; warning
    @(143.51 mm, 83.82 mm): Symbol U706 Pin 19 [NSS_CTS, Unspecified, Line]
    @(245.11 mm, 218.44 mm): Symbol U701 Pin 13 [MTDO, Bidirectional, Line]
[pin_to_pin]: Pins of type Unspecified and Bidirectional are connected
    ; warning
    @(143.51 mm, 86.36 mm): Symbol U706 Pin 18 [SCK_RTSN, Unspecified, Line]
    @(245.11 mm, 215.90 mm): Symbol U701 Pin 12 [MTCK, Bidirectional, Line]
[pin_to_pin]: Pins of type Unspecified and Bidirectional are connected
    ; warning
    @(143.51 mm, 88.90 mm): Symbol U706 Pin 17 [MOSI_RX, Unspecified, Line]
    @(245.11 mm, 210.82 mm): Symbol U701 Pin 9 [MTMS, Bidirectional, Line]
[pin_to_pin]: Pins of type Unspecified and Bidirectional are connected
    ; warning
    @(143.51 mm, 91.44 mm): Symbol U706 Pin 16 [MISO_TX, Unspecified, Line]
    @(245.11 mm, 213.36 mm): Symbol U701 Pin 10 [MTDI, Bidirectional, Line]
[pin_to_pin]: Pins of type Unspecified and Bidirectional are connected
    ; warning
    @(143.51 mm, 93.98 mm): Symbol U706 Pin 7 [BUSY, Unspecified, Line]
    @(199.39 mm, 203.20 mm): Symbol U701 Pin 8 [GPIO3, Bidirectional, Line]
[pin_to_pin]: Pins of type Unspecified and Passive are connected
    ; warning
    @(143.51 mm, 96.52 mm): Symbol U706 Pin 3 [NRESET, Unspecified, Line]
    @(184.15 mm, 200.66 mm): Symbol R701 Pin 2 [Passive, Line]
[pin_to_pin]: Pins of type Unspecified and Power input are connected
    ; warning
    @(143.51 mm, 111.76 mm): Symbol U706 Pin 24 [GND, Unspecified, Line]
    @(158.75 mm, 104.14 mm): Symbol #PWR753 Pin 1 [Power input, Line]
[pin_to_pin]: Pins of type Unspecified and Unspecified are connected
    ; warning
    @(143.51 mm, 114.30 mm): Symbol U706 Pin 23 [GND, Unspecified, Line]
    @(143.51 mm, 111.76 mm): Symbol U706 Pin 24 [GND, Unspecified, Line]
[pin_to_pin]: Pins of type Unspecified and Unspecified are connected
    ; warning
    @(143.51 mm, 119.38 mm): Symbol U706 Pin 21 [GND, Unspecified, Line]
    @(143.51 mm, 114.30 mm): Symbol U706 Pin 23 [GND, Unspecified, Line]
[pin_to_pin]: Pins of type Unspecified and Unspecified are connected
    ; warning
    @(143.51 mm, 121.92 mm): Symbol U706 Pin 20 [GND, Unspecified, Line]
    @(143.51 mm, 119.38 mm): Symbol U706 Pin 21 [GND, Unspecified, Line]
[pin_to_pin]: Pins of type Unspecified and Unspecified are connected
    ; warning
    @(147.32 mm, 116.84 mm): Symbol FL701 Pin 1 [IN, Unspecified, Line]
    @(143.51 mm, 116.84 mm): Symbol U706 Pin 22 [RFIO, Unspecified, Line]
[pin_to_pin]: Pins of type Unspecified and Power input are connected
    ; warning
    @(158.75 mm, 105.41 mm): Symbol FL701 Pin 4 [GND, Unspecified, Line]
    @(158.75 mm, 104.14 mm): Symbol #PWR753 Pin 1 [Power input, Line]
[pin_to_pin]: Pins of type Unspecified and Power input are connected
    ; warning
    @(158.75 mm, 128.27 mm): Symbol FL701 Pin 2 [GND, Unspecified, Line]
    @(158.75 mm, 128.27 mm): Symbol #PWR754 Pin 1 [Power input, Line]
[pin_to_pin]: Pins of type Unspecified and Unspecified are connected
    ; warning
    @(170.18 mm, 116.84 mm): Symbol FL701 Pin 3 [OUT, Unspecified, Line]
    @(177.80 mm, 115.57 mm): Symbol JP701 Pin 1 [SIG, Unspecified, Line]
[pin_to_pin]: Pins of type Unspecified and Unspecified are connected
    ; warning
    @(185.42 mm, 102.87 mm): Symbol JP701 Pin 2 [GND, Unspecified, Line]
    @(185.42 mm, 128.27 mm): Symbol JP701 Pin 3 [GND, Unspecified, Line]
[pin_to_pin]: Pins of type Unspecified and Power input are connected
    ; warning
    @(185.42 mm, 128.27 mm): Symbol JP701 Pin 3 [GND, Unspecified, Line]
    @(158.75 mm, 128.27 mm): Symbol #PWR754 Pin 1 [Power input, Line]
[pin_to_pin]: Pins of type Bidirectional and Power output are connected
    ; warning
    @(199.39 mm, 210.82 mm): Symbol U701 Pin 16 [GPIO10, Bidirectional, Line]
    @(287.02 mm, 95.25 mm): Symbol U805 Pin 11 [Hole, Power output, Line]
[pin_to_pin]: Pins of type Unspecified and Passive are connected
    ; warning
    @(279.40 mm, 93.98 mm): Symbol U703 Pin 4 [IN, Unspecified, Line]
    @(273.05 mm, 95.25 mm): Symbol C702 Pin 1 [Passive, Line]
[pin_to_pin]: Pins of type Unspecified and Unspecified are connected
    ; warning
    @(279.40 mm, 96.52 mm): Symbol U703 Pin 3 [EN, Unspecified, Line]
    @(279.40 mm, 93.98 mm): Symbol U703 Pin 4 [IN, Unspecified, Line]
[pin_to_pin]: Pins of type Unspecified and Power input are connected
    ; warning
    @(287.02 mm, 104.14 mm): Symbol U703 Pin 2 [GND, Unspecified, Line]
    @(288.29 mm, 104.14 mm): Symbol #PWR705 Pin 1 [Power input, Line]
[pin_to_pin]: Pins of type Unspecified and Power input are connected
    ; warning
    @(289.56 mm, 104.14 mm): Symbol U703 Pin 5 [EP, Unspecified, Line]
    @(288.29 mm, 104.14 mm): Symbol #PWR705 Pin 1 [Power input, Line]
[pin_to_pin]: Pins of type Unspecified and Passive are connected
    ; warning
    @(297.18 mm, 93.98 mm): Symbol U703 Pin 1 [OUT, Unspecified, Line]
    @(303.53 mm, 95.25 mm): Symbol C715 Pin 1 [Passive, Line]
[pin_to_pin]: Pins of type Unspecified and Passive are connected
    ; warning
    @(330.20 mm, 200.66 mm): Symbol AE701 Pin 1 [Unspecified, Line]
    @(316.23 mm, 203.20 mm): Symbol C720 Pin 1 [Passive, Line]

***** Sheet /esc1/
[pin_not_driven]: Input pin not driven by any Output pins
    ; error
    @(44.45 mm, 63.50 mm): Symbol C1124 Pin 1 [1, Input, Line]
[pin_not_driven]: Input pin not driven by any Output pins
    ; error
    @(146.05 mm, 63.50 mm): Symbol C1127 Pin 2 [2, Input, Line]
[pin_not_driven]: Input pin not driven by any Output pins
    ; error
    @(156.21 mm, 66.04 mm): Symbol C1104 Pin 2 [2, Input, Line]
[pin_not_driven]: Input pin not driven by any Output pins
    ; error
    @(166.37 mm, 68.58 mm): Symbol C1108 Pin 2 [2, Input, Line]
[pin_to_pin]: Pins of type Unspecified and Power input are connected
    ; warning
    @(27.94 mm, 63.50 mm): Symbol R1147 Pin 2 [2, Unspecified, Line]
    @(27.94 mm, 54.61 mm): Symbol #PWR1154 Pin 1 [Power input, Line]
[pin_to_pin]: Pins of type Unspecified and Input are connected
    ; warning
    @(38.10 mm, 63.50 mm): Symbol R1147 Pin 1 [1, Unspecified, Line]
    @(44.45 mm, 63.50 mm): Symbol C1124 Pin 1 [1, Input, Line]
[pin_to_pin]: Pins of type Unspecified and Power input are connected
    ; warning
    @(43.18 mm, 60.96 mm): Symbol R1148 Pin 2 [2, Unspecified, Line]
    @(43.18 mm, 60.96 mm): Symbol #PWR1157 Pin 1 [Power input, Line]
[pin_to_pin]: Pins of type Unspecified and Input are connected
    ; warning
    @(43.18 mm, 80.01 mm): Symbol R1175 Pin 1 [1, Unspecified, Line]
    @(298.45 mm, 77.47 mm): Symbol U805 Pin 7 [M1, Input, Line]
[pin_to_pin]: Pins of type Unspecified and Unspecified are connected
    ; warning
    @(53.34 mm, 60.96 mm): Symbol R1148 Pin 1 [1, Unspecified, Line]
    @(53.34 mm, 60.96 mm): Symbol U1108 Pin 1 [BOOT0, Unspecified, Line]
[pin_to_pin]: Pins of type Unspecified and Input are connected
    ; warning
    @(53.34 mm, 63.50 mm): Symbol U1108 Pin 4 [NRST, Unspecified, Line]
    @(44.45 mm, 63.50 mm): Symbol C1124 Pin 1 [1, Input, Line]
[pin_to_pin]: Pins of type Unspecified and Passive are connected
    ; warning
    @(53.34 mm, 74.93 mm): Symbol U1108 Pin 21 [PA13, Unspecified, Line]
    @(33.02 mm, 74.93 mm): Symbol TP1107 Pin 1 [1, Passive, Line]
[pin_to_pin]: Pins of type Unspecified and Passive are connected
    ; warning
    @(53.34 mm, 76.20 mm): Symbol U1108 Pin 22 [PA14, Unspecified, Line]
    @(33.02 mm, 76.20 mm): Symbol TP1108 Pin 1 [1, Passive, Line]
[pin_to_pin]: Pins of type Unspecified and Unspecified are connected
    ; warning
    @(53.34 mm, 80.01 mm): Symbol R1175 Pin 2 [2, Unspecified, Line]
    @(53.34 mm, 80.01 mm): Symbol U1108 Pin 25 [PB4, Unspecified, Line]
[multiple_net_names]: Both MotorA and A are attached to the same items; MotorA will be used in the netlist
    ; warning
    @(146.05 mm, 73.66 mm): Label 'MotorA'
    @(67.31 mm, 153.67 mm): Hierarchical Label 'A'
[pin_to_pin]: Pins of type Unspecified and Passive are connected
    ; warning
    @(71.12 mm, 50.80 mm): Symbol U1108 Pin 5 [VDDA, Unspecified, Line]
    @(66.04 mm, 33.02 mm): Symbol R1176 Pin 1 [Passive, Line]
[pin_to_pin]: Pins of type Unspecified and Power input are connected
    ; warning
    @(71.12 mm, 113.03 mm): Symbol U1108 Pin 29 [VSS, Unspecified, Line]
    @(71.12 mm, 113.03 mm): Symbol #PWR1167 Pin 1 [Power input, Line]
[pin_to_pin]: Pins of type Unspecified and Passive are connected
    ; warning
    @(73.66 mm, 50.80 mm): Symbol U1108 Pin 17 [VDD, Unspecified, Line]
    @(73.66 mm, 33.02 mm): Symbol R1176 Pin 2 [Passive, Line]
[pin_to_pin]: Pins of type Unspecified and Power input are connected
    ; warning
    @(73.66 mm, 113.03 mm): Symbol U1108 Pin 16 [VSS, Unspecified, Line]
    @(71.12 mm, 113.03 mm): Symbol #PWR1167 Pin 1 [Power input, Line]
[pin_to_pin]: Pins of type Unspecified and Power input are connected
    ; warning
    @(121.92 mm, 48.26 mm): Symbol U1101 Pin 6 [COM, Unspecified, Line]
    @(121.92 mm, 48.26 mm): Symbol #PWR1169 Pin 1 [Power input, Line]
[pin_to_pin]: Pins of type Unspecified and Power input are connected
    ; warning
    @(121.92 mm, 50.80 mm): Symbol U1101 Pin 25 [COM, Unspecified, Line]
    @(121.92 mm, 50.80 mm): Symbol #PWR1170 Pin 1 [Power input, Line]
[pin_to_pin]: Pins of type Unspecified and Unspecified are connected
    ; warning
    @(121.92 mm, 58.42 mm): Symbol U1101 Pin 22 [HIN1, Unspecified, Line]
    @(88.90 mm, 57.15 mm): Symbol U1108 Pin 20 [PA10, Unspecified, Line]
[pin_to_pin]: Pins of type Unspecified and Unspecified are connected
    ; warning
    @(121.92 mm, 60.96 mm): Symbol U1101 Pin 23 [HIN2, Unspecified, Line]
    @(88.90 mm, 64.77 mm): Symbol U1108 Pin 19 [PA9, Unspecified, Line]
[pin_to_pin]: Pins of type Unspecified and Unspecified are connected
    ; warning
    @(121.92 mm, 63.50 mm): Symbol U1101 Pin 24 [HIN3, Unspecified, Line]
    @(88.90 mm, 72.39 mm): Symbol U1108 Pin 18 [PA8, Unspecified, Line]
[pin_to_pin]: Pins of type Unspecified and Passive are connected
    ; warning
    @(121.92 mm, 71.12 mm): Symbol U1101 Pin 19 [HO1, Unspecified, Line]
    @(25.40 mm, 147.32 mm): Symbol R1167 Pin 1 [Passive, Line]
[pin_to_pin]: Pins of type Unspecified and Passive are connected
    ; warning
    @(121.92 mm, 73.66 mm): Symbol U1101 Pin 16 [HO2, Unspecified, Line]
    @(85.09 mm, 147.32 mm): Symbol R1150 Pin 1 [Passive, Line]
[pin_to_pin]: Pins of type Unspecified and Passive are connected
    ; warning
    @(121.92 mm, 76.20 mm): Symbol U1101 Pin 13 [HO3, Unspecified, Line]
    @(146.05 mm, 146.05 mm): Symbol R1127 Pin 1 [Passive, Line]
[pin_to_pin]: Pins of type Unspecified and Unspecified are connected
    ; warning
    @(121.92 mm, 83.82 mm): Symbol U1101 Pin 1 [LIN1, Unspecified, Line]
    @(88.90 mm, 59.69 mm): Symbol U1108 Pin 15 [PB1, Unspecified, Line]
[pin_to_pin]: Pins of type Unspecified and Unspecified are connected
    ; warning
    @(121.92 mm, 86.36 mm): Symbol U1101 Pin 2 [LIN2, Unspecified, Line]
    @(88.90 mm, 67.31 mm): Symbol U1108 Pin 14 [PB0, Unspecified, Line]
[pin_to_pin]: Pins of type Unspecified and Unspecified are connected
    ; warning
    @(121.92 mm, 88.90 mm): Symbol U1101 Pin 3 [LIN3, Unspecified, Line]
    @(88.90 mm, 74.93 mm): Symbol U1108 Pin 13 [PA7, Unspecified, Line]
[pin_to_pin]: Pins of type Unspecified and Passive are connected
    ; warning
    @(121.92 mm, 96.52 mm): Symbol U1101 Pin 11 [LO1, Unspecified, Line]
    @(25.40 mm, 162.56 mm): Symbol R1171 Pin 1 [Passive, Line]
[pin_to_pin]: Pins of type Unspecified and Passive are connected
    ; warning
    @(121.92 mm, 99.06 mm): Symbol U1101 Pin 10 [LO2, Unspecified, Line]
    @(85.09 mm, 162.56 mm): Symbol R1163 Pin 1 [Passive, Line]
[pin_to_pin]: Pins of type Unspecified and Passive are connected
    ; warning
    @(121.92 mm, 101.60 mm): Symbol U1101 Pin 9 [LO3, Unspecified, Line]
    @(146.05 mm, 161.29 mm): Symbol R1134 Pin 1 [Passive, Line]
[multiple_net_names]: Both MotorB and B are attached to the same items; MotorB will be used in the netlist
    ; warning
    @(158.75 mm, 73.66 mm): Label 'MotorB'
    @(123.19 mm, 153.67 mm): Hierarchical Label 'B'
[pin_to_pin]: Pins of type Unspecified and Power input are connected
    ; warning
    @(142.24 mm, 53.34 mm): Symbol U1101 Pin 4 [VCC, Unspecified, Line]
    @(142.24 mm, 45.72 mm): Symbol #PWR1172 Pin 1 [Power input, Line]
[pin_to_pin]: Pins of type Unspecified and Input are connected
    ; warning
    @(142.24 mm, 63.50 mm): Symbol U1101 Pin 20 [VB1, Unspecified, Line]
    @(146.05 mm, 63.50 mm): Symbol C1127 Pin 2 [2, Input, Line]
[pin_to_pin]: Pins of type Unspecified and Input are connected
    ; warning
    @(142.24 mm, 66.04 mm): Symbol U1101 Pin 17 [VB2, Unspecified, Line]
    @(156.21 mm, 66.04 mm): Symbol C1104 Pin 2 [2, Input, Line]
[pin_to_pin]: Pins of type Unspecified and Input are connected
    ; warning
    @(142.24 mm, 68.58 mm): Symbol U1101 Pin 14 [VB3, Unspecified, Line]
    @(166.37 mm, 68.58 mm): Symbol C1108 Pin 2 [2, Input, Line]
[pin_to_pin]: Pins of type Unspecified and Input are connected
    ; warning
    @(142.24 mm, 76.20 mm): Symbol U1101 Pin 18 [VS1, Unspecified, Line]
    @(153.67 mm, 63.50 mm): Symbol C1127 Pin 1 [1, Input, Line]
[pin_to_pin]: Pins of type Unspecified and Input are connected
    ; warning
    @(142.24 mm, 78.74 mm): Symbol U1101 Pin 15 [VS2, Unspecified, Line]
    @(163.83 mm, 66.04 mm): Symbol C1104 Pin 1 [1, Input, Line]
[pin_to_pin]: Pins of type Unspecified and Input are connected
    ; warning
    @(142.24 mm, 81.28 mm): Symbol U1101 Pin 12 [VS3, Unspecified, Line]
    @(173.99 mm, 68.58 mm): Symbol C1108 Pin 1 [1, Input, Line]
[multiple_net_names]: Both MotorC and C are attached to the same items; MotorC will be used in the netlist
    ; warning
    @(264.16 mm, 99.06 mm): Label 'MotorC'
    @(187.96 mm, 152.40 mm): Hierarchical Label 'C'
[pin_to_pin]: Pins of type Unspecified and Unspecified are connected
    ; warning
    @(205.74 mm, 85.09 mm): Symbol R1153 Pin 2 [2, Unspecified, Line]
    @(229.87 mm, 85.09 mm): Symbol R1156 Pin 1 [1, Unspecified, Line]
[pin_to_pin]: Pins of type Unspecified and Unspecified are connected
    ; warning
    @(205.74 mm, 95.25 mm): Symbol R1153 Pin 1 [1, Unspecified, Line]
    @(205.74 mm, 99.06 mm): Symbol R1155 Pin 2 [2, Unspecified, Line]
[pin_to_pin]: Pins of type Unspecified and Unspecified are connected
    ; warning
    @(205.74 mm, 99.06 mm): Symbol R1155 Pin 2 [2, Unspecified, Line]
    @(53.34 mm, 93.98 mm): Symbol U1108 Pin 6 [PA0, Unspecified, Line]
[pin_to_pin]: Pins of type Unspecified and Unspecified are connected
    ; warning
    @(205.74 mm, 106.68 mm): Symbol R1154 Pin 2 [2, Unspecified, Line]
    @(205.74 mm, 99.06 mm): Symbol R1155 Pin 2 [2, Unspecified, Line]
[pin_to_pin]: Pins of type Unspecified and Power input are connected
    ; warning
    @(205.74 mm, 116.84 mm): Symbol R1154 Pin 1 [1, Unspecified, Line]
    @(205.74 mm, 116.84 mm): Symbol #PWR1102 Pin 1 [Power input, Line]
[pin_to_pin]: Pins of type Unspecified and Input are connected
    ; warning
    @(215.90 mm, 99.06 mm): Symbol R1155 Pin 1 [1, Unspecified, Line]
    @(153.67 mm, 63.50 mm): Symbol C1127 Pin 1 [1, Input, Line]
[pin_to_pin]: Pins of type Unspecified and Unspecified are connected
    ; warning
    @(229.87 mm, 85.09 mm): Symbol R1156 Pin 1 [1, Unspecified, Line]
    @(254.00 mm, 85.09 mm): Symbol R1159 Pin 1 [1, Unspecified, Line]
[pin_to_pin]: Pins of type Unspecified and Unspecified are connected
    ; warning
    @(229.87 mm, 95.25 mm): Symbol R1156 Pin 2 [2, Unspecified, Line]
    @(229.87 mm, 99.06 mm): Symbol R1158 Pin 2 [2, Unspecified, Line]
[pin_to_pin]: Pins of type Unspecified and Unspecified are connected
    ; warning
    @(229.87 mm, 99.06 mm): Symbol R1158 Pin 2 [2, Unspecified, Line]
    @(53.34 mm, 91.44 mm): Symbol U1108 Pin 10 [PA4, Unspecified, Line]
[pin_to_pin]: Pins of type Unspecified and Unspecified are connected
    ; warning
    @(229.87 mm, 106.68 mm): Symbol R1157 Pin 2 [2, Unspecified, Line]
    @(229.87 mm, 99.06 mm): Symbol R1158 Pin 2 [2, Unspecified, Line]
[pin_to_pin]: Pins of type Unspecified and Power input are connected
    ; warning
    @(229.87 mm, 116.84 mm): Symbol R1157 Pin 1 [1, Unspecified, Line]
    @(229.87 mm, 116.84 mm): Symbol #PWR1103 Pin 1 [Power input, Line]
[pin_to_pin]: Pins of type Unspecified and Input are connected
    ; warning
    @(240.03 mm, 99.06 mm): Symbol R1158 Pin 1 [1, Unspecified, Line]
    @(163.83 mm, 66.04 mm): Symbol C1104 Pin 1 [1, Input, Line]
[pin_to_pin]: Pins of type Unspecified and Unspecified are connected
    ; warning
    @(254.00 mm, 85.09 mm): Symbol R1159 Pin 1 [1, Unspecified, Line]
    @(53.34 mm, 96.52 mm): Symbol U1108 Pin 7 [PA1, Unspecified, Line]
[pin_to_pin]: Pins of type Unspecified and Unspecified are connected
    ; warning
    @(254.00 mm, 95.25 mm): Symbol R1159 Pin 2 [2, Unspecified, Line]
    @(254.00 mm, 99.06 mm): Symbol R1161 Pin 2 [2, Unspecified, Line]
[pin_to_pin]: Pins of type Unspecified and Unspecified are connected
    ; warning
    @(254.00 mm, 99.06 mm): Symbol R1161 Pin 2 [2, Unspecified, Line]
    @(53.34 mm, 88.90 mm): Symbol U1108 Pin 11 [PA5, Unspecified, Line]
[pin_to_pin]: Pins of type Unspecified and Unspecified are connected
    ; warning
    @(254.00 mm, 106.68 mm): Symbol R1160 Pin 2 [2, Unspecified, Line]
    @(254.00 mm, 99.06 mm): Symbol R1161 Pin 2 [2, Unspecified, Line]
[pin_to_pin]: Pins of type Unspecified and Power input are connected
    ; warning
    @(254.00 mm, 116.84 mm): Symbol R1160 Pin 1 [1, Unspecified, Line]
    @(254.00 mm, 116.84 mm): Symbol #PWR1104 Pin 1 [Power input, Line]
[pin_to_pin]: Pins of type Unspecified and Input are connected
    ; warning
    @(264.16 mm, 99.06 mm): Symbol R1161 Pin 1 [1, Unspecified, Line]
    @(173.99 mm, 68.58 mm): Symbol C1108 Pin 1 [1, Input, Line]

***** Sheet /esc2/
[pin_not_driven]: Input pin not driven by any Output pins
    ; error
    @(44.45 mm, 63.50 mm): Symbol C1224 Pin 1 [1, Input, Line]
[pin_not_driven]: Input pin not driven by any Output pins
    ; error
    @(146.05 mm, 63.50 mm): Symbol C1227 Pin 2 [2, Input, Line]
[pin_not_driven]: Input pin not driven by any Output pins
    ; error
    @(156.21 mm, 66.04 mm): Symbol C1204 Pin 2 [2, Input, Line]
[pin_not_driven]: Input pin not driven by any Output pins
    ; error
    @(166.37 mm, 68.58 mm): Symbol C1208 Pin 2 [2, Input, Line]
[pin_to_pin]: Pins of type Unspecified and Power input are connected
    ; warning
    @(27.94 mm, 63.50 mm): Symbol R1247 Pin 2 [2, Unspecified, Line]
    @(27.94 mm, 54.61 mm): Symbol #PWR1254 Pin 1 [Power input, Line]
[pin_to_pin]: Pins of type Unspecified and Input are connected
    ; warning
    @(38.10 mm, 63.50 mm): Symbol R1247 Pin 1 [1, Unspecified, Line]
    @(44.45 mm, 63.50 mm): Symbol C1224 Pin 1 [1, Input, Line]
[pin_to_pin]: Pins of type Unspecified and Power input are connected
    ; warning
    @(43.18 mm, 60.96 mm): Symbol R1248 Pin 2 [2, Unspecified, Line]
    @(43.18 mm, 60.96 mm): Symbol #PWR1257 Pin 1 [Power input, Line]
[pin_to_pin]: Pins of type Unspecified and Input are connected
    ; warning
    @(43.18 mm, 80.01 mm): Symbol R1275 Pin 1 [1, Unspecified, Line]
    @(300.99 mm, 77.47 mm): Symbol U805 Pin 8 [M2, Input, Line]
[pin_to_pin]: Pins of type Unspecified and Unspecified are connected
    ; warning
    @(53.34 mm, 60.96 mm): Symbol R1248 Pin 1 [1, Unspecified, Line]
    @(53.34 mm, 60.96 mm): Symbol U1208 Pin 1 [BOOT0, Unspecified, Line]
[pin_to_pin]: Pins of type Unspecified and Input are connected
    ; warning
    @(53.34 mm, 63.50 mm): Symbol U1208 Pin 4 [NRST, Unspecified, Line]
    @(44.45 mm, 63.50 mm): Symbol C1224 Pin 1 [1, Input, Line]
[pin_to_pin]: Pins of type Unspecified and Passive are connected
    ; warning
    @(53.34 mm, 74.93 mm): Symbol U1208 Pin 21 [PA13, Unspecified, Line]
    @(33.02 mm, 74.93 mm): Symbol TP1207 Pin 1 [1, Passive, Line]
[pin_to_pin]: Pins of type Unspecified and Passive are connected
    ; warning
    @(53.34 mm, 76.20 mm): Symbol U1208 Pin 22 [PA14, Unspecified, Line]
    @(33.02 mm, 76.20 mm): Symbol TP1208 Pin 1 [1, Passive, Line]
[pin_to_pin]: Pins of type Unspecified and Unspecified are connected
    ; warning
    @(53.34 mm, 80.01 mm): Symbol R1275 Pin 2 [2, Unspecified, Line]
    @(53.34 mm, 80.01 mm): Symbol U1208 Pin 25 [PB4, Unspecified, Line]
[pin_to_pin]: Pins of type Unspecified and Passive are connected
    ; warning
    @(71.12 mm, 50.80 mm): Symbol U1208 Pin 5 [VDDA, Unspecified, Line]
    @(66.04 mm, 33.02 mm): Symbol R1276 Pin 1 [Passive, Line]
[pin_to_pin]: Pins of type Unspecified and Power input are connected
    ; warning
    @(71.12 mm, 113.03 mm): Symbol U1208 Pin 29 [VSS, Unspecified, Line]
    @(71.12 mm, 113.03 mm): Symbol #PWR1267 Pin 1 [Power input, Line]
[pin_to_pin]: Pins of type Unspecified and Passive are connected
    ; warning
    @(73.66 mm, 50.80 mm): Symbol U1208 Pin 17 [VDD, Unspecified, Line]
    @(73.66 mm, 33.02 mm): Symbol R1276 Pin 2 [Passive, Line]
[pin_to_pin]: Pins of type Unspecified and Power input are connected
    ; warning
    @(73.66 mm, 113.03 mm): Symbol U1208 Pin 16 [VSS, Unspecified, Line]
    @(71.12 mm, 113.03 mm): Symbol #PWR1267 Pin 1 [Power input, Line]
[pin_to_pin]: Pins of type Unspecified and Power input are connected
    ; warning
    @(121.92 mm, 48.26 mm): Symbol U1201 Pin 6 [COM, Unspecified, Line]
    @(121.92 mm, 48.26 mm): Symbol #PWR1269 Pin 1 [Power input, Line]
[pin_to_pin]: Pins of type Unspecified and Power input are connected
    ; warning
    @(121.92 mm, 50.80 mm): Symbol U1201 Pin 25 [COM, Unspecified, Line]
    @(121.92 mm, 50.80 mm): Symbol #PWR1270 Pin 1 [Power input, Line]
[pin_to_pin]: Pins of type Unspecified and Unspecified are connected
    ; warning
    @(121.92 mm, 58.42 mm): Symbol U1201 Pin 22 [HIN1, Unspecified, Line]
    @(88.90 mm, 57.15 mm): Symbol U1208 Pin 20 [PA10, Unspecified, Line]
[pin_to_pin]: Pins of type Unspecified and Unspecified are connected
    ; warning
    @(121.92 mm, 60.96 mm): Symbol U1201 Pin 23 [HIN2, Unspecified, Line]
    @(88.90 mm, 64.77 mm): Symbol U1208 Pin 19 [PA9, Unspecified, Line]
[pin_to_pin]: Pins of type Unspecified and Unspecified are connected
    ; warning
    @(121.92 mm, 63.50 mm): Symbol U1201 Pin 24 [HIN3, Unspecified, Line]
    @(88.90 mm, 72.39 mm): Symbol U1208 Pin 18 [PA8, Unspecified, Line]
[pin_to_pin]: Pins of type Unspecified and Passive are connected
    ; warning
    @(121.92 mm, 71.12 mm): Symbol U1201 Pin 19 [HO1, Unspecified, Line]
    @(25.40 mm, 147.32 mm): Symbol R1267 Pin 1 [Passive, Line]
[pin_to_pin]: Pins of type Unspecified and Passive are connected
    ; warning
    @(121.92 mm, 73.66 mm): Symbol U1201 Pin 16 [HO2, Unspecified, Line]
    @(85.09 mm, 147.32 mm): Symbol R1250 Pin 1 [Passive, Line]
[pin_to_pin]: Pins of type Unspecified and Passive are connected
    ; warning
    @(121.92 mm, 76.20 mm): Symbol U1201 Pin 13 [HO3, Unspecified, Line]
    @(146.05 mm, 146.05 mm): Symbol R1227 Pin 1 [Passive, Line]
[pin_to_pin]: Pins of type Unspecified and Unspecified are connected
    ; warning
    @(121.92 mm, 83.82 mm): Symbol U1201 Pin 1 [LIN1, Unspecified, Line]
    @(88.90 mm, 59.69 mm): Symbol U1208 Pin 15 [PB1, Unspecified, Line]
[pin_to_pin]: Pins of type Unspecified and Unspecified are connected
    ; warning
    @(121.92 mm, 86.36 mm): Symbol U1201 Pin 2 [LIN2, Unspecified, Line]
    @(88.90 mm, 67.31 mm): Symbol U1208 Pin 14 [PB0, Unspecified, Line]
[pin_to_pin]: Pins of type Unspecified and Unspecified are connected
    ; warning
    @(121.92 mm, 88.90 mm): Symbol U1201 Pin 3 [LIN3, Unspecified, Line]
    @(88.90 mm, 74.93 mm): Symbol U1208 Pin 13 [PA7, Unspecified, Line]
[pin_to_pin]: Pins of type Unspecified and Passive are connected
    ; warning
    @(121.92 mm, 96.52 mm): Symbol U1201 Pin 11 [LO1, Unspecified, Line]
    @(25.40 mm, 162.56 mm): Symbol R1271 Pin 1 [Passive, Line]
[pin_to_pin]: Pins of type Unspecified and Passive are connected
    ; warning
    @(121.92 mm, 99.06 mm): Symbol U1201 Pin 10 [LO2, Unspecified, Line]
    @(85.09 mm, 162.56 mm): Symbol R1263 Pin 1 [Passive, Line]
[pin_to_pin]: Pins of type Unspecified and Passive are connected
    ; warning
    @(121.92 mm, 101.60 mm): Symbol U1201 Pin 9 [LO3, Unspecified, Line]
    @(146.05 mm, 161.29 mm): Symbol R1234 Pin 1 [Passive, Line]
[pin_to_pin]: Pins of type Unspecified and Power input are connected
    ; warning
    @(142.24 mm, 53.34 mm): Symbol U1201 Pin 4 [VCC, Unspecified, Line]
    @(142.24 mm, 45.72 mm): Symbol #PWR1272 Pin 1 [Power input, Line]
[pin_to_pin]: Pins of type Unspecified and Input are connected
    ; warning
    @(142.24 mm, 63.50 mm): Symbol U1201 Pin 20 [VB1, Unspecified, Line]
    @(146.05 mm, 63.50 mm): Symbol C1227 Pin 2 [2, Input, Line]
[pin_to_pin]: Pins of type Unspecified and Input are connected
    ; warning
    @(142.24 mm, 66.04 mm): Symbol U1201 Pin 17 [VB2, Unspecified, Line]
    @(156.21 mm, 66.04 mm): Symbol C1204 Pin 2 [2, Input, Line]
[pin_to_pin]: Pins of type Unspecified and Input are connected
    ; warning
    @(142.24 mm, 68.58 mm): Symbol U1201 Pin 14 [VB3, Unspecified, Line]
    @(166.37 mm, 68.58 mm): Symbol C1208 Pin 2 [2, Input, Line]
[pin_to_pin]: Pins of type Unspecified and Input are connected
    ; warning
    @(142.24 mm, 76.20 mm): Symbol U1201 Pin 18 [VS1, Unspecified, Line]
    @(153.67 mm, 63.50 mm): Symbol C1227 Pin 1 [1, Input, Line]
[pin_to_pin]: Pins of type Unspecified and Input are connected
    ; warning
    @(142.24 mm, 78.74 mm): Symbol U1201 Pin 15 [VS2, Unspecified, Line]
    @(163.83 mm, 66.04 mm): Symbol C1204 Pin 1 [1, Input, Line]
[pin_to_pin]: Pins of type Unspecified and Input are connected
    ; warning
    @(142.24 mm, 81.28 mm): Symbol U1201 Pin 12 [VS3, Unspecified, Line]
    @(173.99 mm, 68.58 mm): Symbol C1208 Pin 1 [1, Input, Line]
[pin_to_pin]: Pins of type Unspecified and Unspecified are connected
    ; warning
    @(205.74 mm, 85.09 mm): Symbol R1253 Pin 2 [2, Unspecified, Line]
    @(229.87 mm, 85.09 mm): Symbol R1256 Pin 1 [1, Unspecified, Line]
[pin_to_pin]: Pins of type Unspecified and Unspecified are connected
    ; warning
    @(205.74 mm, 95.25 mm): Symbol R1253 Pin 1 [1, Unspecified, Line]
    @(205.74 mm, 99.06 mm): Symbol R1255 Pin 2 [2, Unspecified, Line]
[pin_to_pin]: Pins of type Unspecified and Unspecified are connected
    ; warning
    @(205.74 mm, 99.06 mm): Symbol R1255 Pin 2 [2, Unspecified, Line]
    @(53.34 mm, 93.98 mm): Symbol U1208 Pin 6 [PA0, Unspecified, Line]
[pin_to_pin]: Pins of type Unspecified and Unspecified are connected
    ; warning
    @(205.74 mm, 106.68 mm): Symbol R1254 Pin 2 [2, Unspecified, Line]
    @(205.74 mm, 99.06 mm): Symbol R1255 Pin 2 [2, Unspecified, Line]
[pin_to_pin]: Pins of type Unspecified and Power input are connected
    ; warning
    @(205.74 mm, 116.84 mm): Symbol R1254 Pin 1 [1, Unspecified, Line]
    @(205.74 mm, 116.84 mm): Symbol #PWR1202 Pin 1 [Power input, Line]
[pin_to_pin]: Pins of type Unspecified and Input are connected
    ; warning
    @(215.90 mm, 99.06 mm): Symbol R1255 Pin 1 [1, Unspecified, Line]
    @(153.67 mm, 63.50 mm): Symbol C1227 Pin 1 [1, Input, Line]
[pin_to_pin]: Pins of type Unspecified and Unspecified are connected
    ; warning
    @(229.87 mm, 85.09 mm): Symbol R1256 Pin 1 [1, Unspecified, Line]
    @(254.00 mm, 85.09 mm): Symbol R1259 Pin 1 [1, Unspecified, Line]
[pin_to_pin]: Pins of type Unspecified and Unspecified are connected
    ; warning
    @(229.87 mm, 95.25 mm): Symbol R1256 Pin 2 [2, Unspecified, Line]
    @(229.87 mm, 99.06 mm): Symbol R1258 Pin 2 [2, Unspecified, Line]
[pin_to_pin]: Pins of type Unspecified and Unspecified are connected
    ; warning
    @(229.87 mm, 99.06 mm): Symbol R1258 Pin 2 [2, Unspecified, Line]
    @(53.34 mm, 91.44 mm): Symbol U1208 Pin 10 [PA4, Unspecified, Line]
[pin_to_pin]: Pins of type Unspecified and Unspecified are connected
    ; warning
    @(229.87 mm, 106.68 mm): Symbol R1257 Pin 2 [2, Unspecified, Line]
    @(229.87 mm, 99.06 mm): Symbol R1258 Pin 2 [2, Unspecified, Line]
[pin_to_pin]: Pins of type Unspecified and Power input are connected
    ; warning
    @(229.87 mm, 116.84 mm): Symbol R1257 Pin 1 [1, Unspecified, Line]
    @(229.87 mm, 116.84 mm): Symbol #PWR1203 Pin 1 [Power input, Line]
[pin_to_pin]: Pins of type Unspecified and Input are connected
    ; warning
    @(240.03 mm, 99.06 mm): Symbol R1258 Pin 1 [1, Unspecified, Line]
    @(163.83 mm, 66.04 mm): Symbol C1204 Pin 1 [1, Input, Line]
[pin_to_pin]: Pins of type Unspecified and Unspecified are connected
    ; warning
    @(254.00 mm, 85.09 mm): Symbol R1259 Pin 1 [1, Unspecified, Line]
    @(53.34 mm, 96.52 mm): Symbol U1208 Pin 7 [PA1, Unspecified, Line]
[pin_to_pin]: Pins of type Unspecified and Unspecified are connected
    ; warning
    @(254.00 mm, 95.25 mm): Symbol R1259 Pin 2 [2, Unspecified, Line]
    @(254.00 mm, 99.06 mm): Symbol R1261 Pin 2 [2, Unspecified, Line]
[pin_to_pin]: Pins of type Unspecified and Unspecified are connected
    ; warning
    @(254.00 mm, 99.06 mm): Symbol R1261 Pin 2 [2, Unspecified, Line]
    @(53.34 mm, 88.90 mm): Symbol U1208 Pin 11 [PA5, Unspecified, Line]
[pin_to_pin]: Pins of type Unspecified and Unspecified are connected
    ; warning
    @(254.00 mm, 106.68 mm): Symbol R1260 Pin 2 [2, Unspecified, Line]
    @(254.00 mm, 99.06 mm): Symbol R1261 Pin 2 [2, Unspecified, Line]
[pin_to_pin]: Pins of type Unspecified and Power input are connected
    ; warning
    @(254.00 mm, 116.84 mm): Symbol R1260 Pin 1 [1, Unspecified, Line]
    @(254.00 mm, 116.84 mm): Symbol #PWR1204 Pin 1 [Power input, Line]
[pin_to_pin]: Pins of type Unspecified and Input are connected
    ; warning
    @(264.16 mm, 99.06 mm): Symbol R1261 Pin 1 [1, Unspecified, Line]
    @(173.99 mm, 68.58 mm): Symbol C1208 Pin 1 [1, Input, Line]

***** Sheet /esc3/
[pin_not_driven]: Input pin not driven by any Output pins
    ; error
    @(44.45 mm, 63.50 mm): Symbol C1324 Pin 1 [1, Input, Line]
[pin_not_driven]: Input pin not driven by any Output pins
    ; error
    @(146.05 mm, 63.50 mm): Symbol C1327 Pin 2 [2, Input, Line]
[pin_not_driven]: Input pin not driven by any Output pins
    ; error
    @(156.21 mm, 66.04 mm): Symbol C1304 Pin 2 [2, Input, Line]
[pin_not_driven]: Input pin not driven by any Output pins
    ; error
    @(166.37 mm, 68.58 mm): Symbol C1308 Pin 2 [2, Input, Line]
[pin_to_pin]: Pins of type Unspecified and Power input are connected
    ; warning
    @(27.94 mm, 63.50 mm): Symbol R1347 Pin 2 [2, Unspecified, Line]
    @(27.94 mm, 54.61 mm): Symbol #PWR1354 Pin 1 [Power input, Line]
[pin_to_pin]: Pins of type Unspecified and Input are connected
    ; warning
    @(38.10 mm, 63.50 mm): Symbol R1347 Pin 1 [1, Unspecified, Line]
    @(44.45 mm, 63.50 mm): Symbol C1324 Pin 1 [1, Input, Line]
[pin_to_pin]: Pins of type Unspecified and Power input are connected
    ; warning
    @(43.18 mm, 60.96 mm): Symbol R1348 Pin 2 [2, Unspecified, Line]
    @(43.18 mm, 60.96 mm): Symbol #PWR1357 Pin 1 [Power input, Line]
[pin_to_pin]: Pins of type Unspecified and Input are connected
    ; warning
    @(43.18 mm, 80.01 mm): Symbol R1375 Pin 1 [1, Unspecified, Line]
    @(303.53 mm, 77.47 mm): Symbol U805 Pin 9 [M3, Input, Line]
[pin_to_pin]: Pins of type Unspecified and Unspecified are connected
    ; warning
    @(53.34 mm, 60.96 mm): Symbol R1348 Pin 1 [1, Unspecified, Line]
    @(53.34 mm, 60.96 mm): Symbol U1308 Pin 1 [BOOT0, Unspecified, Line]
[pin_to_pin]: Pins of type Unspecified and Input are connected
    ; warning
    @(53.34 mm, 63.50 mm): Symbol U1308 Pin 4 [NRST, Unspecified, Line]
    @(44.45 mm, 63.50 mm): Symbol C1324 Pin 1 [1, Input, Line]
[pin_to_pin]: Pins of type Unspecified and Passive are connected
    ; warning
    @(53.34 mm, 74.93 mm): Symbol U1308 Pin 21 [PA13, Unspecified, Line]
    @(33.02 mm, 74.93 mm): Symbol TP1307 Pin 1 [1, Passive, Line]
[pin_to_pin]: Pins of type Unspecified and Passive are connected
    ; warning
    @(53.34 mm, 76.20 mm): Symbol U1308 Pin 22 [PA14, Unspecified, Line]
    @(33.02 mm, 76.20 mm): Symbol TP1308 Pin 1 [1, Passive, Line]
[pin_to_pin]: Pins of type Unspecified and Unspecified are connected
    ; warning
    @(53.34 mm, 80.01 mm): Symbol R1375 Pin 2 [2, Unspecified, Line]
    @(53.34 mm, 80.01 mm): Symbol U1308 Pin 25 [PB4, Unspecified, Line]
[pin_to_pin]: Pins of type Unspecified and Passive are connected
    ; warning
    @(71.12 mm, 50.80 mm): Symbol U1308 Pin 5 [VDDA, Unspecified, Line]
    @(66.04 mm, 33.02 mm): Symbol R1376 Pin 1 [Passive, Line]
[pin_to_pin]: Pins of type Unspecified and Power input are connected
    ; warning
    @(71.12 mm, 113.03 mm): Symbol U1308 Pin 29 [VSS, Unspecified, Line]
    @(71.12 mm, 113.03 mm): Symbol #PWR1367 Pin 1 [Power input, Line]
[pin_to_pin]: Pins of type Unspecified and Passive are connected
    ; warning
    @(73.66 mm, 50.80 mm): Symbol U1308 Pin 17 [VDD, Unspecified, Line]
    @(73.66 mm, 33.02 mm): Symbol R1376 Pin 2 [Passive, Line]
[pin_to_pin]: Pins of type Unspecified and Power input are connected
    ; warning
    @(73.66 mm, 113.03 mm): Symbol U1308 Pin 16 [VSS, Unspecified, Line]
    @(71.12 mm, 113.03 mm): Symbol #PWR1367 Pin 1 [Power input, Line]
[pin_to_pin]: Pins of type Unspecified and Power input are connected
    ; warning
    @(121.92 mm, 48.26 mm): Symbol U1301 Pin 6 [COM, Unspecified, Line]
    @(121.92 mm, 48.26 mm): Symbol #PWR1369 Pin 1 [Power input, Line]
[pin_to_pin]: Pins of type Unspecified and Power input are connected
    ; warning
    @(121.92 mm, 50.80 mm): Symbol U1301 Pin 25 [COM, Unspecified, Line]
    @(121.92 mm, 50.80 mm): Symbol #PWR1370 Pin 1 [Power input, Line]
[pin_to_pin]: Pins of type Unspecified and Unspecified are connected
    ; warning
    @(121.92 mm, 58.42 mm): Symbol U1301 Pin 22 [HIN1, Unspecified, Line]
    @(88.90 mm, 57.15 mm): Symbol U1308 Pin 20 [PA10, Unspecified, Line]
[pin_to_pin]: Pins of type Unspecified and Unspecified are connected
    ; warning
    @(121.92 mm, 60.96 mm): Symbol U1301 Pin 23 [HIN2, Unspecified, Line]
    @(88.90 mm, 64.77 mm): Symbol U1308 Pin 19 [PA9, Unspecified, Line]
[pin_to_pin]: Pins of type Unspecified and Unspecified are connected
    ; warning
    @(121.92 mm, 63.50 mm): Symbol U1301 Pin 24 [HIN3, Unspecified, Line]
    @(88.90 mm, 72.39 mm): Symbol U1308 Pin 18 [PA8, Unspecified, Line]
[pin_to_pin]: Pins of type Unspecified and Passive are connected
    ; warning
    @(121.92 mm, 71.12 mm): Symbol U1301 Pin 19 [HO1, Unspecified, Line]
    @(25.40 mm, 147.32 mm): Symbol R1367 Pin 1 [Passive, Line]
[pin_to_pin]: Pins of type Unspecified and Passive are connected
    ; warning
    @(121.92 mm, 73.66 mm): Symbol U1301 Pin 16 [HO2, Unspecified, Line]
    @(85.09 mm, 147.32 mm): Symbol R1350 Pin 1 [Passive, Line]
[pin_to_pin]: Pins of type Unspecified and Passive are connected
    ; warning
    @(121.92 mm, 76.20 mm): Symbol U1301 Pin 13 [HO3, Unspecified, Line]
    @(146.05 mm, 146.05 mm): Symbol R1327 Pin 1 [Passive, Line]
[pin_to_pin]: Pins of type Unspecified and Unspecified are connected
    ; warning
    @(121.92 mm, 83.82 mm): Symbol U1301 Pin 1 [LIN1, Unspecified, Line]
    @(88.90 mm, 59.69 mm): Symbol U1308 Pin 15 [PB1, Unspecified, Line]
[pin_to_pin]: Pins of type Unspecified and Unspecified are connected
    ; warning
    @(121.92 mm, 86.36 mm): Symbol U1301 Pin 2 [LIN2, Unspecified, Line]
    @(88.90 mm, 67.31 mm): Symbol U1308 Pin 14 [PB0, Unspecified, Line]
[pin_to_pin]: Pins of type Unspecified and Unspecified are connected
    ; warning
    @(121.92 mm, 88.90 mm): Symbol U1301 Pin 3 [LIN3, Unspecified, Line]
    @(88.90 mm, 74.93 mm): Symbol U1308 Pin 13 [PA7, Unspecified, Line]
[pin_to_pin]: Pins of type Unspecified and Passive are connected
    ; warning
    @(121.92 mm, 96.52 mm): Symbol U1301 Pin 11 [LO1, Unspecified, Line]
    @(25.40 mm, 162.56 mm): Symbol R1371 Pin 1 [Passive, Line]
[pin_to_pin]: Pins of type Unspecified and Passive are connected
    ; warning
    @(121.92 mm, 99.06 mm): Symbol U1301 Pin 10 [LO2, Unspecified, Line]
    @(85.09 mm, 162.56 mm): Symbol R1363 Pin 1 [Passive, Line]
[pin_to_pin]: Pins of type Unspecified and Passive are connected
    ; warning
    @(121.92 mm, 101.60 mm): Symbol U1301 Pin 9 [LO3, Unspecified, Line]
    @(146.05 mm, 161.29 mm): Symbol R1334 Pin 1 [Passive, Line]
[pin_to_pin]: Pins of type Unspecified and Power input are connected
    ; warning
    @(142.24 mm, 53.34 mm): Symbol U1301 Pin 4 [VCC, Unspecified, Line]
    @(142.24 mm, 45.72 mm): Symbol #PWR1372 Pin 1 [Power input, Line]
[pin_to_pin]: Pins of type Unspecified and Input are connected
    ; warning
    @(142.24 mm, 63.50 mm): Symbol U1301 Pin 20 [VB1, Unspecified, Line]
    @(146.05 mm, 63.50 mm): Symbol C1327 Pin 2 [2, Input, Line]
[pin_to_pin]: Pins of type Unspecified and Input are connected
    ; warning
    @(142.24 mm, 66.04 mm): Symbol U1301 Pin 17 [VB2, Unspecified, Line]
    @(156.21 mm, 66.04 mm): Symbol C1304 Pin 2 [2, Input, Line]
[pin_to_pin]: Pins of type Unspecified and Input are connected
    ; warning
    @(142.24 mm, 68.58 mm): Symbol U1301 Pin 14 [VB3, Unspecified, Line]
    @(166.37 mm, 68.58 mm): Symbol C1308 Pin 2 [2, Input, Line]
[pin_to_pin]: Pins of type Unspecified and Input are connected
    ; warning
    @(142.24 mm, 76.20 mm): Symbol U1301 Pin 18 [VS1, Unspecified, Line]
    @(153.67 mm, 63.50 mm): Symbol C1327 Pin 1 [1, Input, Line]
[pin_to_pin]: Pins of type Unspecified and Input are connected
    ; warning
    @(142.24 mm, 78.74 mm): Symbol U1301 Pin 15 [VS2, Unspecified, Line]
    @(163.83 mm, 66.04 mm): Symbol C1304 Pin 1 [1, Input, Line]
[pin_to_pin]: Pins of type Unspecified and Input are connected
    ; warning
    @(142.24 mm, 81.28 mm): Symbol U1301 Pin 12 [VS3, Unspecified, Line]
    @(173.99 mm, 68.58 mm): Symbol C1308 Pin 1 [1, Input, Line]
[pin_to_pin]: Pins of type Unspecified and Unspecified are connected
    ; warning
    @(205.74 mm, 85.09 mm): Symbol R1353 Pin 2 [2, Unspecified, Line]
    @(229.87 mm, 85.09 mm): Symbol R1356 Pin 1 [1, Unspecified, Line]
[pin_to_pin]: Pins of type Unspecified and Unspecified are connected
    ; warning
    @(205.74 mm, 95.25 mm): Symbol R1353 Pin 1 [1, Unspecified, Line]
    @(205.74 mm, 99.06 mm): Symbol R1355 Pin 2 [2, Unspecified, Line]
[pin_to_pin]: Pins of type Unspecified and Unspecified are connected
    ; warning
    @(205.74 mm, 99.06 mm): Symbol R1355 Pin 2 [2, Unspecified, Line]
    @(53.34 mm, 93.98 mm): Symbol U1308 Pin 6 [PA0, Unspecified, Line]
[pin_to_pin]: Pins of type Unspecified and Unspecified are connected
    ; warning
    @(205.74 mm, 106.68 mm): Symbol R1354 Pin 2 [2, Unspecified, Line]
    @(205.74 mm, 99.06 mm): Symbol R1355 Pin 2 [2, Unspecified, Line]
[pin_to_pin]: Pins of type Unspecified and Power input are connected
    ; warning
    @(205.74 mm, 116.84 mm): Symbol R1354 Pin 1 [1, Unspecified, Line]
    @(205.74 mm, 116.84 mm): Symbol #PWR1302 Pin 1 [Power input, Line]
[pin_to_pin]: Pins of type Unspecified and Input are connected
    ; warning
    @(215.90 mm, 99.06 mm): Symbol R1355 Pin 1 [1, Unspecified, Line]
    @(153.67 mm, 63.50 mm): Symbol C1327 Pin 1 [1, Input, Line]
[pin_to_pin]: Pins of type Unspecified and Unspecified are connected
    ; warning
    @(229.87 mm, 85.09 mm): Symbol R1356 Pin 1 [1, Unspecified, Line]
    @(254.00 mm, 85.09 mm): Symbol R1359 Pin 1 [1, Unspecified, Line]
[pin_to_pin]: Pins of type Unspecified and Unspecified are connected
    ; warning
    @(229.87 mm, 95.25 mm): Symbol R1356 Pin 2 [2, Unspecified, Line]
    @(229.87 mm, 99.06 mm): Symbol R1358 Pin 2 [2, Unspecified, Line]
[pin_to_pin]: Pins of type Unspecified and Unspecified are connected
    ; warning
    @(229.87 mm, 99.06 mm): Symbol R1358 Pin 2 [2, Unspecified, Line]
    @(53.34 mm, 91.44 mm): Symbol U1308 Pin 10 [PA4, Unspecified, Line]
[pin_to_pin]: Pins of type Unspecified and Unspecified are connected
    ; warning
    @(229.87 mm, 106.68 mm): Symbol R1357 Pin 2 [2, Unspecified, Line]
    @(229.87 mm, 99.06 mm): Symbol R1358 Pin 2 [2, Unspecified, Line]
[pin_to_pin]: Pins of type Unspecified and Power input are connected
    ; warning
    @(229.87 mm, 116.84 mm): Symbol R1357 Pin 1 [1, Unspecified, Line]
    @(229.87 mm, 116.84 mm): Symbol #PWR1303 Pin 1 [Power input, Line]
[pin_to_pin]: Pins of type Unspecified and Input are connected
    ; warning
    @(240.03 mm, 99.06 mm): Symbol R1358 Pin 1 [1, Unspecified, Line]
    @(163.83 mm, 66.04 mm): Symbol C1304 Pin 1 [1, Input, Line]
[pin_to_pin]: Pins of type Unspecified and Unspecified are connected
    ; warning
    @(254.00 mm, 85.09 mm): Symbol R1359 Pin 1 [1, Unspecified, Line]
    @(53.34 mm, 96.52 mm): Symbol U1308 Pin 7 [PA1, Unspecified, Line]
[pin_to_pin]: Pins of type Unspecified and Unspecified are connected
    ; warning
    @(254.00 mm, 95.25 mm): Symbol R1359 Pin 2 [2, Unspecified, Line]
    @(254.00 mm, 99.06 mm): Symbol R1361 Pin 2 [2, Unspecified, Line]
[pin_to_pin]: Pins of type Unspecified and Unspecified are connected
    ; warning
    @(254.00 mm, 99.06 mm): Symbol R1361 Pin 2 [2, Unspecified, Line]
    @(53.34 mm, 88.90 mm): Symbol U1308 Pin 11 [PA5, Unspecified, Line]
[pin_to_pin]: Pins of type Unspecified and Unspecified are connected
    ; warning
    @(254.00 mm, 106.68 mm): Symbol R1360 Pin 2 [2, Unspecified, Line]
    @(254.00 mm, 99.06 mm): Symbol R1361 Pin 2 [2, Unspecified, Line]
[pin_to_pin]: Pins of type Unspecified and Power input are connected
    ; warning
    @(254.00 mm, 116.84 mm): Symbol R1360 Pin 1 [1, Unspecified, Line]
    @(254.00 mm, 116.84 mm): Symbol #PWR1304 Pin 1 [Power input, Line]
[pin_to_pin]: Pins of type Unspecified and Input are connected
    ; warning
    @(264.16 mm, 99.06 mm): Symbol R1361 Pin 1 [1, Unspecified, Line]
    @(173.99 mm, 68.58 mm): Symbol C1308 Pin 1 [1, Input, Line]

***** Sheet /esc4/
[pin_not_driven]: Input pin not driven by any Output pins
    ; error
    @(44.45 mm, 63.50 mm): Symbol C1424 Pin 1 [1, Input, Line]
[pin_not_driven]: Input pin not driven by any Output pins
    ; error
    @(146.05 mm, 63.50 mm): Symbol C1427 Pin 2 [2, Input, Line]
[pin_not_driven]: Input pin not driven by any Output pins
    ; error
    @(156.21 mm, 66.04 mm): Symbol C1404 Pin 2 [2, Input, Line]
[pin_not_driven]: Input pin not driven by any Output pins
    ; error
    @(166.37 mm, 68.58 mm): Symbol C1408 Pin 2 [2, Input, Line]
[pin_to_pin]: Pins of type Unspecified and Power input are connected
    ; warning
    @(27.94 mm, 63.50 mm): Symbol R1447 Pin 2 [2, Unspecified, Line]
    @(27.94 mm, 54.61 mm): Symbol #PWR1454 Pin 1 [Power input, Line]
[pin_to_pin]: Pins of type Unspecified and Input are connected
    ; warning
    @(38.10 mm, 63.50 mm): Symbol R1447 Pin 1 [1, Unspecified, Line]
    @(44.45 mm, 63.50 mm): Symbol C1424 Pin 1 [1, Input, Line]
[pin_to_pin]: Pins of type Unspecified and Power input are connected
    ; warning
    @(43.18 mm, 60.96 mm): Symbol R1448 Pin 2 [2, Unspecified, Line]
    @(43.18 mm, 60.96 mm): Symbol #PWR1457 Pin 1 [Power input, Line]
[pin_to_pin]: Pins of type Unspecified and Input are connected
    ; warning
    @(43.18 mm, 80.01 mm): Symbol R1475 Pin 1 [1, Unspecified, Line]
    @(306.07 mm, 77.47 mm): Symbol U805 Pin 10 [M4, Input, Line]
[pin_to_pin]: Pins of type Unspecified and Unspecified are connected
    ; warning
    @(53.34 mm, 60.96 mm): Symbol R1448 Pin 1 [1, Unspecified, Line]
    @(53.34 mm, 60.96 mm): Symbol U1408 Pin 1 [BOOT0, Unspecified, Line]
[pin_to_pin]: Pins of type Unspecified and Input are connected
    ; warning
    @(53.34 mm, 63.50 mm): Symbol U1408 Pin 4 [NRST, Unspecified, Line]
    @(44.45 mm, 63.50 mm): Symbol C1424 Pin 1 [1, Input, Line]
[pin_to_pin]: Pins of type Unspecified and Passive are connected
    ; warning
    @(53.34 mm, 74.93 mm): Symbol U1408 Pin 21 [PA13, Unspecified, Line]
    @(33.02 mm, 74.93 mm): Symbol TP1407 Pin 1 [1, Passive, Line]
[pin_to_pin]: Pins of type Unspecified and Passive are connected
    ; warning
    @(53.34 mm, 76.20 mm): Symbol U1408 Pin 22 [PA14, Unspecified, Line]
    @(33.02 mm, 76.20 mm): Symbol TP1408 Pin 1 [1, Passive, Line]
[pin_to_pin]: Pins of type Unspecified and Unspecified are connected
    ; warning
    @(53.34 mm, 80.01 mm): Symbol R1475 Pin 2 [2, Unspecified, Line]
    @(53.34 mm, 80.01 mm): Symbol U1408 Pin 25 [PB4, Unspecified, Line]
[pin_to_pin]: Pins of type Unspecified and Passive are connected
    ; warning
    @(71.12 mm, 50.80 mm): Symbol U1408 Pin 5 [VDDA, Unspecified, Line]
    @(66.04 mm, 33.02 mm): Symbol R1476 Pin 1 [Passive, Line]
[pin_to_pin]: Pins of type Unspecified and Power input are connected
    ; warning
    @(71.12 mm, 113.03 mm): Symbol U1408 Pin 29 [VSS, Unspecified, Line]
    @(71.12 mm, 113.03 mm): Symbol #PWR1467 Pin 1 [Power input, Line]
[pin_to_pin]: Pins of type Unspecified and Passive are connected
    ; warning
    @(73.66 mm, 50.80 mm): Symbol U1408 Pin 17 [VDD, Unspecified, Line]
    @(73.66 mm, 33.02 mm): Symbol R1476 Pin 2 [Passive, Line]
[pin_to_pin]: Pins of type Unspecified and Power input are connected
    ; warning
    @(73.66 mm, 113.03 mm): Symbol U1408 Pin 16 [VSS, Unspecified, Line]
    @(71.12 mm, 113.03 mm): Symbol #PWR1467 Pin 1 [Power input, Line]
[pin_to_pin]: Pins of type Unspecified and Power input are connected
    ; warning
    @(121.92 mm, 48.26 mm): Symbol U1401 Pin 6 [COM, Unspecified, Line]
    @(121.92 mm, 48.26 mm): Symbol #PWR1469 Pin 1 [Power input, Line]
[pin_to_pin]: Pins of type Unspecified and Power input are connected
    ; warning
    @(121.92 mm, 50.80 mm): Symbol U1401 Pin 25 [COM, Unspecified, Line]
    @(121.92 mm, 50.80 mm): Symbol #PWR1470 Pin 1 [Power input, Line]
[pin_to_pin]: Pins of type Unspecified and Unspecified are connected
    ; warning
    @(121.92 mm, 58.42 mm): Symbol U1401 Pin 22 [HIN1, Unspecified, Line]
    @(88.90 mm, 57.15 mm): Symbol U1408 Pin 20 [PA10, Unspecified, Line]
[pin_to_pin]: Pins of type Unspecified and Unspecified are connected
    ; warning
    @(121.92 mm, 60.96 mm): Symbol U1401 Pin 23 [HIN2, Unspecified, Line]
    @(88.90 mm, 64.77 mm): Symbol U1408 Pin 19 [PA9, Unspecified, Line]
[pin_to_pin]: Pins of type Unspecified and Unspecified are connected
    ; warning
    @(121.92 mm, 63.50 mm): Symbol U1401 Pin 24 [HIN3, Unspecified, Line]
    @(88.90 mm, 72.39 mm): Symbol U1408 Pin 18 [PA8, Unspecified, Line]
[pin_to_pin]: Pins of type Unspecified and Passive are connected
    ; warning
    @(121.92 mm, 71.12 mm): Symbol U1401 Pin 19 [HO1, Unspecified, Line]
    @(25.40 mm, 147.32 mm): Symbol R1467 Pin 1 [Passive, Line]
[pin_to_pin]: Pins of type Unspecified and Passive are connected
    ; warning
    @(121.92 mm, 73.66 mm): Symbol U1401 Pin 16 [HO2, Unspecified, Line]
    @(85.09 mm, 147.32 mm): Symbol R1450 Pin 1 [Passive, Line]
[pin_to_pin]: Pins of type Unspecified and Passive are connected
    ; warning
    @(121.92 mm, 76.20 mm): Symbol U1401 Pin 13 [HO3, Unspecified, Line]
    @(146.05 mm, 146.05 mm): Symbol R1427 Pin 1 [Passive, Line]
[pin_to_pin]: Pins of type Unspecified and Unspecified are connected
    ; warning
    @(121.92 mm, 83.82 mm): Symbol U1401 Pin 1 [LIN1, Unspecified, Line]
    @(88.90 mm, 59.69 mm): Symbol U1408 Pin 15 [PB1, Unspecified, Line]
[pin_to_pin]: Pins of type Unspecified and Unspecified are connected
    ; warning
    @(121.92 mm, 86.36 mm): Symbol U1401 Pin 2 [LIN2, Unspecified, Line]
    @(88.90 mm, 67.31 mm): Symbol U1408 Pin 14 [PB0, Unspecified, Line]
[pin_to_pin]: Pins of type Unspecified and Unspecified are connected
    ; warning
    @(121.92 mm, 88.90 mm): Symbol U1401 Pin 3 [LIN3, Unspecified, Line]
    @(88.90 mm, 74.93 mm): Symbol U1408 Pin 13 [PA7, Unspecified, Line]
[pin_to_pin]: Pins of type Unspecified and Passive are connected
    ; warning
    @(121.92 mm, 96.52 mm): Symbol U1401 Pin 11 [LO1, Unspecified, Line]
    @(25.40 mm, 162.56 mm): Symbol R1471 Pin 1 [Passive, Line]
[pin_to_pin]: Pins of type Unspecified and Passive are connected
    ; warning
    @(121.92 mm, 99.06 mm): Symbol U1401 Pin 10 [LO2, Unspecified, Line]
    @(85.09 mm, 162.56 mm): Symbol R1463 Pin 1 [Passive, Line]
[pin_to_pin]: Pins of type Unspecified and Passive are connected
    ; warning
    @(121.92 mm, 101.60 mm): Symbol U1401 Pin 9 [LO3, Unspecified, Line]
    @(146.05 mm, 161.29 mm): Symbol R1434 Pin 1 [Passive, Line]
[pin_to_pin]: Pins of type Unspecified and Power input are connected
    ; warning
    @(142.24 mm, 53.34 mm): Symbol U1401 Pin 4 [VCC, Unspecified, Line]
    @(142.24 mm, 45.72 mm): Symbol #PWR1472 Pin 1 [Power input, Line]
[pin_to_pin]: Pins of type Unspecified and Input are connected
    ; warning
    @(142.24 mm, 63.50 mm): Symbol U1401 Pin 20 [VB1, Unspecified, Line]
    @(146.05 mm, 63.50 mm): Symbol C1427 Pin 2 [2, Input, Line]
[pin_to_pin]: Pins of type Unspecified and Input are connected
    ; warning
    @(142.24 mm, 66.04 mm): Symbol U1401 Pin 17 [VB2, Unspecified, Line]
    @(156.21 mm, 66.04 mm): Symbol C1404 Pin 2 [2, Input, Line]
[pin_to_pin]: Pins of type Unspecified and Input are connected
    ; warning
    @(142.24 mm, 68.58 mm): Symbol U1401 Pin 14 [VB3, Unspecified, Line]
    @(166.37 mm, 68.58 mm): Symbol C1408 Pin 2 [2, Input, Line]
[pin_to_pin]: Pins of type Unspecified and Input are connected
    ; warning
    @(142.24 mm, 76.20 mm): Symbol U1401 Pin 18 [VS1, Unspecified, Line]
    @(153.67 mm, 63.50 mm): Symbol C1427 Pin 1 [1, Input, Line]
[pin_to_pin]: Pins of type Unspecified and Input are connected
    ; warning
    @(142.24 mm, 78.74 mm): Symbol U1401 Pin 15 [VS2, Unspecified, Line]
    @(163.83 mm, 66.04 mm): Symbol C1404 Pin 1 [1, Input, Line]
[pin_to_pin]: Pins of type Unspecified and Input are connected
    ; warning
    @(142.24 mm, 81.28 mm): Symbol U1401 Pin 12 [VS3, Unspecified, Line]
    @(173.99 mm, 68.58 mm): Symbol C1408 Pin 1 [1, Input, Line]
[pin_to_pin]: Pins of type Unspecified and Unspecified are connected
    ; warning
    @(205.74 mm, 85.09 mm): Symbol R1453 Pin 2 [2, Unspecified, Line]
    @(229.87 mm, 85.09 mm): Symbol R1456 Pin 1 [1, Unspecified, Line]
[pin_to_pin]: Pins of type Unspecified and Unspecified are connected
    ; warning
    @(205.74 mm, 95.25 mm): Symbol R1453 Pin 1 [1, Unspecified, Line]
    @(205.74 mm, 99.06 mm): Symbol R1455 Pin 2 [2, Unspecified, Line]
[pin_to_pin]: Pins of type Unspecified and Unspecified are connected
    ; warning
    @(205.74 mm, 99.06 mm): Symbol R1455 Pin 2 [2, Unspecified, Line]
    @(53.34 mm, 93.98 mm): Symbol U1408 Pin 6 [PA0, Unspecified, Line]
[pin_to_pin]: Pins of type Unspecified and Unspecified are connected
    ; warning
    @(205.74 mm, 106.68 mm): Symbol R1454 Pin 2 [2, Unspecified, Line]
    @(205.74 mm, 99.06 mm): Symbol R1455 Pin 2 [2, Unspecified, Line]
[pin_to_pin]: Pins of type Unspecified and Power input are connected
    ; warning
    @(205.74 mm, 116.84 mm): Symbol R1454 Pin 1 [1, Unspecified, Line]
    @(205.74 mm, 116.84 mm): Symbol #PWR1402 Pin 1 [Power input, Line]
[pin_to_pin]: Pins of type Unspecified and Input are connected
    ; warning
    @(215.90 mm, 99.06 mm): Symbol R1455 Pin 1 [1, Unspecified, Line]
    @(153.67 mm, 63.50 mm): Symbol C1427 Pin 1 [1, Input, Line]
[pin_to_pin]: Pins of type Unspecified and Unspecified are connected
    ; warning
    @(229.87 mm, 85.09 mm): Symbol R1456 Pin 1 [1, Unspecified, Line]
    @(254.00 mm, 85.09 mm): Symbol R1459 Pin 1 [1, Unspecified, Line]
[pin_to_pin]: Pins of type Unspecified and Unspecified are connected
    ; warning
    @(229.87 mm, 95.25 mm): Symbol R1456 Pin 2 [2, Unspecified, Line]
    @(229.87 mm, 99.06 mm): Symbol R1458 Pin 2 [2, Unspecified, Line]
[pin_to_pin]: Pins of type Unspecified and Unspecified are connected
    ; warning
    @(229.87 mm, 99.06 mm): Symbol R1458 Pin 2 [2, Unspecified, Line]
    @(53.34 mm, 91.44 mm): Symbol U1408 Pin 10 [PA4, Unspecified, Line]
[pin_to_pin]: Pins of type Unspecified and Unspecified are connected
    ; warning
    @(229.87 mm, 106.68 mm): Symbol R1457 Pin 2 [2, Unspecified, Line]
    @(229.87 mm, 99.06 mm): Symbol R1458 Pin 2 [2, Unspecified, Line]
[pin_to_pin]: Pins of type Unspecified and Power input are connected
    ; warning
    @(229.87 mm, 116.84 mm): Symbol R1457 Pin 1 [1, Unspecified, Line]
    @(229.87 mm, 116.84 mm): Symbol #PWR1403 Pin 1 [Power input, Line]
[pin_to_pin]: Pins of type Unspecified and Input are connected
    ; warning
    @(240.03 mm, 99.06 mm): Symbol R1458 Pin 1 [1, Unspecified, Line]
    @(163.83 mm, 66.04 mm): Symbol C1404 Pin 1 [1, Input, Line]
[pin_to_pin]: Pins of type Unspecified and Unspecified are connected
    ; warning
    @(254.00 mm, 85.09 mm): Symbol R1459 Pin 1 [1, Unspecified, Line]
    @(53.34 mm, 96.52 mm): Symbol U1408 Pin 7 [PA1, Unspecified, Line]
[pin_to_pin]: Pins of type Unspecified and Unspecified are connected
    ; warning
    @(254.00 mm, 95.25 mm): Symbol R1459 Pin 2 [2, Unspecified, Line]
    @(254.00 mm, 99.06 mm): Symbol R1461 Pin 2 [2, Unspecified, Line]
[pin_to_pin]: Pins of type Unspecified and Unspecified are connected
    ; warning
    @(254.00 mm, 99.06 mm): Symbol R1461 Pin 2 [2, Unspecified, Line]
    @(53.34 mm, 88.90 mm): Symbol U1408 Pin 11 [PA5, Unspecified, Line]
[pin_to_pin]: Pins of type Unspecified and Unspecified are connected
    ; warning
    @(254.00 mm, 106.68 mm): Symbol R1460 Pin 2 [2, Unspecified, Line]
    @(254.00 mm, 99.06 mm): Symbol R1461 Pin 2 [2, Unspecified, Line]
[pin_to_pin]: Pins of type Unspecified and Power input are connected
    ; warning
    @(254.00 mm, 116.84 mm): Symbol R1460 Pin 1 [1, Unspecified, Line]
    @(254.00 mm, 116.84 mm): Symbol #PWR1404 Pin 1 [Power input, Line]
[pin_to_pin]: Pins of type Unspecified and Input are connected
    ; warning
    @(264.16 mm, 99.06 mm): Symbol R1461 Pin 1 [1, Unspecified, Line]
    @(173.99 mm, 68.58 mm): Symbol C1408 Pin 1 [1, Input, Line]

***** Sheet /esc_power/
[pin_not_driven]: Input pin not driven by any Output pins
    ; error
    @(74.93 mm, 127.00 mm): Symbol C811 Pin 2 [2, Input, Line]
[pin_not_driven]: Input pin not driven by any Output pins
    ; error
    @(82.55 mm, 127.00 mm): Symbol C811 Pin 1 [1, Input, Line]
[pin_to_pin]: Pins of type Power output and Power output are connected
    ; error
    @(290.83 mm, 77.47 mm): Symbol U805 Pin 4 [GND, Power output, Line]
    @(287.02 mm, 95.25 mm): Symbol U805 Pin 11 [Hole, Power output, Line]
[power_pin_not_driven]: Input Power pin not driven by any Output Power pins
    ; error
    @(294.64 mm, 113.03 mm): Symbol U805 Pin 1 [VBAT, Power input, Line]
[pin_not_driven]: Input pin not driven by any Output pins
    ; error
    @(309.245 mm, 137.16 mm): Symbol C804 Pin 1 [1, Input, Line]
[pin_not_driven]: Input pin not driven by any Output pins
    ; error
    @(335.28 mm, 143.51 mm): Symbol C805 Pin 1 [1, Input, Line]
[pin_to_pin]: Pins of type Unspecified and Power input are connected
    ; warning
    @(53.34 mm, 127.00 mm): Symbol U802 Pin 5 [VIN, Unspecified, Line]
    @(45.72 mm, 123.19 mm): Symbol #PWR830 Pin 1 [Power input, Line]
[pin_to_pin]: Pins of type Unspecified and Unspecified are connected
    ; warning
    @(53.34 mm, 129.54 mm): Symbol U802 Pin 4 [EN, Unspecified, Line]
    @(53.34 mm, 127.00 mm): Symbol U802 Pin 5 [VIN, Unspecified, Line]
[pin_to_pin]: Pins of type Unspecified and Power input are connected
    ; warning
    @(63.50 mm, 142.24 mm): Symbol U802 Pin 2 [GND, Unspecified, Line]
    @(45.72 mm, 146.05 mm): Symbol #PWR816 Pin 1 [Power input, Line]
[pin_to_pin]: Pins of type Unspecified and Input are connected
    ; warning
    @(73.66 mm, 127.00 mm): Symbol U802 Pin 1 [CB, Unspecified, Line]
    @(74.93 mm, 127.00 mm): Symbol C811 Pin 2 [2, Input, Line]
[pin_to_pin]: Pins of type Unspecified and Input are connected
    ; warning
    @(73.66 mm, 132.08 mm): Symbol U802 Pin 6 [SW, Unspecified, Line]
    @(82.55 mm, 127.00 mm): Symbol C811 Pin 1 [1, Input, Line]
[pin_to_pin]: Pins of type Unspecified and Passive are connected
    ; warning
    @(73.66 mm, 137.16 mm): Symbol U802 Pin 3 [FB, Unspecified, Line]
    @(111.76 mm, 139.70 mm): Symbol R801 Pin 2 [Passive, Line]
[pin_to_pin]: Pins of type Unspecified and Input are connected
    ; warning
    @(88.90 mm, 132.08 mm): Symbol U803 Pin 1 [1, Unspecified, Line]
    @(82.55 mm, 127.00 mm): Symbol C811 Pin 1 [1, Input, Line]
[pin_to_pin]: Pins of type Unspecified and Passive are connected
    ; warning
    @(99.06 mm, 132.08 mm): Symbol U803 Pin 2 [2, Unspecified, Line]
    @(111.76 mm, 132.08 mm): Symbol R801 Pin 1 [Passive, Line]
[pin_to_pin]: Pins of type Unspecified and Power input are connected
    ; warning
    @(166.37 mm, 137.16 mm): Symbol U804 Pin 6 [IN, Unspecified, Line]
    @(154.94 mm, 137.16 mm): Symbol #PWR805 Pin 1 [Power input, Line]
[pin_to_pin]: Pins of type Unspecified and Unspecified are connected
    ; warning
    @(166.37 mm, 139.70 mm): Symbol U804 Pin 4 [EN, Unspecified, Line]
    @(166.37 mm, 137.16 mm): Symbol U804 Pin 6 [IN, Unspecified, Line]
[pin_to_pin]: Pins of type Unspecified and Power input are connected
    ; warning
    @(175.26 mm, 147.32 mm): Symbol U804 Pin 3 [GND, Unspecified, Line]
    @(177.80 mm, 147.32 mm): Symbol #PWR820 Pin 1 [Power input, Line]
[pin_to_pin]: Pins of type Unspecified and Power input are connected
    ; warning
    @(177.80 mm, 147.32 mm): Symbol U804 Pin 7 [EP, Unspecified, Line]
    @(177.80 mm, 147.32 mm): Symbol #PWR820 Pin 1 [Power input, Line]
[pin_to_pin]: Pins of type Unspecified and Power input are connected
    ; warning
    @(180.34 mm, 147.32 mm): Symbol U804 Pin 5 [GND, Unspecified, Line]
    @(177.80 mm, 147.32 mm): Symbol #PWR820 Pin 1 [Power input, Line]
[pin_to_pin]: Pins of type Unspecified and Input are connected
    ; warning
    @(189.23 mm, 137.16 mm): Symbol U804 Pin 2 [FB/SNS, Unspecified, Line]
    @(194.31 mm, 138.43 mm): Symbol C813 Pin 1 [1, Input, Line]
[pin_to_pin]: Pins of type Unspecified and Unspecified are connected
    ; warning
    @(189.23 mm, 139.70 mm): Symbol U804 Pin 1 [OUT, Unspecified, Line]
    @(189.23 mm, 137.16 mm): Symbol U804 Pin 2 [FB/SNS, Unspecified, Line]
[multiple_net_names]: Both M4 and MOTOR4 are attached to the same items; M4 will be used in the netlist
    ; warning
    @(238.76 mm, 87.63 mm): Hierarchical Label 'M4'
    @(242.57 mm, 87.63 mm): Hierarchical Label 'MOTOR4'
[multiple_net_names]: Both M3 and MOTOR3 are attached to the same items; M3 will be used in the netlist
    ; warning
    @(303.53 mm, 72.39 mm): Hierarchical Label 'M3'
    @(242.57 mm, 104.14 mm): Hierarchical Label 'MOTOR3'
[pin_to_pin]: Pins of type Unspecified and Passive are connected
    ; warning
    @(297.18 mm, 137.16 mm): Symbol R804 Pin 2 [2, Unspecified, Line]
    @(294.64 mm, 137.16 mm): Symbol Rsense801 Pin 2 [Passive, Line]
[pin_to_pin]: Pins of type Unspecified and Input are connected
    ; warning
    @(307.34 mm, 137.16 mm): Symbol R804 Pin 1 [1, Unspecified, Line]
    @(309.245 mm, 137.16 mm): Symbol C804 Pin 1 [1, Input, Line]
[pin_to_pin]: Pins of type Unspecified and Passive are connected
    ; warning
    @(323.215 mm, 143.51 mm): Symbol R805 Pin 2 [2, Unspecified, Line]
    @(294.64 mm, 129.54 mm): Symbol Rsense801 Pin 1 [Passive, Line]
[pin_to_pin]: Pins of type Unspecified and Input are connected
    ; warning
    @(333.375 mm, 143.51 mm): Symbol R805 Pin 1 [1, Unspecified, Line]
    @(335.28 mm, 143.51 mm): Symbol C805 Pin 1 [1, Input, Line]
[pin_to_pin]: Pins of type Unspecified and Input are connected
    ; warning
    @(338.455 mm, 138.43 mm): Symbol U801 Pin 5 [-IN, Unspecified, Line]
    @(335.28 mm, 135.89 mm): Symbol C806 Pin 1 [1, Input, Line]
[pin_to_pin]: Pins of type Unspecified and Input are connected
    ; warning
    @(338.455 mm, 143.51 mm): Symbol U801 Pin 4 [+IN, Unspecified, Line]
    @(335.28 mm, 143.51 mm): Symbol C805 Pin 1 [1, Input, Line]
[pin_to_pin]: Pins of type Unspecified and Power input are connected
    ; warning
    @(342.90 mm, 52.07 mm): Symbol J801 Pin 1 [1, Unspecified, Line]
    @(331.47 mm, 49.53 mm): Symbol #PWR812 Pin 1 [Power input, Line]
[pin_to_pin]: Pins of type Unspecified and Power input are connected
    ; warning
    @(342.90 mm, 54.61 mm): Symbol J801 Pin 2 [2, Unspecified, Line]
    @(353.06 mm, 46.99 mm): Symbol #PWR822 Pin 1 [Power input, Line]
[pin_to_pin]: Pins of type Unspecified and Output are connected
    ; warning
    @(342.90 mm, 57.15 mm): Symbol J801 Pin 3 [3, Unspecified, Line]
    @(293.37 mm, 77.47 mm): Symbol U805 Pin 5 [CUR, Output, Line]
[pin_to_pin]: Pins of type Unspecified and Input are connected
    ; warning
    @(342.90 mm, 62.23 mm): Symbol J801 Pin 5 [5, Unspecified, Line]
    @(298.45 mm, 77.47 mm): Symbol U805 Pin 7 [M1, Input, Line]
[pin_to_pin]: Pins of type Unspecified and Input are connected
    ; warning
    @(342.90 mm, 64.77 mm): Symbol J801 Pin 6 [6, Unspecified, Line]
    @(300.99 mm, 77.47 mm): Symbol U805 Pin 8 [M2, Input, Line]
[pin_to_pin]: Pins of type Unspecified and Input are connected
    ; warning
    @(342.90 mm, 67.31 mm): Symbol J801 Pin 7 [7, Unspecified, Line]
    @(303.53 mm, 77.47 mm): Symbol U805 Pin 9 [M3, Input, Line]
[pin_to_pin]: Pins of type Unspecified and Input are connected
    ; warning
    @(342.90 mm, 69.85 mm): Symbol J801 Pin 8 [8, Unspecified, Line]
    @(306.07 mm, 77.47 mm): Symbol U805 Pin 10 [M4, Input, Line]
[multiple_net_names]: Both M2 and MOTOR2 are attached to the same items; M2 will be used in the netlist
    ; warning
    @(332.74 mm, 64.77 mm): Hierarchical Label 'M2'
    @(351.79 mm, 87.63 mm): Hierarchical Label 'MOTOR2'
[multiple_net_names]: Both M1 and MOTOR1 are attached to the same items; M1 will be used in the netlist
    ; warning
    @(355.60 mm, 106.68 mm): Hierarchical Label 'M1'
    @(351.79 mm, 106.68 mm): Hierarchical Label 'MOTOR1'
[pin_to_pin]: Pins of type Unspecified and Power input are connected
    ; warning
    @(358.775 mm, 135.89 mm): Symbol U801 Pin 1 [REF, Unspecified, Line]
    @(358.775 mm, 135.89 mm): Symbol #PWR825 Pin 1 [Power input, Line]
[pin_to_pin]: Pins of type Unspecified and Output are connected
    ; warning
    @(365.125 mm, 140.97 mm): Symbol R803 Pin 2 [2, Unspecified, Line]
    @(358.775 mm, 140.97 mm): Symbol U801 Pin 6 [OUT, Output, Line]
[pin_to_pin]: Pins of type Unspecified and Input are connected
    ; warning
    @(375.285 mm, 140.97 mm): Symbol R803 Pin 1 [1, Unspecified, Line]
    @(379.095 mm, 140.97 mm): Symbol C816 Pin 1 [1, Input, Line]

 ** ERC messages: 576  Errors 30  Warnings 546

 ** Ignored checks:
    - Global label only appears once in the schematic
    - Four connection points are joined together
    - SPICE model issue
    - Assigned footprint doesn't match footprint filters
