ISO-10303-21;
HEADER;
FILE_DESCRIPTION(('Open CASCADE Model'),'2;1');
FILE_NAME('Open CASCADE Shape Model','2026-08-29T22:27:53',('Author'),(
    'Open CASCADE'),'Open CASCADE STEP processor 7.9','Open CASCADE 7.9'
  ,'Unknown');
FILE_SCHEMA(('AUTOMOTIVE_DESIGN { 1 0 10303 214 1 1 1 1 }'));
ENDSEC;
DATA;
#1 = APPLICATION_PROTOCOL_DEFINITION('international standard',
  'automotive_design',2000,#2);
#2 = APPLICATION_CONTEXT(
  'core data for automotive mechanical design processes');
#3 = SHAPE_DEFINITION_REPRESENTATION(#4,#10);
#4 = PRODUCT_DEFINITION_SHAPE('','',#5);
#5 = PRODUCT_DEFINITION('design','',#6,#9);
#6 = PRODUCT_DEFINITION_FORMATION('','',#7);
#7 = PRODUCT('WDFN-6_L2.0-W2.0-H0.8-P0.65','WDFN-6_L2.0-W2.0-H0.8-P0.65'
  ,'',(#8));
#8 = PRODUCT_CONTEXT('',#2,'mechanical');
#9 = PRODUCT_DEFINITION_CONTEXT('part definition',#2,'design');
#10 = SHAPE_REPRESENTATION('',(#11,#15,#78,#1228,#3986,#4631,#4979,#6129
    ,#7044,#7323,#7440,#7530,#7776,#7992,#8208,#8454,#8700,#8946,#9129,
    #9685,#10868,#11282,#12698,#12914,#12968,#13040),#13211);
#11 = AXIS2_PLACEMENT_3D('',#12,#13,#14);
#12 = CARTESIAN_POINT('',(0.,0.,0.));
#13 = DIRECTION('',(0.,0.,1.));
#14 = DIRECTION('',(1.,0.,-0.));
#15 = MANIFOLD_SOLID_BREP('',#16);
#16 = CLOSED_SHELL('',(#17,#65));
#17 = ADVANCED_FACE('',(#18),#60,.F.);
#18 = FACE_BOUND('',#19,.F.);
#19 = EDGE_LOOP('',(#20,#30,#38,#46,#54));
#20 = ORIENTED_EDGE('',*,*,#21,.T.);
#21 = EDGE_CURVE('',#22,#24,#26,.T.);
#22 = VERTEX_POINT('',#23);
#23 = CARTESIAN_POINT('',(-0.500126,0.599948,0.));
#24 = VERTEX_POINT('',#25);
#25 = CARTESIAN_POINT('',(-0.299974,0.8001,0.));
#26 = LINE('',#27,#28);
#27 = CARTESIAN_POINT('',(-0.500126,0.599948,0.));
#28 = VECTOR('',#29,1.);
#29 = DIRECTION('',(0.707106781187,0.707106781187,0.));
#30 = ORIENTED_EDGE('',*,*,#31,.F.);
#31 = EDGE_CURVE('',#32,#24,#34,.T.);
#32 = VERTEX_POINT('',#33);
#33 = CARTESIAN_POINT('',(0.500126,0.8001,0.));
#34 = LINE('',#35,#36);
#35 = CARTESIAN_POINT('',(0.500126,0.8001,0.));
#36 = VECTOR('',#37,1.);
#37 = DIRECTION('',(-1.,0.,0.));
#38 = ORIENTED_EDGE('',*,*,#39,.F.);
#39 = EDGE_CURVE('',#40,#32,#42,.T.);
#40 = VERTEX_POINT('',#41);
#41 = CARTESIAN_POINT('',(0.500126,-0.8001,0.));
#42 = LINE('',#43,#44);
#43 = CARTESIAN_POINT('',(0.500126,-0.8001,0.));
#44 = VECTOR('',#45,1.);
#45 = DIRECTION('',(0.,1.,0.));
#46 = ORIENTED_EDGE('',*,*,#47,.F.);
#47 = EDGE_CURVE('',#48,#40,#50,.T.);
#48 = VERTEX_POINT('',#49);
#49 = CARTESIAN_POINT('',(-0.500126,-0.8001,0.));
#50 = LINE('',#51,#52);
#51 = CARTESIAN_POINT('',(-0.500126,-0.8001,0.));
#52 = VECTOR('',#53,1.);
#53 = DIRECTION('',(1.,0.,0.));
#54 = ORIENTED_EDGE('',*,*,#55,.F.);
#55 = EDGE_CURVE('',#22,#48,#56,.T.);
#56 = LINE('',#57,#58);
#57 = CARTESIAN_POINT('',(-0.500126,0.599948,0.));
#58 = VECTOR('',#59,1.);
#59 = DIRECTION('',(0.,-1.,0.));
#60 = PLANE('',#61);
#61 = AXIS2_PLACEMENT_3D('',#62,#63,#64);
#62 = CARTESIAN_POINT('',(-0.301416259323,0.722515439608,0.));
#63 = DIRECTION('',(-0.,-0.,-1.));
#64 = DIRECTION('',(-1.,0.,0.));
#65 = ADVANCED_FACE('',(#66),#73,.T.);
#66 = FACE_BOUND('',#67,.T.);
#67 = EDGE_LOOP('',(#68,#69,#70,#71,#72));
#68 = ORIENTED_EDGE('',*,*,#21,.T.);
#69 = ORIENTED_EDGE('',*,*,#31,.F.);
#70 = ORIENTED_EDGE('',*,*,#39,.F.);
#71 = ORIENTED_EDGE('',*,*,#47,.F.);
#72 = ORIENTED_EDGE('',*,*,#55,.F.);
#73 = PLANE('',#74);
#74 = AXIS2_PLACEMENT_3D('',#75,#76,#77);
#75 = CARTESIAN_POINT('',(-0.301416259323,0.722515439608,0.));
#76 = DIRECTION('',(-0.,-0.,-1.));
#77 = DIRECTION('',(-1.,0.,0.));
#78 = MANIFOLD_SOLID_BREP('',#79);
#79 = CLOSED_SHELL('',(#80,#120,#311,#342,#366,#390,#414,#438,#462,#486,
    #510,#534,#558,#582,#606,#630,#654,#678,#702,#726,#750,#774,#798,
    #822,#839,#910,#941,#1044,#1067,#1083,#1106,#1122,#1145,#1161,#1184,
    #1201,#1216));
#80 = ADVANCED_FACE('',(#81),#115,.T.);
#81 = FACE_BOUND('',#82,.T.);
#82 = EDGE_LOOP('',(#83,#93,#101,#109));
#83 = ORIENTED_EDGE('',*,*,#84,.T.);
#84 = EDGE_CURVE('',#85,#87,#89,.T.);
#85 = VERTEX_POINT('',#86);
#86 = CARTESIAN_POINT('',(-0.575056,0.700024,0.78994));
#87 = VERTEX_POINT('',#88);
#88 = CARTESIAN_POINT('',(-0.575056,0.700024,0.810006));
#89 = LINE('',#90,#91);
#90 = CARTESIAN_POINT('',(-0.575056,0.700024,0.78994));
#91 = VECTOR('',#92,1.);
#92 = DIRECTION('',(0.,0.,1.));
#93 = ORIENTED_EDGE('',*,*,#94,.F.);
#94 = EDGE_CURVE('',#95,#87,#97,.T.);
#95 = VERTEX_POINT('',#96);
#96 = CARTESIAN_POINT('',(-0.579374,0.732282,0.810006));
#97 = LINE('',#98,#99);
#98 = CARTESIAN_POINT('',(-0.579374,0.732282,0.810006));
#99 = VECTOR('',#100,1.);
#100 = DIRECTION('',(0.132674908172,-0.991159608106,0.));
#101 = ORIENTED_EDGE('',*,*,#102,.T.);
#102 = EDGE_CURVE('',#95,#103,#105,.T.);
#103 = VERTEX_POINT('',#104);
#104 = CARTESIAN_POINT('',(-0.579374,0.732282,0.78994));
#105 = LINE('',#106,#107);
#106 = CARTESIAN_POINT('',(-0.579374,0.732282,0.810006));
#107 = VECTOR('',#108,1.);
#108 = DIRECTION('',(0.,0.,-1.));
#109 = ORIENTED_EDGE('',*,*,#110,.T.);
#110 = EDGE_CURVE('',#103,#85,#111,.T.);
#111 = LINE('',#112,#113);
#112 = CARTESIAN_POINT('',(-0.579374,0.732282,0.78994));
#113 = VECTOR('',#114,1.);
#114 = DIRECTION('',(0.132674908172,-0.991159608106,0.));
#115 = PLANE('',#116);
#116 = AXIS2_PLACEMENT_3D('',#117,#118,#119);
#117 = CARTESIAN_POINT('',(-0.576738122137,0.712590441846,0.796378666529
    ));
#118 = DIRECTION('',(-0.991159608106,-0.132674908172,-0.));
#119 = DIRECTION('',(0.132674908172,-0.991159608106,0.));
#120 = ADVANCED_FACE('',(#121),#306,.T.);
#121 = FACE_BOUND('',#122,.T.);
#122 = EDGE_LOOP('',(#123,#133,#139,#140,#148,#156,#164,#172,#180,#188,
    #196,#204,#212,#220,#228,#236,#244,#252,#260,#268,#276,#284,#292,
    #300));
#123 = ORIENTED_EDGE('',*,*,#124,.F.);
#124 = EDGE_CURVE('',#125,#127,#129,.T.);
#125 = VERTEX_POINT('',#126);
#126 = CARTESIAN_POINT('',(-0.579374,0.667766,0.78994));
#127 = VERTEX_POINT('',#128);
#128 = CARTESIAN_POINT('',(-0.59182,0.63754,0.78994));
#129 = LINE('',#130,#131);
#130 = CARTESIAN_POINT('',(-0.579374,0.667766,0.78994));
#131 = VECTOR('',#132,1.);
#132 = DIRECTION('',(-0.380749805254,-0.924678098475,0.));
#133 = ORIENTED_EDGE('',*,*,#134,.F.);
#134 = EDGE_CURVE('',#85,#125,#135,.T.);
#135 = LINE('',#136,#137);
#136 = CARTESIAN_POINT('',(-0.575056,0.700024,0.78994));
#137 = VECTOR('',#138,1.);
#138 = DIRECTION('',(-0.132674908172,-0.991159608106,0.));
#139 = ORIENTED_EDGE('',*,*,#110,.F.);
#140 = ORIENTED_EDGE('',*,*,#141,.F.);
#141 = EDGE_CURVE('',#142,#103,#144,.T.);
#142 = VERTEX_POINT('',#143);
#143 = CARTESIAN_POINT('',(-0.59182,0.762508,0.78994));
#144 = LINE('',#145,#146);
#145 = CARTESIAN_POINT('',(-0.59182,0.762508,0.78994));
#146 = VECTOR('',#147,1.);
#147 = DIRECTION('',(0.380749805254,-0.924678098475,0.));
#148 = ORIENTED_EDGE('',*,*,#149,.F.);
#149 = EDGE_CURVE('',#150,#142,#152,.T.);
#150 = VERTEX_POINT('',#151);
#151 = CARTESIAN_POINT('',(-0.611632,0.788416,0.78994));
#152 = LINE('',#153,#154);
#153 = CARTESIAN_POINT('',(-0.611632,0.788416,0.78994));
#154 = VECTOR('',#155,1.);
#155 = DIRECTION('',(0.607450107571,-0.794357832977,0.));
#156 = ORIENTED_EDGE('',*,*,#157,.F.);
#157 = EDGE_CURVE('',#158,#150,#160,.T.);
#158 = VERTEX_POINT('',#159);
#159 = CARTESIAN_POINT('',(-0.63754,0.808228,0.78994));
#160 = LINE('',#161,#162);
#161 = CARTESIAN_POINT('',(-0.63754,0.808228,0.78994));
#162 = VECTOR('',#163,1.);
#163 = DIRECTION('',(0.794357832977,-0.607450107571,0.));
#164 = ORIENTED_EDGE('',*,*,#165,.F.);
#165 = EDGE_CURVE('',#166,#158,#168,.T.);
#166 = VERTEX_POINT('',#167);
#167 = CARTESIAN_POINT('',(-0.667766,0.820674,0.78994));
#168 = LINE('',#169,#170);
#169 = CARTESIAN_POINT('',(-0.667766,0.820674,0.78994));
#170 = VECTOR('',#171,1.);
#171 = DIRECTION('',(0.924678098475,-0.380749805254,0.));
#172 = ORIENTED_EDGE('',*,*,#173,.F.);
#173 = EDGE_CURVE('',#174,#166,#176,.T.);
#174 = VERTEX_POINT('',#175);
#175 = CARTESIAN_POINT('',(-0.700024,0.824992,0.78994));
#176 = LINE('',#177,#178);
#177 = CARTESIAN_POINT('',(-0.700024,0.824992,0.78994));
#178 = VECTOR('',#179,1.);
#179 = DIRECTION('',(0.991159608106,-0.132674908172,0.));
#180 = ORIENTED_EDGE('',*,*,#181,.F.);
#181 = EDGE_CURVE('',#182,#174,#184,.T.);
#182 = VERTEX_POINT('',#183);
#183 = CARTESIAN_POINT('',(-0.732282,0.820674,0.78994));
#184 = LINE('',#185,#186);
#185 = CARTESIAN_POINT('',(-0.732282,0.820674,0.78994));
#186 = VECTOR('',#187,1.);
#187 = DIRECTION('',(0.991159608106,0.132674908172,0.));
#188 = ORIENTED_EDGE('',*,*,#189,.F.);
#189 = EDGE_CURVE('',#190,#182,#192,.T.);
#190 = VERTEX_POINT('',#191);
#191 = CARTESIAN_POINT('',(-0.762508,0.808228,0.78994));
#192 = LINE('',#193,#194);
#193 = CARTESIAN_POINT('',(-0.762508,0.808228,0.78994));
#194 = VECTOR('',#195,1.);
#195 = DIRECTION('',(0.924678098475,0.380749805254,0.));
#196 = ORIENTED_EDGE('',*,*,#197,.F.);
#197 = EDGE_CURVE('',#198,#190,#200,.T.);
#198 = VERTEX_POINT('',#199);
#199 = CARTESIAN_POINT('',(-0.788416,0.788416,0.78994));
#200 = LINE('',#201,#202);
#201 = CARTESIAN_POINT('',(-0.788416,0.788416,0.78994));
#202 = VECTOR('',#203,1.);
#203 = DIRECTION('',(0.794357832977,0.607450107571,0.));
#204 = ORIENTED_EDGE('',*,*,#205,.F.);
#205 = EDGE_CURVE('',#206,#198,#208,.T.);
#206 = VERTEX_POINT('',#207);
#207 = CARTESIAN_POINT('',(-0.808228,0.762508,0.78994));
#208 = LINE('',#209,#210);
#209 = CARTESIAN_POINT('',(-0.808228,0.762508,0.78994));
#210 = VECTOR('',#211,1.);
#211 = DIRECTION('',(0.607450107571,0.794357832977,0.));
#212 = ORIENTED_EDGE('',*,*,#213,.F.);
#213 = EDGE_CURVE('',#214,#206,#216,.T.);
#214 = VERTEX_POINT('',#215);
#215 = CARTESIAN_POINT('',(-0.820674,0.732282,0.78994));
#216 = LINE('',#217,#218);
#217 = CARTESIAN_POINT('',(-0.820674,0.732282,0.78994));
#218 = VECTOR('',#219,1.);
#219 = DIRECTION('',(0.380749805254,0.924678098475,0.));
#220 = ORIENTED_EDGE('',*,*,#221,.F.);
#221 = EDGE_CURVE('',#222,#214,#224,.T.);
#222 = VERTEX_POINT('',#223);
#223 = CARTESIAN_POINT('',(-0.824992,0.700024,0.78994));
#224 = LINE('',#225,#226);
#225 = CARTESIAN_POINT('',(-0.824992,0.700024,0.78994));
#226 = VECTOR('',#227,1.);
#227 = DIRECTION('',(0.132674908172,0.991159608106,0.));
#228 = ORIENTED_EDGE('',*,*,#229,.F.);
#229 = EDGE_CURVE('',#230,#222,#232,.T.);
#230 = VERTEX_POINT('',#231);
#231 = CARTESIAN_POINT('',(-0.820674,0.667766,0.78994));
#232 = LINE('',#233,#234);
#233 = CARTESIAN_POINT('',(-0.820674,0.667766,0.78994));
#234 = VECTOR('',#235,1.);
#235 = DIRECTION('',(-0.132674908172,0.991159608106,0.));
#236 = ORIENTED_EDGE('',*,*,#237,.F.);
#237 = EDGE_CURVE('',#238,#230,#240,.T.);
#238 = VERTEX_POINT('',#239);
#239 = CARTESIAN_POINT('',(-0.808228,0.63754,0.78994));
#240 = LINE('',#241,#242);
#241 = CARTESIAN_POINT('',(-0.808228,0.63754,0.78994));
#242 = VECTOR('',#243,1.);
#243 = DIRECTION('',(-0.380749805254,0.924678098475,0.));
#244 = ORIENTED_EDGE('',*,*,#245,.F.);
#245 = EDGE_CURVE('',#246,#238,#248,.T.);
#246 = VERTEX_POINT('',#247);
#247 = CARTESIAN_POINT('',(-0.788416,0.611632,0.78994));
#248 = LINE('',#249,#250);
#249 = CARTESIAN_POINT('',(-0.788416,0.611632,0.78994));
#250 = VECTOR('',#251,1.);
#251 = DIRECTION('',(-0.607450107571,0.794357832977,0.));
#252 = ORIENTED_EDGE('',*,*,#253,.F.);
#253 = EDGE_CURVE('',#254,#246,#256,.T.);
#254 = VERTEX_POINT('',#255);
#255 = CARTESIAN_POINT('',(-0.762508,0.59182,0.78994));
#256 = LINE('',#257,#258);
#257 = CARTESIAN_POINT('',(-0.762508,0.59182,0.78994));
#258 = VECTOR('',#259,1.);
#259 = DIRECTION('',(-0.794357832977,0.607450107571,0.));
#260 = ORIENTED_EDGE('',*,*,#261,.F.);
#261 = EDGE_CURVE('',#262,#254,#264,.T.);
#262 = VERTEX_POINT('',#263);
#263 = CARTESIAN_POINT('',(-0.732282,0.579374,0.78994));
#264 = LINE('',#265,#266);
#265 = CARTESIAN_POINT('',(-0.732282,0.579374,0.78994));
#266 = VECTOR('',#267,1.);
#267 = DIRECTION('',(-0.924678098475,0.380749805254,0.));
#268 = ORIENTED_EDGE('',*,*,#269,.F.);
#269 = EDGE_CURVE('',#270,#262,#272,.T.);
#270 = VERTEX_POINT('',#271);
#271 = CARTESIAN_POINT('',(-0.700024,0.575056,0.78994));
#272 = LINE('',#273,#274);
#273 = CARTESIAN_POINT('',(-0.700024,0.575056,0.78994));
#274 = VECTOR('',#275,1.);
#275 = DIRECTION('',(-0.991159608106,0.132674908172,0.));
#276 = ORIENTED_EDGE('',*,*,#277,.F.);
#277 = EDGE_CURVE('',#278,#270,#280,.T.);
#278 = VERTEX_POINT('',#279);
#279 = CARTESIAN_POINT('',(-0.667766,0.579374,0.78994));
#280 = LINE('',#281,#282);
#281 = CARTESIAN_POINT('',(-0.667766,0.579374,0.78994));
#282 = VECTOR('',#283,1.);
#283 = DIRECTION('',(-0.991159608106,-0.132674908172,0.));
#284 = ORIENTED_EDGE('',*,*,#285,.F.);
#285 = EDGE_CURVE('',#286,#278,#288,.T.);
#286 = VERTEX_POINT('',#287);
#287 = CARTESIAN_POINT('',(-0.63754,0.59182,0.78994));
#288 = LINE('',#289,#290);
#289 = CARTESIAN_POINT('',(-0.63754,0.59182,0.78994));
#290 = VECTOR('',#291,1.);
#291 = DIRECTION('',(-0.924678098475,-0.380749805254,0.));
#292 = ORIENTED_EDGE('',*,*,#293,.F.);
#293 = EDGE_CURVE('',#294,#286,#296,.T.);
#294 = VERTEX_POINT('',#295);
#295 = CARTESIAN_POINT('',(-0.611632,0.611632,0.78994));
#296 = LINE('',#297,#298);
#297 = CARTESIAN_POINT('',(-0.611632,0.611632,0.78994));
#298 = VECTOR('',#299,1.);
#299 = DIRECTION('',(-0.794357832977,-0.607450107571,0.));
#300 = ORIENTED_EDGE('',*,*,#301,.F.);
#301 = EDGE_CURVE('',#127,#294,#302,.T.);
#302 = LINE('',#303,#304);
#303 = CARTESIAN_POINT('',(-0.59182,0.63754,0.78994));
#304 = VECTOR('',#305,1.);
#305 = DIRECTION('',(-0.607450107571,-0.794357832977,0.));
#306 = PLANE('',#307);
#307 = AXIS2_PLACEMENT_3D('',#308,#309,#310);
#308 = CARTESIAN_POINT('',(-0.636191588685,0.673596449548,0.78994));
#309 = DIRECTION('',(0.,0.,1.));
#310 = DIRECTION('',(1.,0.,-0.));
#311 = ADVANCED_FACE('',(#312),#337,.T.);
#312 = FACE_BOUND('',#313,.T.);
#313 = EDGE_LOOP('',(#314,#322,#330,#336));
#314 = ORIENTED_EDGE('',*,*,#315,.F.);
#315 = EDGE_CURVE('',#316,#294,#318,.T.);
#316 = VERTEX_POINT('',#317);
#317 = CARTESIAN_POINT('',(-0.611632,0.611632,0.810006));
#318 = LINE('',#319,#320);
#319 = CARTESIAN_POINT('',(-0.611632,0.611632,0.810006));
#320 = VECTOR('',#321,1.);
#321 = DIRECTION('',(0.,0.,-1.));
#322 = ORIENTED_EDGE('',*,*,#323,.F.);
#323 = EDGE_CURVE('',#324,#316,#326,.T.);
#324 = VERTEX_POINT('',#325);
#325 = CARTESIAN_POINT('',(-0.59182,0.63754,0.810006));
#326 = LINE('',#327,#328);
#327 = CARTESIAN_POINT('',(-0.59182,0.63754,0.810006));
#328 = VECTOR('',#329,1.);
#329 = DIRECTION('',(-0.607450107571,-0.794357832977,0.));
#330 = ORIENTED_EDGE('',*,*,#331,.T.);
#331 = EDGE_CURVE('',#324,#127,#332,.T.);
#332 = LINE('',#333,#334);
#333 = CARTESIAN_POINT('',(-0.59182,0.63754,0.810006));
#334 = VECTOR('',#335,1.);
#335 = DIRECTION('',(0.,0.,-1.));
#336 = ORIENTED_EDGE('',*,*,#301,.T.);
#337 = PLANE('',#338);
#338 = AXIS2_PLACEMENT_3D('',#339,#340,#341);
#339 = CARTESIAN_POINT('',(-0.603910941611,0.621728768663,0.79637609289)
  );
#340 = DIRECTION('',(-0.794357832977,0.607450107571,2.542557167492E-16)
  );
#341 = DIRECTION('',(-0.607450107571,-0.794357832977,-1.756959147247E-33
    ));
#342 = ADVANCED_FACE('',(#343),#361,.T.);
#343 = FACE_BOUND('',#344,.T.);
#344 = EDGE_LOOP('',(#345,#353,#359,#360));
#345 = ORIENTED_EDGE('',*,*,#346,.F.);
#346 = EDGE_CURVE('',#347,#286,#349,.T.);
#347 = VERTEX_POINT('',#348);
#348 = CARTESIAN_POINT('',(-0.63754,0.59182,0.810006));
#349 = LINE('',#350,#351);
#350 = CARTESIAN_POINT('',(-0.63754,0.59182,0.810006));
#351 = VECTOR('',#352,1.);
#352 = DIRECTION('',(0.,0.,-1.));
#353 = ORIENTED_EDGE('',*,*,#354,.F.);
#354 = EDGE_CURVE('',#316,#347,#355,.T.);
#355 = LINE('',#356,#357);
#356 = CARTESIAN_POINT('',(-0.611632,0.611632,0.810006));
#357 = VECTOR('',#358,1.);
#358 = DIRECTION('',(-0.794357832977,-0.607450107571,0.));
#359 = ORIENTED_EDGE('',*,*,#315,.T.);
#360 = ORIENTED_EDGE('',*,*,#293,.T.);
#361 = PLANE('',#362);
#362 = AXIS2_PLACEMENT_3D('',#363,#364,#365);
#363 = CARTESIAN_POINT('',(-0.627443231337,0.599541058389,0.79637609289)
  );
#364 = DIRECTION('',(-0.607450107571,0.794357832977,-1.611516511847E-16)
  );
#365 = DIRECTION('',(0.794357832977,0.607450107571,1.436881377415E-32));
#366 = ADVANCED_FACE('',(#367),#385,.T.);
#367 = FACE_BOUND('',#368,.T.);
#368 = EDGE_LOOP('',(#369,#377,#383,#384));
#369 = ORIENTED_EDGE('',*,*,#370,.F.);
#370 = EDGE_CURVE('',#371,#278,#373,.T.);
#371 = VERTEX_POINT('',#372);
#372 = CARTESIAN_POINT('',(-0.667766,0.579374,0.810006));
#373 = LINE('',#374,#375);
#374 = CARTESIAN_POINT('',(-0.667766,0.579374,0.810006));
#375 = VECTOR('',#376,1.);
#376 = DIRECTION('',(0.,0.,-1.));
#377 = ORIENTED_EDGE('',*,*,#378,.F.);
#378 = EDGE_CURVE('',#347,#371,#379,.T.);
#379 = LINE('',#380,#381);
#380 = CARTESIAN_POINT('',(-0.63754,0.59182,0.810006));
#381 = VECTOR('',#382,1.);
#382 = DIRECTION('',(-0.924678098475,-0.380749805254,0.));
#383 = ORIENTED_EDGE('',*,*,#346,.T.);
#384 = ORIENTED_EDGE('',*,*,#285,.T.);
#385 = PLANE('',#386);
#386 = AXIS2_PLACEMENT_3D('',#387,#388,#389);
#387 = CARTESIAN_POINT('',(-0.655981482888,0.584226448223,0.79637338745)
  );
#388 = DIRECTION('',(-0.380749805254,0.924678098475,0.));
#389 = DIRECTION('',(0.924678098475,0.380749805254,0.));
#390 = ADVANCED_FACE('',(#391),#409,.T.);
#391 = FACE_BOUND('',#392,.T.);
#392 = EDGE_LOOP('',(#393,#401,#407,#408));
#393 = ORIENTED_EDGE('',*,*,#394,.F.);
#394 = EDGE_CURVE('',#395,#270,#397,.T.);
#395 = VERTEX_POINT('',#396);
#396 = CARTESIAN_POINT('',(-0.700024,0.575056,0.810006));
#397 = LINE('',#398,#399);
#398 = CARTESIAN_POINT('',(-0.700024,0.575056,0.810006));
#399 = VECTOR('',#400,1.);
#400 = DIRECTION('',(0.,0.,-1.));
#401 = ORIENTED_EDGE('',*,*,#402,.F.);
#402 = EDGE_CURVE('',#371,#395,#403,.T.);
#403 = LINE('',#404,#405);
#404 = CARTESIAN_POINT('',(-0.667766,0.579374,0.810006));
#405 = VECTOR('',#406,1.);
#406 = DIRECTION('',(-0.991159608106,-0.132674908172,0.));
#407 = ORIENTED_EDGE('',*,*,#370,.T.);
#408 = ORIENTED_EDGE('',*,*,#277,.T.);
#409 = PLANE('',#410);
#410 = AXIS2_PLACEMENT_3D('',#411,#412,#413);
#411 = CARTESIAN_POINT('',(-0.687457558154,0.576738122137,0.796378666529
    ));
#412 = DIRECTION('',(-0.132674908172,0.991159608106,0.));
#413 = DIRECTION('',(0.991159608106,0.132674908172,0.));
#414 = ADVANCED_FACE('',(#415),#433,.T.);
#415 = FACE_BOUND('',#416,.T.);
#416 = EDGE_LOOP('',(#417,#425,#431,#432));
#417 = ORIENTED_EDGE('',*,*,#418,.F.);
#418 = EDGE_CURVE('',#419,#262,#421,.T.);
#419 = VERTEX_POINT('',#420);
#420 = CARTESIAN_POINT('',(-0.732282,0.579374,0.810006));
#421 = LINE('',#422,#423);
#422 = CARTESIAN_POINT('',(-0.732282,0.579374,0.810006));
#423 = VECTOR('',#424,1.);
#424 = DIRECTION('',(0.,0.,-1.));
#425 = ORIENTED_EDGE('',*,*,#426,.F.);
#426 = EDGE_CURVE('',#395,#419,#427,.T.);
#427 = LINE('',#428,#429);
#428 = CARTESIAN_POINT('',(-0.700024,0.575056,0.810006));
#429 = VECTOR('',#430,1.);
#430 = DIRECTION('',(-0.991159608106,0.132674908172,0.));
#431 = ORIENTED_EDGE('',*,*,#394,.T.);
#432 = ORIENTED_EDGE('',*,*,#269,.T.);
#433 = PLANE('',#434);
#434 = AXIS2_PLACEMENT_3D('',#435,#436,#437);
#435 = CARTESIAN_POINT('',(-0.719715558154,0.577691877863,0.796378666529
    ));
#436 = DIRECTION('',(0.132674908172,0.991159608106,0.));
#437 = DIRECTION('',(0.991159608106,-0.132674908172,0.));
#438 = ADVANCED_FACE('',(#439),#457,.T.);
#439 = FACE_BOUND('',#440,.T.);
#440 = EDGE_LOOP('',(#441,#449,#455,#456));
#441 = ORIENTED_EDGE('',*,*,#442,.F.);
#442 = EDGE_CURVE('',#443,#254,#445,.T.);
#443 = VERTEX_POINT('',#444);
#444 = CARTESIAN_POINT('',(-0.762508,0.59182,0.810006));
#445 = LINE('',#446,#447);
#446 = CARTESIAN_POINT('',(-0.762508,0.59182,0.810006));
#447 = VECTOR('',#448,1.);
#448 = DIRECTION('',(0.,0.,-1.));
#449 = ORIENTED_EDGE('',*,*,#450,.F.);
#450 = EDGE_CURVE('',#419,#443,#451,.T.);
#451 = LINE('',#452,#453);
#452 = CARTESIAN_POINT('',(-0.732282,0.579374,0.810006));
#453 = VECTOR('',#454,1.);
#454 = DIRECTION('',(-0.924678098475,0.380749805254,0.));
#455 = ORIENTED_EDGE('',*,*,#418,.T.);
#456 = ORIENTED_EDGE('',*,*,#261,.T.);
#457 = PLANE('',#458);
#458 = AXIS2_PLACEMENT_3D('',#459,#460,#461);
#459 = CARTESIAN_POINT('',(-0.750723482888,0.586967551777,0.79637338745)
  );
#460 = DIRECTION('',(0.380749805254,0.924678098475,0.));
#461 = DIRECTION('',(0.924678098475,-0.380749805254,0.));
#462 = ADVANCED_FACE('',(#463),#481,.T.);
#463 = FACE_BOUND('',#464,.T.);
#464 = EDGE_LOOP('',(#465,#473,#479,#480));
#465 = ORIENTED_EDGE('',*,*,#466,.F.);
#466 = EDGE_CURVE('',#467,#246,#469,.T.);
#467 = VERTEX_POINT('',#468);
#468 = CARTESIAN_POINT('',(-0.788416,0.611632,0.810006));
#469 = LINE('',#470,#471);
#470 = CARTESIAN_POINT('',(-0.788416,0.611632,0.810006));
#471 = VECTOR('',#472,1.);
#472 = DIRECTION('',(0.,0.,-1.));
#473 = ORIENTED_EDGE('',*,*,#474,.F.);
#474 = EDGE_CURVE('',#443,#467,#475,.T.);
#475 = LINE('',#476,#477);
#476 = CARTESIAN_POINT('',(-0.762508,0.59182,0.810006));
#477 = VECTOR('',#478,1.);
#478 = DIRECTION('',(-0.794357832977,0.607450107571,0.));
#479 = ORIENTED_EDGE('',*,*,#442,.T.);
#480 = ORIENTED_EDGE('',*,*,#253,.T.);
#481 = PLANE('',#482);
#482 = AXIS2_PLACEMENT_3D('',#483,#484,#485);
#483 = CARTESIAN_POINT('',(-0.778319231337,0.603910941611,0.79637609289)
  );
#484 = DIRECTION('',(0.607450107571,0.794357832977,0.));
#485 = DIRECTION('',(0.794357832977,-0.607450107571,0.));
#486 = ADVANCED_FACE('',(#487),#505,.T.);
#487 = FACE_BOUND('',#488,.T.);
#488 = EDGE_LOOP('',(#489,#497,#503,#504));
#489 = ORIENTED_EDGE('',*,*,#490,.F.);
#490 = EDGE_CURVE('',#491,#238,#493,.T.);
#491 = VERTEX_POINT('',#492);
#492 = CARTESIAN_POINT('',(-0.808228,0.63754,0.810006));
#493 = LINE('',#494,#495);
#494 = CARTESIAN_POINT('',(-0.808228,0.63754,0.810006));
#495 = VECTOR('',#496,1.);
#496 = DIRECTION('',(0.,0.,-1.));
#497 = ORIENTED_EDGE('',*,*,#498,.F.);
#498 = EDGE_CURVE('',#467,#491,#499,.T.);
#499 = LINE('',#500,#501);
#500 = CARTESIAN_POINT('',(-0.788416,0.611632,0.810006));
#501 = VECTOR('',#502,1.);
#502 = DIRECTION('',(-0.607450107571,0.794357832977,0.));
#503 = ORIENTED_EDGE('',*,*,#466,.T.);
#504 = ORIENTED_EDGE('',*,*,#245,.T.);
#505 = PLANE('',#506);
#506 = AXIS2_PLACEMENT_3D('',#507,#508,#509);
#507 = CARTESIAN_POINT('',(-0.800506941611,0.627443231337,0.79637609289)
  );
#508 = DIRECTION('',(0.794357832977,0.607450107571,-2.542557167492E-16)
  );
#509 = DIRECTION('',(-0.607450107571,0.794357832977,-1.756959147247E-33)
  );
#510 = ADVANCED_FACE('',(#511),#529,.T.);
#511 = FACE_BOUND('',#512,.T.);
#512 = EDGE_LOOP('',(#513,#521,#527,#528));
#513 = ORIENTED_EDGE('',*,*,#514,.F.);
#514 = EDGE_CURVE('',#515,#230,#517,.T.);
#515 = VERTEX_POINT('',#516);
#516 = CARTESIAN_POINT('',(-0.820674,0.667766,0.810006));
#517 = LINE('',#518,#519);
#518 = CARTESIAN_POINT('',(-0.820674,0.667766,0.810006));
#519 = VECTOR('',#520,1.);
#520 = DIRECTION('',(0.,0.,-1.));
#521 = ORIENTED_EDGE('',*,*,#522,.F.);
#522 = EDGE_CURVE('',#491,#515,#523,.T.);
#523 = LINE('',#524,#525);
#524 = CARTESIAN_POINT('',(-0.808228,0.63754,0.810006));
#525 = VECTOR('',#526,1.);
#526 = DIRECTION('',(-0.380749805254,0.924678098475,0.));
#527 = ORIENTED_EDGE('',*,*,#490,.T.);
#528 = ORIENTED_EDGE('',*,*,#237,.T.);
#529 = PLANE('',#530);
#530 = AXIS2_PLACEMENT_3D('',#531,#532,#533);
#531 = CARTESIAN_POINT('',(-0.815821551777,0.655981482888,0.79637338745)
  );
#532 = DIRECTION('',(0.924678098475,0.380749805254,0.));
#533 = DIRECTION('',(-0.380749805254,0.924678098475,0.));
#534 = ADVANCED_FACE('',(#535),#553,.T.);
#535 = FACE_BOUND('',#536,.T.);
#536 = EDGE_LOOP('',(#537,#545,#551,#552));
#537 = ORIENTED_EDGE('',*,*,#538,.F.);
#538 = EDGE_CURVE('',#539,#222,#541,.T.);
#539 = VERTEX_POINT('',#540);
#540 = CARTESIAN_POINT('',(-0.824992,0.700024,0.810006));
#541 = LINE('',#542,#543);
#542 = CARTESIAN_POINT('',(-0.824992,0.700024,0.810006));
#543 = VECTOR('',#544,1.);
#544 = DIRECTION('',(0.,0.,-1.));
#545 = ORIENTED_EDGE('',*,*,#546,.F.);
#546 = EDGE_CURVE('',#515,#539,#547,.T.);
#547 = LINE('',#548,#549);
#548 = CARTESIAN_POINT('',(-0.820674,0.667766,0.810006));
#549 = VECTOR('',#550,1.);
#550 = DIRECTION('',(-0.132674908172,0.991159608106,0.));
#551 = ORIENTED_EDGE('',*,*,#514,.T.);
#552 = ORIENTED_EDGE('',*,*,#229,.T.);
#553 = PLANE('',#554);
#554 = AXIS2_PLACEMENT_3D('',#555,#556,#557);
#555 = CARTESIAN_POINT('',(-0.823309877863,0.687457558154,0.796378666529
    ));
#556 = DIRECTION('',(0.991159608106,0.132674908172,0.));
#557 = DIRECTION('',(-0.132674908172,0.991159608106,0.));
#558 = ADVANCED_FACE('',(#559),#577,.T.);
#559 = FACE_BOUND('',#560,.T.);
#560 = EDGE_LOOP('',(#561,#569,#575,#576));
#561 = ORIENTED_EDGE('',*,*,#562,.F.);
#562 = EDGE_CURVE('',#563,#214,#565,.T.);
#563 = VERTEX_POINT('',#564);
#564 = CARTESIAN_POINT('',(-0.820674,0.732282,0.810006));
#565 = LINE('',#566,#567);
#566 = CARTESIAN_POINT('',(-0.820674,0.732282,0.810006));
#567 = VECTOR('',#568,1.);
#568 = DIRECTION('',(0.,0.,-1.));
#569 = ORIENTED_EDGE('',*,*,#570,.F.);
#570 = EDGE_CURVE('',#539,#563,#571,.T.);
#571 = LINE('',#572,#573);
#572 = CARTESIAN_POINT('',(-0.824992,0.700024,0.810006));
#573 = VECTOR('',#574,1.);
#574 = DIRECTION('',(0.132674908172,0.991159608106,0.));
#575 = ORIENTED_EDGE('',*,*,#538,.T.);
#576 = ORIENTED_EDGE('',*,*,#221,.T.);
#577 = PLANE('',#578);
#578 = AXIS2_PLACEMENT_3D('',#579,#580,#581);
#579 = CARTESIAN_POINT('',(-0.822356122137,0.719715558154,0.796378666529
    ));
#580 = DIRECTION('',(0.991159608106,-0.132674908172,0.));
#581 = DIRECTION('',(0.132674908172,0.991159608106,0.));
#582 = ADVANCED_FACE('',(#583),#601,.T.);
#583 = FACE_BOUND('',#584,.T.);
#584 = EDGE_LOOP('',(#585,#593,#599,#600));
#585 = ORIENTED_EDGE('',*,*,#586,.F.);
#586 = EDGE_CURVE('',#587,#206,#589,.T.);
#587 = VERTEX_POINT('',#588);
#588 = CARTESIAN_POINT('',(-0.808228,0.762508,0.810006));
#589 = LINE('',#590,#591);
#590 = CARTESIAN_POINT('',(-0.808228,0.762508,0.810006));
#591 = VECTOR('',#592,1.);
#592 = DIRECTION('',(0.,0.,-1.));
#593 = ORIENTED_EDGE('',*,*,#594,.F.);
#594 = EDGE_CURVE('',#563,#587,#595,.T.);
#595 = LINE('',#596,#597);
#596 = CARTESIAN_POINT('',(-0.820674,0.732282,0.810006));
#597 = VECTOR('',#598,1.);
#598 = DIRECTION('',(0.380749805254,0.924678098475,0.));
#599 = ORIENTED_EDGE('',*,*,#562,.T.);
#600 = ORIENTED_EDGE('',*,*,#213,.T.);
#601 = PLANE('',#602);
#602 = AXIS2_PLACEMENT_3D('',#603,#604,#605);
#603 = CARTESIAN_POINT('',(-0.813080448223,0.750723482888,0.79637338745)
  );
#604 = DIRECTION('',(0.924678098475,-0.380749805254,0.));
#605 = DIRECTION('',(0.380749805254,0.924678098475,0.));
#606 = ADVANCED_FACE('',(#607),#625,.T.);
#607 = FACE_BOUND('',#608,.T.);
#608 = EDGE_LOOP('',(#609,#617,#623,#624));
#609 = ORIENTED_EDGE('',*,*,#610,.F.);
#610 = EDGE_CURVE('',#611,#198,#613,.T.);
#611 = VERTEX_POINT('',#612);
#612 = CARTESIAN_POINT('',(-0.788416,0.788416,0.810006));
#613 = LINE('',#614,#615);
#614 = CARTESIAN_POINT('',(-0.788416,0.788416,0.810006));
#615 = VECTOR('',#616,1.);
#616 = DIRECTION('',(0.,0.,-1.));
#617 = ORIENTED_EDGE('',*,*,#618,.F.);
#618 = EDGE_CURVE('',#587,#611,#619,.T.);
#619 = LINE('',#620,#621);
#620 = CARTESIAN_POINT('',(-0.808228,0.762508,0.810006));
#621 = VECTOR('',#622,1.);
#622 = DIRECTION('',(0.607450107571,0.794357832977,0.));
#623 = ORIENTED_EDGE('',*,*,#586,.T.);
#624 = ORIENTED_EDGE('',*,*,#205,.T.);
#625 = PLANE('',#626);
#626 = AXIS2_PLACEMENT_3D('',#627,#628,#629);
#627 = CARTESIAN_POINT('',(-0.796137058389,0.778319231337,0.79637609289)
  );
#628 = DIRECTION('',(0.794357832977,-0.607450107571,0.));
#629 = DIRECTION('',(0.607450107571,0.794357832977,0.));
#630 = ADVANCED_FACE('',(#631),#649,.T.);
#631 = FACE_BOUND('',#632,.T.);
#632 = EDGE_LOOP('',(#633,#641,#647,#648));
#633 = ORIENTED_EDGE('',*,*,#634,.F.);
#634 = EDGE_CURVE('',#635,#190,#637,.T.);
#635 = VERTEX_POINT('',#636);
#636 = CARTESIAN_POINT('',(-0.762508,0.808228,0.810006));
#637 = LINE('',#638,#639);
#638 = CARTESIAN_POINT('',(-0.762508,0.808228,0.810006));
#639 = VECTOR('',#640,1.);
#640 = DIRECTION('',(0.,0.,-1.));
#641 = ORIENTED_EDGE('',*,*,#642,.F.);
#642 = EDGE_CURVE('',#611,#635,#643,.T.);
#643 = LINE('',#644,#645);
#644 = CARTESIAN_POINT('',(-0.788416,0.788416,0.810006));
#645 = VECTOR('',#646,1.);
#646 = DIRECTION('',(0.794357832977,0.607450107571,0.));
#647 = ORIENTED_EDGE('',*,*,#610,.T.);
#648 = ORIENTED_EDGE('',*,*,#197,.T.);
#649 = PLANE('',#650);
#650 = AXIS2_PLACEMENT_3D('',#651,#652,#653);
#651 = CARTESIAN_POINT('',(-0.772604768663,0.800506941611,0.79637609289)
  );
#652 = DIRECTION('',(0.607450107571,-0.794357832977,-1.423996311397E-16)
  );
#653 = DIRECTION('',(-0.794357832977,-0.607450107571,-4.473077653544E-33
    ));
#654 = ADVANCED_FACE('',(#655),#673,.T.);
#655 = FACE_BOUND('',#656,.T.);
#656 = EDGE_LOOP('',(#657,#665,#671,#672));
#657 = ORIENTED_EDGE('',*,*,#658,.F.);
#658 = EDGE_CURVE('',#659,#182,#661,.T.);
#659 = VERTEX_POINT('',#660);
#660 = CARTESIAN_POINT('',(-0.732282,0.820674,0.810006));
#661 = LINE('',#662,#663);
#662 = CARTESIAN_POINT('',(-0.732282,0.820674,0.810006));
#663 = VECTOR('',#664,1.);
#664 = DIRECTION('',(0.,0.,-1.));
#665 = ORIENTED_EDGE('',*,*,#666,.F.);
#666 = EDGE_CURVE('',#635,#659,#667,.T.);
#667 = LINE('',#668,#669);
#668 = CARTESIAN_POINT('',(-0.762508,0.808228,0.810006));
#669 = VECTOR('',#670,1.);
#670 = DIRECTION('',(0.924678098475,0.380749805254,0.));
#671 = ORIENTED_EDGE('',*,*,#634,.T.);
#672 = ORIENTED_EDGE('',*,*,#189,.T.);
#673 = PLANE('',#674);
#674 = AXIS2_PLACEMENT_3D('',#675,#676,#677);
#675 = CARTESIAN_POINT('',(-0.744066517112,0.815821551777,0.79637338745)
  );
#676 = DIRECTION('',(0.380749805254,-0.924678098475,-0.));
#677 = DIRECTION('',(-0.924678098475,-0.380749805254,0.));
#678 = ADVANCED_FACE('',(#679),#697,.T.);
#679 = FACE_BOUND('',#680,.T.);
#680 = EDGE_LOOP('',(#681,#689,#695,#696));
#681 = ORIENTED_EDGE('',*,*,#682,.F.);
#682 = EDGE_CURVE('',#683,#174,#685,.T.);
#683 = VERTEX_POINT('',#684);
#684 = CARTESIAN_POINT('',(-0.700024,0.824992,0.810006));
#685 = LINE('',#686,#687);
#686 = CARTESIAN_POINT('',(-0.700024,0.824992,0.810006));
#687 = VECTOR('',#688,1.);
#688 = DIRECTION('',(0.,0.,-1.));
#689 = ORIENTED_EDGE('',*,*,#690,.F.);
#690 = EDGE_CURVE('',#659,#683,#691,.T.);
#691 = LINE('',#692,#693);
#692 = CARTESIAN_POINT('',(-0.732282,0.820674,0.810006));
#693 = VECTOR('',#694,1.);
#694 = DIRECTION('',(0.991159608106,0.132674908172,0.));
#695 = ORIENTED_EDGE('',*,*,#658,.T.);
#696 = ORIENTED_EDGE('',*,*,#181,.T.);
#697 = PLANE('',#698);
#698 = AXIS2_PLACEMENT_3D('',#699,#700,#701);
#699 = CARTESIAN_POINT('',(-0.712590441846,0.823309877863,0.796378666529
    ));
#700 = DIRECTION('',(0.132674908172,-0.991159608106,-0.));
#701 = DIRECTION('',(-0.991159608106,-0.132674908172,0.));
#702 = ADVANCED_FACE('',(#703),#721,.T.);
#703 = FACE_BOUND('',#704,.T.);
#704 = EDGE_LOOP('',(#705,#713,#719,#720));
#705 = ORIENTED_EDGE('',*,*,#706,.F.);
#706 = EDGE_CURVE('',#707,#166,#709,.T.);
#707 = VERTEX_POINT('',#708);
#708 = CARTESIAN_POINT('',(-0.667766,0.820674,0.810006));
#709 = LINE('',#710,#711);
#710 = CARTESIAN_POINT('',(-0.667766,0.820674,0.810006));
#711 = VECTOR('',#712,1.);
#712 = DIRECTION('',(0.,0.,-1.));
#713 = ORIENTED_EDGE('',*,*,#714,.F.);
#714 = EDGE_CURVE('',#683,#707,#715,.T.);
#715 = LINE('',#716,#717);
#716 = CARTESIAN_POINT('',(-0.700024,0.824992,0.810006));
#717 = VECTOR('',#718,1.);
#718 = DIRECTION('',(0.991159608106,-0.132674908172,0.));
#719 = ORIENTED_EDGE('',*,*,#682,.T.);
#720 = ORIENTED_EDGE('',*,*,#173,.T.);
#721 = PLANE('',#722);
#722 = AXIS2_PLACEMENT_3D('',#723,#724,#725);
#723 = CARTESIAN_POINT('',(-0.680332441846,0.822356122137,0.796378666529
    ));
#724 = DIRECTION('',(-0.132674908172,-0.991159608106,-0.));
#725 = DIRECTION('',(-0.991159608106,0.132674908172,0.));
#726 = ADVANCED_FACE('',(#727),#745,.T.);
#727 = FACE_BOUND('',#728,.T.);
#728 = EDGE_LOOP('',(#729,#737,#743,#744));
#729 = ORIENTED_EDGE('',*,*,#730,.F.);
#730 = EDGE_CURVE('',#731,#158,#733,.T.);
#731 = VERTEX_POINT('',#732);
#732 = CARTESIAN_POINT('',(-0.63754,0.808228,0.810006));
#733 = LINE('',#734,#735);
#734 = CARTESIAN_POINT('',(-0.63754,0.808228,0.810006));
#735 = VECTOR('',#736,1.);
#736 = DIRECTION('',(0.,0.,-1.));
#737 = ORIENTED_EDGE('',*,*,#738,.F.);
#738 = EDGE_CURVE('',#707,#731,#739,.T.);
#739 = LINE('',#740,#741);
#740 = CARTESIAN_POINT('',(-0.667766,0.820674,0.810006));
#741 = VECTOR('',#742,1.);
#742 = DIRECTION('',(0.924678098475,-0.380749805254,0.));
#743 = ORIENTED_EDGE('',*,*,#706,.T.);
#744 = ORIENTED_EDGE('',*,*,#165,.T.);
#745 = PLANE('',#746);
#746 = AXIS2_PLACEMENT_3D('',#747,#748,#749);
#747 = CARTESIAN_POINT('',(-0.649324517112,0.813080448223,0.79637338745)
  );
#748 = DIRECTION('',(-0.380749805254,-0.924678098475,-0.));
#749 = DIRECTION('',(-0.924678098475,0.380749805254,0.));
#750 = ADVANCED_FACE('',(#751),#769,.T.);
#751 = FACE_BOUND('',#752,.T.);
#752 = EDGE_LOOP('',(#753,#761,#767,#768));
#753 = ORIENTED_EDGE('',*,*,#754,.F.);
#754 = EDGE_CURVE('',#755,#150,#757,.T.);
#755 = VERTEX_POINT('',#756);
#756 = CARTESIAN_POINT('',(-0.611632,0.788416,0.810006));
#757 = LINE('',#758,#759);
#758 = CARTESIAN_POINT('',(-0.611632,0.788416,0.810006));
#759 = VECTOR('',#760,1.);
#760 = DIRECTION('',(0.,0.,-1.));
#761 = ORIENTED_EDGE('',*,*,#762,.F.);
#762 = EDGE_CURVE('',#731,#755,#763,.T.);
#763 = LINE('',#764,#765);
#764 = CARTESIAN_POINT('',(-0.63754,0.808228,0.810006));
#765 = VECTOR('',#766,1.);
#766 = DIRECTION('',(0.794357832977,-0.607450107571,0.));
#767 = ORIENTED_EDGE('',*,*,#730,.T.);
#768 = ORIENTED_EDGE('',*,*,#157,.T.);
#769 = PLANE('',#770);
#770 = AXIS2_PLACEMENT_3D('',#771,#772,#773);
#771 = CARTESIAN_POINT('',(-0.621728768663,0.796137058389,0.79637609289)
  );
#772 = DIRECTION('',(-0.607450107571,-0.794357832977,1.611516511847E-16)
  );
#773 = DIRECTION('',(-0.794357832977,0.607450107571,1.436881377415E-32)
  );
#774 = ADVANCED_FACE('',(#775),#793,.T.);
#775 = FACE_BOUND('',#776,.T.);
#776 = EDGE_LOOP('',(#777,#785,#791,#792));
#777 = ORIENTED_EDGE('',*,*,#778,.F.);
#778 = EDGE_CURVE('',#779,#142,#781,.T.);
#779 = VERTEX_POINT('',#780);
#780 = CARTESIAN_POINT('',(-0.59182,0.762508,0.810006));
#781 = LINE('',#782,#783);
#782 = CARTESIAN_POINT('',(-0.59182,0.762508,0.810006));
#783 = VECTOR('',#784,1.);
#784 = DIRECTION('',(0.,0.,-1.));
#785 = ORIENTED_EDGE('',*,*,#786,.F.);
#786 = EDGE_CURVE('',#755,#779,#787,.T.);
#787 = LINE('',#788,#789);
#788 = CARTESIAN_POINT('',(-0.611632,0.788416,0.810006));
#789 = VECTOR('',#790,1.);
#790 = DIRECTION('',(0.607450107571,-0.794357832977,0.));
#791 = ORIENTED_EDGE('',*,*,#754,.T.);
#792 = ORIENTED_EDGE('',*,*,#149,.T.);
#793 = PLANE('',#794);
#794 = AXIS2_PLACEMENT_3D('',#795,#796,#797);
#795 = CARTESIAN_POINT('',(-0.599541058389,0.772604768663,0.79637609289)
  );
#796 = DIRECTION('',(-0.794357832977,-0.607450107571,-0.));
#797 = DIRECTION('',(0.607450107571,-0.794357832977,0.));
#798 = ADVANCED_FACE('',(#799),#817,.T.);
#799 = FACE_BOUND('',#800,.T.);
#800 = EDGE_LOOP('',(#801,#802,#810,#816));
#801 = ORIENTED_EDGE('',*,*,#331,.F.);
#802 = ORIENTED_EDGE('',*,*,#803,.F.);
#803 = EDGE_CURVE('',#804,#324,#806,.T.);
#804 = VERTEX_POINT('',#805);
#805 = CARTESIAN_POINT('',(-0.579374,0.667766,0.810006));
#806 = LINE('',#807,#808);
#807 = CARTESIAN_POINT('',(-0.579374,0.667766,0.810006));
#808 = VECTOR('',#809,1.);
#809 = DIRECTION('',(-0.380749805254,-0.924678098475,0.));
#810 = ORIENTED_EDGE('',*,*,#811,.T.);
#811 = EDGE_CURVE('',#804,#125,#812,.T.);
#812 = LINE('',#813,#814);
#813 = CARTESIAN_POINT('',(-0.579374,0.667766,0.810006));
#814 = VECTOR('',#815,1.);
#815 = DIRECTION('',(0.,0.,-1.));
#816 = ORIENTED_EDGE('',*,*,#124,.T.);
#817 = PLANE('',#818);
#818 = AXIS2_PLACEMENT_3D('',#819,#820,#821);
#819 = CARTESIAN_POINT('',(-0.586967551777,0.649324517112,0.79637338745)
  );
#820 = DIRECTION('',(-0.924678098475,0.380749805254,-0.));
#821 = DIRECTION('',(-0.380749805254,-0.924678098475,0.));
#822 = ADVANCED_FACE('',(#823),#834,.T.);
#823 = FACE_BOUND('',#824,.T.);
#824 = EDGE_LOOP('',(#825,#826,#832,#833));
#825 = ORIENTED_EDGE('',*,*,#102,.F.);
#826 = ORIENTED_EDGE('',*,*,#827,.F.);
#827 = EDGE_CURVE('',#779,#95,#828,.T.);
#828 = LINE('',#829,#830);
#829 = CARTESIAN_POINT('',(-0.59182,0.762508,0.810006));
#830 = VECTOR('',#831,1.);
#831 = DIRECTION('',(0.380749805254,-0.924678098475,0.));
#832 = ORIENTED_EDGE('',*,*,#778,.T.);
#833 = ORIENTED_EDGE('',*,*,#141,.T.);
#834 = PLANE('',#835);
#835 = AXIS2_PLACEMENT_3D('',#836,#837,#838);
#836 = CARTESIAN_POINT('',(-0.584226448223,0.744066517112,0.79637338745)
  );
#837 = DIRECTION('',(-0.924678098475,-0.380749805254,-0.));
#838 = DIRECTION('',(0.380749805254,-0.924678098475,0.));
#839 = ADVANCED_FACE('',(#840,#874),#905,.T.);
#840 = FACE_BOUND('',#841,.T.);
#841 = EDGE_LOOP('',(#842,#852,#860,#868));
#842 = ORIENTED_EDGE('',*,*,#843,.T.);
#843 = EDGE_CURVE('',#844,#846,#848,.T.);
#844 = VERTEX_POINT('',#845);
#845 = CARTESIAN_POINT('',(-0.999998,0.999998,0.810006));
#846 = VERTEX_POINT('',#847);
#847 = CARTESIAN_POINT('',(-0.999998,-0.999998,0.810006));
#848 = LINE('',#849,#850);
#849 = CARTESIAN_POINT('',(-0.999998,0.999998,0.810006));
#850 = VECTOR('',#851,1.);
#851 = DIRECTION('',(0.,-1.,0.));
#852 = ORIENTED_EDGE('',*,*,#853,.T.);
#853 = EDGE_CURVE('',#846,#854,#856,.T.);
#854 = VERTEX_POINT('',#855);
#855 = CARTESIAN_POINT('',(0.999998,-0.999998,0.810006));
#856 = LINE('',#857,#858);
#857 = CARTESIAN_POINT('',(-0.999998,-0.999998,0.810006));
#858 = VECTOR('',#859,1.);
#859 = DIRECTION('',(1.,0.,0.));
#860 = ORIENTED_EDGE('',*,*,#861,.T.);
#861 = EDGE_CURVE('',#854,#862,#864,.T.);
#862 = VERTEX_POINT('',#863);
#863 = CARTESIAN_POINT('',(0.999998,0.999998,0.810006));
#864 = LINE('',#865,#866);
#865 = CARTESIAN_POINT('',(0.999998,-0.999998,0.810006));
#866 = VECTOR('',#867,1.);
#867 = DIRECTION('',(0.,1.,0.));
#868 = ORIENTED_EDGE('',*,*,#869,.T.);
#869 = EDGE_CURVE('',#862,#844,#870,.T.);
#870 = LINE('',#871,#872);
#871 = CARTESIAN_POINT('',(0.999998,0.999998,0.810006));
#872 = VECTOR('',#873,1.);
#873 = DIRECTION('',(-1.,0.,0.));
#874 = FACE_BOUND('',#875,.T.);
#875 = EDGE_LOOP('',(#876,#877,#883,#884,#885,#886,#887,#888,#889,#890,
    #891,#892,#893,#894,#895,#896,#897,#898,#899,#900,#901,#902,#903,
    #904));
#876 = ORIENTED_EDGE('',*,*,#94,.T.);
#877 = ORIENTED_EDGE('',*,*,#878,.T.);
#878 = EDGE_CURVE('',#87,#804,#879,.T.);
#879 = LINE('',#880,#881);
#880 = CARTESIAN_POINT('',(-0.575056,0.700024,0.810006));
#881 = VECTOR('',#882,1.);
#882 = DIRECTION('',(-0.132674908172,-0.991159608106,0.));
#883 = ORIENTED_EDGE('',*,*,#803,.T.);
#884 = ORIENTED_EDGE('',*,*,#323,.T.);
#885 = ORIENTED_EDGE('',*,*,#354,.T.);
#886 = ORIENTED_EDGE('',*,*,#378,.T.);
#887 = ORIENTED_EDGE('',*,*,#402,.T.);
#888 = ORIENTED_EDGE('',*,*,#426,.T.);
#889 = ORIENTED_EDGE('',*,*,#450,.T.);
#890 = ORIENTED_EDGE('',*,*,#474,.T.);
#891 = ORIENTED_EDGE('',*,*,#498,.T.);
#892 = ORIENTED_EDGE('',*,*,#522,.T.);
#893 = ORIENTED_EDGE('',*,*,#546,.T.);
#894 = ORIENTED_EDGE('',*,*,#570,.T.);
#895 = ORIENTED_EDGE('',*,*,#594,.T.);
#896 = ORIENTED_EDGE('',*,*,#618,.T.);
#897 = ORIENTED_EDGE('',*,*,#642,.T.);
#898 = ORIENTED_EDGE('',*,*,#666,.T.);
#899 = ORIENTED_EDGE('',*,*,#690,.T.);
#900 = ORIENTED_EDGE('',*,*,#714,.T.);
#901 = ORIENTED_EDGE('',*,*,#738,.T.);
#902 = ORIENTED_EDGE('',*,*,#762,.T.);
#903 = ORIENTED_EDGE('',*,*,#786,.T.);
#904 = ORIENTED_EDGE('',*,*,#827,.T.);
#905 = PLANE('',#906);
#906 = AXIS2_PLACEMENT_3D('',#907,#908,#909);
#907 = CARTESIAN_POINT('',(-8.203995522266E-02,0.622520988499,0.810006)
  );
#908 = DIRECTION('',(0.,0.,1.));
#909 = DIRECTION('',(1.,0.,-0.));
#910 = ADVANCED_FACE('',(#911),#936,.T.);
#911 = FACE_BOUND('',#912,.T.);
#912 = EDGE_LOOP('',(#913,#921,#922,#930));
#913 = ORIENTED_EDGE('',*,*,#914,.F.);
#914 = EDGE_CURVE('',#844,#915,#917,.T.);
#915 = VERTEX_POINT('',#916);
#916 = CARTESIAN_POINT('',(-0.999998,0.999998,9.906E-03));
#917 = LINE('',#918,#919);
#918 = CARTESIAN_POINT('',(-0.999998,0.999998,0.810006));
#919 = VECTOR('',#920,1.);
#920 = DIRECTION('',(0.,0.,-1.));
#921 = ORIENTED_EDGE('',*,*,#869,.F.);
#922 = ORIENTED_EDGE('',*,*,#923,.F.);
#923 = EDGE_CURVE('',#924,#862,#926,.T.);
#924 = VERTEX_POINT('',#925);
#925 = CARTESIAN_POINT('',(0.999998,0.999998,9.906E-03));
#926 = LINE('',#927,#928);
#927 = CARTESIAN_POINT('',(0.999998,0.999998,9.906E-03));
#928 = VECTOR('',#929,1.);
#929 = DIRECTION('',(0.,0.,1.));
#930 = ORIENTED_EDGE('',*,*,#931,.F.);
#931 = EDGE_CURVE('',#915,#924,#932,.T.);
#932 = LINE('',#933,#934);
#933 = CARTESIAN_POINT('',(-0.999998,0.999998,9.906E-03));
#934 = VECTOR('',#935,1.);
#935 = DIRECTION('',(1.,0.,0.));
#936 = PLANE('',#937);
#937 = AXIS2_PLACEMENT_3D('',#938,#939,#940);
#938 = CARTESIAN_POINT('',(-0.689805466331,0.999998,0.531563466331));
#939 = DIRECTION('',(0.,1.,0.));
#940 = DIRECTION('',(0.,-0.,1.));
#941 = ADVANCED_FACE('',(#942),#1039,.T.);
#942 = FACE_BOUND('',#943,.T.);
#943 = EDGE_LOOP('',(#944,#954,#962,#970,#978,#986,#992,#993,#1001,#1009
    ,#1017,#1025,#1033));
#944 = ORIENTED_EDGE('',*,*,#945,.T.);
#945 = EDGE_CURVE('',#946,#948,#950,.T.);
#946 = VERTEX_POINT('',#947);
#947 = CARTESIAN_POINT('',(0.999998,-0.150114,9.906E-03));
#948 = VERTEX_POINT('',#949);
#949 = CARTESIAN_POINT('',(0.999998,-0.999998,9.906E-03));
#950 = LINE('',#951,#952);
#951 = CARTESIAN_POINT('',(0.999998,-0.150114,9.906E-03));
#952 = VECTOR('',#953,1.);
#953 = DIRECTION('',(0.,-1.,0.));
#954 = ORIENTED_EDGE('',*,*,#955,.T.);
#955 = EDGE_CURVE('',#948,#956,#958,.T.);
#956 = VERTEX_POINT('',#957);
#957 = CARTESIAN_POINT('',(-0.999998,-0.999998,9.906E-03));
#958 = LINE('',#959,#960);
#959 = CARTESIAN_POINT('',(0.999998,-0.999998,9.906E-03));
#960 = VECTOR('',#961,1.);
#961 = DIRECTION('',(-1.,0.,0.));
#962 = ORIENTED_EDGE('',*,*,#963,.T.);
#963 = EDGE_CURVE('',#956,#964,#966,.T.);
#964 = VERTEX_POINT('',#965);
#965 = CARTESIAN_POINT('',(-0.999998,-0.150114,9.906E-03));
#966 = LINE('',#967,#968);
#967 = CARTESIAN_POINT('',(-0.999998,-0.999998,9.906E-03));
#968 = VECTOR('',#969,1.);
#969 = DIRECTION('',(0.,1.,0.));
#970 = ORIENTED_EDGE('',*,*,#971,.T.);
#971 = EDGE_CURVE('',#964,#972,#974,.T.);
#972 = VERTEX_POINT('',#973);
#973 = CARTESIAN_POINT('',(-0.759968,0.150114,9.906E-03));
#974 = LINE('',#975,#976);
#975 = CARTESIAN_POINT('',(-0.999998,-0.150114,9.906E-03));
#976 = VECTOR('',#977,1.);
#977 = DIRECTION('',(0.624453262578,0.78106217605,0.));
#978 = ORIENTED_EDGE('',*,*,#979,.T.);
#979 = EDGE_CURVE('',#972,#980,#982,.T.);
#980 = VERTEX_POINT('',#981);
#981 = CARTESIAN_POINT('',(-0.999998,0.150114,9.906E-03));
#982 = LINE('',#983,#984);
#983 = CARTESIAN_POINT('',(-0.759968,0.150114,9.906E-03));
#984 = VECTOR('',#985,1.);
#985 = DIRECTION('',(-1.,0.,0.));
#986 = ORIENTED_EDGE('',*,*,#987,.T.);
#987 = EDGE_CURVE('',#980,#915,#988,.T.);
#988 = LINE('',#989,#990);
#989 = CARTESIAN_POINT('',(-0.999998,0.150114,9.906E-03));
#990 = VECTOR('',#991,1.);
#991 = DIRECTION('',(0.,1.,0.));
#992 = ORIENTED_EDGE('',*,*,#931,.T.);
#993 = ORIENTED_EDGE('',*,*,#994,.T.);
#994 = EDGE_CURVE('',#924,#995,#997,.T.);
#995 = VERTEX_POINT('',#996);
#996 = CARTESIAN_POINT('',(0.999998,0.8001,9.906E-03));
#997 = LINE('',#998,#999);
#998 = CARTESIAN_POINT('',(0.999998,0.999998,9.906E-03));
#999 = VECTOR('',#1000,1.);
#1000 = DIRECTION('',(0.,-1.,0.));
#1001 = ORIENTED_EDGE('',*,*,#1002,.T.);
#1002 = EDGE_CURVE('',#995,#1003,#1005,.T.);
#1003 = VERTEX_POINT('',#1004);
#1004 = CARTESIAN_POINT('',(0.759968,0.500126,9.906E-03));
#1005 = LINE('',#1006,#1007);
#1006 = CARTESIAN_POINT('',(0.999998,0.8001,9.906E-03));
#1007 = VECTOR('',#1008,1.);
#1008 = DIRECTION('',(-0.624775670843,-0.780804303985,0.));
#1009 = ORIENTED_EDGE('',*,*,#1010,.T.);
#1010 = EDGE_CURVE('',#1003,#1011,#1013,.T.);
#1011 = VERTEX_POINT('',#1012);
#1012 = CARTESIAN_POINT('',(0.999998,0.500126,9.906E-03));
#1013 = LINE('',#1014,#1015);
#1014 = CARTESIAN_POINT('',(0.759968,0.500126,9.906E-03));
#1015 = VECTOR('',#1016,1.);
#1016 = DIRECTION('',(1.,0.,0.));
#1017 = ORIENTED_EDGE('',*,*,#1018,.T.);
#1018 = EDGE_CURVE('',#1011,#1019,#1021,.T.);
#1019 = VERTEX_POINT('',#1020);
#1020 = CARTESIAN_POINT('',(0.999998,0.150114,9.906E-03));
#1021 = LINE('',#1022,#1023);
#1022 = CARTESIAN_POINT('',(0.999998,0.500126,9.906E-03));
#1023 = VECTOR('',#1024,1.);
#1024 = DIRECTION('',(0.,-1.,0.));
#1025 = ORIENTED_EDGE('',*,*,#1026,.T.);
#1026 = EDGE_CURVE('',#1019,#1027,#1029,.T.);
#1027 = VERTEX_POINT('',#1028);
#1028 = CARTESIAN_POINT('',(0.759968,0.150114,9.906E-03));
#1029 = LINE('',#1030,#1031);
#1030 = CARTESIAN_POINT('',(0.999998,0.150114,9.906E-03));
#1031 = VECTOR('',#1032,1.);
#1032 = DIRECTION('',(-1.,0.,0.));
#1033 = ORIENTED_EDGE('',*,*,#1034,.T.);
#1034 = EDGE_CURVE('',#1027,#946,#1035,.T.);
#1035 = LINE('',#1036,#1037);
#1036 = CARTESIAN_POINT('',(0.759968,0.150114,9.906E-03));
#1037 = VECTOR('',#1038,1.);
#1038 = DIRECTION('',(0.624453262578,-0.78106217605,0.));
#1039 = PLANE('',#1040);
#1040 = AXIS2_PLACEMENT_3D('',#1041,#1042,#1043);
#1041 = CARTESIAN_POINT('',(0.921391308386,-0.283711691614,9.906E-03));
#1042 = DIRECTION('',(-0.,-0.,-1.));
#1043 = DIRECTION('',(-1.,0.,0.));
#1044 = ADVANCED_FACE('',(#1045),#1062,.T.);
#1045 = FACE_BOUND('',#1046,.T.);
#1046 = EDGE_LOOP('',(#1047,#1055,#1061));
#1047 = ORIENTED_EDGE('',*,*,#1048,.F.);
#1048 = EDGE_CURVE('',#1049,#1027,#1051,.T.);
#1049 = VERTEX_POINT('',#1050);
#1050 = CARTESIAN_POINT('',(0.999998,-0.150114,0.199898));
#1051 = LINE('',#1052,#1053);
#1052 = CARTESIAN_POINT('',(0.999998,-0.150114,0.199898));
#1053 = VECTOR('',#1054,1.);
#1054 = DIRECTION('',(-0.559803769802,0.700199000959,-0.443103936309));
#1055 = ORIENTED_EDGE('',*,*,#1056,.F.);
#1056 = EDGE_CURVE('',#946,#1049,#1057,.T.);
#1057 = LINE('',#1058,#1059);
#1058 = CARTESIAN_POINT('',(0.999998,-0.150114,9.906E-03));
#1059 = VECTOR('',#1060,1.);
#1060 = DIRECTION('',(0.,0.,1.));
#1061 = ORIENTED_EDGE('',*,*,#1034,.F.);
#1062 = PLANE('',#1063);
#1063 = AXIS2_PLACEMENT_3D('',#1064,#1065,#1066);
#1064 = CARTESIAN_POINT('',(0.902713255498,-2.843085925779E-02,
    6.85017489962E-02));
#1065 = DIRECTION('',(0.78106217605,0.624453262578,0.));
#1066 = DIRECTION('',(-0.624453262578,0.78106217605,0.));
#1067 = ADVANCED_FACE('',(#1068),#1078,.T.);
#1068 = FACE_BOUND('',#1069,.T.);
#1069 = EDGE_LOOP('',(#1070,#1071,#1072));
#1070 = ORIENTED_EDGE('',*,*,#1048,.T.);
#1071 = ORIENTED_EDGE('',*,*,#1026,.F.);
#1072 = ORIENTED_EDGE('',*,*,#1073,.F.);
#1073 = EDGE_CURVE('',#1049,#1019,#1074,.T.);
#1074 = LINE('',#1075,#1076);
#1075 = CARTESIAN_POINT('',(0.999998,-0.150114,0.199898));
#1076 = VECTOR('',#1077,1.);
#1077 = DIRECTION('',(0.,0.845012910744,-0.534745902907));
#1078 = PLANE('',#1079);
#1079 = AXIS2_PLACEMENT_3D('',#1080,#1081,#1082);
#1080 = CARTESIAN_POINT('',(0.92162018304,3.51839572357E-02,
    8.263668696083E-02));
#1081 = DIRECTION('',(-0.,-0.534745902907,-0.845012910744));
#1082 = DIRECTION('',(0.,-0.845012910744,0.534745902907));
#1083 = ADVANCED_FACE('',(#1084),#1101,.T.);
#1084 = FACE_BOUND('',#1085,.T.);
#1085 = EDGE_LOOP('',(#1086,#1094,#1095));
#1086 = ORIENTED_EDGE('',*,*,#1087,.F.);
#1087 = EDGE_CURVE('',#1011,#1088,#1090,.T.);
#1088 = VERTEX_POINT('',#1089);
#1089 = CARTESIAN_POINT('',(0.999998,0.8001,0.199898));
#1090 = LINE('',#1091,#1092);
#1091 = CARTESIAN_POINT('',(0.999998,0.500126,9.906E-03));
#1092 = VECTOR('',#1093,1.);
#1093 = DIRECTION('',(0.,0.844808297169,0.535069099308));
#1094 = ORIENTED_EDGE('',*,*,#1010,.F.);
#1095 = ORIENTED_EDGE('',*,*,#1096,.F.);
#1096 = EDGE_CURVE('',#1088,#1003,#1097,.T.);
#1097 = LINE('',#1098,#1099);
#1098 = CARTESIAN_POINT('',(0.999998,0.8001,0.199898));
#1099 = VECTOR('',#1100,1.);
#1100 = DIRECTION('',(-0.560036015545,-0.699896861756,-0.443287766802));
#1101 = PLANE('',#1102);
#1102 = AXIS2_PLACEMENT_3D('',#1103,#1104,#1105);
#1103 = CARTESIAN_POINT('',(0.92161098426,0.614945333503,
    8.26281519559E-02));
#1104 = DIRECTION('',(-0.,0.535069099308,-0.844808297169));
#1105 = DIRECTION('',(0.,-0.844808297169,-0.535069099308));
#1106 = ADVANCED_FACE('',(#1107),#1117,.T.);
#1107 = FACE_BOUND('',#1108,.T.);
#1108 = EDGE_LOOP('',(#1109,#1110,#1116));
#1109 = ORIENTED_EDGE('',*,*,#1002,.F.);
#1110 = ORIENTED_EDGE('',*,*,#1111,.F.);
#1111 = EDGE_CURVE('',#1088,#995,#1112,.T.);
#1112 = LINE('',#1113,#1114);
#1113 = CARTESIAN_POINT('',(0.999998,0.8001,0.199898));
#1114 = VECTOR('',#1115,1.);
#1115 = DIRECTION('',(0.,0.,-1.));
#1116 = ORIENTED_EDGE('',*,*,#1096,.T.);
#1117 = PLANE('',#1118);
#1118 = AXIS2_PLACEMENT_3D('',#1119,#1120,#1121);
#1119 = CARTESIAN_POINT('',(0.902721782256,0.678530462269,
    6.850688521342E-02));
#1120 = DIRECTION('',(0.780804303985,-0.624775670843,2.179073756655E-16)
  );
#1121 = DIRECTION('',(0.624775670843,0.780804303985,6.06045815595E-33));
#1122 = ADVANCED_FACE('',(#1123),#1140,.T.);
#1123 = FACE_BOUND('',#1124,.T.);
#1124 = EDGE_LOOP('',(#1125,#1133,#1134));
#1125 = ORIENTED_EDGE('',*,*,#1126,.F.);
#1126 = EDGE_CURVE('',#980,#1127,#1129,.T.);
#1127 = VERTEX_POINT('',#1128);
#1128 = CARTESIAN_POINT('',(-0.999998,-0.150114,0.199898));
#1129 = LINE('',#1130,#1131);
#1130 = CARTESIAN_POINT('',(-0.999998,0.150114,9.906E-03));
#1131 = VECTOR('',#1132,1.);
#1132 = DIRECTION('',(0.,-0.845012910744,0.534745902907));
#1133 = ORIENTED_EDGE('',*,*,#979,.F.);
#1134 = ORIENTED_EDGE('',*,*,#1135,.F.);
#1135 = EDGE_CURVE('',#1127,#972,#1136,.T.);
#1136 = LINE('',#1137,#1138);
#1137 = CARTESIAN_POINT('',(-0.999998,-0.150114,0.199898));
#1138 = VECTOR('',#1139,1.);
#1139 = DIRECTION('',(0.559803769802,0.700199000959,-0.443103936309));
#1140 = PLANE('',#1141);
#1141 = AXIS2_PLACEMENT_3D('',#1142,#1143,#1144);
#1142 = CARTESIAN_POINT('',(-0.92162018304,3.51839572357E-02,
    8.263668696083E-02));
#1143 = DIRECTION('',(0.,-0.534745902907,-0.845012910744));
#1144 = DIRECTION('',(0.,-0.845012910744,0.534745902907));
#1145 = ADVANCED_FACE('',(#1146),#1156,.T.);
#1146 = FACE_BOUND('',#1147,.T.);
#1147 = EDGE_LOOP('',(#1148,#1149,#1155));
#1148 = ORIENTED_EDGE('',*,*,#971,.F.);
#1149 = ORIENTED_EDGE('',*,*,#1150,.F.);
#1150 = EDGE_CURVE('',#1127,#964,#1151,.T.);
#1151 = LINE('',#1152,#1153);
#1152 = CARTESIAN_POINT('',(-0.999998,-0.150114,0.199898));
#1153 = VECTOR('',#1154,1.);
#1154 = DIRECTION('',(0.,0.,-1.));
#1155 = ORIENTED_EDGE('',*,*,#1135,.T.);
#1156 = PLANE('',#1157);
#1157 = AXIS2_PLACEMENT_3D('',#1158,#1159,#1160);
#1158 = CARTESIAN_POINT('',(-0.902713255498,-2.843085925779E-02,
    6.85017489962E-02));
#1159 = DIRECTION('',(-0.78106217605,0.624453262578,2.258762429579E-16)
  );
#1160 = DIRECTION('',(-0.624453262578,-0.78106217605,1.141511154908E-32)
  );
#1161 = ADVANCED_FACE('',(#1162),#1179,.T.);
#1162 = FACE_BOUND('',#1163,.T.);
#1163 = EDGE_LOOP('',(#1164,#1165,#1166,#1167,#1168,#1169,#1170,#1171,
    #1172,#1173));
#1164 = ORIENTED_EDGE('',*,*,#945,.F.);
#1165 = ORIENTED_EDGE('',*,*,#1056,.T.);
#1166 = ORIENTED_EDGE('',*,*,#1073,.T.);
#1167 = ORIENTED_EDGE('',*,*,#1018,.F.);
#1168 = ORIENTED_EDGE('',*,*,#1087,.T.);
#1169 = ORIENTED_EDGE('',*,*,#1111,.T.);
#1170 = ORIENTED_EDGE('',*,*,#994,.F.);
#1171 = ORIENTED_EDGE('',*,*,#923,.T.);
#1172 = ORIENTED_EDGE('',*,*,#861,.F.);
#1173 = ORIENTED_EDGE('',*,*,#1174,.T.);
#1174 = EDGE_CURVE('',#854,#948,#1175,.T.);
#1175 = LINE('',#1176,#1177);
#1176 = CARTESIAN_POINT('',(0.999998,-0.999998,0.810006));
#1177 = VECTOR('',#1178,1.);
#1178 = DIRECTION('',(0.,0.,-1.));
#1179 = PLANE('',#1180);
#1180 = AXIS2_PLACEMENT_3D('',#1181,#1182,#1183);
#1181 = CARTESIAN_POINT('',(0.999998,-0.360557778814,6.946422118634E-02)
  );
#1182 = DIRECTION('',(1.,0.,0.));
#1183 = DIRECTION('',(-0.,0.,1.));
#1184 = ADVANCED_FACE('',(#1185),#1196,.T.);
#1185 = FACE_BOUND('',#1186,.T.);
#1186 = EDGE_LOOP('',(#1187,#1188,#1189,#1195));
#1187 = ORIENTED_EDGE('',*,*,#1174,.F.);
#1188 = ORIENTED_EDGE('',*,*,#853,.F.);
#1189 = ORIENTED_EDGE('',*,*,#1190,.F.);
#1190 = EDGE_CURVE('',#956,#846,#1191,.T.);
#1191 = LINE('',#1192,#1193);
#1192 = CARTESIAN_POINT('',(-0.999998,-0.999998,9.906E-03));
#1193 = VECTOR('',#1194,1.);
#1194 = DIRECTION('',(0.,0.,1.));
#1195 = ORIENTED_EDGE('',*,*,#955,.F.);
#1196 = PLANE('',#1197);
#1197 = AXIS2_PLACEMENT_3D('',#1198,#1199,#1200);
#1198 = CARTESIAN_POINT('',(0.703187350653,-0.999998,0.529451350653));
#1199 = DIRECTION('',(-0.,-1.,-0.));
#1200 = DIRECTION('',(0.,0.,-1.));
#1201 = ADVANCED_FACE('',(#1202),#1211,.T.);
#1202 = FACE_BOUND('',#1203,.T.);
#1203 = EDGE_LOOP('',(#1204,#1205,#1206,#1207,#1208,#1209,#1210));
#1204 = ORIENTED_EDGE('',*,*,#987,.F.);
#1205 = ORIENTED_EDGE('',*,*,#1126,.T.);
#1206 = ORIENTED_EDGE('',*,*,#1150,.T.);
#1207 = ORIENTED_EDGE('',*,*,#963,.F.);
#1208 = ORIENTED_EDGE('',*,*,#1190,.T.);
#1209 = ORIENTED_EDGE('',*,*,#843,.F.);
#1210 = ORIENTED_EDGE('',*,*,#914,.T.);
#1211 = PLANE('',#1212);
#1212 = AXIS2_PLACEMENT_3D('',#1213,#1214,#1215);
#1213 = CARTESIAN_POINT('',(-0.999998,0.360557778814,6.946422118634E-02)
  );
#1214 = DIRECTION('',(-1.,-0.,-0.));
#1215 = DIRECTION('',(0.,0.,-1.));
#1216 = ADVANCED_FACE('',(#1217),#1223,.T.);
#1217 = FACE_BOUND('',#1218,.T.);
#1218 = EDGE_LOOP('',(#1219,#1220,#1221,#1222));
#1219 = ORIENTED_EDGE('',*,*,#811,.F.);
#1220 = ORIENTED_EDGE('',*,*,#878,.F.);
#1221 = ORIENTED_EDGE('',*,*,#84,.F.);
#1222 = ORIENTED_EDGE('',*,*,#134,.T.);
#1223 = PLANE('',#1224);
#1224 = AXIS2_PLACEMENT_3D('',#1225,#1226,#1227);
#1225 = CARTESIAN_POINT('',(-0.577691877863,0.680332441846,
    0.796378666529));
#1226 = DIRECTION('',(-0.991159608106,0.132674908172,-0.));
#1227 = DIRECTION('',(-0.132674908172,-0.991159608106,0.));
#1228 = MANIFOLD_SOLID_BREP('',#1229);
#1229 = CLOSED_SHELL('',(#1230,#1270,#1301,#1332,#1363,#1403,#1434,#1465
    ,#1496,#1527,#1549,#1580,#1611,#1651,#1682,#1713,#1735,#1766,#1806,
    #1837,#1868,#1899,#1930,#1952,#1983,#2023,#2046,#2069,#2092,#2123,
    #2154,#2185,#2207,#2230,#2253,#2276,#2307,#2338,#2369,#2400,#2431,
    #2462,#2493,#2524,#2564,#2587,#2610,#2633,#2664,#2695,#2726,#2757,
    #2779,#2802,#2825,#2848,#2879,#2901,#3192,#3223,#3247,#3271,#3295,
    #3319,#3343,#3367,#3391,#3415,#3439,#3463,#3487,#3511,#3535,#3559,
    #3583,#3607,#3631,#3655,#3679,#3703,#3727,#3751,#3775,#3799,#3823,
    #3847,#3871,#3888,#3949));
#1230 = ADVANCED_FACE('',(#1231),#1265,.T.);
#1231 = FACE_BOUND('',#1232,.T.);
#1232 = EDGE_LOOP('',(#1233,#1243,#1251,#1259));
#1233 = ORIENTED_EDGE('',*,*,#1234,.T.);
#1234 = EDGE_CURVE('',#1235,#1237,#1239,.T.);
#1235 = VERTEX_POINT('',#1236);
#1236 = CARTESIAN_POINT('',(0.157226,-0.694436,0.8001));
#1237 = VERTEX_POINT('',#1238);
#1238 = CARTESIAN_POINT('',(0.157226,-0.694436,0.810006));
#1239 = LINE('',#1240,#1241);
#1240 = CARTESIAN_POINT('',(0.157226,-0.694436,0.8001));
#1241 = VECTOR('',#1242,1.);
#1242 = DIRECTION('',(0.,0.,1.));
#1243 = ORIENTED_EDGE('',*,*,#1244,.T.);
#1244 = EDGE_CURVE('',#1237,#1245,#1247,.T.);
#1245 = VERTEX_POINT('',#1246);
#1246 = CARTESIAN_POINT('',(0.12446,-0.694436,0.810006));
#1247 = LINE('',#1248,#1249);
#1248 = CARTESIAN_POINT('',(0.157226,-0.694436,0.810006));
#1249 = VECTOR('',#1250,1.);
#1250 = DIRECTION('',(-1.,0.,0.));
#1251 = ORIENTED_EDGE('',*,*,#1252,.T.);
#1252 = EDGE_CURVE('',#1245,#1253,#1255,.T.);
#1253 = VERTEX_POINT('',#1254);
#1254 = CARTESIAN_POINT('',(0.12446,-0.694436,0.8001));
#1255 = LINE('',#1256,#1257);
#1256 = CARTESIAN_POINT('',(0.12446,-0.694436,0.810006));
#1257 = VECTOR('',#1258,1.);
#1258 = DIRECTION('',(0.,0.,-1.));
#1259 = ORIENTED_EDGE('',*,*,#1260,.T.);
#1260 = EDGE_CURVE('',#1253,#1235,#1261,.T.);
#1261 = LINE('',#1262,#1263);
#1262 = CARTESIAN_POINT('',(0.12446,-0.694436,0.8001));
#1263 = VECTOR('',#1264,1.);
#1264 = DIRECTION('',(1.,0.,0.));
#1265 = PLANE('',#1266);
#1266 = AXIS2_PLACEMENT_3D('',#1267,#1268,#1269);
#1267 = CARTESIAN_POINT('',(0.142953329493,-0.694436,0.802942670507));
#1268 = DIRECTION('',(-0.,-1.,-0.));
#1269 = DIRECTION('',(0.,0.,-1.));
#1270 = ADVANCED_FACE('',(#1271),#1296,.T.);
#1271 = FACE_BOUND('',#1272,.T.);
#1272 = EDGE_LOOP('',(#1273,#1281,#1282,#1290));
#1273 = ORIENTED_EDGE('',*,*,#1274,.T.);
#1274 = EDGE_CURVE('',#1275,#1253,#1277,.T.);
#1275 = VERTEX_POINT('',#1276);
#1276 = CARTESIAN_POINT('',(0.13335,-0.670052,0.8001));
#1277 = LINE('',#1278,#1279);
#1278 = CARTESIAN_POINT('',(0.13335,-0.670052,0.8001));
#1279 = VECTOR('',#1280,1.);
#1280 = DIRECTION('',(-0.342528723811,-0.939507356738,0.));
#1281 = ORIENTED_EDGE('',*,*,#1252,.F.);
#1282 = ORIENTED_EDGE('',*,*,#1283,.T.);
#1283 = EDGE_CURVE('',#1245,#1284,#1286,.T.);
#1284 = VERTEX_POINT('',#1285);
#1285 = CARTESIAN_POINT('',(0.13335,-0.670052,0.810006));
#1286 = LINE('',#1287,#1288);
#1287 = CARTESIAN_POINT('',(0.12446,-0.694436,0.810006));
#1288 = VECTOR('',#1289,1.);
#1289 = DIRECTION('',(0.342528723811,0.939507356738,0.));
#1290 = ORIENTED_EDGE('',*,*,#1291,.F.);
#1291 = EDGE_CURVE('',#1275,#1284,#1292,.T.);
#1292 = LINE('',#1293,#1294);
#1293 = CARTESIAN_POINT('',(0.13335,-0.670052,0.8001));
#1294 = VECTOR('',#1295,1.);
#1295 = DIRECTION('',(0.,0.,1.));
#1296 = PLANE('',#1297);
#1297 = AXIS2_PLACEMENT_3D('',#1298,#1299,#1300);
#1298 = CARTESIAN_POINT('',(0.128213108085,-0.684141760681,
    0.803033047024));
#1299 = DIRECTION('',(-0.939507356738,0.342528723811,-1.906089870481E-16
    ));
#1300 = DIRECTION('',(-0.342528723811,-0.939507356738,4.884140729447E-33
    ));
#1301 = ADVANCED_FACE('',(#1302),#1327,.T.);
#1302 = FACE_BOUND('',#1303,.T.);
#1303 = EDGE_LOOP('',(#1304,#1312,#1320,#1326));
#1304 = ORIENTED_EDGE('',*,*,#1305,.T.);
#1305 = EDGE_CURVE('',#1284,#1306,#1308,.T.);
#1306 = VERTEX_POINT('',#1307);
#1307 = CARTESIAN_POINT('',(0.136144,-0.644652,0.810006));
#1308 = LINE('',#1309,#1310);
#1309 = CARTESIAN_POINT('',(0.13335,-0.670052,0.810006));
#1310 = VECTOR('',#1311,1.);
#1311 = DIRECTION('',(0.109340479153,0.994004355935,0.));
#1312 = ORIENTED_EDGE('',*,*,#1313,.T.);
#1313 = EDGE_CURVE('',#1306,#1314,#1316,.T.);
#1314 = VERTEX_POINT('',#1315);
#1315 = CARTESIAN_POINT('',(0.136144,-0.644652,0.8001));
#1316 = LINE('',#1317,#1318);
#1317 = CARTESIAN_POINT('',(0.136144,-0.644652,0.810006));
#1318 = VECTOR('',#1319,1.);
#1319 = DIRECTION('',(0.,0.,-1.));
#1320 = ORIENTED_EDGE('',*,*,#1321,.T.);
#1321 = EDGE_CURVE('',#1314,#1275,#1322,.T.);
#1322 = LINE('',#1323,#1324);
#1323 = CARTESIAN_POINT('',(0.136144,-0.644652,0.8001));
#1324 = VECTOR('',#1325,1.);
#1325 = DIRECTION('',(-0.109340479153,-0.994004355935,0.));
#1326 = ORIENTED_EDGE('',*,*,#1291,.T.);
#1327 = PLANE('',#1328);
#1328 = AXIS2_PLACEMENT_3D('',#1329,#1330,#1331);
#1329 = CARTESIAN_POINT('',(0.134967132194,-0.655350798236,0.80706627263
    ));
#1330 = DIRECTION('',(-0.994004355935,0.109340479153,1.57757162202E-16)
  );
#1331 = DIRECTION('',(-0.109340479153,-0.994004355935,
    -2.769271969327E-34));
#1332 = ADVANCED_FACE('',(#1333),#1358,.T.);
#1333 = FACE_BOUND('',#1334,.T.);
#1334 = EDGE_LOOP('',(#1335,#1343,#1344,#1352));
#1335 = ORIENTED_EDGE('',*,*,#1336,.T.);
#1336 = EDGE_CURVE('',#1337,#1314,#1339,.T.);
#1337 = VERTEX_POINT('',#1338);
#1338 = CARTESIAN_POINT('',(0.134112,-0.625348,0.8001));
#1339 = LINE('',#1340,#1341);
#1340 = CARTESIAN_POINT('',(0.134112,-0.625348,0.8001));
#1341 = VECTOR('',#1342,1.);
#1342 = DIRECTION('',(0.104684784518,-0.994505452921,0.));
#1343 = ORIENTED_EDGE('',*,*,#1313,.F.);
#1344 = ORIENTED_EDGE('',*,*,#1345,.T.);
#1345 = EDGE_CURVE('',#1306,#1346,#1348,.T.);
#1346 = VERTEX_POINT('',#1347);
#1347 = CARTESIAN_POINT('',(0.134112,-0.625348,0.810006));
#1348 = LINE('',#1349,#1350);
#1349 = CARTESIAN_POINT('',(0.136144,-0.644652,0.810006));
#1350 = VECTOR('',#1351,1.);
#1351 = DIRECTION('',(-0.104684784518,0.994505452921,0.));
#1352 = ORIENTED_EDGE('',*,*,#1353,.F.);
#1353 = EDGE_CURVE('',#1337,#1346,#1354,.T.);
#1354 = LINE('',#1355,#1356);
#1355 = CARTESIAN_POINT('',(0.134112,-0.625348,0.8001));
#1356 = VECTOR('',#1357,1.);
#1357 = DIRECTION('',(0.,0.,1.));
#1358 = PLANE('',#1359);
#1359 = AXIS2_PLACEMENT_3D('',#1360,#1361,#1362);
#1360 = CARTESIAN_POINT('',(0.13532492255,-0.636870764229,0.803171899979
    ));
#1361 = DIRECTION('',(-0.994505452921,-0.104684784518,-0.));
#1362 = DIRECTION('',(0.104684784518,-0.994505452921,0.));
#1363 = ADVANCED_FACE('',(#1364),#1398,.T.);
#1364 = FACE_BOUND('',#1365,.T.);
#1365 = EDGE_LOOP('',(#1366,#1376,#1384,#1392));
#1366 = ORIENTED_EDGE('',*,*,#1367,.T.);
#1367 = EDGE_CURVE('',#1368,#1370,#1372,.T.);
#1368 = VERTEX_POINT('',#1369);
#1369 = CARTESIAN_POINT('',(4.4958E-02,-0.559054,0.810006));
#1370 = VERTEX_POINT('',#1371);
#1371 = CARTESIAN_POINT('',(1.2954E-02,-0.556514,0.810006));
#1372 = LINE('',#1373,#1374);
#1373 = CARTESIAN_POINT('',(4.4958E-02,-0.559054,0.810006));
#1374 = VECTOR('',#1375,1.);
#1375 = DIRECTION('',(-0.996865392576,7.911630099812E-02,0.));
#1376 = ORIENTED_EDGE('',*,*,#1377,.T.);
#1377 = EDGE_CURVE('',#1370,#1378,#1380,.T.);
#1378 = VERTEX_POINT('',#1379);
#1379 = CARTESIAN_POINT('',(1.2954E-02,-0.556514,0.8001));
#1380 = LINE('',#1381,#1382);
#1381 = CARTESIAN_POINT('',(1.2954E-02,-0.556514,0.810006));
#1382 = VECTOR('',#1383,1.);
#1383 = DIRECTION('',(0.,0.,-1.));
#1384 = ORIENTED_EDGE('',*,*,#1385,.T.);
#1385 = EDGE_CURVE('',#1378,#1386,#1388,.T.);
#1386 = VERTEX_POINT('',#1387);
#1387 = CARTESIAN_POINT('',(4.4958E-02,-0.559054,0.8001));
#1388 = LINE('',#1389,#1390);
#1389 = CARTESIAN_POINT('',(1.2954E-02,-0.556514,0.8001));
#1390 = VECTOR('',#1391,1.);
#1391 = DIRECTION('',(0.996865392576,-7.911630099812E-02,0.));
#1392 = ORIENTED_EDGE('',*,*,#1393,.T.);
#1393 = EDGE_CURVE('',#1386,#1368,#1394,.T.);
#1394 = LINE('',#1395,#1396);
#1395 = CARTESIAN_POINT('',(4.4958E-02,-0.559054,0.8001));
#1396 = VECTOR('',#1397,1.);
#1397 = DIRECTION('',(0.,0.,1.));
#1398 = PLANE('',#1399);
#1399 = AXIS2_PLACEMENT_3D('',#1400,#1401,#1402);
#1400 = CARTESIAN_POINT('',(2.685947395317E-02,-0.557617609044,
    0.807156118498));
#1401 = DIRECTION('',(-7.911630099812E-02,-0.996865392576,-0.));
#1402 = DIRECTION('',(-0.996865392576,7.911630099812E-02,0.));
#1403 = ADVANCED_FACE('',(#1404),#1429,.T.);
#1404 = FACE_BOUND('',#1405,.T.);
#1405 = EDGE_LOOP('',(#1406,#1414,#1415,#1423));
#1406 = ORIENTED_EDGE('',*,*,#1407,.T.);
#1407 = EDGE_CURVE('',#1408,#1368,#1410,.T.);
#1408 = VERTEX_POINT('',#1409);
#1409 = CARTESIAN_POINT('',(7.9502E-02,-0.567944,0.810006));
#1410 = LINE('',#1411,#1412);
#1411 = CARTESIAN_POINT('',(7.9502E-02,-0.567944,0.810006));
#1412 = VECTOR('',#1413,1.);
#1413 = DIRECTION('',(-0.96844384167,0.249231871018,0.));
#1414 = ORIENTED_EDGE('',*,*,#1393,.F.);
#1415 = ORIENTED_EDGE('',*,*,#1416,.T.);
#1416 = EDGE_CURVE('',#1386,#1417,#1419,.T.);
#1417 = VERTEX_POINT('',#1418);
#1418 = CARTESIAN_POINT('',(7.9502E-02,-0.567944,0.8001));
#1419 = LINE('',#1420,#1421);
#1420 = CARTESIAN_POINT('',(4.4958E-02,-0.559054,0.8001));
#1421 = VECTOR('',#1422,1.);
#1422 = DIRECTION('',(0.96844384167,-0.249231871018,0.));
#1423 = ORIENTED_EDGE('',*,*,#1424,.T.);
#1424 = EDGE_CURVE('',#1417,#1408,#1425,.T.);
#1425 = LINE('',#1426,#1427);
#1426 = CARTESIAN_POINT('',(7.9502E-02,-0.567944,0.8001));
#1427 = VECTOR('',#1428,1.);
#1428 = DIRECTION('',(0.,0.,1.));
#1429 = PLANE('',#1430);
#1430 = AXIS2_PLACEMENT_3D('',#1431,#1432,#1433);
#1431 = CARTESIAN_POINT('',(6.015849348354E-02,-0.562965891705,
    0.807192005307));
#1432 = DIRECTION('',(-0.249231871018,-0.96844384167,-0.));
#1433 = DIRECTION('',(-0.96844384167,0.249231871018,0.));
#1434 = ADVANCED_FACE('',(#1435),#1460,.T.);
#1435 = FACE_BOUND('',#1436,.T.);
#1436 = EDGE_LOOP('',(#1437,#1445,#1446,#1454));
#1437 = ORIENTED_EDGE('',*,*,#1438,.T.);
#1438 = EDGE_CURVE('',#1439,#1408,#1441,.T.);
#1439 = VERTEX_POINT('',#1440);
#1440 = CARTESIAN_POINT('',(0.101854,-0.580136,0.810006));
#1441 = LINE('',#1442,#1443);
#1442 = CARTESIAN_POINT('',(0.101854,-0.580136,0.810006));
#1443 = VECTOR('',#1444,1.);
#1444 = DIRECTION('',(-0.877895572914,0.478852130681,0.));
#1445 = ORIENTED_EDGE('',*,*,#1424,.F.);
#1446 = ORIENTED_EDGE('',*,*,#1447,.T.);
#1447 = EDGE_CURVE('',#1417,#1448,#1450,.T.);
#1448 = VERTEX_POINT('',#1449);
#1449 = CARTESIAN_POINT('',(0.101854,-0.580136,0.8001));
#1450 = LINE('',#1451,#1452);
#1451 = CARTESIAN_POINT('',(7.9502E-02,-0.567944,0.8001));
#1452 = VECTOR('',#1453,1.);
#1453 = DIRECTION('',(0.877895572914,-0.478852130681,0.));
#1454 = ORIENTED_EDGE('',*,*,#1455,.T.);
#1455 = EDGE_CURVE('',#1448,#1439,#1456,.T.);
#1456 = LINE('',#1457,#1458);
#1457 = CARTESIAN_POINT('',(0.101854,-0.580136,0.8001));
#1458 = VECTOR('',#1459,1.);
#1459 = DIRECTION('',(0.,0.,1.));
#1460 = PLANE('',#1461);
#1461 = AXIS2_PLACEMENT_3D('',#1462,#1463,#1464);
#1462 = CARTESIAN_POINT('',(8.891193124626E-02,-0.573076689771,
    0.807064707096));
#1463 = DIRECTION('',(-0.478852130681,-0.877895572914,
    -2.462494190176E-16));
#1464 = DIRECTION('',(-0.877895572914,0.478852130681,-1.435908496095E-32
    ));
#1465 = ADVANCED_FACE('',(#1466),#1491,.T.);
#1466 = FACE_BOUND('',#1467,.T.);
#1467 = EDGE_LOOP('',(#1468,#1476,#1477,#1485));
#1468 = ORIENTED_EDGE('',*,*,#1469,.T.);
#1469 = EDGE_CURVE('',#1470,#1439,#1472,.T.);
#1470 = VERTEX_POINT('',#1471);
#1471 = CARTESIAN_POINT('',(0.11811,-0.594614,0.810006));
#1472 = LINE('',#1473,#1474);
#1473 = CARTESIAN_POINT('',(0.11811,-0.594614,0.810006));
#1474 = VECTOR('',#1475,1.);
#1475 = DIRECTION('',(-0.746765204688,0.665087760425,0.));
#1476 = ORIENTED_EDGE('',*,*,#1455,.F.);
#1477 = ORIENTED_EDGE('',*,*,#1478,.T.);
#1478 = EDGE_CURVE('',#1448,#1479,#1481,.T.);
#1479 = VERTEX_POINT('',#1480);
#1480 = CARTESIAN_POINT('',(0.11811,-0.594614,0.8001));
#1481 = LINE('',#1482,#1483);
#1482 = CARTESIAN_POINT('',(0.101854,-0.580136,0.8001));
#1483 = VECTOR('',#1484,1.);
#1484 = DIRECTION('',(0.746765204688,-0.665087760425,0.));
#1485 = ORIENTED_EDGE('',*,*,#1486,.T.);
#1486 = EDGE_CURVE('',#1479,#1470,#1487,.T.);
#1487 = LINE('',#1488,#1489);
#1488 = CARTESIAN_POINT('',(0.11811,-0.594614,0.8001));
#1489 = VECTOR('',#1490,1.);
#1490 = DIRECTION('',(0.,0.,1.));
#1491 = PLANE('',#1492);
#1492 = AXIS2_PLACEMENT_3D('',#1493,#1494,#1495);
#1493 = CARTESIAN_POINT('',(0.108533638021,-0.586085052613,
    0.806992514548));
#1494 = DIRECTION('',(-0.665087760425,-0.746765204688,
    -3.593043016646E-16));
#1495 = DIRECTION('',(-0.746765204688,0.665087760425,-1.708192127726E-32
    ));
#1496 = ADVANCED_FACE('',(#1497),#1522,.T.);
#1497 = FACE_BOUND('',#1498,.T.);
#1498 = EDGE_LOOP('',(#1499,#1507,#1508,#1516));
#1499 = ORIENTED_EDGE('',*,*,#1500,.T.);
#1500 = EDGE_CURVE('',#1501,#1470,#1503,.T.);
#1501 = VERTEX_POINT('',#1502);
#1502 = CARTESIAN_POINT('',(0.12827,-0.6096,0.810006));
#1503 = LINE('',#1504,#1505);
#1504 = CARTESIAN_POINT('',(0.12827,-0.6096,0.810006));
#1505 = VECTOR('',#1506,1.);
#1506 = DIRECTION('',(-0.561158303868,0.827708498205,0.));
#1507 = ORIENTED_EDGE('',*,*,#1486,.F.);
#1508 = ORIENTED_EDGE('',*,*,#1509,.T.);
#1509 = EDGE_CURVE('',#1479,#1510,#1512,.T.);
#1510 = VERTEX_POINT('',#1511);
#1511 = CARTESIAN_POINT('',(0.12827,-0.6096,0.8001));
#1512 = LINE('',#1513,#1514);
#1513 = CARTESIAN_POINT('',(0.11811,-0.594614,0.8001));
#1514 = VECTOR('',#1515,1.);
#1515 = DIRECTION('',(0.561158303868,-0.827708498205,0.));
#1516 = ORIENTED_EDGE('',*,*,#1517,.T.);
#1517 = EDGE_CURVE('',#1510,#1501,#1518,.T.);
#1518 = LINE('',#1519,#1520);
#1519 = CARTESIAN_POINT('',(0.12827,-0.6096,0.8001));
#1520 = VECTOR('',#1521,1.);
#1521 = DIRECTION('',(0.,0.,1.));
#1522 = PLANE('',#1523);
#1523 = AXIS2_PLACEMENT_3D('',#1524,#1525,#1526);
#1524 = CARTESIAN_POINT('',(0.122155613519,-0.600581279941,
    0.806896306022));
#1525 = DIRECTION('',(-0.827708498205,-0.561158303868,
    -1.734824653881E-16));
#1526 = DIRECTION('',(0.561158303868,-0.827708498205,-1.442096982936E-32
    ));
#1527 = ADVANCED_FACE('',(#1528),#1544,.T.);
#1528 = FACE_BOUND('',#1529,.T.);
#1529 = EDGE_LOOP('',(#1530,#1536,#1537,#1543));
#1530 = ORIENTED_EDGE('',*,*,#1531,.T.);
#1531 = EDGE_CURVE('',#1346,#1501,#1532,.T.);
#1532 = LINE('',#1533,#1534);
#1533 = CARTESIAN_POINT('',(0.134112,-0.625348,0.810006));
#1534 = VECTOR('',#1535,1.);
#1535 = DIRECTION('',(-0.347806822959,0.93756621841,0.));
#1536 = ORIENTED_EDGE('',*,*,#1517,.F.);
#1537 = ORIENTED_EDGE('',*,*,#1538,.T.);
#1538 = EDGE_CURVE('',#1510,#1337,#1539,.T.);
#1539 = LINE('',#1540,#1541);
#1540 = CARTESIAN_POINT('',(0.12827,-0.6096,0.8001));
#1541 = VECTOR('',#1542,1.);
#1542 = DIRECTION('',(0.347806822959,-0.93756621841,0.));
#1543 = ORIENTED_EDGE('',*,*,#1353,.T.);
#1544 = PLANE('',#1545);
#1545 = AXIS2_PLACEMENT_3D('',#1546,#1547,#1548);
#1546 = CARTESIAN_POINT('',(0.130564730949,-0.615785796472,
    0.806853623247));
#1547 = DIRECTION('',(-0.93756621841,-0.347806822959,1.247670588605E-16)
  );
#1548 = DIRECTION('',(0.347806822959,-0.93756621841,1.618559672232E-33)
  );
#1549 = ADVANCED_FACE('',(#1550),#1575,.T.);
#1550 = FACE_BOUND('',#1551,.T.);
#1551 = EDGE_LOOP('',(#1552,#1553,#1561,#1569));
#1552 = ORIENTED_EDGE('',*,*,#1377,.F.);
#1553 = ORIENTED_EDGE('',*,*,#1554,.T.);
#1554 = EDGE_CURVE('',#1370,#1555,#1557,.T.);
#1555 = VERTEX_POINT('',#1556);
#1556 = CARTESIAN_POINT('',(1.2954E-02,-0.55753,0.810006));
#1557 = LINE('',#1558,#1559);
#1558 = CARTESIAN_POINT('',(1.2954E-02,-0.556514,0.810006));
#1559 = VECTOR('',#1560,1.);
#1560 = DIRECTION('',(0.,-1.,0.));
#1561 = ORIENTED_EDGE('',*,*,#1562,.T.);
#1562 = EDGE_CURVE('',#1555,#1563,#1565,.T.);
#1563 = VERTEX_POINT('',#1564);
#1564 = CARTESIAN_POINT('',(1.2954E-02,-0.55753,0.8001));
#1565 = LINE('',#1566,#1567);
#1566 = CARTESIAN_POINT('',(1.2954E-02,-0.55753,0.810006));
#1567 = VECTOR('',#1568,1.);
#1568 = DIRECTION('',(0.,0.,-1.));
#1569 = ORIENTED_EDGE('',*,*,#1570,.T.);
#1570 = EDGE_CURVE('',#1563,#1378,#1571,.T.);
#1571 = LINE('',#1572,#1573);
#1572 = CARTESIAN_POINT('',(1.2954E-02,-0.55753,0.8001));
#1573 = VECTOR('',#1574,1.);
#1574 = DIRECTION('',(0.,1.,0.));
#1575 = PLANE('',#1576);
#1576 = AXIS2_PLACEMENT_3D('',#1577,#1578,#1579);
#1577 = CARTESIAN_POINT('',(1.2954E-02,-0.556780991565,0.804811991565));
#1578 = DIRECTION('',(1.,0.,0.));
#1579 = DIRECTION('',(-0.,0.,1.));
#1580 = ADVANCED_FACE('',(#1581),#1606,.T.);
#1581 = FACE_BOUND('',#1582,.T.);
#1582 = EDGE_LOOP('',(#1583,#1591,#1592,#1600));
#1583 = ORIENTED_EDGE('',*,*,#1584,.T.);
#1584 = EDGE_CURVE('',#1585,#1563,#1587,.T.);
#1585 = VERTEX_POINT('',#1586);
#1586 = CARTESIAN_POINT('',(3.0226E-02,-0.568706,0.8001));
#1587 = LINE('',#1588,#1589);
#1588 = CARTESIAN_POINT('',(3.0226E-02,-0.568706,0.8001));
#1589 = VECTOR('',#1590,1.);
#1590 = DIRECTION('',(-0.839570157152,0.543251278157,0.));
#1591 = ORIENTED_EDGE('',*,*,#1562,.F.);
#1592 = ORIENTED_EDGE('',*,*,#1593,.T.);
#1593 = EDGE_CURVE('',#1555,#1594,#1596,.T.);
#1594 = VERTEX_POINT('',#1595);
#1595 = CARTESIAN_POINT('',(3.0226E-02,-0.568706,0.810006));
#1596 = LINE('',#1597,#1598);
#1597 = CARTESIAN_POINT('',(1.2954E-02,-0.55753,0.810006));
#1598 = VECTOR('',#1599,1.);
#1599 = DIRECTION('',(0.839570157152,-0.543251278157,0.));
#1600 = ORIENTED_EDGE('',*,*,#1601,.F.);
#1601 = EDGE_CURVE('',#1585,#1594,#1602,.T.);
#1602 = LINE('',#1603,#1604);
#1603 = CARTESIAN_POINT('',(3.0226E-02,-0.568706,0.8001));
#1604 = VECTOR('',#1605,1.);
#1605 = DIRECTION('',(0.,0.,1.));
#1606 = PLANE('',#1607);
#1607 = AXIS2_PLACEMENT_3D('',#1608,#1609,#1610);
#1608 = CARTESIAN_POINT('',(1.998531719782E-02,-0.562079675834,
    0.803141685277));
#1609 = DIRECTION('',(0.543251278157,0.839570157152,1.364703062042E-16)
  );
#1610 = DIRECTION('',(0.839570157152,-0.543251278157,-6.713785052676E-33
    ));
#1611 = ADVANCED_FACE('',(#1612),#1646,.T.);
#1612 = FACE_BOUND('',#1613,.T.);
#1613 = EDGE_LOOP('',(#1614,#1624,#1632,#1640));
#1614 = ORIENTED_EDGE('',*,*,#1615,.T.);
#1615 = EDGE_CURVE('',#1616,#1618,#1620,.T.);
#1616 = VERTEX_POINT('',#1617);
#1617 = CARTESIAN_POINT('',(5.4356E-02,-0.610616,0.810006));
#1618 = VERTEX_POINT('',#1619);
#1619 = CARTESIAN_POINT('',(5.5626E-02,-0.626364,0.810006));
#1620 = LINE('',#1621,#1622);
#1621 = CARTESIAN_POINT('',(5.4356E-02,-0.610616,0.810006));
#1622 = VECTOR('',#1623,1.);
#1623 = DIRECTION('',(8.038418992031E-02,-0.996763955012,0.));
#1624 = ORIENTED_EDGE('',*,*,#1625,.T.);
#1625 = EDGE_CURVE('',#1618,#1626,#1628,.T.);
#1626 = VERTEX_POINT('',#1627);
#1627 = CARTESIAN_POINT('',(5.5626E-02,-0.626364,0.8001));
#1628 = LINE('',#1629,#1630);
#1629 = CARTESIAN_POINT('',(5.5626E-02,-0.626364,0.810006));
#1630 = VECTOR('',#1631,1.);
#1631 = DIRECTION('',(0.,0.,-1.));
#1632 = ORIENTED_EDGE('',*,*,#1633,.T.);
#1633 = EDGE_CURVE('',#1626,#1634,#1636,.T.);
#1634 = VERTEX_POINT('',#1635);
#1635 = CARTESIAN_POINT('',(5.4356E-02,-0.610616,0.8001));
#1636 = LINE('',#1637,#1638);
#1637 = CARTESIAN_POINT('',(5.5626E-02,-0.626364,0.8001));
#1638 = VECTOR('',#1639,1.);
#1639 = DIRECTION('',(-8.038418992031E-02,0.996763955012,0.));
#1640 = ORIENTED_EDGE('',*,*,#1641,.T.);
#1641 = EDGE_CURVE('',#1634,#1616,#1642,.T.);
#1642 = LINE('',#1643,#1644);
#1643 = CARTESIAN_POINT('',(5.4356E-02,-0.610616,0.8001));
#1644 = VECTOR('',#1645,1.);
#1645 = DIRECTION('',(0.,0.,1.));
#1646 = PLANE('',#1647);
#1647 = AXIS2_PLACEMENT_3D('',#1648,#1649,#1650);
#1648 = CARTESIAN_POINT('',(5.513282394368E-02,-0.620248616902,
    0.806817326341));
#1649 = DIRECTION('',(0.996763955012,8.038418992031E-02,0.));
#1650 = DIRECTION('',(-8.038418992031E-02,0.996763955012,0.));
#1651 = ADVANCED_FACE('',(#1652),#1677,.T.);
#1652 = FACE_BOUND('',#1653,.T.);
#1653 = EDGE_LOOP('',(#1654,#1662,#1663,#1671));
#1654 = ORIENTED_EDGE('',*,*,#1655,.T.);
#1655 = EDGE_CURVE('',#1656,#1616,#1658,.T.);
#1656 = VERTEX_POINT('',#1657);
#1657 = CARTESIAN_POINT('',(5.0038E-02,-0.594868,0.810006));
#1658 = LINE('',#1659,#1660);
#1659 = CARTESIAN_POINT('',(5.0038E-02,-0.594868,0.810006));
#1660 = VECTOR('',#1661,1.);
#1661 = DIRECTION('',(0.264433345006,-0.96440396414,0.));
#1662 = ORIENTED_EDGE('',*,*,#1641,.F.);
#1663 = ORIENTED_EDGE('',*,*,#1664,.T.);
#1664 = EDGE_CURVE('',#1634,#1665,#1667,.T.);
#1665 = VERTEX_POINT('',#1666);
#1666 = CARTESIAN_POINT('',(5.0038E-02,-0.594868,0.8001));
#1667 = LINE('',#1668,#1669);
#1668 = CARTESIAN_POINT('',(5.4356E-02,-0.610616,0.8001));
#1669 = VECTOR('',#1670,1.);
#1670 = DIRECTION('',(-0.264433345006,0.96440396414,0.));
#1671 = ORIENTED_EDGE('',*,*,#1672,.T.);
#1672 = EDGE_CURVE('',#1665,#1656,#1673,.T.);
#1673 = LINE('',#1674,#1675);
#1674 = CARTESIAN_POINT('',(5.0038E-02,-0.594868,0.8001));
#1675 = VECTOR('',#1676,1.);
#1676 = DIRECTION('',(0.,0.,1.));
#1677 = PLANE('',#1678);
#1678 = AXIS2_PLACEMENT_3D('',#1679,#1680,#1681);
#1679 = CARTESIAN_POINT('',(5.266876318673E-02,-0.604462548093,
    0.806837053319));
#1680 = DIRECTION('',(0.96440396414,0.264433345006,0.));
#1681 = DIRECTION('',(-0.264433345006,0.96440396414,0.));
#1682 = ADVANCED_FACE('',(#1683),#1708,.T.);
#1683 = FACE_BOUND('',#1684,.T.);
#1684 = EDGE_LOOP('',(#1685,#1693,#1694,#1702));
#1685 = ORIENTED_EDGE('',*,*,#1686,.T.);
#1686 = EDGE_CURVE('',#1687,#1656,#1689,.T.);
#1687 = VERTEX_POINT('',#1688);
#1688 = CARTESIAN_POINT('',(4.1656E-02,-0.580644,0.810006));
#1689 = LINE('',#1690,#1691);
#1690 = CARTESIAN_POINT('',(4.1656E-02,-0.580644,0.810006));
#1691 = VECTOR('',#1692,1.);
#1692 = DIRECTION('',(0.507692307692,-0.861538461538,0.));
#1693 = ORIENTED_EDGE('',*,*,#1672,.F.);
#1694 = ORIENTED_EDGE('',*,*,#1695,.T.);
#1695 = EDGE_CURVE('',#1665,#1696,#1698,.T.);
#1696 = VERTEX_POINT('',#1697);
#1697 = CARTESIAN_POINT('',(4.1656E-02,-0.580644,0.8001));
#1698 = LINE('',#1699,#1700);
#1699 = CARTESIAN_POINT('',(5.0038E-02,-0.594868,0.8001));
#1700 = VECTOR('',#1701,1.);
#1701 = DIRECTION('',(-0.507692307692,0.861538461538,0.));
#1702 = ORIENTED_EDGE('',*,*,#1703,.T.);
#1703 = EDGE_CURVE('',#1696,#1687,#1704,.T.);
#1704 = LINE('',#1705,#1706);
#1705 = CARTESIAN_POINT('',(4.1656E-02,-0.580644,0.8001));
#1706 = VECTOR('',#1707,1.);
#1707 = DIRECTION('',(0.,0.,1.));
#1708 = PLANE('',#1709);
#1709 = AXIS2_PLACEMENT_3D('',#1710,#1711,#1712);
#1710 = CARTESIAN_POINT('',(4.675604806087E-02,-0.589298627012,
    0.806843549211));
#1711 = DIRECTION('',(0.861538461538,0.507692307692,0.));
#1712 = DIRECTION('',(-0.507692307692,0.861538461538,0.));
#1713 = ADVANCED_FACE('',(#1714),#1730,.T.);
#1714 = FACE_BOUND('',#1715,.T.);
#1715 = EDGE_LOOP('',(#1716,#1722,#1723,#1729));
#1716 = ORIENTED_EDGE('',*,*,#1717,.T.);
#1717 = EDGE_CURVE('',#1594,#1687,#1718,.T.);
#1718 = LINE('',#1719,#1720);
#1719 = CARTESIAN_POINT('',(3.0226E-02,-0.568706,0.810006));
#1720 = VECTOR('',#1721,1.);
#1721 = DIRECTION('',(0.691571499126,-0.722308010198,0.));
#1722 = ORIENTED_EDGE('',*,*,#1703,.F.);
#1723 = ORIENTED_EDGE('',*,*,#1724,.T.);
#1724 = EDGE_CURVE('',#1696,#1585,#1725,.T.);
#1725 = LINE('',#1726,#1727);
#1726 = CARTESIAN_POINT('',(4.1656E-02,-0.580644,0.8001));
#1727 = VECTOR('',#1728,1.);
#1728 = DIRECTION('',(-0.691571499126,0.722308010198,0.));
#1729 = ORIENTED_EDGE('',*,*,#1601,.T.);
#1730 = PLANE('',#1731);
#1731 = AXIS2_PLACEMENT_3D('',#1732,#1733,#1734);
#1732 = CARTESIAN_POINT('',(3.717972546247E-02,-0.575968779927,
    0.80684417483));
#1733 = DIRECTION('',(0.722308010198,0.691571499126,0.));
#1734 = DIRECTION('',(-0.691571499126,0.722308010198,0.));
#1735 = ADVANCED_FACE('',(#1736),#1761,.T.);
#1736 = FACE_BOUND('',#1737,.T.);
#1737 = EDGE_LOOP('',(#1738,#1746,#1747,#1755));
#1738 = ORIENTED_EDGE('',*,*,#1739,.T.);
#1739 = EDGE_CURVE('',#1740,#1626,#1742,.T.);
#1740 = VERTEX_POINT('',#1741);
#1741 = CARTESIAN_POINT('',(5.334E-02,-0.648716,0.8001));
#1742 = LINE('',#1743,#1744);
#1743 = CARTESIAN_POINT('',(5.334E-02,-0.648716,0.8001));
#1744 = VECTOR('',#1745,1.);
#1745 = DIRECTION('',(0.10174201541,0.994810817342,0.));
#1746 = ORIENTED_EDGE('',*,*,#1625,.F.);
#1747 = ORIENTED_EDGE('',*,*,#1748,.T.);
#1748 = EDGE_CURVE('',#1618,#1749,#1751,.T.);
#1749 = VERTEX_POINT('',#1750);
#1750 = CARTESIAN_POINT('',(5.334E-02,-0.648716,0.810006));
#1751 = LINE('',#1752,#1753);
#1752 = CARTESIAN_POINT('',(5.5626E-02,-0.626364,0.810006));
#1753 = VECTOR('',#1754,1.);
#1754 = DIRECTION('',(-0.10174201541,-0.994810817342,0.));
#1755 = ORIENTED_EDGE('',*,*,#1756,.F.);
#1756 = EDGE_CURVE('',#1740,#1749,#1757,.T.);
#1757 = LINE('',#1758,#1759);
#1758 = CARTESIAN_POINT('',(5.334E-02,-0.648716,0.8001));
#1759 = VECTOR('',#1760,1.);
#1760 = DIRECTION('',(0.,0.,1.));
#1761 = PLANE('',#1762);
#1762 = AXIS2_PLACEMENT_3D('',#1763,#1764,#1765);
#1763 = CARTESIAN_POINT('',(5.468188571675E-02,-0.635595339658,
    0.803098195822));
#1764 = DIRECTION('',(0.994810817342,-0.10174201541,0.));
#1765 = DIRECTION('',(0.10174201541,0.994810817342,0.));
#1766 = ADVANCED_FACE('',(#1767),#1801,.T.);
#1767 = FACE_BOUND('',#1768,.T.);
#1768 = EDGE_LOOP('',(#1769,#1779,#1787,#1795));
#1769 = ORIENTED_EDGE('',*,*,#1770,.T.);
#1770 = EDGE_CURVE('',#1771,#1773,#1775,.T.);
#1771 = VERTEX_POINT('',#1772);
#1772 = CARTESIAN_POINT('',(-2.0574E-02,-0.711708,0.810006));
#1773 = VERTEX_POINT('',#1774);
#1774 = CARTESIAN_POINT('',(-3.7338E-02,-0.712724,0.810006));
#1775 = LINE('',#1776,#1777);
#1776 = CARTESIAN_POINT('',(-2.0574E-02,-0.711708,0.810006));
#1777 = VECTOR('',#1778,1.);
#1778 = DIRECTION('',(-0.998168496631,-6.049506040189E-02,0.));
#1779 = ORIENTED_EDGE('',*,*,#1780,.T.);
#1780 = EDGE_CURVE('',#1773,#1781,#1783,.T.);
#1781 = VERTEX_POINT('',#1782);
#1782 = CARTESIAN_POINT('',(-3.7338E-02,-0.712724,0.8001));
#1783 = LINE('',#1784,#1785);
#1784 = CARTESIAN_POINT('',(-3.7338E-02,-0.712724,0.810006));
#1785 = VECTOR('',#1786,1.);
#1786 = DIRECTION('',(0.,0.,-1.));
#1787 = ORIENTED_EDGE('',*,*,#1788,.T.);
#1788 = EDGE_CURVE('',#1781,#1789,#1791,.T.);
#1789 = VERTEX_POINT('',#1790);
#1790 = CARTESIAN_POINT('',(-2.0574E-02,-0.711708,0.8001));
#1791 = LINE('',#1792,#1793);
#1792 = CARTESIAN_POINT('',(-3.7338E-02,-0.712724,0.8001));
#1793 = VECTOR('',#1794,1.);
#1794 = DIRECTION('',(0.998168496631,6.049506040189E-02,0.));
#1795 = ORIENTED_EDGE('',*,*,#1796,.T.);
#1796 = EDGE_CURVE('',#1789,#1771,#1797,.T.);
#1797 = LINE('',#1798,#1799);
#1798 = CARTESIAN_POINT('',(-2.0574E-02,-0.711708,0.8001));
#1799 = VECTOR('',#1800,1.);
#1800 = DIRECTION('',(0.,0.,1.));
#1801 = PLANE('',#1802);
#1802 = AXIS2_PLACEMENT_3D('',#1803,#1804,#1805);
#1803 = CARTESIAN_POINT('',(-3.07532589465E-02,-0.712324924785,
    0.806853556672));
#1804 = DIRECTION('',(6.049506040189E-02,-0.998168496631,-0.));
#1805 = DIRECTION('',(-0.998168496631,-6.049506040189E-02,0.));
#1806 = ADVANCED_FACE('',(#1807),#1832,.T.);
#1807 = FACE_BOUND('',#1808,.T.);
#1808 = EDGE_LOOP('',(#1809,#1817,#1818,#1826));
#1809 = ORIENTED_EDGE('',*,*,#1810,.T.);
#1810 = EDGE_CURVE('',#1811,#1771,#1813,.T.);
#1811 = VERTEX_POINT('',#1812);
#1812 = CARTESIAN_POINT('',(3.556E-03,-0.705612,0.810006));
#1813 = LINE('',#1814,#1815);
#1814 = CARTESIAN_POINT('',(3.556E-03,-0.705612,0.810006));
#1815 = VECTOR('',#1816,1.);
#1816 = DIRECTION('',(-0.969539194334,-0.244936217516,0.));
#1817 = ORIENTED_EDGE('',*,*,#1796,.F.);
#1818 = ORIENTED_EDGE('',*,*,#1819,.T.);
#1819 = EDGE_CURVE('',#1789,#1820,#1822,.T.);
#1820 = VERTEX_POINT('',#1821);
#1821 = CARTESIAN_POINT('',(3.556E-03,-0.705612,0.8001));
#1822 = LINE('',#1823,#1824);
#1823 = CARTESIAN_POINT('',(-2.0574E-02,-0.711708,0.8001));
#1824 = VECTOR('',#1825,1.);
#1825 = DIRECTION('',(0.969539194334,0.244936217516,0.));
#1826 = ORIENTED_EDGE('',*,*,#1827,.T.);
#1827 = EDGE_CURVE('',#1820,#1811,#1828,.T.);
#1828 = LINE('',#1829,#1830);
#1829 = CARTESIAN_POINT('',(3.556E-03,-0.705612,0.8001));
#1830 = VECTOR('',#1831,1.);
#1831 = DIRECTION('',(0.,0.,1.));
#1832 = PLANE('',#1833);
#1833 = AXIS2_PLACEMENT_3D('',#1834,#1835,#1836);
#1834 = CARTESIAN_POINT('',(-1.044978600457E-02,-0.709150303833,
    0.807054761265));
#1835 = DIRECTION('',(0.244936217516,-0.969539194334,-0.));
#1836 = DIRECTION('',(-0.969539194334,-0.244936217516,0.));
#1837 = ADVANCED_FACE('',(#1838),#1863,.T.);
#1838 = FACE_BOUND('',#1839,.T.);
#1839 = EDGE_LOOP('',(#1840,#1848,#1849,#1857));
#1840 = ORIENTED_EDGE('',*,*,#1841,.T.);
#1841 = EDGE_CURVE('',#1842,#1811,#1844,.T.);
#1842 = VERTEX_POINT('',#1843);
#1843 = CARTESIAN_POINT('',(2.159E-02,-0.696214,0.810006));
#1844 = LINE('',#1845,#1846);
#1845 = CARTESIAN_POINT('',(2.159E-02,-0.696214,0.810006));
#1846 = VECTOR('',#1847,1.);
#1847 = DIRECTION('',(-0.886807452099,-0.462139094756,0.));
#1848 = ORIENTED_EDGE('',*,*,#1827,.F.);
#1849 = ORIENTED_EDGE('',*,*,#1850,.T.);
#1850 = EDGE_CURVE('',#1820,#1851,#1853,.T.);
#1851 = VERTEX_POINT('',#1852);
#1852 = CARTESIAN_POINT('',(2.159E-02,-0.696214,0.8001));
#1853 = LINE('',#1854,#1855);
#1854 = CARTESIAN_POINT('',(3.556E-03,-0.705612,0.8001));
#1855 = VECTOR('',#1856,1.);
#1856 = DIRECTION('',(0.886807452099,0.462139094756,0.));
#1857 = ORIENTED_EDGE('',*,*,#1858,.T.);
#1858 = EDGE_CURVE('',#1851,#1842,#1859,.T.);
#1859 = LINE('',#1860,#1861);
#1860 = CARTESIAN_POINT('',(2.159E-02,-0.696214,0.8001));
#1861 = VECTOR('',#1862,1.);
#1862 = DIRECTION('',(0.,0.,1.));
#1863 = PLANE('',#1864);
#1864 = AXIS2_PLACEMENT_3D('',#1865,#1866,#1867);
#1865 = CARTESIAN_POINT('',(1.088327627341E-02,-0.701793560252,
    0.80695840091));
#1866 = DIRECTION('',(0.462139094756,-0.886807452099,-0.));
#1867 = DIRECTION('',(-0.886807452099,-0.462139094756,0.));
#1868 = ADVANCED_FACE('',(#1869),#1894,.T.);
#1869 = FACE_BOUND('',#1870,.T.);
#1870 = EDGE_LOOP('',(#1871,#1879,#1880,#1888));
#1871 = ORIENTED_EDGE('',*,*,#1872,.T.);
#1872 = EDGE_CURVE('',#1873,#1842,#1875,.T.);
#1873 = VERTEX_POINT('',#1874);
#1874 = CARTESIAN_POINT('',(3.6068E-02,-0.68326,0.810006));
#1875 = LINE('',#1876,#1877);
#1876 = CARTESIAN_POINT('',(3.6068E-02,-0.68326,0.810006));
#1877 = VECTOR('',#1878,1.);
#1878 = DIRECTION('',(-0.745241313525,-0.66679485947,0.));
#1879 = ORIENTED_EDGE('',*,*,#1858,.F.);
#1880 = ORIENTED_EDGE('',*,*,#1881,.T.);
#1881 = EDGE_CURVE('',#1851,#1882,#1884,.T.);
#1882 = VERTEX_POINT('',#1883);
#1883 = CARTESIAN_POINT('',(3.6068E-02,-0.68326,0.8001));
#1884 = LINE('',#1885,#1886);
#1885 = CARTESIAN_POINT('',(2.159E-02,-0.696214,0.8001));
#1886 = VECTOR('',#1887,1.);
#1887 = DIRECTION('',(0.745241313525,0.66679485947,0.));
#1888 = ORIENTED_EDGE('',*,*,#1889,.T.);
#1889 = EDGE_CURVE('',#1882,#1873,#1890,.T.);
#1890 = LINE('',#1891,#1892);
#1891 = CARTESIAN_POINT('',(3.6068E-02,-0.68326,0.8001));
#1892 = VECTOR('',#1893,1.);
#1893 = DIRECTION('',(0.,0.,1.));
#1894 = PLANE('',#1895);
#1895 = AXIS2_PLACEMENT_3D('',#1896,#1897,#1898);
#1896 = CARTESIAN_POINT('',(2.742678856048E-02,-0.690991610235,
    0.806934553551));
#1897 = DIRECTION('',(0.66679485947,-0.745241313525,-0.));
#1898 = DIRECTION('',(-0.745241313525,-0.66679485947,0.));
#1899 = ADVANCED_FACE('',(#1900),#1925,.T.);
#1900 = FACE_BOUND('',#1901,.T.);
#1901 = EDGE_LOOP('',(#1902,#1910,#1911,#1919));
#1902 = ORIENTED_EDGE('',*,*,#1903,.T.);
#1903 = EDGE_CURVE('',#1904,#1873,#1906,.T.);
#1904 = VERTEX_POINT('',#1905);
#1905 = CARTESIAN_POINT('',(4.7244E-02,-0.66675,0.810006));
#1906 = LINE('',#1907,#1908);
#1907 = CARTESIAN_POINT('',(4.7244E-02,-0.66675,0.810006));
#1908 = VECTOR('',#1909,1.);
#1909 = DIRECTION('',(-0.560566411907,-0.828109472136,0.));
#1910 = ORIENTED_EDGE('',*,*,#1889,.F.);
#1911 = ORIENTED_EDGE('',*,*,#1912,.T.);
#1912 = EDGE_CURVE('',#1882,#1913,#1915,.T.);
#1913 = VERTEX_POINT('',#1914);
#1914 = CARTESIAN_POINT('',(4.7244E-02,-0.66675,0.8001));
#1915 = LINE('',#1916,#1917);
#1916 = CARTESIAN_POINT('',(3.6068E-02,-0.68326,0.8001));
#1917 = VECTOR('',#1918,1.);
#1918 = DIRECTION('',(0.560566411907,0.828109472136,0.));
#1919 = ORIENTED_EDGE('',*,*,#1920,.T.);
#1920 = EDGE_CURVE('',#1913,#1904,#1921,.T.);
#1921 = LINE('',#1922,#1923);
#1922 = CARTESIAN_POINT('',(4.7244E-02,-0.66675,0.8001));
#1923 = VECTOR('',#1924,1.);
#1924 = DIRECTION('',(0.,0.,1.));
#1925 = PLANE('',#1926);
#1926 = AXIS2_PLACEMENT_3D('',#1927,#1928,#1929);
#1927 = CARTESIAN_POINT('',(4.059363770284E-02,-0.676574398848,
    0.806948158673));
#1928 = DIRECTION('',(0.828109472136,-0.560566411907,2.364942146097E-16)
  );
#1929 = DIRECTION('',(0.560566411907,0.828109472136,2.385887500033E-33)
  );
#1930 = ADVANCED_FACE('',(#1931),#1947,.T.);
#1931 = FACE_BOUND('',#1932,.T.);
#1932 = EDGE_LOOP('',(#1933,#1939,#1940,#1946));
#1933 = ORIENTED_EDGE('',*,*,#1934,.T.);
#1934 = EDGE_CURVE('',#1749,#1904,#1935,.T.);
#1935 = LINE('',#1936,#1937);
#1936 = CARTESIAN_POINT('',(5.334E-02,-0.648716,0.810006));
#1937 = VECTOR('',#1938,1.);
#1938 = DIRECTION('',(-0.32022779857,-0.947340570768,0.));
#1939 = ORIENTED_EDGE('',*,*,#1920,.F.);
#1940 = ORIENTED_EDGE('',*,*,#1941,.T.);
#1941 = EDGE_CURVE('',#1913,#1740,#1942,.T.);
#1942 = LINE('',#1943,#1944);
#1943 = CARTESIAN_POINT('',(4.7244E-02,-0.66675,0.8001));
#1944 = VECTOR('',#1945,1.);
#1945 = DIRECTION('',(0.32022779857,0.947340570768,0.));
#1946 = ORIENTED_EDGE('',*,*,#1756,.T.);
#1947 = PLANE('',#1948);
#1948 = AXIS2_PLACEMENT_3D('',#1949,#1950,#1951);
#1949 = CARTESIAN_POINT('',(4.969294742056E-02,-0.659505197214,
    0.806923707609));
#1950 = DIRECTION('',(0.947340570768,-0.32022779857,1.354107444008E-16)
  );
#1951 = DIRECTION('',(0.32022779857,0.947340570768,-2.451528638936E-33)
  );
#1952 = ADVANCED_FACE('',(#1953),#1978,.T.);
#1953 = FACE_BOUND('',#1954,.T.);
#1954 = EDGE_LOOP('',(#1955,#1963,#1964,#1972));
#1955 = ORIENTED_EDGE('',*,*,#1956,.T.);
#1956 = EDGE_CURVE('',#1957,#1781,#1959,.T.);
#1957 = VERTEX_POINT('',#1958);
#1958 = CARTESIAN_POINT('',(-6.4516E-02,-0.709676,0.8001));
#1959 = LINE('',#1960,#1961);
#1960 = CARTESIAN_POINT('',(-6.4516E-02,-0.709676,0.8001));
#1961 = VECTOR('',#1962,1.);
#1962 = DIRECTION('',(0.993769948877,-0.111450835388,0.));
#1963 = ORIENTED_EDGE('',*,*,#1780,.F.);
#1964 = ORIENTED_EDGE('',*,*,#1965,.T.);
#1965 = EDGE_CURVE('',#1773,#1966,#1968,.T.);
#1966 = VERTEX_POINT('',#1967);
#1967 = CARTESIAN_POINT('',(-6.4516E-02,-0.709676,0.810006));
#1968 = LINE('',#1969,#1970);
#1969 = CARTESIAN_POINT('',(-3.7338E-02,-0.712724,0.810006));
#1970 = VECTOR('',#1971,1.);
#1971 = DIRECTION('',(-0.993769948877,0.111450835388,0.));
#1972 = ORIENTED_EDGE('',*,*,#1973,.F.);
#1973 = EDGE_CURVE('',#1957,#1966,#1974,.T.);
#1974 = LINE('',#1975,#1976);
#1975 = CARTESIAN_POINT('',(-6.4516E-02,-0.709676,0.8001));
#1976 = VECTOR('',#1977,1.);
#1977 = DIRECTION('',(0.,0.,1.));
#1978 = PLANE('',#1979);
#1979 = AXIS2_PLACEMENT_3D('',#1980,#1981,#1982);
#1980 = CARTESIAN_POINT('',(-4.889791487238E-02,-0.711427560949,
    0.803011194319));
#1981 = DIRECTION('',(-0.111450835388,-0.993769948877,-0.));
#1982 = DIRECTION('',(-0.993769948877,0.111450835388,0.));
#1983 = ADVANCED_FACE('',(#1984),#2018,.T.);
#1984 = FACE_BOUND('',#1985,.T.);
#1985 = EDGE_LOOP('',(#1986,#1996,#2004,#2012));
#1986 = ORIENTED_EDGE('',*,*,#1987,.T.);
#1987 = EDGE_CURVE('',#1988,#1990,#1992,.T.);
#1988 = VERTEX_POINT('',#1989);
#1989 = CARTESIAN_POINT('',(-0.136398,-0.637032,0.810006));
#1990 = VERTEX_POINT('',#1991);
#1991 = CARTESIAN_POINT('',(-0.138176,-0.616966,0.810006));
#1992 = LINE('',#1993,#1994);
#1993 = CARTESIAN_POINT('',(-0.136398,-0.637032,0.810006));
#1994 = VECTOR('',#1995,1.);
#1995 = DIRECTION('',(-8.826178722562E-02,0.996097312975,0.));
#1996 = ORIENTED_EDGE('',*,*,#1997,.T.);
#1997 = EDGE_CURVE('',#1990,#1998,#2000,.T.);
#1998 = VERTEX_POINT('',#1999);
#1999 = CARTESIAN_POINT('',(-0.138176,-0.616966,0.8001));
#2000 = LINE('',#2001,#2002);
#2001 = CARTESIAN_POINT('',(-0.138176,-0.616966,0.810006));
#2002 = VECTOR('',#2003,1.);
#2003 = DIRECTION('',(0.,0.,-1.));
#2004 = ORIENTED_EDGE('',*,*,#2005,.T.);
#2005 = EDGE_CURVE('',#1998,#2006,#2008,.T.);
#2006 = VERTEX_POINT('',#2007);
#2007 = CARTESIAN_POINT('',(-0.136398,-0.637032,0.8001));
#2008 = LINE('',#2009,#2010);
#2009 = CARTESIAN_POINT('',(-0.138176,-0.616966,0.8001));
#2010 = VECTOR('',#2011,1.);
#2011 = DIRECTION('',(8.826178722562E-02,-0.996097312975,0.));
#2012 = ORIENTED_EDGE('',*,*,#2013,.T.);
#2013 = EDGE_CURVE('',#2006,#1988,#2014,.T.);
#2014 = LINE('',#2015,#2016);
#2015 = CARTESIAN_POINT('',(-0.136398,-0.637032,0.8001));
#2016 = VECTOR('',#2017,1.);
#2017 = DIRECTION('',(0.,0.,1.));
#2018 = PLANE('',#2019);
#2019 = AXIS2_PLACEMENT_3D('',#2020,#2021,#2022);
#2020 = CARTESIAN_POINT('',(-0.137454744466,-0.625105883886,
    0.806953533301));
#2021 = DIRECTION('',(-0.996097312975,-8.826178722562E-02,-0.));
#2022 = DIRECTION('',(8.826178722562E-02,-0.996097312975,0.));
#2023 = ADVANCED_FACE('',(#2024),#2041,.T.);
#2024 = FACE_BOUND('',#2025,.T.);
#2025 = EDGE_LOOP('',(#2026,#2034,#2040));
#2026 = ORIENTED_EDGE('',*,*,#2027,.T.);
#2027 = EDGE_CURVE('',#2006,#2028,#2030,.T.);
#2028 = VERTEX_POINT('',#2029);
#2029 = CARTESIAN_POINT('',(-0.136398,-0.637286,0.810006));
#2030 = LINE('',#2031,#2032);
#2031 = CARTESIAN_POINT('',(-0.136398,-0.637032,0.8001));
#2032 = VECTOR('',#2033,1.);
#2033 = DIRECTION('',(0.,-2.563260079255E-02,0.999671430909));
#2034 = ORIENTED_EDGE('',*,*,#2035,.T.);
#2035 = EDGE_CURVE('',#2028,#1988,#2036,.T.);
#2036 = LINE('',#2037,#2038);
#2037 = CARTESIAN_POINT('',(-0.136398,-0.637286,0.810006));
#2038 = VECTOR('',#2039,1.);
#2039 = DIRECTION('',(0.,1.,0.));
#2040 = ORIENTED_EDGE('',*,*,#2013,.F.);
#2041 = PLANE('',#2042);
#2042 = AXIS2_PLACEMENT_3D('',#2043,#2044,#2045);
#2043 = CARTESIAN_POINT('',(-0.136398,-0.637096313969,0.805115686031));
#2044 = DIRECTION('',(-1.,-0.,-0.));
#2045 = DIRECTION('',(0.,0.,-1.));
#2046 = ADVANCED_FACE('',(#2047),#2064,.T.);
#2047 = FACE_BOUND('',#2048,.T.);
#2048 = EDGE_LOOP('',(#2049,#2057,#2063));
#2049 = ORIENTED_EDGE('',*,*,#2050,.T.);
#2050 = EDGE_CURVE('',#2006,#2051,#2053,.T.);
#2051 = VERTEX_POINT('',#2052);
#2052 = CARTESIAN_POINT('',(-0.130048,-0.657606,0.8001));
#2053 = LINE('',#2054,#2055);
#2054 = CARTESIAN_POINT('',(-0.136398,-0.637032,0.8001));
#2055 = VECTOR('',#2056,1.);
#2056 = DIRECTION('',(0.294914687622,-0.955523587896,0.));
#2057 = ORIENTED_EDGE('',*,*,#2058,.T.);
#2058 = EDGE_CURVE('',#2051,#2028,#2059,.T.);
#2059 = LINE('',#2060,#2061);
#2060 = CARTESIAN_POINT('',(-0.130048,-0.657606,0.8001));
#2061 = VECTOR('',#2062,1.);
#2062 = DIRECTION('',(-0.270432301636,0.865383365236,0.421874390553));
#2063 = ORIENTED_EDGE('',*,*,#2027,.F.);
#2064 = PLANE('',#2065);
#2065 = AXIS2_PLACEMENT_3D('',#2066,#2067,#2068);
#2066 = CARTESIAN_POINT('',(-0.133795848498,-0.645540181562,
    0.803111217166));
#2067 = DIRECTION('',(-0.955496269425,-0.294906255995,
    -7.561698871675E-03));
#2068 = DIRECTION('',(0.294914687622,-0.955523587896,-1.148695232955E-19
    ));
#2069 = ADVANCED_FACE('',(#2070),#2087,.T.);
#2070 = FACE_BOUND('',#2071,.T.);
#2071 = EDGE_LOOP('',(#2072,#2073,#2081));
#2072 = ORIENTED_EDGE('',*,*,#2058,.F.);
#2073 = ORIENTED_EDGE('',*,*,#2074,.T.);
#2074 = EDGE_CURVE('',#2051,#2075,#2077,.T.);
#2075 = VERTEX_POINT('',#2076);
#2076 = CARTESIAN_POINT('',(-0.130048,-0.657606,0.810006));
#2077 = LINE('',#2078,#2079);
#2078 = CARTESIAN_POINT('',(-0.130048,-0.657606,0.8001));
#2079 = VECTOR('',#2080,1.);
#2080 = DIRECTION('',(0.,0.,1.));
#2081 = ORIENTED_EDGE('',*,*,#2082,.T.);
#2082 = EDGE_CURVE('',#2075,#2028,#2083,.T.);
#2083 = LINE('',#2084,#2085);
#2084 = CARTESIAN_POINT('',(-0.130048,-0.657606,0.810006));
#2085 = VECTOR('',#2086,1.);
#2086 = DIRECTION('',(-0.298274993136,0.954479978035,0.));
#2087 = PLANE('',#2088);
#2088 = AXIS2_PLACEMENT_3D('',#2089,#2090,#2091);
#2089 = CARTESIAN_POINT('',(-0.132647765002,-0.649286751994,
    0.806981539138));
#2090 = DIRECTION('',(-0.954479978035,-0.298274993136,-0.));
#2091 = DIRECTION('',(0.298274993136,-0.954479978035,0.));
#2092 = ADVANCED_FACE('',(#2093),#2118,.T.);
#2093 = FACE_BOUND('',#2094,.T.);
#2094 = EDGE_LOOP('',(#2095,#2103,#2104,#2112));
#2095 = ORIENTED_EDGE('',*,*,#2096,.T.);
#2096 = EDGE_CURVE('',#2097,#2075,#2099,.T.);
#2097 = VERTEX_POINT('',#2098);
#2098 = CARTESIAN_POINT('',(-0.119634,-0.674878,0.810006));
#2099 = LINE('',#2100,#2101);
#2100 = CARTESIAN_POINT('',(-0.119634,-0.674878,0.810006));
#2101 = VECTOR('',#2102,1.);
#2102 = DIRECTION('',(-0.516346587645,0.856379706338,0.));
#2103 = ORIENTED_EDGE('',*,*,#2074,.F.);
#2104 = ORIENTED_EDGE('',*,*,#2105,.T.);
#2105 = EDGE_CURVE('',#2051,#2106,#2108,.T.);
#2106 = VERTEX_POINT('',#2107);
#2107 = CARTESIAN_POINT('',(-0.119634,-0.674878,0.8001));
#2108 = LINE('',#2109,#2110);
#2109 = CARTESIAN_POINT('',(-0.130048,-0.657606,0.8001));
#2110 = VECTOR('',#2111,1.);
#2111 = DIRECTION('',(0.516346587645,-0.856379706338,0.));
#2112 = ORIENTED_EDGE('',*,*,#2113,.T.);
#2113 = EDGE_CURVE('',#2106,#2097,#2114,.T.);
#2114 = LINE('',#2115,#2116);
#2115 = CARTESIAN_POINT('',(-0.119634,-0.674878,0.8001));
#2116 = VECTOR('',#2117,1.);
#2117 = DIRECTION('',(0.,0.,1.));
#2118 = PLANE('',#2119);
#2119 = AXIS2_PLACEMENT_3D('',#2120,#2121,#2122);
#2120 = CARTESIAN_POINT('',(-0.125822651588,-0.664613894927,
    0.806954148592));
#2121 = DIRECTION('',(-0.856379706338,-0.516346587645,-2.01782604411E-16
    ));
#2122 = DIRECTION('',(0.516346587645,-0.856379706338,-1.016363036316E-32
    ));
#2123 = ADVANCED_FACE('',(#2124),#2149,.T.);
#2124 = FACE_BOUND('',#2125,.T.);
#2125 = EDGE_LOOP('',(#2126,#2134,#2135,#2143));
#2126 = ORIENTED_EDGE('',*,*,#2127,.T.);
#2127 = EDGE_CURVE('',#2128,#2097,#2130,.T.);
#2128 = VERTEX_POINT('',#2129);
#2129 = CARTESIAN_POINT('',(-0.104648,-0.690118,0.810006));
#2130 = LINE('',#2131,#2132);
#2131 = CARTESIAN_POINT('',(-0.104648,-0.690118,0.810006));
#2132 = VECTOR('',#2133,1.);
#2133 = DIRECTION('',(-0.701139951814,0.713023679811,0.));
#2134 = ORIENTED_EDGE('',*,*,#2113,.F.);
#2135 = ORIENTED_EDGE('',*,*,#2136,.T.);
#2136 = EDGE_CURVE('',#2106,#2137,#2139,.T.);
#2137 = VERTEX_POINT('',#2138);
#2138 = CARTESIAN_POINT('',(-0.104648,-0.690118,0.8001));
#2139 = LINE('',#2140,#2141);
#2140 = CARTESIAN_POINT('',(-0.119634,-0.674878,0.8001));
#2141 = VECTOR('',#2142,1.);
#2142 = DIRECTION('',(0.701139951814,-0.713023679811,0.));
#2143 = ORIENTED_EDGE('',*,*,#2144,.T.);
#2144 = EDGE_CURVE('',#2137,#2128,#2145,.T.);
#2145 = LINE('',#2146,#2147);
#2146 = CARTESIAN_POINT('',(-0.104648,-0.690118,0.8001));
#2147 = VECTOR('',#2148,1.);
#2148 = DIRECTION('',(0.,0.,1.));
#2149 = PLANE('',#2150);
#2150 = AXIS2_PLACEMENT_3D('',#2151,#2152,#2153);
#2151 = CARTESIAN_POINT('',(-0.113494556711,-0.681121501649,
    0.806983508607));
#2152 = DIRECTION('',(-0.713023679811,-0.701139951814,1.489802258446E-16
    ));
#2153 = DIRECTION('',(0.701139951814,-0.713023679811,7.167028204284E-33)
  );
#2154 = ADVANCED_FACE('',(#2155),#2180,.T.);
#2155 = FACE_BOUND('',#2156,.T.);
#2156 = EDGE_LOOP('',(#2157,#2165,#2166,#2174));
#2157 = ORIENTED_EDGE('',*,*,#2158,.T.);
#2158 = EDGE_CURVE('',#2159,#2128,#2161,.T.);
#2159 = VERTEX_POINT('',#2160);
#2160 = CARTESIAN_POINT('',(-8.6106E-02,-0.702056,0.810006));
#2161 = LINE('',#2162,#2163);
#2162 = CARTESIAN_POINT('',(-8.6106E-02,-0.702056,0.810006));
#2163 = VECTOR('',#2164,1.);
#2164 = DIRECTION('',(-0.84080404733,0.541339592117,0.));
#2165 = ORIENTED_EDGE('',*,*,#2144,.F.);
#2166 = ORIENTED_EDGE('',*,*,#2167,.T.);
#2167 = EDGE_CURVE('',#2137,#2168,#2170,.T.);
#2168 = VERTEX_POINT('',#2169);
#2169 = CARTESIAN_POINT('',(-8.6106E-02,-0.702056,0.8001));
#2170 = LINE('',#2171,#2172);
#2171 = CARTESIAN_POINT('',(-0.104648,-0.690118,0.8001));
#2172 = VECTOR('',#2173,1.);
#2173 = DIRECTION('',(0.84080404733,-0.541339592117,0.));
#2174 = ORIENTED_EDGE('',*,*,#2175,.T.);
#2175 = EDGE_CURVE('',#2168,#2159,#2176,.T.);
#2176 = LINE('',#2177,#2178);
#2177 = CARTESIAN_POINT('',(-8.6106E-02,-0.702056,0.8001));
#2178 = VECTOR('',#2179,1.);
#2179 = DIRECTION('',(0.,0.,1.));
#2180 = PLANE('',#2181);
#2181 = AXIS2_PLACEMENT_3D('',#2182,#2183,#2184);
#2182 = CARTESIAN_POINT('',(-9.701305560004E-02,-0.695033649134,
    0.806998822698));
#2183 = DIRECTION('',(-0.541339592117,-0.84080404733,-0.));
#2184 = DIRECTION('',(-0.84080404733,0.541339592117,0.));
#2185 = ADVANCED_FACE('',(#2186),#2202,.T.);
#2186 = FACE_BOUND('',#2187,.T.);
#2187 = EDGE_LOOP('',(#2188,#2194,#2195,#2201));
#2188 = ORIENTED_EDGE('',*,*,#2189,.T.);
#2189 = EDGE_CURVE('',#1966,#2159,#2190,.T.);
#2190 = LINE('',#2191,#2192);
#2191 = CARTESIAN_POINT('',(-6.4516E-02,-0.709676,0.810006));
#2192 = VECTOR('',#2193,1.);
#2193 = DIRECTION('',(-0.942990333583,0.332820117735,0.));
#2194 = ORIENTED_EDGE('',*,*,#2175,.F.);
#2195 = ORIENTED_EDGE('',*,*,#2196,.T.);
#2196 = EDGE_CURVE('',#2168,#1957,#2197,.T.);
#2197 = LINE('',#2198,#2199);
#2198 = CARTESIAN_POINT('',(-8.6106E-02,-0.702056,0.8001));
#2199 = VECTOR('',#2200,1.);
#2200 = DIRECTION('',(0.942990333583,-0.332820117735,0.));
#2201 = ORIENTED_EDGE('',*,*,#1973,.T.);
#2202 = PLANE('',#2203);
#2203 = AXIS2_PLACEMENT_3D('',#2204,#2205,#2206);
#2204 = CARTESIAN_POINT('',(-7.716276930896E-02,-0.705212434362,
    0.807016720351));
#2205 = DIRECTION('',(-0.332820117735,-0.942990333583,-0.));
#2206 = DIRECTION('',(-0.942990333583,0.332820117735,0.));
#2207 = ADVANCED_FACE('',(#2208),#2225,.T.);
#2208 = FACE_BOUND('',#2209,.T.);
#2209 = EDGE_LOOP('',(#2210,#2218,#2224));
#2210 = ORIENTED_EDGE('',*,*,#2211,.T.);
#2211 = EDGE_CURVE('',#1990,#2212,#2214,.T.);
#2212 = VERTEX_POINT('',#2213);
#2213 = CARTESIAN_POINT('',(-0.136398,-0.600456,0.810006));
#2214 = LINE('',#2215,#2216);
#2215 = CARTESIAN_POINT('',(-0.138176,-0.616966,0.810006));
#2216 = VECTOR('',#2217,1.);
#2217 = DIRECTION('',(0.10707319972,0.994251140257,0.));
#2218 = ORIENTED_EDGE('',*,*,#2219,.T.);
#2219 = EDGE_CURVE('',#2212,#1998,#2220,.T.);
#2220 = LINE('',#2221,#2222);
#2221 = CARTESIAN_POINT('',(-0.136398,-0.600456,0.810006));
#2222 = VECTOR('',#2223,1.);
#2223 = DIRECTION('',(-9.195414695577E-02,-0.853859936018,
    -0.512315961611));
#2224 = ORIENTED_EDGE('',*,*,#1997,.F.);
#2225 = PLANE('',#2226);
#2226 = AXIS2_PLACEMENT_3D('',#2227,#2228,#2229);
#2227 = CARTESIAN_POINT('',(-0.137479082322,-0.610494621557,
    0.806846934636));
#2228 = DIRECTION('',(-0.994251140257,0.10707319972,-0.));
#2229 = DIRECTION('',(-0.10707319972,-0.994251140257,0.));
#2230 = ADVANCED_FACE('',(#2231),#2248,.T.);
#2231 = FACE_BOUND('',#2232,.T.);
#2232 = EDGE_LOOP('',(#2233,#2241,#2247));
#2233 = ORIENTED_EDGE('',*,*,#2234,.T.);
#2234 = EDGE_CURVE('',#2212,#2235,#2237,.T.);
#2235 = VERTEX_POINT('',#2236);
#2236 = CARTESIAN_POINT('',(-0.135636,-0.593852,0.8001));
#2237 = LINE('',#2238,#2239);
#2238 = CARTESIAN_POINT('',(-0.136398,-0.600456,0.810006));
#2239 = VECTOR('',#2240,1.);
#2240 = DIRECTION('',(6.387317442874E-02,0.553567511716,-0.830351267574)
  );
#2241 = ORIENTED_EDGE('',*,*,#2242,.T.);
#2242 = EDGE_CURVE('',#2235,#1998,#2243,.T.);
#2243 = LINE('',#2244,#2245);
#2244 = CARTESIAN_POINT('',(-0.135636,-0.593852,0.8001));
#2245 = VECTOR('',#2246,1.);
#2246 = DIRECTION('',(-0.109232551869,-0.994016222007,0.));
#2247 = ORIENTED_EDGE('',*,*,#2219,.F.);
#2248 = PLANE('',#2249);
#2249 = AXIS2_PLACEMENT_3D('',#2250,#2251,#2252);
#2250 = CARTESIAN_POINT('',(-0.136846593616,-0.60477371976,
    0.802940464461));
#2251 = DIRECTION('',(-0.994009632987,0.109231827801,-3.641060926691E-03
    ));
#2252 = DIRECTION('',(-0.109232551869,-0.994016222007,
    -1.754191699457E-20));
#2253 = ADVANCED_FACE('',(#2254),#2271,.T.);
#2254 = FACE_BOUND('',#2255,.T.);
#2255 = EDGE_LOOP('',(#2256,#2264,#2270));
#2256 = ORIENTED_EDGE('',*,*,#2257,.T.);
#2257 = EDGE_CURVE('',#2212,#2258,#2260,.T.);
#2258 = VERTEX_POINT('',#2259);
#2259 = CARTESIAN_POINT('',(-0.135636,-0.593852,0.810006));
#2260 = LINE('',#2261,#2262);
#2261 = CARTESIAN_POINT('',(-0.136398,-0.600456,0.810006));
#2262 = VECTOR('',#2263,1.);
#2263 = DIRECTION('',(0.114624107985,0.993408935871,0.));
#2264 = ORIENTED_EDGE('',*,*,#2265,.T.);
#2265 = EDGE_CURVE('',#2258,#2235,#2266,.T.);
#2266 = LINE('',#2267,#2268);
#2267 = CARTESIAN_POINT('',(-0.135636,-0.593852,0.810006));
#2268 = VECTOR('',#2269,1.);
#2269 = DIRECTION('',(0.,0.,-1.));
#2270 = ORIENTED_EDGE('',*,*,#2234,.F.);
#2271 = PLANE('',#2272);
#2272 = AXIS2_PLACEMENT_3D('',#2273,#2274,#2275);
#2273 = CARTESIAN_POINT('',(-0.135884496671,-0.596005637817,
    0.80620898133));
#2274 = DIRECTION('',(-0.993408935871,0.114624107985,-0.));
#2275 = DIRECTION('',(-0.114624107985,-0.993408935871,0.));
#2276 = ADVANCED_FACE('',(#2277),#2302,.T.);
#2277 = FACE_BOUND('',#2278,.T.);
#2278 = EDGE_LOOP('',(#2279,#2287,#2288,#2296));
#2279 = ORIENTED_EDGE('',*,*,#2280,.T.);
#2280 = EDGE_CURVE('',#2281,#2235,#2283,.T.);
#2281 = VERTEX_POINT('',#2282);
#2282 = CARTESIAN_POINT('',(-0.129032,-0.575564,0.8001));
#2283 = LINE('',#2284,#2285);
#2284 = CARTESIAN_POINT('',(-0.129032,-0.575564,0.8001));
#2285 = VECTOR('',#2286,1.);
#2286 = DIRECTION('',(-0.339644463778,-0.940553899692,0.));
#2287 = ORIENTED_EDGE('',*,*,#2265,.F.);
#2288 = ORIENTED_EDGE('',*,*,#2289,.T.);
#2289 = EDGE_CURVE('',#2258,#2290,#2292,.T.);
#2290 = VERTEX_POINT('',#2291);
#2291 = CARTESIAN_POINT('',(-0.129032,-0.575564,0.810006));
#2292 = LINE('',#2293,#2294);
#2293 = CARTESIAN_POINT('',(-0.135636,-0.593852,0.810006));
#2294 = VECTOR('',#2295,1.);
#2295 = DIRECTION('',(0.339644463778,0.940553899692,0.));
#2296 = ORIENTED_EDGE('',*,*,#2297,.T.);
#2297 = EDGE_CURVE('',#2290,#2281,#2298,.T.);
#2298 = LINE('',#2299,#2300);
#2299 = CARTESIAN_POINT('',(-0.129032,-0.575564,0.810006));
#2300 = VECTOR('',#2301,1.);
#2301 = DIRECTION('',(0.,0.,-1.));
#2302 = PLANE('',#2303);
#2303 = AXIS2_PLACEMENT_3D('',#2304,#2305,#2306);
#2304 = CARTESIAN_POINT('',(-0.132973212932,-0.586478128121,
    0.80317099396));
#2305 = DIRECTION('',(-0.940553899692,0.339644463778,-0.));
#2306 = DIRECTION('',(-0.339644463778,-0.940553899692,0.));
#2307 = ADVANCED_FACE('',(#2308),#2333,.T.);
#2308 = FACE_BOUND('',#2309,.T.);
#2309 = EDGE_LOOP('',(#2310,#2318,#2319,#2327));
#2310 = ORIENTED_EDGE('',*,*,#2311,.T.);
#2311 = EDGE_CURVE('',#2312,#2281,#2314,.T.);
#2312 = VERTEX_POINT('',#2313);
#2313 = CARTESIAN_POINT('',(-0.119126,-0.560324,0.8001));
#2314 = LINE('',#2315,#2316);
#2315 = CARTESIAN_POINT('',(-0.119126,-0.560324,0.8001));
#2316 = VECTOR('',#2317,1.);
#2317 = DIRECTION('',(-0.544988350595,-0.838443616301,0.));
#2318 = ORIENTED_EDGE('',*,*,#2297,.F.);
#2319 = ORIENTED_EDGE('',*,*,#2320,.T.);
#2320 = EDGE_CURVE('',#2290,#2321,#2323,.T.);
#2321 = VERTEX_POINT('',#2322);
#2322 = CARTESIAN_POINT('',(-0.119126,-0.560324,0.810006));
#2323 = LINE('',#2324,#2325);
#2324 = CARTESIAN_POINT('',(-0.129032,-0.575564,0.810006));
#2325 = VECTOR('',#2326,1.);
#2326 = DIRECTION('',(0.544988350595,0.838443616301,0.));
#2327 = ORIENTED_EDGE('',*,*,#2328,.T.);
#2328 = EDGE_CURVE('',#2321,#2312,#2329,.T.);
#2329 = LINE('',#2330,#2331);
#2330 = CARTESIAN_POINT('',(-0.119126,-0.560324,0.810006));
#2331 = VECTOR('',#2332,1.);
#2332 = DIRECTION('',(0.,0.,-1.));
#2333 = PLANE('',#2334);
#2334 = AXIS2_PLACEMENT_3D('',#2335,#2336,#2337);
#2335 = CARTESIAN_POINT('',(-0.125084765767,-0.56949133195,
    0.803207518778));
#2336 = DIRECTION('',(-0.838443616301,0.544988350595,-0.));
#2337 = DIRECTION('',(-0.544988350595,-0.838443616301,0.));
#2338 = ADVANCED_FACE('',(#2339),#2364,.T.);
#2339 = FACE_BOUND('',#2340,.T.);
#2340 = EDGE_LOOP('',(#2341,#2349,#2350,#2358));
#2341 = ORIENTED_EDGE('',*,*,#2342,.T.);
#2342 = EDGE_CURVE('',#2343,#2312,#2345,.T.);
#2343 = VERTEX_POINT('',#2344);
#2344 = CARTESIAN_POINT('',(-0.104902,-0.546608,0.8001));
#2345 = LINE('',#2346,#2347);
#2346 = CARTESIAN_POINT('',(-0.104902,-0.546608,0.8001));
#2347 = VECTOR('',#2348,1.);
#2348 = DIRECTION('',(-0.719844295421,-0.694135570584,0.));
#2349 = ORIENTED_EDGE('',*,*,#2328,.F.);
#2350 = ORIENTED_EDGE('',*,*,#2351,.T.);
#2351 = EDGE_CURVE('',#2321,#2352,#2354,.T.);
#2352 = VERTEX_POINT('',#2353);
#2353 = CARTESIAN_POINT('',(-0.104902,-0.546608,0.810006));
#2354 = LINE('',#2355,#2356);
#2355 = CARTESIAN_POINT('',(-0.119126,-0.560324,0.810006));
#2356 = VECTOR('',#2357,1.);
#2357 = DIRECTION('',(0.719844295421,0.694135570584,0.));
#2358 = ORIENTED_EDGE('',*,*,#2359,.T.);
#2359 = EDGE_CURVE('',#2352,#2343,#2360,.T.);
#2360 = LINE('',#2361,#2362);
#2361 = CARTESIAN_POINT('',(-0.104902,-0.546608,0.810006));
#2362 = VECTOR('',#2363,1.);
#2363 = DIRECTION('',(0.,0.,-1.));
#2364 = PLANE('',#2365);
#2365 = AXIS2_PLACEMENT_3D('',#2366,#2367,#2368);
#2366 = CARTESIAN_POINT('',(-0.113374863919,-0.554778261636,
    0.803162502391));
#2367 = DIRECTION('',(-0.694135570584,0.719844295421,1.674956741206E-16)
  );
#2368 = DIRECTION('',(0.719844295421,0.694135570584,4.023529948887E-33)
  );
#2369 = ADVANCED_FACE('',(#2370),#2395,.T.);
#2370 = FACE_BOUND('',#2371,.T.);
#2371 = EDGE_LOOP('',(#2372,#2380,#2381,#2389));
#2372 = ORIENTED_EDGE('',*,*,#2373,.T.);
#2373 = EDGE_CURVE('',#2374,#2343,#2376,.T.);
#2374 = VERTEX_POINT('',#2375);
#2375 = CARTESIAN_POINT('',(-8.3312E-02,-0.533654,0.8001));
#2376 = LINE('',#2377,#2378);
#2377 = CARTESIAN_POINT('',(-8.3312E-02,-0.533654,0.8001));
#2378 = VECTOR('',#2379,1.);
#2379 = DIRECTION('',(-0.857492925713,-0.514495755428,0.));
#2380 = ORIENTED_EDGE('',*,*,#2359,.F.);
#2381 = ORIENTED_EDGE('',*,*,#2382,.T.);
#2382 = EDGE_CURVE('',#2352,#2383,#2385,.T.);
#2383 = VERTEX_POINT('',#2384);
#2384 = CARTESIAN_POINT('',(-8.3312E-02,-0.533654,0.810006));
#2385 = LINE('',#2386,#2387);
#2386 = CARTESIAN_POINT('',(-0.104902,-0.546608,0.810006));
#2387 = VECTOR('',#2388,1.);
#2388 = DIRECTION('',(0.857492925713,0.514495755428,0.));
#2389 = ORIENTED_EDGE('',*,*,#2390,.T.);
#2390 = EDGE_CURVE('',#2383,#2374,#2391,.T.);
#2391 = LINE('',#2392,#2393);
#2392 = CARTESIAN_POINT('',(-8.3312E-02,-0.533654,0.810006));
#2393 = VECTOR('',#2394,1.);
#2394 = DIRECTION('',(0.,0.,-1.));
#2395 = PLANE('',#2396);
#2396 = AXIS2_PLACEMENT_3D('',#2397,#2398,#2399);
#2397 = CARTESIAN_POINT('',(-9.582785679585E-02,-0.541163514078,
    0.803046153361));
#2398 = DIRECTION('',(-0.514495755428,0.857492925713,0.));
#2399 = DIRECTION('',(0.857492925713,0.514495755428,0.));
#2400 = ADVANCED_FACE('',(#2401),#2426,.T.);
#2401 = FACE_BOUND('',#2402,.T.);
#2402 = EDGE_LOOP('',(#2403,#2411,#2412,#2420));
#2403 = ORIENTED_EDGE('',*,*,#2404,.T.);
#2404 = EDGE_CURVE('',#2405,#2374,#2407,.T.);
#2405 = VERTEX_POINT('',#2406);
#2406 = CARTESIAN_POINT('',(-4.953E-02,-0.522986,0.8001));
#2407 = LINE('',#2408,#2409);
#2408 = CARTESIAN_POINT('',(-4.953E-02,-0.522986,0.8001));
#2409 = VECTOR('',#2410,1.);
#2410 = DIRECTION('',(-0.953582665134,-0.301131367937,0.));
#2411 = ORIENTED_EDGE('',*,*,#2390,.F.);
#2412 = ORIENTED_EDGE('',*,*,#2413,.T.);
#2413 = EDGE_CURVE('',#2383,#2414,#2416,.T.);
#2414 = VERTEX_POINT('',#2415);
#2415 = CARTESIAN_POINT('',(-4.953E-02,-0.522986,0.810006));
#2416 = LINE('',#2417,#2418);
#2417 = CARTESIAN_POINT('',(-8.3312E-02,-0.533654,0.810006));
#2418 = VECTOR('',#2419,1.);
#2419 = DIRECTION('',(0.953582665134,0.301131367937,0.));
#2420 = ORIENTED_EDGE('',*,*,#2421,.T.);
#2421 = EDGE_CURVE('',#2414,#2405,#2422,.T.);
#2422 = LINE('',#2423,#2424);
#2423 = CARTESIAN_POINT('',(-4.953E-02,-0.522986,0.810006));
#2424 = VECTOR('',#2425,1.);
#2425 = DIRECTION('',(0.,0.,-1.));
#2426 = PLANE('',#2427);
#2427 = AXIS2_PLACEMENT_3D('',#2428,#2429,#2430);
#2428 = CARTESIAN_POINT('',(-6.845859043433E-02,-0.528963449611,
    0.802916226222));
#2429 = DIRECTION('',(-0.301131367937,0.953582665134,0.));
#2430 = DIRECTION('',(0.953582665134,0.301131367937,0.));
#2431 = ADVANCED_FACE('',(#2432),#2457,.T.);
#2432 = FACE_BOUND('',#2433,.T.);
#2433 = EDGE_LOOP('',(#2434,#2442,#2443,#2451));
#2434 = ORIENTED_EDGE('',*,*,#2435,.T.);
#2435 = EDGE_CURVE('',#2436,#2405,#2438,.T.);
#2436 = VERTEX_POINT('',#2437);
#2437 = CARTESIAN_POINT('',(-3.556E-03,-0.518668,0.8001));
#2438 = LINE('',#2439,#2440);
#2439 = CARTESIAN_POINT('',(-3.556E-03,-0.518668,0.8001));
#2440 = VECTOR('',#2441,1.);
#2441 = DIRECTION('',(-0.995618236686,-9.351110510314E-02,0.));
#2442 = ORIENTED_EDGE('',*,*,#2421,.F.);
#2443 = ORIENTED_EDGE('',*,*,#2444,.T.);
#2444 = EDGE_CURVE('',#2414,#2445,#2447,.T.);
#2445 = VERTEX_POINT('',#2446);
#2446 = CARTESIAN_POINT('',(-3.556E-03,-0.518668,0.810006));
#2447 = LINE('',#2448,#2449);
#2448 = CARTESIAN_POINT('',(-4.953E-02,-0.522986,0.810006));
#2449 = VECTOR('',#2450,1.);
#2450 = DIRECTION('',(0.995618236686,9.351110510314E-02,0.));
#2451 = ORIENTED_EDGE('',*,*,#2452,.T.);
#2452 = EDGE_CURVE('',#2445,#2436,#2453,.T.);
#2453 = LINE('',#2454,#2455);
#2454 = CARTESIAN_POINT('',(-3.556E-03,-0.518668,0.810006));
#2455 = VECTOR('',#2456,1.);
#2456 = DIRECTION('',(0.,0.,-1.));
#2457 = PLANE('',#2458);
#2458 = AXIS2_PLACEMENT_3D('',#2459,#2460,#2461);
#2459 = CARTESIAN_POINT('',(-2.874715111156E-02,-0.521034019718,
    0.802839148314));
#2460 = DIRECTION('',(-9.351110510314E-02,0.995618236686,0.));
#2461 = DIRECTION('',(0.995618236686,9.351110510314E-02,0.));
#2462 = ADVANCED_FACE('',(#2463),#2488,.T.);
#2463 = FACE_BOUND('',#2464,.T.);
#2464 = EDGE_LOOP('',(#2465,#2473,#2474,#2482));
#2465 = ORIENTED_EDGE('',*,*,#2466,.T.);
#2466 = EDGE_CURVE('',#2467,#2436,#2469,.T.);
#2467 = VERTEX_POINT('',#2468);
#2468 = CARTESIAN_POINT('',(-2.286E-03,-0.518668,0.8001));
#2469 = LINE('',#2470,#2471);
#2470 = CARTESIAN_POINT('',(-2.286E-03,-0.518668,0.8001));
#2471 = VECTOR('',#2472,1.);
#2472 = DIRECTION('',(-1.,0.,0.));
#2473 = ORIENTED_EDGE('',*,*,#2452,.F.);
#2474 = ORIENTED_EDGE('',*,*,#2475,.T.);
#2475 = EDGE_CURVE('',#2445,#2476,#2478,.T.);
#2476 = VERTEX_POINT('',#2477);
#2477 = CARTESIAN_POINT('',(-2.286E-03,-0.518668,0.810006));
#2478 = LINE('',#2479,#2480);
#2479 = CARTESIAN_POINT('',(-3.556E-03,-0.518668,0.810006));
#2480 = VECTOR('',#2481,1.);
#2481 = DIRECTION('',(1.,0.,0.));
#2482 = ORIENTED_EDGE('',*,*,#2483,.T.);
#2483 = EDGE_CURVE('',#2476,#2467,#2484,.T.);
#2484 = LINE('',#2485,#2486);
#2485 = CARTESIAN_POINT('',(-2.286E-03,-0.518668,0.810006));
#2486 = VECTOR('',#2487,1.);
#2487 = DIRECTION('',(0.,0.,-1.));
#2488 = PLANE('',#2489);
#2489 = AXIS2_PLACEMENT_3D('',#2490,#2491,#2492);
#2490 = CARTESIAN_POINT('',(-3.21823038708E-03,-0.518668,0.804755769613)
  );
#2491 = DIRECTION('',(0.,1.,0.));
#2492 = DIRECTION('',(0.,-0.,1.));
#2493 = ADVANCED_FACE('',(#2494),#2519,.T.);
#2494 = FACE_BOUND('',#2495,.T.);
#2495 = EDGE_LOOP('',(#2496,#2504,#2505,#2513));
#2496 = ORIENTED_EDGE('',*,*,#2497,.T.);
#2497 = EDGE_CURVE('',#2498,#2467,#2500,.T.);
#2498 = VERTEX_POINT('',#2499);
#2499 = CARTESIAN_POINT('',(3.8862E-02,-0.521462,0.8001));
#2500 = LINE('',#2501,#2502);
#2501 = CARTESIAN_POINT('',(3.8862E-02,-0.521462,0.8001));
#2502 = VECTOR('',#2503,1.);
#2503 = DIRECTION('',(-0.997702652202,6.77452418162E-02,0.));
#2504 = ORIENTED_EDGE('',*,*,#2483,.F.);
#2505 = ORIENTED_EDGE('',*,*,#2506,.T.);
#2506 = EDGE_CURVE('',#2476,#2507,#2509,.T.);
#2507 = VERTEX_POINT('',#2508);
#2508 = CARTESIAN_POINT('',(3.8862E-02,-0.521462,0.810006));
#2509 = LINE('',#2510,#2511);
#2510 = CARTESIAN_POINT('',(-2.286E-03,-0.518668,0.810006));
#2511 = VECTOR('',#2512,1.);
#2512 = DIRECTION('',(0.997702652202,-6.77452418162E-02,0.));
#2513 = ORIENTED_EDGE('',*,*,#2514,.F.);
#2514 = EDGE_CURVE('',#2498,#2507,#2515,.T.);
#2515 = LINE('',#2516,#2517);
#2516 = CARTESIAN_POINT('',(3.8862E-02,-0.521462,0.8001));
#2517 = VECTOR('',#2518,1.);
#2518 = DIRECTION('',(0.,0.,1.));
#2519 = PLANE('',#2520);
#2520 = AXIS2_PLACEMENT_3D('',#2521,#2522,#2523);
#2521 = CARTESIAN_POINT('',(1.610975809283E-02,-0.519917094685,
    0.802869742391));
#2522 = DIRECTION('',(6.77452418162E-02,0.997702652202,0.));
#2523 = DIRECTION('',(0.997702652202,-6.77452418162E-02,0.));
#2524 = ADVANCED_FACE('',(#2525),#2559,.T.);
#2525 = FACE_BOUND('',#2526,.T.);
#2526 = EDGE_LOOP('',(#2527,#2537,#2545,#2553));
#2527 = ORIENTED_EDGE('',*,*,#2528,.T.);
#2528 = EDGE_CURVE('',#2529,#2531,#2533,.T.);
#2529 = VERTEX_POINT('',#2530);
#2530 = CARTESIAN_POINT('',(0.168656,-0.631444,0.810006));
#2531 = VERTEX_POINT('',#2532);
#2532 = CARTESIAN_POINT('',(0.169164,-0.64389,0.810006));
#2533 = LINE('',#2534,#2535);
#2534 = CARTESIAN_POINT('',(0.168656,-0.631444,0.810006));
#2535 = VECTOR('',#2536,1.);
#2536 = DIRECTION('',(4.078236951431E-02,-0.999168053101,0.));
#2537 = ORIENTED_EDGE('',*,*,#2538,.T.);
#2538 = EDGE_CURVE('',#2531,#2539,#2541,.T.);
#2539 = VERTEX_POINT('',#2540);
#2540 = CARTESIAN_POINT('',(0.169164,-0.64389,0.8001));
#2541 = LINE('',#2542,#2543);
#2542 = CARTESIAN_POINT('',(0.169164,-0.64389,0.810006));
#2543 = VECTOR('',#2544,1.);
#2544 = DIRECTION('',(0.,0.,-1.));
#2545 = ORIENTED_EDGE('',*,*,#2546,.T.);
#2546 = EDGE_CURVE('',#2539,#2547,#2549,.T.);
#2547 = VERTEX_POINT('',#2548);
#2548 = CARTESIAN_POINT('',(0.168656,-0.631444,0.8001));
#2549 = LINE('',#2550,#2551);
#2550 = CARTESIAN_POINT('',(0.169164,-0.64389,0.8001));
#2551 = VECTOR('',#2552,1.);
#2552 = DIRECTION('',(-4.078236951431E-02,0.999168053101,0.));
#2553 = ORIENTED_EDGE('',*,*,#2554,.T.);
#2554 = EDGE_CURVE('',#2547,#2529,#2555,.T.);
#2555 = LINE('',#2556,#2557);
#2556 = CARTESIAN_POINT('',(0.168656,-0.631444,0.8001));
#2557 = VECTOR('',#2558,1.);
#2558 = DIRECTION('',(0.,0.,1.));
#2559 = PLANE('',#2560);
#2560 = AXIS2_PLACEMENT_3D('',#2561,#2562,#2563);
#2561 = CARTESIAN_POINT('',(0.168975733855,-0.639277479459,
    0.806664820408));
#2562 = DIRECTION('',(0.999168053101,4.078236951431E-02,0.));
#2563 = DIRECTION('',(-4.078236951431E-02,0.999168053101,0.));
#2564 = ADVANCED_FACE('',(#2565),#2582,.T.);
#2565 = FACE_BOUND('',#2566,.T.);
#2566 = EDGE_LOOP('',(#2567,#2575,#2581));
#2567 = ORIENTED_EDGE('',*,*,#2568,.T.);
#2568 = EDGE_CURVE('',#2547,#2569,#2571,.T.);
#2569 = VERTEX_POINT('',#2570);
#2570 = CARTESIAN_POINT('',(0.167386,-0.625602,0.810006));
#2571 = LINE('',#2572,#2573);
#2572 = CARTESIAN_POINT('',(0.168656,-0.631444,0.8001));
#2573 = VECTOR('',#2574,1.);
#2574 = DIRECTION('',(-0.10976425999,0.504915595953,0.85616122792));
#2575 = ORIENTED_EDGE('',*,*,#2576,.T.);
#2576 = EDGE_CURVE('',#2569,#2529,#2577,.T.);
#2577 = LINE('',#2578,#2579);
#2578 = CARTESIAN_POINT('',(0.167386,-0.625602,0.810006));
#2579 = VECTOR('',#2580,1.);
#2580 = DIRECTION('',(0.212429644331,-0.977176363923,0.));
#2581 = ORIENTED_EDGE('',*,*,#2554,.F.);
#2582 = PLANE('',#2583);
#2583 = AXIS2_PLACEMENT_3D('',#2584,#2585,#2586);
#2584 = CARTESIAN_POINT('',(0.168250115957,-0.629576933401,0.80613154983
    ));
#2585 = DIRECTION('',(0.977176363923,0.212429644331,0.));
#2586 = DIRECTION('',(-0.212429644331,0.977176363923,0.));
#2587 = ADVANCED_FACE('',(#2588),#2605,.T.);
#2588 = FACE_BOUND('',#2589,.T.);
#2589 = EDGE_LOOP('',(#2590,#2598,#2604));
#2590 = ORIENTED_EDGE('',*,*,#2591,.T.);
#2591 = EDGE_CURVE('',#2547,#2592,#2594,.T.);
#2592 = VERTEX_POINT('',#2593);
#2593 = CARTESIAN_POINT('',(0.163322,-0.606806,0.8001));
#2594 = LINE('',#2595,#2596);
#2595 = CARTESIAN_POINT('',(0.168656,-0.631444,0.8001));
#2596 = VECTOR('',#2597,1.);
#2597 = DIRECTION('',(-0.211592943181,0.977357880408,0.));
#2598 = ORIENTED_EDGE('',*,*,#2599,.T.);
#2599 = EDGE_CURVE('',#2592,#2569,#2600,.T.);
#2600 = LINE('',#2601,#2602);
#2601 = CARTESIAN_POINT('',(0.163322,-0.606806,0.8001));
#2602 = VECTOR('',#2603,1.);
#2603 = DIRECTION('',(0.187871604278,-0.868906169785,0.457937035427));
#2604 = ORIENTED_EDGE('',*,*,#2568,.F.);
#2605 = PLANE('',#2606);
#2606 = AXIS2_PLACEMENT_3D('',#2607,#2608,#2609);
#2607 = CARTESIAN_POINT('',(0.166156341575,-0.619904833914,
    0.802915398161));
#2608 = DIRECTION('',(0.977357749936,0.211592914935,5.167104149799E-04)
  );
#2609 = DIRECTION('',(-0.211592943181,0.977357880408,-1.463661970528E-22
    ));
#2610 = ADVANCED_FACE('',(#2611),#2628,.T.);
#2611 = FACE_BOUND('',#2612,.T.);
#2612 = EDGE_LOOP('',(#2613,#2614,#2622));
#2613 = ORIENTED_EDGE('',*,*,#2599,.F.);
#2614 = ORIENTED_EDGE('',*,*,#2615,.T.);
#2615 = EDGE_CURVE('',#2592,#2616,#2618,.T.);
#2616 = VERTEX_POINT('',#2617);
#2617 = CARTESIAN_POINT('',(0.163322,-0.606806,0.810006));
#2618 = LINE('',#2619,#2620);
#2619 = CARTESIAN_POINT('',(0.163322,-0.606806,0.8001));
#2620 = VECTOR('',#2621,1.);
#2621 = DIRECTION('',(0.,0.,1.));
#2622 = ORIENTED_EDGE('',*,*,#2623,.T.);
#2623 = EDGE_CURVE('',#2616,#2569,#2624,.T.);
#2624 = LINE('',#2625,#2626);
#2625 = CARTESIAN_POINT('',(0.163322,-0.606806,0.810006));
#2626 = VECTOR('',#2627,1.);
#2627 = DIRECTION('',(0.211332792528,-0.97741416544,0.));
#2628 = PLANE('',#2629);
#2629 = AXIS2_PLACEMENT_3D('',#2630,#2631,#2632);
#2630 = CARTESIAN_POINT('',(0.164957511242,-0.614370239494,
    0.806929134571));
#2631 = DIRECTION('',(0.97741416544,0.211332792528,-1.136067468154E-16)
  );
#2632 = DIRECTION('',(-0.211332792528,0.97741416544,3.134895625113E-33)
  );
#2633 = ADVANCED_FACE('',(#2634),#2659,.T.);
#2634 = FACE_BOUND('',#2635,.T.);
#2635 = EDGE_LOOP('',(#2636,#2644,#2645,#2653));
#2636 = ORIENTED_EDGE('',*,*,#2637,.T.);
#2637 = EDGE_CURVE('',#2638,#2616,#2640,.T.);
#2638 = VERTEX_POINT('',#2639);
#2639 = CARTESIAN_POINT('',(0.153162,-0.585216,0.810006));
#2640 = LINE('',#2641,#2642);
#2641 = CARTESIAN_POINT('',(0.153162,-0.585216,0.810006));
#2642 = VECTOR('',#2643,1.);
#2643 = DIRECTION('',(0.42579703633,-0.904818702201,0.));
#2644 = ORIENTED_EDGE('',*,*,#2615,.F.);
#2645 = ORIENTED_EDGE('',*,*,#2646,.T.);
#2646 = EDGE_CURVE('',#2592,#2647,#2649,.T.);
#2647 = VERTEX_POINT('',#2648);
#2648 = CARTESIAN_POINT('',(0.153162,-0.585216,0.8001));
#2649 = LINE('',#2650,#2651);
#2650 = CARTESIAN_POINT('',(0.163322,-0.606806,0.8001));
#2651 = VECTOR('',#2652,1.);
#2652 = DIRECTION('',(-0.42579703633,0.904818702201,0.));
#2653 = ORIENTED_EDGE('',*,*,#2654,.T.);
#2654 = EDGE_CURVE('',#2647,#2638,#2655,.T.);
#2655 = LINE('',#2656,#2657);
#2656 = CARTESIAN_POINT('',(0.153162,-0.585216,0.8001));
#2657 = VECTOR('',#2658,1.);
#2658 = DIRECTION('',(0.,0.,1.));
#2659 = PLANE('',#2660);
#2660 = AXIS2_PLACEMENT_3D('',#2661,#2662,#2663);
#2661 = CARTESIAN_POINT('',(0.159086297006,-0.597805131138,
    0.807035862571));
#2662 = DIRECTION('',(0.904818702201,0.42579703633,0.));
#2663 = DIRECTION('',(-0.42579703633,0.904818702201,0.));
#2664 = ADVANCED_FACE('',(#2665),#2690,.T.);
#2665 = FACE_BOUND('',#2666,.T.);
#2666 = EDGE_LOOP('',(#2667,#2675,#2676,#2684));
#2667 = ORIENTED_EDGE('',*,*,#2668,.T.);
#2668 = EDGE_CURVE('',#2669,#2638,#2671,.T.);
#2669 = VERTEX_POINT('',#2670);
#2670 = CARTESIAN_POINT('',(0.136906,-0.56515,0.810006));
#2671 = LINE('',#2672,#2673);
#2672 = CARTESIAN_POINT('',(0.136906,-0.56515,0.810006));
#2673 = VECTOR('',#2674,1.);
#2674 = DIRECTION('',(0.629481130122,-0.777015769995,0.));
#2675 = ORIENTED_EDGE('',*,*,#2654,.F.);
#2676 = ORIENTED_EDGE('',*,*,#2677,.T.);
#2677 = EDGE_CURVE('',#2647,#2678,#2680,.T.);
#2678 = VERTEX_POINT('',#2679);
#2679 = CARTESIAN_POINT('',(0.136906,-0.56515,0.8001));
#2680 = LINE('',#2681,#2682);
#2681 = CARTESIAN_POINT('',(0.153162,-0.585216,0.8001));
#2682 = VECTOR('',#2683,1.);
#2683 = DIRECTION('',(-0.629481130122,0.777015769995,0.));
#2684 = ORIENTED_EDGE('',*,*,#2685,.T.);
#2685 = EDGE_CURVE('',#2678,#2669,#2686,.T.);
#2686 = LINE('',#2687,#2688);
#2687 = CARTESIAN_POINT('',(0.136906,-0.56515,0.8001));
#2688 = VECTOR('',#2689,1.);
#2689 = DIRECTION('',(0.,0.,1.));
#2690 = PLANE('',#2691);
#2691 = AXIS2_PLACEMENT_3D('',#2692,#2693,#2694);
#2692 = CARTESIAN_POINT('',(0.146304175654,-0.576750873073,0.80707081371
    ));
#2693 = DIRECTION('',(0.777015769995,0.629481130122,1.694150329696E-16)
  );
#2694 = DIRECTION('',(-0.629481130122,0.777015769995,-1.015803386223E-32
    ));
#2695 = ADVANCED_FACE('',(#2696),#2721,.T.);
#2696 = FACE_BOUND('',#2697,.T.);
#2697 = EDGE_LOOP('',(#2698,#2706,#2707,#2715));
#2698 = ORIENTED_EDGE('',*,*,#2699,.T.);
#2699 = EDGE_CURVE('',#2700,#2669,#2702,.T.);
#2700 = VERTEX_POINT('',#2701);
#2701 = CARTESIAN_POINT('',(0.112014,-0.545846,0.810006));
#2702 = LINE('',#2703,#2704);
#2703 = CARTESIAN_POINT('',(0.112014,-0.545846,0.810006));
#2704 = VECTOR('',#2705,1.);
#2705 = DIRECTION('',(0.790219801195,-0.612823519294,0.));
#2706 = ORIENTED_EDGE('',*,*,#2685,.F.);
#2707 = ORIENTED_EDGE('',*,*,#2708,.T.);
#2708 = EDGE_CURVE('',#2678,#2709,#2711,.T.);
#2709 = VERTEX_POINT('',#2710);
#2710 = CARTESIAN_POINT('',(0.112014,-0.545846,0.8001));
#2711 = LINE('',#2712,#2713);
#2712 = CARTESIAN_POINT('',(0.136906,-0.56515,0.8001));
#2713 = VECTOR('',#2714,1.);
#2714 = DIRECTION('',(-0.790219801195,0.612823519294,0.));
#2715 = ORIENTED_EDGE('',*,*,#2716,.T.);
#2716 = EDGE_CURVE('',#2709,#2700,#2717,.T.);
#2717 = LINE('',#2718,#2719);
#2718 = CARTESIAN_POINT('',(0.112014,-0.545846,0.8001));
#2719 = VECTOR('',#2720,1.);
#2720 = DIRECTION('',(0.,0.,1.));
#2721 = PLANE('',#2722);
#2722 = AXIS2_PLACEMENT_3D('',#2723,#2724,#2725);
#2723 = CARTESIAN_POINT('',(0.126116521886,-0.556782649626,0.8071492799)
  );
#2724 = DIRECTION('',(0.612823519294,0.790219801195,3.135227123773E-16)
  );
#2725 = DIRECTION('',(0.790219801195,-0.612823519294,-3.065441650572E-32
    ));
#2726 = ADVANCED_FACE('',(#2727),#2752,.T.);
#2727 = FACE_BOUND('',#2728,.T.);
#2728 = EDGE_LOOP('',(#2729,#2737,#2738,#2746));
#2729 = ORIENTED_EDGE('',*,*,#2730,.T.);
#2730 = EDGE_CURVE('',#2731,#2700,#2733,.T.);
#2731 = VERTEX_POINT('',#2732);
#2732 = CARTESIAN_POINT('',(7.9502E-02,-0.53086,0.810006));
#2733 = LINE('',#2734,#2735);
#2734 = CARTESIAN_POINT('',(7.9502E-02,-0.53086,0.810006));
#2735 = VECTOR('',#2736,1.);
#2736 = DIRECTION('',(0.908166933143,-0.418608195746,0.));
#2737 = ORIENTED_EDGE('',*,*,#2716,.F.);
#2738 = ORIENTED_EDGE('',*,*,#2739,.T.);
#2739 = EDGE_CURVE('',#2709,#2740,#2742,.T.);
#2740 = VERTEX_POINT('',#2741);
#2741 = CARTESIAN_POINT('',(7.9502E-02,-0.53086,0.8001));
#2742 = LINE('',#2743,#2744);
#2743 = CARTESIAN_POINT('',(0.112014,-0.545846,0.8001));
#2744 = VECTOR('',#2745,1.);
#2745 = DIRECTION('',(-0.908166933143,0.418608195746,0.));
#2746 = ORIENTED_EDGE('',*,*,#2747,.T.);
#2747 = EDGE_CURVE('',#2740,#2731,#2748,.T.);
#2748 = LINE('',#2749,#2750);
#2749 = CARTESIAN_POINT('',(7.9502E-02,-0.53086,0.8001));
#2750 = VECTOR('',#2751,1.);
#2751 = DIRECTION('',(0.,0.,1.));
#2752 = PLANE('',#2753);
#2753 = AXIS2_PLACEMENT_3D('',#2754,#2755,#2756);
#2754 = CARTESIAN_POINT('',(9.770164643948E-02,-0.539248899531,
    0.807193186312));
#2755 = DIRECTION('',(0.418608195746,0.908166933143,-6.379672919074E-16)
  );
#2756 = DIRECTION('',(0.908166933143,-0.418608195746,-2.621007724545E-32
    ));
#2757 = ADVANCED_FACE('',(#2758),#2774,.T.);
#2758 = FACE_BOUND('',#2759,.T.);
#2759 = EDGE_LOOP('',(#2760,#2766,#2767,#2773));
#2760 = ORIENTED_EDGE('',*,*,#2761,.T.);
#2761 = EDGE_CURVE('',#2507,#2731,#2762,.T.);
#2762 = LINE('',#2763,#2764);
#2763 = CARTESIAN_POINT('',(3.8862E-02,-0.521462,0.810006));
#2764 = VECTOR('',#2765,1.);
#2765 = DIRECTION('',(0.974288465505,-0.225304207648,0.));
#2766 = ORIENTED_EDGE('',*,*,#2747,.F.);
#2767 = ORIENTED_EDGE('',*,*,#2768,.T.);
#2768 = EDGE_CURVE('',#2740,#2498,#2769,.T.);
#2769 = LINE('',#2770,#2771);
#2770 = CARTESIAN_POINT('',(7.9502E-02,-0.53086,0.8001));
#2771 = VECTOR('',#2772,1.);
#2772 = DIRECTION('',(-0.974288465505,0.225304207648,0.));
#2773 = ORIENTED_EDGE('',*,*,#2514,.T.);
#2774 = PLANE('',#2775);
#2775 = AXIS2_PLACEMENT_3D('',#2776,#2777,#2778);
#2776 = CARTESIAN_POINT('',(6.131225260137E-02,-0.526653620914,
    0.807239470103));
#2777 = DIRECTION('',(0.225304207648,0.974288465505,-3.957547763305E-16)
  );
#2778 = DIRECTION('',(0.974288465505,-0.225304207648,4.981152680293E-33)
  );
#2779 = ADVANCED_FACE('',(#2780),#2797,.T.);
#2780 = FACE_BOUND('',#2781,.T.);
#2781 = EDGE_LOOP('',(#2782,#2790,#2796));
#2782 = ORIENTED_EDGE('',*,*,#2783,.T.);
#2783 = EDGE_CURVE('',#2531,#2784,#2786,.T.);
#2784 = VERTEX_POINT('',#2785);
#2785 = CARTESIAN_POINT('',(0.167386,-0.663702,0.810006));
#2786 = LINE('',#2787,#2788);
#2787 = CARTESIAN_POINT('',(0.169164,-0.64389,0.810006));
#2788 = VECTOR('',#2789,1.);
#2789 = DIRECTION('',(-8.938436468562E-02,-0.995997206497,0.));
#2790 = ORIENTED_EDGE('',*,*,#2791,.T.);
#2791 = EDGE_CURVE('',#2784,#2539,#2792,.T.);
#2792 = LINE('',#2793,#2794);
#2793 = CARTESIAN_POINT('',(0.167386,-0.663702,0.810006));
#2794 = VECTOR('',#2795,1.);
#2795 = DIRECTION('',(8.00117576936E-02,0.891559585729,-0.445779792864)
  );
#2796 = ORIENTED_EDGE('',*,*,#2538,.F.);
#2797 = PLANE('',#2798);
#2798 = AXIS2_PLACEMENT_3D('',#2799,#2800,#2801);
#2799 = CARTESIAN_POINT('',(0.168444291484,-0.651909609176,
    0.806946972002));
#2800 = DIRECTION('',(0.995997206497,-8.938436468562E-02,0.));
#2801 = DIRECTION('',(8.938436468562E-02,0.995997206497,0.));
#2802 = ADVANCED_FACE('',(#2803),#2820,.T.);
#2803 = FACE_BOUND('',#2804,.T.);
#2804 = EDGE_LOOP('',(#2805,#2813,#2819));
#2805 = ORIENTED_EDGE('',*,*,#2806,.T.);
#2806 = EDGE_CURVE('',#2784,#2807,#2809,.T.);
#2807 = VERTEX_POINT('',#2808);
#2808 = CARTESIAN_POINT('',(0.166878,-0.670052,0.8001));
#2809 = LINE('',#2810,#2811);
#2810 = CARTESIAN_POINT('',(0.167386,-0.663702,0.810006));
#2811 = VECTOR('',#2812,1.);
#2812 = DIRECTION('',(-4.313310928138E-02,-0.539163866017,
    -0.841095630987));
#2813 = ORIENTED_EDGE('',*,*,#2814,.T.);
#2814 = EDGE_CURVE('',#2807,#2539,#2815,.T.);
#2815 = LINE('',#2816,#2817);
#2816 = CARTESIAN_POINT('',(0.166878,-0.670052,0.8001));
#2817 = VECTOR('',#2818,1.);
#2818 = DIRECTION('',(8.704696967638E-02,0.996204208519,0.));
#2819 = ORIENTED_EDGE('',*,*,#2791,.F.);
#2820 = PLANE('',#2821);
#2821 = AXIS2_PLACEMENT_3D('',#2822,#2823,#2824);
#2822 = CARTESIAN_POINT('',(0.167940917028,-0.657736236737,
    0.802894484424));
#2823 = DIRECTION('',(0.996193149631,-8.704600336585E-02,
    4.711891920089E-03));
#2824 = DIRECTION('',(8.704696967638E-02,0.996204208519,
    2.077313408666E-20));
#2825 = ADVANCED_FACE('',(#2826),#2843,.T.);
#2826 = FACE_BOUND('',#2827,.T.);
#2827 = EDGE_LOOP('',(#2828,#2836,#2842));
#2828 = ORIENTED_EDGE('',*,*,#2829,.T.);
#2829 = EDGE_CURVE('',#2784,#2830,#2832,.T.);
#2830 = VERTEX_POINT('',#2831);
#2831 = CARTESIAN_POINT('',(0.166878,-0.670052,0.810006));
#2832 = LINE('',#2833,#2834);
#2833 = CARTESIAN_POINT('',(0.167386,-0.663702,0.810006));
#2834 = VECTOR('',#2835,1.);
#2835 = DIRECTION('',(-7.974522228289E-02,-0.996815278536,0.));
#2836 = ORIENTED_EDGE('',*,*,#2837,.T.);
#2837 = EDGE_CURVE('',#2830,#2807,#2838,.T.);
#2838 = LINE('',#2839,#2840);
#2839 = CARTESIAN_POINT('',(0.166878,-0.670052,0.810006));
#2840 = VECTOR('',#2841,1.);
#2841 = DIRECTION('',(0.,0.,-1.));
#2842 = ORIENTED_EDGE('',*,*,#2806,.F.);
#2843 = PLANE('',#2844);
#2844 = AXIS2_PLACEMENT_3D('',#2845,#2846,#2847);
#2845 = CARTESIAN_POINT('',(0.167042310706,-0.667998116176,
    0.806177698026));
#2846 = DIRECTION('',(0.996815278536,-7.974522228289E-02,0.));
#2847 = DIRECTION('',(7.974522228289E-02,0.996815278536,0.));
#2848 = ADVANCED_FACE('',(#2849),#2874,.T.);
#2849 = FACE_BOUND('',#2850,.T.);
#2850 = EDGE_LOOP('',(#2851,#2859,#2860,#2868));
#2851 = ORIENTED_EDGE('',*,*,#2852,.T.);
#2852 = EDGE_CURVE('',#2853,#2807,#2855,.T.);
#2853 = VERTEX_POINT('',#2854);
#2854 = CARTESIAN_POINT('',(0.16129,-0.687324,0.8001));
#2855 = LINE('',#2856,#2857);
#2856 = CARTESIAN_POINT('',(0.16129,-0.687324,0.8001));
#2857 = VECTOR('',#2858,1.);
#2858 = DIRECTION('',(0.307820285415,0.951444518554,0.));
#2859 = ORIENTED_EDGE('',*,*,#2837,.F.);
#2860 = ORIENTED_EDGE('',*,*,#2861,.T.);
#2861 = EDGE_CURVE('',#2830,#2862,#2864,.T.);
#2862 = VERTEX_POINT('',#2863);
#2863 = CARTESIAN_POINT('',(0.16129,-0.687324,0.810006));
#2864 = LINE('',#2865,#2866);
#2865 = CARTESIAN_POINT('',(0.166878,-0.670052,0.810006));
#2866 = VECTOR('',#2867,1.);
#2867 = DIRECTION('',(-0.307820285415,-0.951444518554,0.));
#2868 = ORIENTED_EDGE('',*,*,#2869,.T.);
#2869 = EDGE_CURVE('',#2862,#2853,#2870,.T.);
#2870 = LINE('',#2871,#2872);
#2871 = CARTESIAN_POINT('',(0.16129,-0.687324,0.810006));
#2872 = VECTOR('',#2873,1.);
#2873 = DIRECTION('',(0.,0.,-1.));
#2874 = PLANE('',#2875);
#2875 = AXIS2_PLACEMENT_3D('',#2876,#2877,#2878);
#2876 = CARTESIAN_POINT('',(0.164651859708,-0.676932797267,
    0.803208223244));
#2877 = DIRECTION('',(0.951444518554,-0.307820285415,-1.566295869311E-16
    ));
#2878 = DIRECTION('',(0.307820285415,0.951444518554,-4.543207664344E-33)
  );
#2879 = ADVANCED_FACE('',(#2880),#2896,.T.);
#2880 = FACE_BOUND('',#2881,.T.);
#2881 = EDGE_LOOP('',(#2882,#2888,#2889,#2895));
#2882 = ORIENTED_EDGE('',*,*,#2883,.T.);
#2883 = EDGE_CURVE('',#1235,#2853,#2884,.T.);
#2884 = LINE('',#2885,#2886);
#2885 = CARTESIAN_POINT('',(0.157226,-0.694436,0.8001));
#2886 = VECTOR('',#2887,1.);
#2887 = DIRECTION('',(0.496138938357,0.868243142124,0.));
#2888 = ORIENTED_EDGE('',*,*,#2869,.F.);
#2889 = ORIENTED_EDGE('',*,*,#2890,.T.);
#2890 = EDGE_CURVE('',#2862,#1237,#2891,.T.);
#2891 = LINE('',#2892,#2893);
#2892 = CARTESIAN_POINT('',(0.16129,-0.687324,0.810006));
#2893 = VECTOR('',#2894,1.);
#2894 = DIRECTION('',(-0.496138938357,-0.868243142124,0.));
#2895 = ORIENTED_EDGE('',*,*,#1234,.F.);
#2896 = PLANE('',#2897);
#2897 = AXIS2_PLACEMENT_3D('',#2898,#2899,#2900);
#2898 = CARTESIAN_POINT('',(0.15990834483,-0.689741896547,0.803742188088
    ));
#2899 = DIRECTION('',(0.868243142124,-0.496138938357,0.));
#2900 = DIRECTION('',(0.496138938357,0.868243142124,0.));
#2901 = ADVANCED_FACE('',(#2902,#2953),#3187,.T.);
#2902 = FACE_BOUND('',#2903,.T.);
#2903 = EDGE_LOOP('',(#2904,#2905,#2906,#2907,#2908,#2909,#2910,#2911,
    #2912,#2913,#2914,#2915,#2916,#2917,#2918,#2919,#2920,#2921,#2922,
    #2923,#2924,#2925,#2926,#2927,#2928,#2929,#2930,#2931,#2932,#2933,
    #2934,#2935,#2936,#2937,#2938,#2939,#2940,#2941,#2942,#2943,#2944,
    #2945,#2946,#2947,#2948,#2949,#2950,#2951,#2952));
#2904 = ORIENTED_EDGE('',*,*,#1321,.F.);
#2905 = ORIENTED_EDGE('',*,*,#1336,.F.);
#2906 = ORIENTED_EDGE('',*,*,#1538,.F.);
#2907 = ORIENTED_EDGE('',*,*,#1509,.F.);
#2908 = ORIENTED_EDGE('',*,*,#1478,.F.);
#2909 = ORIENTED_EDGE('',*,*,#1447,.F.);
#2910 = ORIENTED_EDGE('',*,*,#1416,.F.);
#2911 = ORIENTED_EDGE('',*,*,#1385,.F.);
#2912 = ORIENTED_EDGE('',*,*,#1570,.F.);
#2913 = ORIENTED_EDGE('',*,*,#1584,.F.);
#2914 = ORIENTED_EDGE('',*,*,#1724,.F.);
#2915 = ORIENTED_EDGE('',*,*,#1695,.F.);
#2916 = ORIENTED_EDGE('',*,*,#1664,.F.);
#2917 = ORIENTED_EDGE('',*,*,#1633,.F.);
#2918 = ORIENTED_EDGE('',*,*,#1739,.F.);
#2919 = ORIENTED_EDGE('',*,*,#1941,.F.);
#2920 = ORIENTED_EDGE('',*,*,#1912,.F.);
#2921 = ORIENTED_EDGE('',*,*,#1881,.F.);
#2922 = ORIENTED_EDGE('',*,*,#1850,.F.);
#2923 = ORIENTED_EDGE('',*,*,#1819,.F.);
#2924 = ORIENTED_EDGE('',*,*,#1788,.F.);
#2925 = ORIENTED_EDGE('',*,*,#1956,.F.);
#2926 = ORIENTED_EDGE('',*,*,#2196,.F.);
#2927 = ORIENTED_EDGE('',*,*,#2167,.F.);
#2928 = ORIENTED_EDGE('',*,*,#2136,.F.);
#2929 = ORIENTED_EDGE('',*,*,#2105,.F.);
#2930 = ORIENTED_EDGE('',*,*,#2050,.F.);
#2931 = ORIENTED_EDGE('',*,*,#2005,.F.);
#2932 = ORIENTED_EDGE('',*,*,#2242,.F.);
#2933 = ORIENTED_EDGE('',*,*,#2280,.F.);
#2934 = ORIENTED_EDGE('',*,*,#2311,.F.);
#2935 = ORIENTED_EDGE('',*,*,#2342,.F.);
#2936 = ORIENTED_EDGE('',*,*,#2373,.F.);
#2937 = ORIENTED_EDGE('',*,*,#2404,.F.);
#2938 = ORIENTED_EDGE('',*,*,#2435,.F.);
#2939 = ORIENTED_EDGE('',*,*,#2466,.F.);
#2940 = ORIENTED_EDGE('',*,*,#2497,.F.);
#2941 = ORIENTED_EDGE('',*,*,#2768,.F.);
#2942 = ORIENTED_EDGE('',*,*,#2739,.F.);
#2943 = ORIENTED_EDGE('',*,*,#2708,.F.);
#2944 = ORIENTED_EDGE('',*,*,#2677,.F.);
#2945 = ORIENTED_EDGE('',*,*,#2646,.F.);
#2946 = ORIENTED_EDGE('',*,*,#2591,.F.);
#2947 = ORIENTED_EDGE('',*,*,#2546,.F.);
#2948 = ORIENTED_EDGE('',*,*,#2814,.F.);
#2949 = ORIENTED_EDGE('',*,*,#2852,.F.);
#2950 = ORIENTED_EDGE('',*,*,#2883,.F.);
#2951 = ORIENTED_EDGE('',*,*,#1260,.F.);
#2952 = ORIENTED_EDGE('',*,*,#1274,.F.);
#2953 = FACE_BOUND('',#2954,.T.);
#2954 = EDGE_LOOP('',(#2955,#2965,#2973,#2981,#2989,#2997,#3005,#3013,
    #3021,#3029,#3037,#3045,#3053,#3061,#3069,#3077,#3085,#3093,#3101,
    #3109,#3117,#3125,#3133,#3141,#3149,#3157,#3165,#3173,#3181));
#2955 = ORIENTED_EDGE('',*,*,#2956,.T.);
#2956 = EDGE_CURVE('',#2957,#2959,#2961,.T.);
#2957 = VERTEX_POINT('',#2958);
#2958 = CARTESIAN_POINT('',(-3.4798E-02,-0.559054,0.8001));
#2959 = VERTEX_POINT('',#2960);
#2960 = CARTESIAN_POINT('',(-5.5372E-02,-0.561086,0.8001));
#2961 = LINE('',#2962,#2963);
#2962 = CARTESIAN_POINT('',(-3.4798E-02,-0.559054,0.8001));
#2963 = VECTOR('',#2964,1.);
#2964 = DIRECTION('',(-0.995158089271,-9.828721869344E-02,0.));
#2965 = ORIENTED_EDGE('',*,*,#2966,.T.);
#2966 = EDGE_CURVE('',#2959,#2967,#2969,.T.);
#2967 = VERTEX_POINT('',#2968);
#2968 = CARTESIAN_POINT('',(-7.239E-02,-0.567182,0.8001));
#2969 = LINE('',#2970,#2971);
#2970 = CARTESIAN_POINT('',(-5.5372E-02,-0.561086,0.8001));
#2971 = VECTOR('',#2972,1.);
#2972 = DIRECTION('',(-0.941423592782,-0.337226361594,0.));
#2973 = ORIENTED_EDGE('',*,*,#2974,.T.);
#2974 = EDGE_CURVE('',#2967,#2975,#2977,.T.);
#2975 = VERTEX_POINT('',#2976);
#2976 = CARTESIAN_POINT('',(-8.7122E-02,-0.576834,0.8001));
#2977 = LINE('',#2978,#2979);
#2978 = CARTESIAN_POINT('',(-7.239E-02,-0.567182,0.8001));
#2979 = VECTOR('',#2980,1.);
#2980 = DIRECTION('',(-0.83646112958,-0.548026257311,0.));
#2981 = ORIENTED_EDGE('',*,*,#2982,.T.);
#2982 = EDGE_CURVE('',#2975,#2983,#2985,.T.);
#2983 = VERTEX_POINT('',#2984);
#2984 = CARTESIAN_POINT('',(-9.5504E-02,-0.58547,0.8001));
#2985 = LINE('',#2986,#2987);
#2986 = CARTESIAN_POINT('',(-8.7122E-02,-0.576834,0.8001));
#2987 = VECTOR('',#2988,1.);
#2988 = DIRECTION('',(-0.696475377169,-0.717580691628,0.));
#2989 = ORIENTED_EDGE('',*,*,#2990,.T.);
#2990 = EDGE_CURVE('',#2983,#2991,#2993,.T.);
#2991 = VERTEX_POINT('',#2992);
#2992 = CARTESIAN_POINT('',(-0.100838,-0.595122,0.8001));
#2993 = LINE('',#2994,#2995);
#2994 = CARTESIAN_POINT('',(-9.5504E-02,-0.58547,0.8001));
#2995 = VECTOR('',#2996,1.);
#2996 = DIRECTION('',(-0.48368611169,-0.875241535439,0.));
#2997 = ORIENTED_EDGE('',*,*,#2998,.T.);
#2998 = EDGE_CURVE('',#2991,#2999,#3001,.T.);
#2999 = VERTEX_POINT('',#3000);
#3000 = CARTESIAN_POINT('',(-0.104394,-0.606044,0.8001));
#3001 = LINE('',#3002,#3003);
#3002 = CARTESIAN_POINT('',(-0.100838,-0.595122,0.8001));
#3003 = VECTOR('',#3004,1.);
#3004 = DIRECTION('',(-0.309586047461,-0.950871431487,0.));
#3005 = ORIENTED_EDGE('',*,*,#3006,.T.);
#3006 = EDGE_CURVE('',#2999,#3007,#3009,.T.);
#3007 = VERTEX_POINT('',#3008);
#3008 = CARTESIAN_POINT('',(-0.105156,-0.616712,0.8001));
#3009 = LINE('',#3010,#3011);
#3010 = CARTESIAN_POINT('',(-0.104394,-0.606044,0.8001));
#3011 = VECTOR('',#3012,1.);
#3012 = DIRECTION('',(-7.124704998791E-02,-0.997458699831,0.));
#3013 = ORIENTED_EDGE('',*,*,#3014,.T.);
#3014 = EDGE_CURVE('',#3007,#3015,#3017,.T.);
#3015 = VERTEX_POINT('',#3016);
#3016 = CARTESIAN_POINT('',(-0.103378,-0.63119,0.8001));
#3017 = LINE('',#3018,#3019);
#3018 = CARTESIAN_POINT('',(-0.105156,-0.616712,0.8001));
#3019 = VECTOR('',#3020,1.);
#3020 = DIRECTION('',(0.121891301525,-0.992543455277,0.));
#3021 = ORIENTED_EDGE('',*,*,#3022,.T.);
#3022 = EDGE_CURVE('',#3015,#3023,#3025,.T.);
#3023 = VERTEX_POINT('',#3024);
#3024 = CARTESIAN_POINT('',(-9.9568E-02,-0.641604,0.8001));
#3025 = LINE('',#3026,#3027);
#3026 = CARTESIAN_POINT('',(-0.103378,-0.63119,0.8001));
#3027 = VECTOR('',#3028,1.);
#3028 = DIRECTION('',(0.343581531264,-0.93912285212,0.));
#3029 = ORIENTED_EDGE('',*,*,#3030,.T.);
#3030 = EDGE_CURVE('',#3023,#3031,#3033,.T.);
#3031 = VERTEX_POINT('',#3032);
#3032 = CARTESIAN_POINT('',(-9.271E-02,-0.65151,0.8001));
#3033 = LINE('',#3034,#3035);
#3034 = CARTESIAN_POINT('',(-9.9568E-02,-0.641604,0.8001));
#3035 = VECTOR('',#3036,1.);
#3036 = DIRECTION('',(0.56920997883,-0.822192191644,0.));
#3037 = ORIENTED_EDGE('',*,*,#3038,.T.);
#3038 = EDGE_CURVE('',#3031,#3039,#3041,.T.);
#3039 = VERTEX_POINT('',#3040);
#3040 = CARTESIAN_POINT('',(-8.2804E-02,-0.660654,0.8001));
#3041 = LINE('',#3042,#3043);
#3042 = CARTESIAN_POINT('',(-9.271E-02,-0.65151,0.8001));
#3043 = VECTOR('',#3044,1.);
#3044 = DIRECTION('',(0.734803444627,-0.678280102733,0.));
#3045 = ORIENTED_EDGE('',*,*,#3046,.T.);
#3046 = EDGE_CURVE('',#3039,#3047,#3049,.T.);
#3047 = VERTEX_POINT('',#3048);
#3048 = CARTESIAN_POINT('',(-7.0866E-02,-0.667004,0.8001));
#3049 = LINE('',#3050,#3051);
#3050 = CARTESIAN_POINT('',(-8.2804E-02,-0.660654,0.8001));
#3051 = VECTOR('',#3052,1.);
#3052 = DIRECTION('',(0.882872389199,-0.469612972978,0.));
#3053 = ORIENTED_EDGE('',*,*,#3054,.T.);
#3054 = EDGE_CURVE('',#3047,#3055,#3057,.T.);
#3055 = VERTEX_POINT('',#3056);
#3056 = CARTESIAN_POINT('',(-5.6642E-02,-0.671068,0.8001));
#3057 = LINE('',#3058,#3059);
#3058 = CARTESIAN_POINT('',(-7.0866E-02,-0.667004,0.8001));
#3059 = VECTOR('',#3060,1.);
#3060 = DIRECTION('',(0.961523947641,-0.274721127897,0.));
#3061 = ORIENTED_EDGE('',*,*,#3062,.T.);
#3062 = EDGE_CURVE('',#3055,#3063,#3065,.T.);
#3063 = VERTEX_POINT('',#3064);
#3064 = CARTESIAN_POINT('',(-4.1402E-02,-0.672338,0.8001));
#3065 = LINE('',#3066,#3067);
#3066 = CARTESIAN_POINT('',(-5.6642E-02,-0.671068,0.8001));
#3067 = VECTOR('',#3068,1.);
#3068 = DIRECTION('',(0.996545758245,-8.304547985374E-02,0.));
#3069 = ORIENTED_EDGE('',*,*,#3070,.T.);
#3070 = EDGE_CURVE('',#3063,#3071,#3073,.T.);
#3071 = VERTEX_POINT('',#3072);
#3072 = CARTESIAN_POINT('',(-2.286E-02,-0.670814,0.8001));
#3073 = LINE('',#3074,#3075);
#3074 = CARTESIAN_POINT('',(-4.1402E-02,-0.672338,0.8001));
#3075 = VECTOR('',#3076,1.);
#3076 = DIRECTION('',(0.996639273542,8.191555672945E-02,0.));
#3077 = ORIENTED_EDGE('',*,*,#3078,.T.);
#3078 = EDGE_CURVE('',#3071,#3079,#3081,.T.);
#3079 = VERTEX_POINT('',#3080);
#3080 = CARTESIAN_POINT('',(-8.382E-03,-0.666496,0.8001));
#3081 = LINE('',#3082,#3083);
#3082 = CARTESIAN_POINT('',(-2.286E-02,-0.670814,0.8001));
#3083 = VECTOR('',#3084,1.);
#3084 = DIRECTION('',(0.958287760773,0.285805121634,0.));
#3085 = ORIENTED_EDGE('',*,*,#3086,.T.);
#3086 = EDGE_CURVE('',#3079,#3087,#3089,.T.);
#3087 = VERTEX_POINT('',#3088);
#3088 = CARTESIAN_POINT('',(2.54E-03,-0.6604,0.8001));
#3089 = LINE('',#3090,#3091);
#3090 = CARTESIAN_POINT('',(-8.382E-03,-0.666496,0.8001));
#3091 = VECTOR('',#3092,1.);
#3092 = DIRECTION('',(0.873197702015,0.487366159264,0.));
#3093 = ORIENTED_EDGE('',*,*,#3094,.T.);
#3094 = EDGE_CURVE('',#3087,#3095,#3097,.T.);
#3095 = VERTEX_POINT('',#3096);
#3096 = CARTESIAN_POINT('',(9.144E-03,-0.654812,0.8001));
#3097 = LINE('',#3098,#3099);
#3098 = CARTESIAN_POINT('',(2.54E-03,-0.6604,0.8001));
#3099 = VECTOR('',#3100,1.);
#3100 = DIRECTION('',(0.763386285369,0.645942241466,0.));
#3101 = ORIENTED_EDGE('',*,*,#3102,.T.);
#3102 = EDGE_CURVE('',#3095,#3103,#3105,.T.);
#3103 = VERTEX_POINT('',#3104);
#3104 = CARTESIAN_POINT('',(1.5494E-02,-0.64643,0.8001));
#3105 = LINE('',#3106,#3107);
#3106 = CARTESIAN_POINT('',(9.144E-03,-0.654812,0.8001));
#3107 = VECTOR('',#3108,1.);
#3108 = DIRECTION('',(0.603857687995,0.797092148154,0.));
#3109 = ORIENTED_EDGE('',*,*,#3110,.T.);
#3110 = EDGE_CURVE('',#3103,#3111,#3113,.T.);
#3111 = VERTEX_POINT('',#3112);
#3112 = CARTESIAN_POINT('',(1.9812E-02,-0.636524,0.8001));
#3113 = LINE('',#3114,#3115);
#3114 = CARTESIAN_POINT('',(1.5494E-02,-0.64643,0.8001));
#3115 = VECTOR('',#3116,1.);
#3116 = DIRECTION('',(0.399585420514,0.916695964708,0.));
#3117 = ORIENTED_EDGE('',*,*,#3118,.T.);
#3118 = EDGE_CURVE('',#3111,#3119,#3121,.T.);
#3119 = VERTEX_POINT('',#3120);
#3120 = CARTESIAN_POINT('',(2.2352E-02,-0.624332,0.8001));
#3121 = LINE('',#3122,#3123);
#3122 = CARTESIAN_POINT('',(1.9812E-02,-0.636524,0.8001));
#3123 = VECTOR('',#3124,1.);
#3124 = DIRECTION('',(0.203954254112,0.978980419738,0.));
#3125 = ORIENTED_EDGE('',*,*,#3126,.T.);
#3126 = EDGE_CURVE('',#3119,#3127,#3129,.T.);
#3127 = VERTEX_POINT('',#3128);
#3128 = CARTESIAN_POINT('',(2.286E-02,-0.616204,0.8001));
#3129 = LINE('',#3130,#3131);
#3130 = CARTESIAN_POINT('',(2.2352E-02,-0.624332,0.8001));
#3131 = VECTOR('',#3132,1.);
#3132 = DIRECTION('',(6.237828615518E-02,0.998052578483,0.));
#3133 = ORIENTED_EDGE('',*,*,#3134,.T.);
#3134 = EDGE_CURVE('',#3127,#3135,#3137,.T.);
#3135 = VERTEX_POINT('',#3136);
#3136 = CARTESIAN_POINT('',(2.1082E-02,-0.601218,0.8001));
#3137 = LINE('',#3138,#3139);
#3138 = CARTESIAN_POINT('',(2.286E-02,-0.616204,0.8001));
#3139 = VECTOR('',#3140,1.);
#3140 = DIRECTION('',(-0.117817739878,0.993035236117,0.));
#3141 = ORIENTED_EDGE('',*,*,#3142,.T.);
#3142 = EDGE_CURVE('',#3135,#3143,#3145,.T.);
#3143 = VERTEX_POINT('',#3144);
#3144 = CARTESIAN_POINT('',(1.7018E-02,-0.589534,0.8001));
#3145 = LINE('',#3146,#3147);
#3146 = CARTESIAN_POINT('',(2.1082E-02,-0.601218,0.8001));
#3147 = VECTOR('',#3148,1.);
#3148 = DIRECTION('',(-0.328520624941,0.944496796706,0.));
#3149 = ORIENTED_EDGE('',*,*,#3150,.T.);
#3150 = EDGE_CURVE('',#3143,#3151,#3153,.T.);
#3151 = VERTEX_POINT('',#3152);
#3152 = CARTESIAN_POINT('',(9.906E-03,-0.57912,0.8001));
#3153 = LINE('',#3154,#3155);
#3154 = CARTESIAN_POINT('',(1.7018E-02,-0.589534,0.8001));
#3155 = VECTOR('',#3156,1.);
#3156 = DIRECTION('',(-0.563961646158,0.825800981874,0.));
#3157 = ORIENTED_EDGE('',*,*,#3158,.T.);
#3158 = EDGE_CURVE('',#3151,#3159,#3161,.T.);
#3159 = VERTEX_POINT('',#3160);
#3160 = CARTESIAN_POINT('',(-1.778E-03,-0.56896,0.8001));
#3161 = LINE('',#3162,#3163);
#3162 = CARTESIAN_POINT('',(9.906E-03,-0.57912,0.8001));
#3163 = VECTOR('',#3164,1.);
#3164 = DIRECTION('',(-0.754605522164,0.656178714925,0.));
#3165 = ORIENTED_EDGE('',*,*,#3166,.T.);
#3166 = EDGE_CURVE('',#3159,#3167,#3169,.T.);
#3167 = VERTEX_POINT('',#3168);
#3168 = CARTESIAN_POINT('',(-1.2954E-02,-0.562864,0.8001));
#3169 = LINE('',#3170,#3171);
#3170 = CARTESIAN_POINT('',(-1.778E-03,-0.56896,0.8001));
#3171 = VECTOR('',#3172,1.);
#3172 = DIRECTION('',(-0.877895572914,0.478852130681,0.));
#3173 = ORIENTED_EDGE('',*,*,#3174,.T.);
#3174 = EDGE_CURVE('',#3167,#3175,#3177,.T.);
#3175 = VERTEX_POINT('',#3176);
#3176 = CARTESIAN_POINT('',(-2.667E-02,-0.559562,0.8001));
#3177 = LINE('',#3178,#3179);
#3178 = CARTESIAN_POINT('',(-1.2954E-02,-0.562864,0.8001));
#3179 = VECTOR('',#3180,1.);
#3180 = DIRECTION('',(-0.972223637158,0.234053838575,0.));
#3181 = ORIENTED_EDGE('',*,*,#3182,.T.);
#3182 = EDGE_CURVE('',#3175,#2957,#3183,.T.);
#3183 = LINE('',#3184,#3185);
#3184 = CARTESIAN_POINT('',(-2.667E-02,-0.559562,0.8001));
#3185 = VECTOR('',#3186,1.);
#3186 = DIRECTION('',(-0.998052578483,6.237828615519E-02,0.));
#3187 = PLANE('',#3188);
#3188 = AXIS2_PLACEMENT_3D('',#3189,#3190,#3191);
#3189 = CARTESIAN_POINT('',(0.146708580049,-0.661655121034,0.8001));
#3190 = DIRECTION('',(-0.,-0.,-1.));
#3191 = DIRECTION('',(-1.,0.,0.));
#3192 = ADVANCED_FACE('',(#3193),#3218,.T.);
#3193 = FACE_BOUND('',#3194,.T.);
#3194 = EDGE_LOOP('',(#3195,#3196,#3204,#3212));
#3195 = ORIENTED_EDGE('',*,*,#3182,.F.);
#3196 = ORIENTED_EDGE('',*,*,#3197,.T.);
#3197 = EDGE_CURVE('',#3175,#3198,#3200,.T.);
#3198 = VERTEX_POINT('',#3199);
#3199 = CARTESIAN_POINT('',(-2.667E-02,-0.559562,0.810006));
#3200 = LINE('',#3201,#3202);
#3201 = CARTESIAN_POINT('',(-2.667E-02,-0.559562,0.8001));
#3202 = VECTOR('',#3203,1.);
#3203 = DIRECTION('',(0.,0.,1.));
#3204 = ORIENTED_EDGE('',*,*,#3205,.T.);
#3205 = EDGE_CURVE('',#3198,#3206,#3208,.T.);
#3206 = VERTEX_POINT('',#3207);
#3207 = CARTESIAN_POINT('',(-3.4798E-02,-0.559054,0.810006));
#3208 = LINE('',#3209,#3210);
#3209 = CARTESIAN_POINT('',(-2.667E-02,-0.559562,0.810006));
#3210 = VECTOR('',#3211,1.);
#3211 = DIRECTION('',(-0.998052578483,6.237828615519E-02,0.));
#3212 = ORIENTED_EDGE('',*,*,#3213,.T.);
#3213 = EDGE_CURVE('',#3206,#2957,#3214,.T.);
#3214 = LINE('',#3215,#3216);
#3215 = CARTESIAN_POINT('',(-3.4798E-02,-0.559054,0.810006));
#3216 = VECTOR('',#3217,1.);
#3217 = DIRECTION('',(0.,0.,-1.));
#3218 = PLANE('',#3219);
#3219 = AXIS2_PLACEMENT_3D('',#3220,#3221,#3222);
#3220 = CARTESIAN_POINT('',(-2.943004343867E-02,-0.559389497285,
    0.803746499131));
#3221 = DIRECTION('',(-6.237828615519E-02,-0.998052578483,-0.));
#3222 = DIRECTION('',(-0.998052578483,6.237828615519E-02,0.));
#3223 = ADVANCED_FACE('',(#3224),#3242,.T.);
#3224 = FACE_BOUND('',#3225,.T.);
#3225 = EDGE_LOOP('',(#3226,#3234,#3235,#3236));
#3226 = ORIENTED_EDGE('',*,*,#3227,.T.);
#3227 = EDGE_CURVE('',#3228,#3198,#3230,.T.);
#3228 = VERTEX_POINT('',#3229);
#3229 = CARTESIAN_POINT('',(-1.2954E-02,-0.562864,0.810006));
#3230 = LINE('',#3231,#3232);
#3231 = CARTESIAN_POINT('',(-1.2954E-02,-0.562864,0.810006));
#3232 = VECTOR('',#3233,1.);
#3233 = DIRECTION('',(-0.972223637158,0.234053838575,0.));
#3234 = ORIENTED_EDGE('',*,*,#3197,.F.);
#3235 = ORIENTED_EDGE('',*,*,#3174,.F.);
#3236 = ORIENTED_EDGE('',*,*,#3237,.T.);
#3237 = EDGE_CURVE('',#3167,#3228,#3238,.T.);
#3238 = LINE('',#3239,#3240);
#3239 = CARTESIAN_POINT('',(-1.2954E-02,-0.562864,0.8001));
#3240 = VECTOR('',#3241,1.);
#3241 = DIRECTION('',(0.,0.,1.));
#3242 = PLANE('',#3243);
#3243 = AXIS2_PLACEMENT_3D('',#3244,#3245,#3246);
#3244 = CARTESIAN_POINT('',(-2.145882910731E-02,-0.560816541141,
    0.806746878902));
#3245 = DIRECTION('',(-0.234053838575,-0.972223637158,
    -1.176610286199E-16));
#3246 = DIRECTION('',(-0.972223637158,0.234053838575,-1.614732662832E-33
    ));
#3247 = ADVANCED_FACE('',(#3248),#3266,.T.);
#3248 = FACE_BOUND('',#3249,.T.);
#3249 = EDGE_LOOP('',(#3250,#3258,#3259,#3260));
#3250 = ORIENTED_EDGE('',*,*,#3251,.T.);
#3251 = EDGE_CURVE('',#3252,#3228,#3254,.T.);
#3252 = VERTEX_POINT('',#3253);
#3253 = CARTESIAN_POINT('',(-1.778E-03,-0.56896,0.810006));
#3254 = LINE('',#3255,#3256);
#3255 = CARTESIAN_POINT('',(-1.778E-03,-0.56896,0.810006));
#3256 = VECTOR('',#3257,1.);
#3257 = DIRECTION('',(-0.877895572914,0.478852130681,0.));
#3258 = ORIENTED_EDGE('',*,*,#3237,.F.);
#3259 = ORIENTED_EDGE('',*,*,#3166,.F.);
#3260 = ORIENTED_EDGE('',*,*,#3261,.T.);
#3261 = EDGE_CURVE('',#3159,#3252,#3262,.T.);
#3262 = LINE('',#3263,#3264);
#3263 = CARTESIAN_POINT('',(-1.778E-03,-0.56896,0.8001));
#3264 = VECTOR('',#3265,1.);
#3265 = DIRECTION('',(0.,0.,1.));
#3266 = PLANE('',#3267);
#3267 = AXIS2_PLACEMENT_3D('',#3268,#3269,#3270);
#3268 = CARTESIAN_POINT('',(-8.793884766906E-03,-0.565133153764,
    0.806679485895));
#3269 = DIRECTION('',(-0.478852130681,-0.877895572914,-0.));
#3270 = DIRECTION('',(-0.877895572914,0.478852130681,0.));
#3271 = ADVANCED_FACE('',(#3272),#3290,.T.);
#3272 = FACE_BOUND('',#3273,.T.);
#3273 = EDGE_LOOP('',(#3274,#3282,#3283,#3284));
#3274 = ORIENTED_EDGE('',*,*,#3275,.T.);
#3275 = EDGE_CURVE('',#3276,#3252,#3278,.T.);
#3276 = VERTEX_POINT('',#3277);
#3277 = CARTESIAN_POINT('',(9.906E-03,-0.57912,0.810006));
#3278 = LINE('',#3279,#3280);
#3279 = CARTESIAN_POINT('',(9.906E-03,-0.57912,0.810006));
#3280 = VECTOR('',#3281,1.);
#3281 = DIRECTION('',(-0.754605522164,0.656178714925,0.));
#3282 = ORIENTED_EDGE('',*,*,#3261,.F.);
#3283 = ORIENTED_EDGE('',*,*,#3158,.F.);
#3284 = ORIENTED_EDGE('',*,*,#3285,.T.);
#3285 = EDGE_CURVE('',#3151,#3276,#3286,.T.);
#3286 = LINE('',#3287,#3288);
#3287 = CARTESIAN_POINT('',(9.906E-03,-0.57912,0.8001));
#3288 = VECTOR('',#3289,1.);
#3289 = DIRECTION('',(0.,0.,1.));
#3290 = PLANE('',#3291);
#3291 = AXIS2_PLACEMENT_3D('',#3292,#3293,#3294);
#3292 = CARTESIAN_POINT('',(2.741867307277E-03,-0.572890319398,
    0.806805084571));
#3293 = DIRECTION('',(-0.656178714925,-0.754605522164,
    -2.508477684828E-16));
#3294 = DIRECTION('',(-0.754605522164,0.656178714925,-2.83796823361E-33)
  );
#3295 = ADVANCED_FACE('',(#3296),#3314,.T.);
#3296 = FACE_BOUND('',#3297,.T.);
#3297 = EDGE_LOOP('',(#3298,#3306,#3307,#3308));
#3298 = ORIENTED_EDGE('',*,*,#3299,.T.);
#3299 = EDGE_CURVE('',#3300,#3276,#3302,.T.);
#3300 = VERTEX_POINT('',#3301);
#3301 = CARTESIAN_POINT('',(1.7018E-02,-0.589534,0.810006));
#3302 = LINE('',#3303,#3304);
#3303 = CARTESIAN_POINT('',(1.7018E-02,-0.589534,0.810006));
#3304 = VECTOR('',#3305,1.);
#3305 = DIRECTION('',(-0.563961646158,0.825800981874,0.));
#3306 = ORIENTED_EDGE('',*,*,#3285,.F.);
#3307 = ORIENTED_EDGE('',*,*,#3150,.F.);
#3308 = ORIENTED_EDGE('',*,*,#3309,.T.);
#3309 = EDGE_CURVE('',#3143,#3300,#3310,.T.);
#3310 = LINE('',#3311,#3312);
#3311 = CARTESIAN_POINT('',(1.7018E-02,-0.589534,0.8001));
#3312 = VECTOR('',#3313,1.);
#3313 = DIRECTION('',(0.,0.,1.));
#3314 = PLANE('',#3315);
#3315 = AXIS2_PLACEMENT_3D('',#3316,#3317,#3318);
#3316 = CARTESIAN_POINT('',(1.254830410502E-02,-0.582989088154,
    0.806673138357));
#3317 = DIRECTION('',(-0.825800981874,-0.563961646158,-0.));
#3318 = DIRECTION('',(0.563961646158,-0.825800981874,0.));
#3319 = ADVANCED_FACE('',(#3320),#3338,.T.);
#3320 = FACE_BOUND('',#3321,.T.);
#3321 = EDGE_LOOP('',(#3322,#3330,#3331,#3332));
#3322 = ORIENTED_EDGE('',*,*,#3323,.T.);
#3323 = EDGE_CURVE('',#3324,#3300,#3326,.T.);
#3324 = VERTEX_POINT('',#3325);
#3325 = CARTESIAN_POINT('',(2.1082E-02,-0.601218,0.810006));
#3326 = LINE('',#3327,#3328);
#3327 = CARTESIAN_POINT('',(2.1082E-02,-0.601218,0.810006));
#3328 = VECTOR('',#3329,1.);
#3329 = DIRECTION('',(-0.328520624941,0.944496796706,0.));
#3330 = ORIENTED_EDGE('',*,*,#3309,.F.);
#3331 = ORIENTED_EDGE('',*,*,#3142,.F.);
#3332 = ORIENTED_EDGE('',*,*,#3333,.T.);
#3333 = EDGE_CURVE('',#3135,#3324,#3334,.T.);
#3334 = LINE('',#3335,#3336);
#3335 = CARTESIAN_POINT('',(2.1082E-02,-0.601218,0.8001));
#3336 = VECTOR('',#3337,1.);
#3337 = DIRECTION('',(0.,0.,1.));
#3338 = PLANE('',#3339);
#3339 = AXIS2_PLACEMENT_3D('',#3340,#3341,#3342);
#3340 = CARTESIAN_POINT('',(1.85220217519E-02,-0.593858062537,
    0.806660138816));
#3341 = DIRECTION('',(-0.944496796706,-0.328520624941,-0.));
#3342 = DIRECTION('',(0.328520624941,-0.944496796706,0.));
#3343 = ADVANCED_FACE('',(#3344),#3362,.T.);
#3344 = FACE_BOUND('',#3345,.T.);
#3345 = EDGE_LOOP('',(#3346,#3354,#3355,#3356));
#3346 = ORIENTED_EDGE('',*,*,#3347,.T.);
#3347 = EDGE_CURVE('',#3348,#3324,#3350,.T.);
#3348 = VERTEX_POINT('',#3349);
#3349 = CARTESIAN_POINT('',(2.286E-02,-0.616204,0.810006));
#3350 = LINE('',#3351,#3352);
#3351 = CARTESIAN_POINT('',(2.286E-02,-0.616204,0.810006));
#3352 = VECTOR('',#3353,1.);
#3353 = DIRECTION('',(-0.117817739878,0.993035236117,0.));
#3354 = ORIENTED_EDGE('',*,*,#3333,.F.);
#3355 = ORIENTED_EDGE('',*,*,#3134,.F.);
#3356 = ORIENTED_EDGE('',*,*,#3357,.T.);
#3357 = EDGE_CURVE('',#3127,#3348,#3358,.T.);
#3358 = LINE('',#3359,#3360);
#3359 = CARTESIAN_POINT('',(2.286E-02,-0.616204,0.8001));
#3360 = VECTOR('',#3361,1.);
#3361 = DIRECTION('',(0.,0.,1.));
#3362 = PLANE('',#3363);
#3363 = AXIS2_PLACEMENT_3D('',#3364,#3365,#3366);
#3364 = CARTESIAN_POINT('',(2.176643224742E-02,-0.606986786085,
    0.806789306882));
#3365 = DIRECTION('',(-0.993035236117,-0.117817739878,-0.));
#3366 = DIRECTION('',(0.117817739878,-0.993035236117,0.));
#3367 = ADVANCED_FACE('',(#3368),#3386,.T.);
#3368 = FACE_BOUND('',#3369,.T.);
#3369 = EDGE_LOOP('',(#3370,#3378,#3379,#3380));
#3370 = ORIENTED_EDGE('',*,*,#3371,.T.);
#3371 = EDGE_CURVE('',#3372,#3348,#3374,.T.);
#3372 = VERTEX_POINT('',#3373);
#3373 = CARTESIAN_POINT('',(2.2352E-02,-0.624332,0.810006));
#3374 = LINE('',#3375,#3376);
#3375 = CARTESIAN_POINT('',(2.2352E-02,-0.624332,0.810006));
#3376 = VECTOR('',#3377,1.);
#3377 = DIRECTION('',(6.237828615518E-02,0.998052578483,0.));
#3378 = ORIENTED_EDGE('',*,*,#3357,.F.);
#3379 = ORIENTED_EDGE('',*,*,#3126,.F.);
#3380 = ORIENTED_EDGE('',*,*,#3381,.T.);
#3381 = EDGE_CURVE('',#3119,#3372,#3382,.T.);
#3382 = LINE('',#3383,#3384);
#3383 = CARTESIAN_POINT('',(2.2352E-02,-0.624332,0.8001));
#3384 = VECTOR('',#3385,1.);
#3385 = DIRECTION('',(0.,0.,1.));
#3386 = PLANE('',#3387);
#3387 = AXIS2_PLACEMENT_3D('',#3388,#3389,#3390);
#3388 = CARTESIAN_POINT('',(2.268749728508E-02,-0.618964043439,
    0.806359500869));
#3389 = DIRECTION('',(-0.998052578483,6.237828615518E-02,-0.));
#3390 = DIRECTION('',(-6.237828615518E-02,-0.998052578483,0.));
#3391 = ADVANCED_FACE('',(#3392),#3410,.T.);
#3392 = FACE_BOUND('',#3393,.T.);
#3393 = EDGE_LOOP('',(#3394,#3402,#3403,#3404));
#3394 = ORIENTED_EDGE('',*,*,#3395,.T.);
#3395 = EDGE_CURVE('',#3396,#3372,#3398,.T.);
#3396 = VERTEX_POINT('',#3397);
#3397 = CARTESIAN_POINT('',(1.9812E-02,-0.636524,0.810006));
#3398 = LINE('',#3399,#3400);
#3399 = CARTESIAN_POINT('',(1.9812E-02,-0.636524,0.810006));
#3400 = VECTOR('',#3401,1.);
#3401 = DIRECTION('',(0.203954254112,0.978980419738,0.));
#3402 = ORIENTED_EDGE('',*,*,#3381,.F.);
#3403 = ORIENTED_EDGE('',*,*,#3118,.F.);
#3404 = ORIENTED_EDGE('',*,*,#3405,.T.);
#3405 = EDGE_CURVE('',#3111,#3396,#3406,.T.);
#3406 = LINE('',#3407,#3408);
#3407 = CARTESIAN_POINT('',(1.9812E-02,-0.636524,0.8001));
#3408 = VECTOR('',#3409,1.);
#3409 = DIRECTION('',(0.,0.,1.));
#3410 = PLANE('',#3411);
#3411 = AXIS2_PLACEMENT_3D('',#3412,#3413,#3414);
#3412 = CARTESIAN_POINT('',(2.141070892565E-02,-0.628850197157,
    0.806664679673));
#3413 = DIRECTION('',(-0.978980419738,0.203954254112,-0.));
#3414 = DIRECTION('',(-0.203954254112,-0.978980419738,0.));
#3415 = ADVANCED_FACE('',(#3416),#3434,.T.);
#3416 = FACE_BOUND('',#3417,.T.);
#3417 = EDGE_LOOP('',(#3418,#3426,#3427,#3428));
#3418 = ORIENTED_EDGE('',*,*,#3419,.T.);
#3419 = EDGE_CURVE('',#3420,#3396,#3422,.T.);
#3420 = VERTEX_POINT('',#3421);
#3421 = CARTESIAN_POINT('',(1.5494E-02,-0.64643,0.810006));
#3422 = LINE('',#3423,#3424);
#3423 = CARTESIAN_POINT('',(1.5494E-02,-0.64643,0.810006));
#3424 = VECTOR('',#3425,1.);
#3425 = DIRECTION('',(0.399585420514,0.916695964708,0.));
#3426 = ORIENTED_EDGE('',*,*,#3405,.F.);
#3427 = ORIENTED_EDGE('',*,*,#3110,.F.);
#3428 = ORIENTED_EDGE('',*,*,#3429,.T.);
#3429 = EDGE_CURVE('',#3103,#3420,#3430,.T.);
#3430 = LINE('',#3431,#3432);
#3431 = CARTESIAN_POINT('',(1.5494E-02,-0.64643,0.8001));
#3432 = VECTOR('',#3433,1.);
#3433 = DIRECTION('',(0.,0.,1.));
#3434 = PLANE('',#3435);
#3435 = AXIS2_PLACEMENT_3D('',#3436,#3437,#3438);
#3436 = CARTESIAN_POINT('',(1.825763635296E-02,-0.640089893073,
    0.806566159194));
#3437 = DIRECTION('',(-0.916695964708,0.399585420514,-0.));
#3438 = DIRECTION('',(-0.399585420514,-0.916695964708,0.));
#3439 = ADVANCED_FACE('',(#3440),#3458,.T.);
#3440 = FACE_BOUND('',#3441,.T.);
#3441 = EDGE_LOOP('',(#3442,#3450,#3451,#3452));
#3442 = ORIENTED_EDGE('',*,*,#3443,.T.);
#3443 = EDGE_CURVE('',#3444,#3420,#3446,.T.);
#3444 = VERTEX_POINT('',#3445);
#3445 = CARTESIAN_POINT('',(9.144E-03,-0.654812,0.810006));
#3446 = LINE('',#3447,#3448);
#3447 = CARTESIAN_POINT('',(9.144E-03,-0.654812,0.810006));
#3448 = VECTOR('',#3449,1.);
#3449 = DIRECTION('',(0.603857687995,0.797092148154,0.));
#3450 = ORIENTED_EDGE('',*,*,#3429,.F.);
#3451 = ORIENTED_EDGE('',*,*,#3102,.F.);
#3452 = ORIENTED_EDGE('',*,*,#3453,.T.);
#3453 = EDGE_CURVE('',#3095,#3444,#3454,.T.);
#3454 = LINE('',#3455,#3456);
#3455 = CARTESIAN_POINT('',(9.144E-03,-0.654812,0.8001));
#3456 = VECTOR('',#3457,1.);
#3457 = DIRECTION('',(0.,0.,1.));
#3458 = PLANE('',#3459);
#3459 = AXIS2_PLACEMENT_3D('',#3460,#3461,#3462);
#3460 = CARTESIAN_POINT('',(1.322100477697E-02,-0.649430353694,
    0.806546737341));
#3461 = DIRECTION('',(-0.797092148154,0.603857687995,-0.));
#3462 = DIRECTION('',(-0.603857687995,-0.797092148154,0.));
#3463 = ADVANCED_FACE('',(#3464),#3482,.T.);
#3464 = FACE_BOUND('',#3465,.T.);
#3465 = EDGE_LOOP('',(#3466,#3474,#3475,#3476));
#3466 = ORIENTED_EDGE('',*,*,#3467,.T.);
#3467 = EDGE_CURVE('',#3468,#3444,#3470,.T.);
#3468 = VERTEX_POINT('',#3469);
#3469 = CARTESIAN_POINT('',(2.54E-03,-0.6604,0.810006));
#3470 = LINE('',#3471,#3472);
#3471 = CARTESIAN_POINT('',(2.54E-03,-0.6604,0.810006));
#3472 = VECTOR('',#3473,1.);
#3473 = DIRECTION('',(0.763386285369,0.645942241466,0.));
#3474 = ORIENTED_EDGE('',*,*,#3453,.F.);
#3475 = ORIENTED_EDGE('',*,*,#3094,.F.);
#3476 = ORIENTED_EDGE('',*,*,#3477,.T.);
#3477 = EDGE_CURVE('',#3087,#3468,#3478,.T.);
#3478 = LINE('',#3479,#3480);
#3479 = CARTESIAN_POINT('',(2.54E-03,-0.6604,0.8001));
#3480 = VECTOR('',#3481,1.);
#3481 = DIRECTION('',(0.,0.,1.));
#3482 = PLANE('',#3483);
#3483 = AXIS2_PLACEMENT_3D('',#3484,#3485,#3486);
#3484 = CARTESIAN_POINT('',(6.873567954824E-03,-0.656733134807,
    0.806404305328));
#3485 = DIRECTION('',(-0.645942241466,0.763386285369,0.));
#3486 = DIRECTION('',(0.763386285369,0.645942241466,0.));
#3487 = ADVANCED_FACE('',(#3488),#3506,.T.);
#3488 = FACE_BOUND('',#3489,.T.);
#3489 = EDGE_LOOP('',(#3490,#3498,#3499,#3500));
#3490 = ORIENTED_EDGE('',*,*,#3491,.T.);
#3491 = EDGE_CURVE('',#3492,#3468,#3494,.T.);
#3492 = VERTEX_POINT('',#3493);
#3493 = CARTESIAN_POINT('',(-8.382E-03,-0.666496,0.810006));
#3494 = LINE('',#3495,#3496);
#3495 = CARTESIAN_POINT('',(-8.382E-03,-0.666496,0.810006));
#3496 = VECTOR('',#3497,1.);
#3497 = DIRECTION('',(0.873197702015,0.487366159264,0.));
#3498 = ORIENTED_EDGE('',*,*,#3477,.F.);
#3499 = ORIENTED_EDGE('',*,*,#3086,.F.);
#3500 = ORIENTED_EDGE('',*,*,#3501,.T.);
#3501 = EDGE_CURVE('',#3079,#3492,#3502,.T.);
#3502 = LINE('',#3503,#3504);
#3503 = CARTESIAN_POINT('',(-8.382E-03,-0.666496,0.8001));
#3504 = VECTOR('',#3505,1.);
#3505 = DIRECTION('',(0.,0.,1.));
#3506 = PLANE('',#3507);
#3507 = AXIS2_PLACEMENT_3D('',#3508,#3509,#3510);
#3508 = CARTESIAN_POINT('',(-1.511117121788E-03,-0.662661088626,
    0.806667620463));
#3509 = DIRECTION('',(-0.487366159264,0.873197702015,0.));
#3510 = DIRECTION('',(0.873197702015,0.487366159264,0.));
#3511 = ADVANCED_FACE('',(#3512),#3530,.T.);
#3512 = FACE_BOUND('',#3513,.T.);
#3513 = EDGE_LOOP('',(#3514,#3522,#3523,#3524));
#3514 = ORIENTED_EDGE('',*,*,#3515,.T.);
#3515 = EDGE_CURVE('',#3516,#3492,#3518,.T.);
#3516 = VERTEX_POINT('',#3517);
#3517 = CARTESIAN_POINT('',(-2.286E-02,-0.670814,0.810006));
#3518 = LINE('',#3519,#3520);
#3519 = CARTESIAN_POINT('',(-2.286E-02,-0.670814,0.810006));
#3520 = VECTOR('',#3521,1.);
#3521 = DIRECTION('',(0.958287760773,0.285805121634,0.));
#3522 = ORIENTED_EDGE('',*,*,#3501,.F.);
#3523 = ORIENTED_EDGE('',*,*,#3078,.F.);
#3524 = ORIENTED_EDGE('',*,*,#3525,.T.);
#3525 = EDGE_CURVE('',#3071,#3516,#3526,.T.);
#3526 = LINE('',#3527,#3528);
#3527 = CARTESIAN_POINT('',(-2.286E-02,-0.670814,0.8001));
#3528 = VECTOR('',#3529,1.);
#3529 = DIRECTION('',(0.,0.,1.));
#3530 = PLANE('',#3531);
#3531 = AXIS2_PLACEMENT_3D('',#3532,#3533,#3534);
#3532 = CARTESIAN_POINT('',(-1.395644739806E-02,-0.668158554487,
    0.806790007056));
#3533 = DIRECTION('',(-0.285805121634,0.958287760773,0.));
#3534 = DIRECTION('',(0.958287760773,0.285805121634,0.));
#3535 = ADVANCED_FACE('',(#3536),#3554,.T.);
#3536 = FACE_BOUND('',#3537,.T.);
#3537 = EDGE_LOOP('',(#3538,#3546,#3547,#3548));
#3538 = ORIENTED_EDGE('',*,*,#3539,.T.);
#3539 = EDGE_CURVE('',#3540,#3516,#3542,.T.);
#3540 = VERTEX_POINT('',#3541);
#3541 = CARTESIAN_POINT('',(-4.1402E-02,-0.672338,0.810006));
#3542 = LINE('',#3543,#3544);
#3543 = CARTESIAN_POINT('',(-4.1402E-02,-0.672338,0.810006));
#3544 = VECTOR('',#3545,1.);
#3545 = DIRECTION('',(0.996639273542,8.191555672945E-02,0.));
#3546 = ORIENTED_EDGE('',*,*,#3525,.F.);
#3547 = ORIENTED_EDGE('',*,*,#3070,.F.);
#3548 = ORIENTED_EDGE('',*,*,#3549,.T.);
#3549 = EDGE_CURVE('',#3063,#3540,#3550,.T.);
#3550 = LINE('',#3551,#3552);
#3551 = CARTESIAN_POINT('',(-4.1402E-02,-0.672338,0.8001));
#3552 = VECTOR('',#3553,1.);
#3553 = DIRECTION('',(0.,0.,1.));
#3554 = PLANE('',#3555);
#3555 = AXIS2_PLACEMENT_3D('',#3556,#3557,#3558);
#3556 = CARTESIAN_POINT('',(-3.027896627211E-02,-0.67142377805,
    0.806911278895));
#3557 = DIRECTION('',(-8.191555672945E-02,0.996639273542,0.));
#3558 = DIRECTION('',(0.996639273542,8.191555672945E-02,0.));
#3559 = ADVANCED_FACE('',(#3560),#3578,.T.);
#3560 = FACE_BOUND('',#3561,.T.);
#3561 = EDGE_LOOP('',(#3562,#3570,#3571,#3572));
#3562 = ORIENTED_EDGE('',*,*,#3563,.T.);
#3563 = EDGE_CURVE('',#3564,#3540,#3566,.T.);
#3564 = VERTEX_POINT('',#3565);
#3565 = CARTESIAN_POINT('',(-5.6642E-02,-0.671068,0.810006));
#3566 = LINE('',#3567,#3568);
#3567 = CARTESIAN_POINT('',(-5.6642E-02,-0.671068,0.810006));
#3568 = VECTOR('',#3569,1.);
#3569 = DIRECTION('',(0.996545758245,-8.304547985374E-02,0.));
#3570 = ORIENTED_EDGE('',*,*,#3549,.F.);
#3571 = ORIENTED_EDGE('',*,*,#3062,.F.);
#3572 = ORIENTED_EDGE('',*,*,#3573,.T.);
#3573 = EDGE_CURVE('',#3055,#3564,#3574,.T.);
#3574 = LINE('',#3575,#3576);
#3575 = CARTESIAN_POINT('',(-5.6642E-02,-0.671068,0.8001));
#3576 = VECTOR('',#3577,1.);
#3577 = DIRECTION('',(0.,0.,1.));
#3578 = PLANE('',#3579);
#3579 = AXIS2_PLACEMENT_3D('',#3580,#3581,#3582);
#3580 = CARTESIAN_POINT('',(-4.728353185976E-02,-0.671847872345,
    0.806797494044));
#3581 = DIRECTION('',(8.304547985374E-02,0.996545758245,0.));
#3582 = DIRECTION('',(0.996545758245,-8.304547985374E-02,0.));
#3583 = ADVANCED_FACE('',(#3584),#3602,.T.);
#3584 = FACE_BOUND('',#3585,.T.);
#3585 = EDGE_LOOP('',(#3586,#3594,#3595,#3596));
#3586 = ORIENTED_EDGE('',*,*,#3587,.T.);
#3587 = EDGE_CURVE('',#3588,#3564,#3590,.T.);
#3588 = VERTEX_POINT('',#3589);
#3589 = CARTESIAN_POINT('',(-7.0866E-02,-0.667004,0.810006));
#3590 = LINE('',#3591,#3592);
#3591 = CARTESIAN_POINT('',(-7.0866E-02,-0.667004,0.810006));
#3592 = VECTOR('',#3593,1.);
#3593 = DIRECTION('',(0.961523947641,-0.274721127897,0.));
#3594 = ORIENTED_EDGE('',*,*,#3573,.F.);
#3595 = ORIENTED_EDGE('',*,*,#3054,.F.);
#3596 = ORIENTED_EDGE('',*,*,#3597,.T.);
#3597 = EDGE_CURVE('',#3047,#3588,#3598,.T.);
#3598 = LINE('',#3599,#3600);
#3599 = CARTESIAN_POINT('',(-7.0866E-02,-0.667004,0.8001));
#3600 = VECTOR('',#3601,1.);
#3601 = DIRECTION('',(0.,0.,1.));
#3602 = PLANE('',#3603);
#3603 = AXIS2_PLACEMENT_3D('',#3604,#3605,#3606);
#3604 = CARTESIAN_POINT('',(-6.209642569277E-02,-0.669509592659,
    0.806776903301));
#3605 = DIRECTION('',(0.274721127897,0.961523947641,-1.63423204612E-16)
  );
#3606 = DIRECTION('',(0.961523947641,-0.274721127897,-1.960231614471E-35
    ));
#3607 = ADVANCED_FACE('',(#3608),#3626,.T.);
#3608 = FACE_BOUND('',#3609,.T.);
#3609 = EDGE_LOOP('',(#3610,#3618,#3619,#3620));
#3610 = ORIENTED_EDGE('',*,*,#3611,.T.);
#3611 = EDGE_CURVE('',#3612,#3588,#3614,.T.);
#3612 = VERTEX_POINT('',#3613);
#3613 = CARTESIAN_POINT('',(-8.2804E-02,-0.660654,0.810006));
#3614 = LINE('',#3615,#3616);
#3615 = CARTESIAN_POINT('',(-8.2804E-02,-0.660654,0.810006));
#3616 = VECTOR('',#3617,1.);
#3617 = DIRECTION('',(0.882872389199,-0.469612972978,0.));
#3618 = ORIENTED_EDGE('',*,*,#3597,.F.);
#3619 = ORIENTED_EDGE('',*,*,#3046,.F.);
#3620 = ORIENTED_EDGE('',*,*,#3621,.T.);
#3621 = EDGE_CURVE('',#3039,#3612,#3622,.T.);
#3622 = LINE('',#3623,#3624);
#3623 = CARTESIAN_POINT('',(-8.2804E-02,-0.660654,0.8001));
#3624 = VECTOR('',#3625,1.);
#3625 = DIRECTION('',(0.,0.,1.));
#3626 = PLANE('',#3627);
#3627 = AXIS2_PLACEMENT_3D('',#3628,#3629,#3630);
#3628 = CARTESIAN_POINT('',(-7.536375997178E-02,-0.664611574483,
    0.806719424328));
#3629 = DIRECTION('',(0.469612972978,0.882872389199,0.));
#3630 = DIRECTION('',(0.882872389199,-0.469612972978,0.));
#3631 = ADVANCED_FACE('',(#3632),#3650,.T.);
#3632 = FACE_BOUND('',#3633,.T.);
#3633 = EDGE_LOOP('',(#3634,#3642,#3643,#3644));
#3634 = ORIENTED_EDGE('',*,*,#3635,.T.);
#3635 = EDGE_CURVE('',#3636,#3612,#3638,.T.);
#3636 = VERTEX_POINT('',#3637);
#3637 = CARTESIAN_POINT('',(-9.271E-02,-0.65151,0.810006));
#3638 = LINE('',#3639,#3640);
#3639 = CARTESIAN_POINT('',(-9.271E-02,-0.65151,0.810006));
#3640 = VECTOR('',#3641,1.);
#3641 = DIRECTION('',(0.734803444627,-0.678280102733,0.));
#3642 = ORIENTED_EDGE('',*,*,#3621,.F.);
#3643 = ORIENTED_EDGE('',*,*,#3038,.F.);
#3644 = ORIENTED_EDGE('',*,*,#3645,.T.);
#3645 = EDGE_CURVE('',#3031,#3636,#3646,.T.);
#3646 = LINE('',#3647,#3648);
#3647 = CARTESIAN_POINT('',(-9.271E-02,-0.65151,0.8001));
#3648 = VECTOR('',#3649,1.);
#3649 = DIRECTION('',(0.,0.,1.));
#3650 = PLANE('',#3651);
#3651 = AXIS2_PLACEMENT_3D('',#3652,#3653,#3654);
#3652 = CARTESIAN_POINT('',(-8.65339511893E-02,-0.657210968133,
    0.8067174571));
#3653 = DIRECTION('',(0.678280102733,0.734803444627,0.));
#3654 = DIRECTION('',(0.734803444627,-0.678280102733,0.));
#3655 = ADVANCED_FACE('',(#3656),#3674,.T.);
#3656 = FACE_BOUND('',#3657,.T.);
#3657 = EDGE_LOOP('',(#3658,#3666,#3667,#3668));
#3658 = ORIENTED_EDGE('',*,*,#3659,.T.);
#3659 = EDGE_CURVE('',#3660,#3636,#3662,.T.);
#3660 = VERTEX_POINT('',#3661);
#3661 = CARTESIAN_POINT('',(-9.9568E-02,-0.641604,0.810006));
#3662 = LINE('',#3663,#3664);
#3663 = CARTESIAN_POINT('',(-9.9568E-02,-0.641604,0.810006));
#3664 = VECTOR('',#3665,1.);
#3665 = DIRECTION('',(0.56920997883,-0.822192191644,0.));
#3666 = ORIENTED_EDGE('',*,*,#3645,.F.);
#3667 = ORIENTED_EDGE('',*,*,#3030,.F.);
#3668 = ORIENTED_EDGE('',*,*,#3669,.T.);
#3669 = EDGE_CURVE('',#3023,#3660,#3670,.T.);
#3670 = LINE('',#3671,#3672);
#3671 = CARTESIAN_POINT('',(-9.9568E-02,-0.641604,0.8001));
#3672 = VECTOR('',#3673,1.);
#3673 = DIRECTION('',(0.,0.,1.));
#3674 = PLANE('',#3675);
#3675 = AXIS2_PLACEMENT_3D('',#3676,#3677,#3678);
#3676 = CARTESIAN_POINT('',(-9.523445036538E-02,-0.647863571694,
    0.806642131723));
#3677 = DIRECTION('',(0.822192191644,0.56920997883,0.));
#3678 = DIRECTION('',(-0.56920997883,0.822192191644,0.));
#3679 = ADVANCED_FACE('',(#3680),#3698,.T.);
#3680 = FACE_BOUND('',#3681,.T.);
#3681 = EDGE_LOOP('',(#3682,#3690,#3691,#3692));
#3682 = ORIENTED_EDGE('',*,*,#3683,.T.);
#3683 = EDGE_CURVE('',#3684,#3660,#3686,.T.);
#3684 = VERTEX_POINT('',#3685);
#3685 = CARTESIAN_POINT('',(-0.103378,-0.63119,0.810006));
#3686 = LINE('',#3687,#3688);
#3687 = CARTESIAN_POINT('',(-0.103378,-0.63119,0.810006));
#3688 = VECTOR('',#3689,1.);
#3689 = DIRECTION('',(0.343581531264,-0.93912285212,0.));
#3690 = ORIENTED_EDGE('',*,*,#3669,.F.);
#3691 = ORIENTED_EDGE('',*,*,#3022,.F.);
#3692 = ORIENTED_EDGE('',*,*,#3693,.T.);
#3693 = EDGE_CURVE('',#3015,#3684,#3694,.T.);
#3694 = LINE('',#3695,#3696);
#3695 = CARTESIAN_POINT('',(-0.103378,-0.63119,0.8001));
#3696 = VECTOR('',#3697,1.);
#3697 = DIRECTION('',(0.,0.,1.));
#3698 = PLANE('',#3699);
#3699 = AXIS2_PLACEMENT_3D('',#3700,#3701,#3702);
#3700 = CARTESIAN_POINT('',(-0.100946825274,-0.637835210917,
    0.806584440656));
#3701 = DIRECTION('',(0.93912285212,0.343581531264,-1.483613863155E-16)
  );
#3702 = DIRECTION('',(-0.343581531264,0.93912285212,3.599977419752E-33)
  );
#3703 = ADVANCED_FACE('',(#3704),#3722,.T.);
#3704 = FACE_BOUND('',#3705,.T.);
#3705 = EDGE_LOOP('',(#3706,#3714,#3715,#3716));
#3706 = ORIENTED_EDGE('',*,*,#3707,.T.);
#3707 = EDGE_CURVE('',#3708,#3684,#3710,.T.);
#3708 = VERTEX_POINT('',#3709);
#3709 = CARTESIAN_POINT('',(-0.105156,-0.616712,0.810006));
#3710 = LINE('',#3711,#3712);
#3711 = CARTESIAN_POINT('',(-0.105156,-0.616712,0.810006));
#3712 = VECTOR('',#3713,1.);
#3713 = DIRECTION('',(0.121891301525,-0.992543455277,0.));
#3714 = ORIENTED_EDGE('',*,*,#3693,.F.);
#3715 = ORIENTED_EDGE('',*,*,#3014,.F.);
#3716 = ORIENTED_EDGE('',*,*,#3717,.T.);
#3717 = EDGE_CURVE('',#3007,#3708,#3718,.T.);
#3718 = LINE('',#3719,#3720);
#3719 = CARTESIAN_POINT('',(-0.105156,-0.616712,0.8001));
#3720 = VECTOR('',#3721,1.);
#3721 = DIRECTION('',(0.,0.,1.));
#3722 = PLANE('',#3723);
#3723 = AXIS2_PLACEMENT_3D('',#3724,#3725,#3726);
#3724 = CARTESIAN_POINT('',(-0.104057946166,-0.625653295503,
    0.806768084104));
#3725 = DIRECTION('',(0.992543455277,0.121891301525,0.));
#3726 = DIRECTION('',(-0.121891301525,0.992543455277,0.));
#3727 = ADVANCED_FACE('',(#3728),#3746,.T.);
#3728 = FACE_BOUND('',#3729,.T.);
#3729 = EDGE_LOOP('',(#3730,#3738,#3739,#3740));
#3730 = ORIENTED_EDGE('',*,*,#3731,.T.);
#3731 = EDGE_CURVE('',#3732,#3708,#3734,.T.);
#3732 = VERTEX_POINT('',#3733);
#3733 = CARTESIAN_POINT('',(-0.104394,-0.606044,0.810006));
#3734 = LINE('',#3735,#3736);
#3735 = CARTESIAN_POINT('',(-0.104394,-0.606044,0.810006));
#3736 = VECTOR('',#3737,1.);
#3737 = DIRECTION('',(-7.124704998791E-02,-0.997458699831,0.));
#3738 = ORIENTED_EDGE('',*,*,#3717,.F.);
#3739 = ORIENTED_EDGE('',*,*,#3006,.F.);
#3740 = ORIENTED_EDGE('',*,*,#3741,.T.);
#3741 = EDGE_CURVE('',#2999,#3732,#3742,.T.);
#3742 = LINE('',#3743,#3744);
#3743 = CARTESIAN_POINT('',(-0.104394,-0.606044,0.8001));
#3744 = VECTOR('',#3745,1.);
#3745 = DIRECTION('',(0.,0.,1.));
#3746 = PLANE('',#3747);
#3747 = AXIS2_PLACEMENT_3D('',#3748,#3749,#3750);
#3748 = CARTESIAN_POINT('',(-0.1048822849,-0.612879988594,0.806558815323
    ));
#3749 = DIRECTION('',(0.997458699831,-7.124704998791E-02,0.));
#3750 = DIRECTION('',(7.124704998791E-02,0.997458699831,0.));
#3751 = ADVANCED_FACE('',(#3752),#3770,.T.);
#3752 = FACE_BOUND('',#3753,.T.);
#3753 = EDGE_LOOP('',(#3754,#3762,#3763,#3764));
#3754 = ORIENTED_EDGE('',*,*,#3755,.T.);
#3755 = EDGE_CURVE('',#3756,#3732,#3758,.T.);
#3756 = VERTEX_POINT('',#3757);
#3757 = CARTESIAN_POINT('',(-0.100838,-0.595122,0.810006));
#3758 = LINE('',#3759,#3760);
#3759 = CARTESIAN_POINT('',(-0.100838,-0.595122,0.810006));
#3760 = VECTOR('',#3761,1.);
#3761 = DIRECTION('',(-0.309586047461,-0.950871431487,0.));
#3762 = ORIENTED_EDGE('',*,*,#3741,.F.);
#3763 = ORIENTED_EDGE('',*,*,#2998,.F.);
#3764 = ORIENTED_EDGE('',*,*,#3765,.T.);
#3765 = EDGE_CURVE('',#2991,#3756,#3766,.T.);
#3766 = LINE('',#3767,#3768);
#3767 = CARTESIAN_POINT('',(-0.100838,-0.595122,0.8001));
#3768 = VECTOR('',#3769,1.);
#3769 = DIRECTION('',(0.,0.,1.));
#3770 = PLANE('',#3771);
#3771 = AXIS2_PLACEMENT_3D('',#3772,#3773,#3774);
#3772 = CARTESIAN_POINT('',(-0.103097750188,-0.602062661293,
    0.806609110789));
#3773 = DIRECTION('',(0.950871431487,-0.309586047461,1.588645164066E-16)
  );
#3774 = DIRECTION('',(0.309586047461,0.950871431487,8.047786707129E-34)
  );
#3775 = ADVANCED_FACE('',(#3776),#3794,.T.);
#3776 = FACE_BOUND('',#3777,.T.);
#3777 = EDGE_LOOP('',(#3778,#3786,#3787,#3788));
#3778 = ORIENTED_EDGE('',*,*,#3779,.T.);
#3779 = EDGE_CURVE('',#3780,#3756,#3782,.T.);
#3780 = VERTEX_POINT('',#3781);
#3781 = CARTESIAN_POINT('',(-9.5504E-02,-0.58547,0.810006));
#3782 = LINE('',#3783,#3784);
#3783 = CARTESIAN_POINT('',(-9.5504E-02,-0.58547,0.810006));
#3784 = VECTOR('',#3785,1.);
#3785 = DIRECTION('',(-0.48368611169,-0.875241535439,0.));
#3786 = ORIENTED_EDGE('',*,*,#3765,.F.);
#3787 = ORIENTED_EDGE('',*,*,#2990,.F.);
#3788 = ORIENTED_EDGE('',*,*,#3789,.T.);
#3789 = EDGE_CURVE('',#2983,#3780,#3790,.T.);
#3790 = LINE('',#3791,#3792);
#3791 = CARTESIAN_POINT('',(-9.5504E-02,-0.58547,0.8001));
#3792 = VECTOR('',#3793,1.);
#3793 = DIRECTION('',(0.,0.,1.));
#3794 = PLANE('',#3795);
#3795 = AXIS2_PLACEMENT_3D('',#3796,#3797,#3798);
#3796 = CARTESIAN_POINT('',(-9.890984659096E-02,-0.591632960498,
    0.806580533194));
#3797 = DIRECTION('',(0.875241535439,-0.48368611169,0.));
#3798 = DIRECTION('',(0.48368611169,0.875241535439,0.));
#3799 = ADVANCED_FACE('',(#3800),#3818,.T.);
#3800 = FACE_BOUND('',#3801,.T.);
#3801 = EDGE_LOOP('',(#3802,#3810,#3811,#3812));
#3802 = ORIENTED_EDGE('',*,*,#3803,.T.);
#3803 = EDGE_CURVE('',#3804,#3780,#3806,.T.);
#3804 = VERTEX_POINT('',#3805);
#3805 = CARTESIAN_POINT('',(-8.7122E-02,-0.576834,0.810006));
#3806 = LINE('',#3807,#3808);
#3807 = CARTESIAN_POINT('',(-8.7122E-02,-0.576834,0.810006));
#3808 = VECTOR('',#3809,1.);
#3809 = DIRECTION('',(-0.696475377169,-0.717580691628,0.));
#3810 = ORIENTED_EDGE('',*,*,#3789,.F.);
#3811 = ORIENTED_EDGE('',*,*,#2982,.F.);
#3812 = ORIENTED_EDGE('',*,*,#3813,.T.);
#3813 = EDGE_CURVE('',#2975,#3804,#3814,.T.);
#3814 = LINE('',#3815,#3816);
#3815 = CARTESIAN_POINT('',(-8.7122E-02,-0.576834,0.8001));
#3816 = VECTOR('',#3817,1.);
#3817 = DIRECTION('',(0.,0.,1.));
#3818 = PLANE('',#3819);
#3819 = AXIS2_PLACEMENT_3D('',#3820,#3821,#3822);
#3820 = CARTESIAN_POINT('',(-9.24192599847E-02,-0.582291783015,
    0.806641369124));
#3821 = DIRECTION('',(0.717580691628,-0.696475377169,-1.330500481013E-16
    ));
#3822 = DIRECTION('',(0.696475377169,0.717580691628,4.032640175898E-33)
  );
#3823 = ADVANCED_FACE('',(#3824),#3842,.T.);
#3824 = FACE_BOUND('',#3825,.T.);
#3825 = EDGE_LOOP('',(#3826,#3834,#3835,#3836));
#3826 = ORIENTED_EDGE('',*,*,#3827,.T.);
#3827 = EDGE_CURVE('',#3828,#3804,#3830,.T.);
#3828 = VERTEX_POINT('',#3829);
#3829 = CARTESIAN_POINT('',(-7.239E-02,-0.567182,0.810006));
#3830 = LINE('',#3831,#3832);
#3831 = CARTESIAN_POINT('',(-7.239E-02,-0.567182,0.810006));
#3832 = VECTOR('',#3833,1.);
#3833 = DIRECTION('',(-0.83646112958,-0.548026257311,0.));
#3834 = ORIENTED_EDGE('',*,*,#3813,.F.);
#3835 = ORIENTED_EDGE('',*,*,#2974,.F.);
#3836 = ORIENTED_EDGE('',*,*,#3837,.T.);
#3837 = EDGE_CURVE('',#2967,#3828,#3838,.T.);
#3838 = LINE('',#3839,#3840);
#3839 = CARTESIAN_POINT('',(-7.239E-02,-0.567182,0.8001));
#3840 = VECTOR('',#3841,1.);
#3841 = DIRECTION('',(0.,0.,1.));
#3842 = PLANE('',#3843);
#3843 = AXIS2_PLACEMENT_3D('',#3844,#3845,#3846);
#3844 = CARTESIAN_POINT('',(-8.12849090902E-02,-0.573009699059,
    0.806880830411));
#3845 = DIRECTION('',(0.548026257311,-0.83646112958,-0.));
#3846 = DIRECTION('',(-0.83646112958,-0.548026257311,0.));
#3847 = ADVANCED_FACE('',(#3848),#3866,.T.);
#3848 = FACE_BOUND('',#3849,.T.);
#3849 = EDGE_LOOP('',(#3850,#3858,#3859,#3860));
#3850 = ORIENTED_EDGE('',*,*,#3851,.T.);
#3851 = EDGE_CURVE('',#3852,#3828,#3854,.T.);
#3852 = VERTEX_POINT('',#3853);
#3853 = CARTESIAN_POINT('',(-5.5372E-02,-0.561086,0.810006));
#3854 = LINE('',#3855,#3856);
#3855 = CARTESIAN_POINT('',(-5.5372E-02,-0.561086,0.810006));
#3856 = VECTOR('',#3857,1.);
#3857 = DIRECTION('',(-0.941423592782,-0.337226361594,0.));
#3858 = ORIENTED_EDGE('',*,*,#3837,.F.);
#3859 = ORIENTED_EDGE('',*,*,#2966,.F.);
#3860 = ORIENTED_EDGE('',*,*,#3861,.T.);
#3861 = EDGE_CURVE('',#2959,#3852,#3862,.T.);
#3862 = LINE('',#3863,#3864);
#3863 = CARTESIAN_POINT('',(-5.5372E-02,-0.561086,0.8001));
#3864 = VECTOR('',#3865,1.);
#3865 = DIRECTION('',(0.,0.,1.));
#3866 = PLANE('',#3867);
#3867 = AXIS2_PLACEMENT_3D('',#3868,#3869,#3870);
#3868 = CARTESIAN_POINT('',(-6.561550667934E-02,-0.564755315825,
    0.806895429585));
#3869 = DIRECTION('',(0.337226361594,-0.941423592782,-1.818965928604E-16
    ));
#3870 = DIRECTION('',(-0.941423592782,-0.337226361594,
    -6.507962407438E-33));
#3871 = ADVANCED_FACE('',(#3872),#3883,.T.);
#3872 = FACE_BOUND('',#3873,.T.);
#3873 = EDGE_LOOP('',(#3874,#3880,#3881,#3882));
#3874 = ORIENTED_EDGE('',*,*,#3875,.T.);
#3875 = EDGE_CURVE('',#3206,#3852,#3876,.T.);
#3876 = LINE('',#3877,#3878);
#3877 = CARTESIAN_POINT('',(-3.4798E-02,-0.559054,0.810006));
#3878 = VECTOR('',#3879,1.);
#3879 = DIRECTION('',(-0.995158089271,-9.828721869344E-02,0.));
#3880 = ORIENTED_EDGE('',*,*,#3861,.F.);
#3881 = ORIENTED_EDGE('',*,*,#2956,.F.);
#3882 = ORIENTED_EDGE('',*,*,#3213,.F.);
#3883 = PLANE('',#3884);
#3884 = AXIS2_PLACEMENT_3D('',#3885,#3886,#3887);
#3885 = CARTESIAN_POINT('',(-4.698955418658E-02,-0.560258104117,
    0.806966820736));
#3886 = DIRECTION('',(9.828721869344E-02,-0.995158089271,-0.));
#3887 = DIRECTION('',(-0.995158089271,-9.828721869344E-02,0.));
#3888 = ADVANCED_FACE('',(#3889),#3944,.T.);
#3889 = FACE_BOUND('',#3890,.T.);
#3890 = EDGE_LOOP('',(#3891,#3892,#3893,#3894,#3895,#3896,#3897,#3898,
    #3899,#3900,#3901,#3902,#3903,#3904,#3905,#3906,#3907,#3908,#3909,
    #3910,#3911,#3912,#3913,#3914,#3915,#3916,#3917,#3918,#3919,#3920,
    #3921,#3922,#3923,#3924,#3925,#3926,#3927,#3928,#3929,#3930,#3931,
    #3932,#3933,#3934,#3935,#3936,#3937,#3938,#3939,#3940,#3941,#3942,
    #3943));
#3891 = ORIENTED_EDGE('',*,*,#1244,.F.);
#3892 = ORIENTED_EDGE('',*,*,#2890,.F.);
#3893 = ORIENTED_EDGE('',*,*,#2861,.F.);
#3894 = ORIENTED_EDGE('',*,*,#2829,.F.);
#3895 = ORIENTED_EDGE('',*,*,#2783,.F.);
#3896 = ORIENTED_EDGE('',*,*,#2528,.F.);
#3897 = ORIENTED_EDGE('',*,*,#2576,.F.);
#3898 = ORIENTED_EDGE('',*,*,#2623,.F.);
#3899 = ORIENTED_EDGE('',*,*,#2637,.F.);
#3900 = ORIENTED_EDGE('',*,*,#2668,.F.);
#3901 = ORIENTED_EDGE('',*,*,#2699,.F.);
#3902 = ORIENTED_EDGE('',*,*,#2730,.F.);
#3903 = ORIENTED_EDGE('',*,*,#2761,.F.);
#3904 = ORIENTED_EDGE('',*,*,#2506,.F.);
#3905 = ORIENTED_EDGE('',*,*,#2475,.F.);
#3906 = ORIENTED_EDGE('',*,*,#2444,.F.);
#3907 = ORIENTED_EDGE('',*,*,#2413,.F.);
#3908 = ORIENTED_EDGE('',*,*,#2382,.F.);
#3909 = ORIENTED_EDGE('',*,*,#2351,.F.);
#3910 = ORIENTED_EDGE('',*,*,#2320,.F.);
#3911 = ORIENTED_EDGE('',*,*,#2289,.F.);
#3912 = ORIENTED_EDGE('',*,*,#2257,.F.);
#3913 = ORIENTED_EDGE('',*,*,#2211,.F.);
#3914 = ORIENTED_EDGE('',*,*,#1987,.F.);
#3915 = ORIENTED_EDGE('',*,*,#2035,.F.);
#3916 = ORIENTED_EDGE('',*,*,#2082,.F.);
#3917 = ORIENTED_EDGE('',*,*,#2096,.F.);
#3918 = ORIENTED_EDGE('',*,*,#2127,.F.);
#3919 = ORIENTED_EDGE('',*,*,#2158,.F.);
#3920 = ORIENTED_EDGE('',*,*,#2189,.F.);
#3921 = ORIENTED_EDGE('',*,*,#1965,.F.);
#3922 = ORIENTED_EDGE('',*,*,#1770,.F.);
#3923 = ORIENTED_EDGE('',*,*,#1810,.F.);
#3924 = ORIENTED_EDGE('',*,*,#1841,.F.);
#3925 = ORIENTED_EDGE('',*,*,#1872,.F.);
#3926 = ORIENTED_EDGE('',*,*,#1903,.F.);
#3927 = ORIENTED_EDGE('',*,*,#1934,.F.);
#3928 = ORIENTED_EDGE('',*,*,#1748,.F.);
#3929 = ORIENTED_EDGE('',*,*,#1615,.F.);
#3930 = ORIENTED_EDGE('',*,*,#1655,.F.);
#3931 = ORIENTED_EDGE('',*,*,#1686,.F.);
#3932 = ORIENTED_EDGE('',*,*,#1717,.F.);
#3933 = ORIENTED_EDGE('',*,*,#1593,.F.);
#3934 = ORIENTED_EDGE('',*,*,#1554,.F.);
#3935 = ORIENTED_EDGE('',*,*,#1367,.F.);
#3936 = ORIENTED_EDGE('',*,*,#1407,.F.);
#3937 = ORIENTED_EDGE('',*,*,#1438,.F.);
#3938 = ORIENTED_EDGE('',*,*,#1469,.F.);
#3939 = ORIENTED_EDGE('',*,*,#1500,.F.);
#3940 = ORIENTED_EDGE('',*,*,#1531,.F.);
#3941 = ORIENTED_EDGE('',*,*,#1345,.F.);
#3942 = ORIENTED_EDGE('',*,*,#1305,.F.);
#3943 = ORIENTED_EDGE('',*,*,#1283,.F.);
#3944 = PLANE('',#3945);
#3945 = AXIS2_PLACEMENT_3D('',#3946,#3947,#3948);
#3946 = CARTESIAN_POINT('',(0.143736715681,-0.692364890951,0.810006));
#3947 = DIRECTION('',(0.,0.,1.));
#3948 = DIRECTION('',(1.,0.,-0.));
#3949 = ADVANCED_FACE('',(#3950),#3981,.T.);
#3950 = FACE_BOUND('',#3951,.T.);
#3951 = EDGE_LOOP('',(#3952,#3953,#3954,#3955,#3956,#3957,#3958,#3959,
    #3960,#3961,#3962,#3963,#3964,#3965,#3966,#3967,#3968,#3969,#3970,
    #3971,#3972,#3973,#3974,#3975,#3976,#3977,#3978,#3979,#3980));
#3952 = ORIENTED_EDGE('',*,*,#3611,.F.);
#3953 = ORIENTED_EDGE('',*,*,#3635,.F.);
#3954 = ORIENTED_EDGE('',*,*,#3659,.F.);
#3955 = ORIENTED_EDGE('',*,*,#3683,.F.);
#3956 = ORIENTED_EDGE('',*,*,#3707,.F.);
#3957 = ORIENTED_EDGE('',*,*,#3731,.F.);
#3958 = ORIENTED_EDGE('',*,*,#3755,.F.);
#3959 = ORIENTED_EDGE('',*,*,#3779,.F.);
#3960 = ORIENTED_EDGE('',*,*,#3803,.F.);
#3961 = ORIENTED_EDGE('',*,*,#3827,.F.);
#3962 = ORIENTED_EDGE('',*,*,#3851,.F.);
#3963 = ORIENTED_EDGE('',*,*,#3875,.F.);
#3964 = ORIENTED_EDGE('',*,*,#3205,.F.);
#3965 = ORIENTED_EDGE('',*,*,#3227,.F.);
#3966 = ORIENTED_EDGE('',*,*,#3251,.F.);
#3967 = ORIENTED_EDGE('',*,*,#3275,.F.);
#3968 = ORIENTED_EDGE('',*,*,#3299,.F.);
#3969 = ORIENTED_EDGE('',*,*,#3323,.F.);
#3970 = ORIENTED_EDGE('',*,*,#3347,.F.);
#3971 = ORIENTED_EDGE('',*,*,#3371,.F.);
#3972 = ORIENTED_EDGE('',*,*,#3395,.F.);
#3973 = ORIENTED_EDGE('',*,*,#3419,.F.);
#3974 = ORIENTED_EDGE('',*,*,#3443,.F.);
#3975 = ORIENTED_EDGE('',*,*,#3467,.F.);
#3976 = ORIENTED_EDGE('',*,*,#3491,.F.);
#3977 = ORIENTED_EDGE('',*,*,#3515,.F.);
#3978 = ORIENTED_EDGE('',*,*,#3539,.F.);
#3979 = ORIENTED_EDGE('',*,*,#3563,.F.);
#3980 = ORIENTED_EDGE('',*,*,#3587,.F.);
#3981 = PLANE('',#3982);
#3982 = AXIS2_PLACEMENT_3D('',#3983,#3984,#3985);
#3983 = CARTESIAN_POINT('',(-8.203892381118E-02,-0.659610616024,0.810006
    ));
#3984 = DIRECTION('',(-0.,-0.,-1.));
#3985 = DIRECTION('',(-1.,0.,0.));
#3986 = MANIFOLD_SOLID_BREP('',#3987);
#3987 = CLOSED_SHELL('',(#3988,#4028,#4179,#4210,#4234,#4258,#4282,#4306
    ,#4330,#4354,#4378,#4402,#4426,#4450,#4474,#4498,#4522,#4546,#4570,
    #4587,#4619));
#3988 = ADVANCED_FACE('',(#3989),#4023,.T.);
#3989 = FACE_BOUND('',#3990,.T.);
#3990 = EDGE_LOOP('',(#3991,#4001,#4009,#4017));
#3991 = ORIENTED_EDGE('',*,*,#3992,.T.);
#3992 = EDGE_CURVE('',#3993,#3995,#3997,.T.);
#3993 = VERTEX_POINT('',#3994);
#3994 = CARTESIAN_POINT('',(0.165608,-0.460248,0.8001));
#3995 = VERTEX_POINT('',#3996);
#3996 = CARTESIAN_POINT('',(0.165608,-0.460248,0.810006));
#3997 = LINE('',#3998,#3999);
#3998 = CARTESIAN_POINT('',(0.165608,-0.460248,0.8001));
#3999 = VECTOR('',#4000,1.);
#4000 = DIRECTION('',(0.,0.,1.));
#4001 = ORIENTED_EDGE('',*,*,#4002,.T.);
#4002 = EDGE_CURVE('',#3995,#4003,#4005,.T.);
#4003 = VERTEX_POINT('',#4004);
#4004 = CARTESIAN_POINT('',(-0.13462,-0.460248,0.810006));
#4005 = LINE('',#4006,#4007);
#4006 = CARTESIAN_POINT('',(0.165608,-0.460248,0.810006));
#4007 = VECTOR('',#4008,1.);
#4008 = DIRECTION('',(-1.,0.,0.));
#4009 = ORIENTED_EDGE('',*,*,#4010,.T.);
#4010 = EDGE_CURVE('',#4003,#4011,#4013,.T.);
#4011 = VERTEX_POINT('',#4012);
#4012 = CARTESIAN_POINT('',(-0.13462,-0.460248,0.8001));
#4013 = LINE('',#4014,#4015);
#4014 = CARTESIAN_POINT('',(-0.13462,-0.460248,0.810006));
#4015 = VECTOR('',#4016,1.);
#4016 = DIRECTION('',(0.,0.,-1.));
#4017 = ORIENTED_EDGE('',*,*,#4018,.T.);
#4018 = EDGE_CURVE('',#4011,#3993,#4019,.T.);
#4019 = LINE('',#4020,#4021);
#4020 = CARTESIAN_POINT('',(-0.13462,-0.460248,0.8001));
#4021 = VECTOR('',#4022,1.);
#4022 = DIRECTION('',(1.,0.,0.));
#4023 = PLANE('',#4024);
#4024 = AXIS2_PLACEMENT_3D('',#4025,#4026,#4027);
#4025 = CARTESIAN_POINT('',(1.79296551491E-02,-0.460248,0.802617344851)
  );
#4026 = DIRECTION('',(-0.,-1.,-0.));
#4027 = DIRECTION('',(0.,0.,-1.));
#4028 = ADVANCED_FACE('',(#4029),#4174,.T.);
#4029 = FACE_BOUND('',#4030,.T.);
#4030 = EDGE_LOOP('',(#4031,#4032,#4040,#4048,#4056,#4064,#4072,#4080,
    #4088,#4096,#4104,#4112,#4120,#4128,#4136,#4144,#4152,#4160,#4168));
#4031 = ORIENTED_EDGE('',*,*,#4018,.F.);
#4032 = ORIENTED_EDGE('',*,*,#4033,.F.);
#4033 = EDGE_CURVE('',#4034,#4011,#4036,.T.);
#4034 = VERTEX_POINT('',#4035);
#4035 = CARTESIAN_POINT('',(-0.13462,-0.412496,0.8001));
#4036 = LINE('',#4037,#4038);
#4037 = CARTESIAN_POINT('',(-0.13462,-0.412496,0.8001));
#4038 = VECTOR('',#4039,1.);
#4039 = DIRECTION('',(0.,-1.,0.));
#4040 = ORIENTED_EDGE('',*,*,#4041,.F.);
#4041 = EDGE_CURVE('',#4042,#4034,#4044,.T.);
#4042 = VERTEX_POINT('',#4043);
#4043 = CARTESIAN_POINT('',(9.8298E-02,-0.26543,0.8001));
#4044 = LINE('',#4045,#4046);
#4045 = CARTESIAN_POINT('',(9.8298E-02,-0.26543,0.8001));
#4046 = VECTOR('',#4047,1.);
#4047 = DIRECTION('',(-0.845554629626,-0.533888910091,0.));
#4048 = ORIENTED_EDGE('',*,*,#4049,.F.);
#4049 = EDGE_CURVE('',#4050,#4042,#4052,.T.);
#4050 = VERTEX_POINT('',#4051);
#4051 = CARTESIAN_POINT('',(0.10795,-0.259842,0.8001));
#4052 = LINE('',#4053,#4054);
#4053 = CARTESIAN_POINT('',(0.10795,-0.259842,0.8001));
#4054 = VECTOR('',#4055,1.);
#4055 = DIRECTION('',(-0.865426285481,-0.501036270542,0.));
#4056 = ORIENTED_EDGE('',*,*,#4057,.F.);
#4057 = EDGE_CURVE('',#4058,#4050,#4060,.T.);
#4058 = VERTEX_POINT('',#4059);
#4059 = CARTESIAN_POINT('',(0.117856,-0.25527,0.8001));
#4060 = LINE('',#4061,#4062);
#4061 = CARTESIAN_POINT('',(0.117856,-0.25527,0.8001));
#4062 = VECTOR('',#4063,1.);
#4063 = DIRECTION('',(-0.9079593845,-0.419058177462,0.));
#4064 = ORIENTED_EDGE('',*,*,#4065,.F.);
#4065 = EDGE_CURVE('',#4066,#4058,#4068,.T.);
#4066 = VERTEX_POINT('',#4067);
#4067 = CARTESIAN_POINT('',(0.117856,-0.254,0.8001));
#4068 = LINE('',#4069,#4070);
#4069 = CARTESIAN_POINT('',(0.117856,-0.254,0.8001));
#4070 = VECTOR('',#4071,1.);
#4071 = DIRECTION('',(0.,-1.,0.));
#4072 = ORIENTED_EDGE('',*,*,#4073,.F.);
#4073 = EDGE_CURVE('',#4074,#4066,#4076,.T.);
#4074 = VERTEX_POINT('',#4075);
#4075 = CARTESIAN_POINT('',(9.7028E-02,-0.25527,0.8001));
#4076 = LINE('',#4077,#4078);
#4077 = CARTESIAN_POINT('',(9.7028E-02,-0.25527,0.8001));
#4078 = VECTOR('',#4079,1.);
#4079 = DIRECTION('',(0.998146155389,6.086257045056E-02,0.));
#4080 = ORIENTED_EDGE('',*,*,#4081,.F.);
#4081 = EDGE_CURVE('',#4082,#4074,#4084,.T.);
#4082 = VERTEX_POINT('',#4083);
#4083 = CARTESIAN_POINT('',(-0.13462,-0.25527,0.8001));
#4084 = LINE('',#4085,#4086);
#4085 = CARTESIAN_POINT('',(-0.13462,-0.25527,0.8001));
#4086 = VECTOR('',#4087,1.);
#4087 = DIRECTION('',(1.,0.,0.));
#4088 = ORIENTED_EDGE('',*,*,#4089,.F.);
#4089 = EDGE_CURVE('',#4090,#4082,#4092,.T.);
#4090 = VERTEX_POINT('',#4091);
#4091 = CARTESIAN_POINT('',(-0.13462,-0.215138,0.8001));
#4092 = LINE('',#4093,#4094);
#4093 = CARTESIAN_POINT('',(-0.13462,-0.215138,0.8001));
#4094 = VECTOR('',#4095,1.);
#4095 = DIRECTION('',(0.,-1.,0.));
#4096 = ORIENTED_EDGE('',*,*,#4097,.F.);
#4097 = EDGE_CURVE('',#4098,#4090,#4100,.T.);
#4098 = VERTEX_POINT('',#4099);
#4099 = CARTESIAN_POINT('',(0.165608,-0.215138,0.8001));
#4100 = LINE('',#4101,#4102);
#4101 = CARTESIAN_POINT('',(0.165608,-0.215138,0.8001));
#4102 = VECTOR('',#4103,1.);
#4103 = DIRECTION('',(-1.,0.,0.));
#4104 = ORIENTED_EDGE('',*,*,#4105,.F.);
#4105 = EDGE_CURVE('',#4106,#4098,#4108,.T.);
#4106 = VERTEX_POINT('',#4107);
#4107 = CARTESIAN_POINT('',(0.165608,-0.266192,0.8001));
#4108 = LINE('',#4109,#4110);
#4109 = CARTESIAN_POINT('',(0.165608,-0.266192,0.8001));
#4110 = VECTOR('',#4111,1.);
#4111 = DIRECTION('',(0.,1.,0.));
#4112 = ORIENTED_EDGE('',*,*,#4113,.F.);
#4113 = EDGE_CURVE('',#4114,#4106,#4116,.T.);
#4114 = VERTEX_POINT('',#4115);
#4115 = CARTESIAN_POINT('',(-6.2738E-02,-0.40894,0.8001));
#4116 = LINE('',#4117,#4118);
#4117 = CARTESIAN_POINT('',(-6.2738E-02,-0.40894,0.8001));
#4118 = VECTOR('',#4119,1.);
#4119 = DIRECTION('',(0.847945310471,0.530083720228,0.));
#4120 = ORIENTED_EDGE('',*,*,#4121,.F.);
#4121 = EDGE_CURVE('',#4122,#4114,#4124,.T.);
#4122 = VERTEX_POINT('',#4123);
#4123 = CARTESIAN_POINT('',(-7.2898E-02,-0.41529,0.8001));
#4124 = LINE('',#4125,#4126);
#4125 = CARTESIAN_POINT('',(-7.2898E-02,-0.41529,0.8001));
#4126 = VECTOR('',#4127,1.);
#4127 = DIRECTION('',(0.847998304005,0.529998940003,0.));
#4128 = ORIENTED_EDGE('',*,*,#4129,.F.);
#4129 = EDGE_CURVE('',#4130,#4122,#4132,.T.);
#4130 = VERTEX_POINT('',#4131);
#4131 = CARTESIAN_POINT('',(-8.3312E-02,-0.421132,0.8001));
#4132 = LINE('',#4133,#4134);
#4133 = CARTESIAN_POINT('',(-8.3312E-02,-0.421132,0.8001));
#4134 = VECTOR('',#4135,1.);
#4135 = DIRECTION('',(0.872143041114,0.489250974283,0.));
#4136 = ORIENTED_EDGE('',*,*,#4137,.F.);
#4137 = EDGE_CURVE('',#4138,#4130,#4140,.T.);
#4138 = VERTEX_POINT('',#4139);
#4139 = CARTESIAN_POINT('',(-8.3312E-02,-0.421894,0.8001));
#4140 = LINE('',#4141,#4142);
#4141 = CARTESIAN_POINT('',(-8.3312E-02,-0.421894,0.8001));
#4142 = VECTOR('',#4143,1.);
#4143 = DIRECTION('',(0.,1.,0.));
#4144 = ORIENTED_EDGE('',*,*,#4145,.F.);
#4145 = EDGE_CURVE('',#4146,#4138,#4148,.T.);
#4146 = VERTEX_POINT('',#4147);
#4147 = CARTESIAN_POINT('',(-6.1468E-02,-0.42037,0.8001));
#4148 = LINE('',#4149,#4150);
#4149 = CARTESIAN_POINT('',(-6.1468E-02,-0.42037,0.8001));
#4150 = VECTOR('',#4151,1.);
#4151 = DIRECTION('',(-0.997575100836,-6.959826284904E-02,0.));
#4152 = ORIENTED_EDGE('',*,*,#4153,.F.);
#4153 = EDGE_CURVE('',#4154,#4146,#4156,.T.);
#4154 = VERTEX_POINT('',#4155);
#4155 = CARTESIAN_POINT('',(-3.9624E-02,-0.419862,0.8001));
#4156 = LINE('',#4157,#4158);
#4157 = CARTESIAN_POINT('',(-3.9624E-02,-0.419862,0.8001));
#4158 = VECTOR('',#4159,1.);
#4159 = DIRECTION('',(-0.999729693197,-2.324952774876E-02,0.));
#4160 = ORIENTED_EDGE('',*,*,#4161,.F.);
#4161 = EDGE_CURVE('',#4162,#4154,#4164,.T.);
#4162 = VERTEX_POINT('',#4163);
#4163 = CARTESIAN_POINT('',(0.165608,-0.419862,0.8001));
#4164 = LINE('',#4165,#4166);
#4165 = CARTESIAN_POINT('',(0.165608,-0.419862,0.8001));
#4166 = VECTOR('',#4167,1.);
#4167 = DIRECTION('',(-1.,0.,0.));
#4168 = ORIENTED_EDGE('',*,*,#4169,.F.);
#4169 = EDGE_CURVE('',#3993,#4162,#4170,.T.);
#4170 = LINE('',#4171,#4172);
#4171 = CARTESIAN_POINT('',(0.165608,-0.460248,0.8001));
#4172 = VECTOR('',#4173,1.);
#4173 = DIRECTION('',(0.,1.,0.));
#4174 = PLANE('',#4175);
#4175 = AXIS2_PLACEMENT_3D('',#4176,#4177,#4178);
#4176 = CARTESIAN_POINT('',(2.491446519187E-02,-0.449475465192,0.8001));
#4177 = DIRECTION('',(-0.,-0.,-1.));
#4178 = DIRECTION('',(-1.,0.,0.));
#4179 = ADVANCED_FACE('',(#4180),#4205,.T.);
#4180 = FACE_BOUND('',#4181,.T.);
#4181 = EDGE_LOOP('',(#4182,#4190,#4198,#4204));
#4182 = ORIENTED_EDGE('',*,*,#4183,.F.);
#4183 = EDGE_CURVE('',#4184,#4154,#4186,.T.);
#4184 = VERTEX_POINT('',#4185);
#4185 = CARTESIAN_POINT('',(-3.9624E-02,-0.419862,0.810006));
#4186 = LINE('',#4187,#4188);
#4187 = CARTESIAN_POINT('',(-3.9624E-02,-0.419862,0.810006));
#4188 = VECTOR('',#4189,1.);
#4189 = DIRECTION('',(0.,0.,-1.));
#4190 = ORIENTED_EDGE('',*,*,#4191,.T.);
#4191 = EDGE_CURVE('',#4184,#4192,#4194,.T.);
#4192 = VERTEX_POINT('',#4193);
#4193 = CARTESIAN_POINT('',(0.165608,-0.419862,0.810006));
#4194 = LINE('',#4195,#4196);
#4195 = CARTESIAN_POINT('',(-3.9624E-02,-0.419862,0.810006));
#4196 = VECTOR('',#4197,1.);
#4197 = DIRECTION('',(1.,0.,0.));
#4198 = ORIENTED_EDGE('',*,*,#4199,.T.);
#4199 = EDGE_CURVE('',#4192,#4162,#4200,.T.);
#4200 = LINE('',#4201,#4202);
#4201 = CARTESIAN_POINT('',(0.165608,-0.419862,0.810006));
#4202 = VECTOR('',#4203,1.);
#4203 = DIRECTION('',(0.,0.,-1.));
#4204 = ORIENTED_EDGE('',*,*,#4161,.T.);
#4205 = PLANE('',#4206);
#4206 = AXIS2_PLACEMENT_3D('',#4207,#4208,#4209);
#4207 = CARTESIAN_POINT('',(6.057523224749E-02,-0.419862,0.802636232247)
  );
#4208 = DIRECTION('',(0.,1.,0.));
#4209 = DIRECTION('',(0.,-0.,1.));
#4210 = ADVANCED_FACE('',(#4211),#4229,.T.);
#4211 = FACE_BOUND('',#4212,.T.);
#4212 = EDGE_LOOP('',(#4213,#4221,#4222,#4223));
#4213 = ORIENTED_EDGE('',*,*,#4214,.T.);
#4214 = EDGE_CURVE('',#4215,#4184,#4217,.T.);
#4215 = VERTEX_POINT('',#4216);
#4216 = CARTESIAN_POINT('',(-6.1468E-02,-0.42037,0.810006));
#4217 = LINE('',#4218,#4219);
#4218 = CARTESIAN_POINT('',(-6.1468E-02,-0.42037,0.810006));
#4219 = VECTOR('',#4220,1.);
#4220 = DIRECTION('',(0.999729693197,2.324952774876E-02,0.));
#4221 = ORIENTED_EDGE('',*,*,#4183,.T.);
#4222 = ORIENTED_EDGE('',*,*,#4153,.T.);
#4223 = ORIENTED_EDGE('',*,*,#4224,.T.);
#4224 = EDGE_CURVE('',#4146,#4215,#4225,.T.);
#4225 = LINE('',#4226,#4227);
#4226 = CARTESIAN_POINT('',(-6.1468E-02,-0.42037,0.8001));
#4227 = VECTOR('',#4228,1.);
#4228 = DIRECTION('',(0.,0.,1.));
#4229 = PLANE('',#4230);
#4230 = AXIS2_PLACEMENT_3D('',#4231,#4232,#4233);
#4231 = CARTESIAN_POINT('',(-4.860518960211E-02,-0.420070864874,
    0.806994335154));
#4232 = DIRECTION('',(-2.324952774876E-02,0.999729693197,0.));
#4233 = DIRECTION('',(0.999729693197,2.324952774876E-02,0.));
#4234 = ADVANCED_FACE('',(#4235),#4253,.T.);
#4235 = FACE_BOUND('',#4236,.T.);
#4236 = EDGE_LOOP('',(#4237,#4238,#4246,#4252));
#4237 = ORIENTED_EDGE('',*,*,#4145,.T.);
#4238 = ORIENTED_EDGE('',*,*,#4239,.F.);
#4239 = EDGE_CURVE('',#4240,#4138,#4242,.T.);
#4240 = VERTEX_POINT('',#4241);
#4241 = CARTESIAN_POINT('',(-8.3312E-02,-0.421894,0.810006));
#4242 = LINE('',#4243,#4244);
#4243 = CARTESIAN_POINT('',(-8.3312E-02,-0.421894,0.810006));
#4244 = VECTOR('',#4245,1.);
#4245 = DIRECTION('',(0.,0.,-1.));
#4246 = ORIENTED_EDGE('',*,*,#4247,.T.);
#4247 = EDGE_CURVE('',#4240,#4215,#4248,.T.);
#4248 = LINE('',#4249,#4250);
#4249 = CARTESIAN_POINT('',(-8.3312E-02,-0.421894,0.810006));
#4250 = VECTOR('',#4251,1.);
#4251 = DIRECTION('',(0.997575100836,6.959826284904E-02,0.));
#4252 = ORIENTED_EDGE('',*,*,#4224,.F.);
#4253 = PLANE('',#4254);
#4254 = AXIS2_PLACEMENT_3D('',#4255,#4256,#4257);
#4255 = CARTESIAN_POINT('',(-7.432767581715E-02,-0.421267186685,
    0.803110614093));
#4256 = DIRECTION('',(-6.959826284904E-02,0.997575100836,0.));
#4257 = DIRECTION('',(0.997575100836,6.959826284904E-02,0.));
#4258 = ADVANCED_FACE('',(#4259),#4277,.T.);
#4259 = FACE_BOUND('',#4260,.T.);
#4260 = EDGE_LOOP('',(#4261,#4269,#4275,#4276));
#4261 = ORIENTED_EDGE('',*,*,#4262,.F.);
#4262 = EDGE_CURVE('',#4263,#4130,#4265,.T.);
#4263 = VERTEX_POINT('',#4264);
#4264 = CARTESIAN_POINT('',(-8.3312E-02,-0.421132,0.810006));
#4265 = LINE('',#4266,#4267);
#4266 = CARTESIAN_POINT('',(-8.3312E-02,-0.421132,0.810006));
#4267 = VECTOR('',#4268,1.);
#4268 = DIRECTION('',(0.,0.,-1.));
#4269 = ORIENTED_EDGE('',*,*,#4270,.T.);
#4270 = EDGE_CURVE('',#4263,#4240,#4271,.T.);
#4271 = LINE('',#4272,#4273);
#4272 = CARTESIAN_POINT('',(-8.3312E-02,-0.421132,0.810006));
#4273 = VECTOR('',#4274,1.);
#4274 = DIRECTION('',(0.,-1.,0.));
#4275 = ORIENTED_EDGE('',*,*,#4239,.T.);
#4276 = ORIENTED_EDGE('',*,*,#4137,.T.);
#4277 = PLANE('',#4278);
#4278 = AXIS2_PLACEMENT_3D('',#4279,#4280,#4281);
#4279 = CARTESIAN_POINT('',(-8.3312E-02,-0.421329816116,0.804869816116)
  );
#4280 = DIRECTION('',(1.,0.,0.));
#4281 = DIRECTION('',(-0.,0.,1.));
#4282 = ADVANCED_FACE('',(#4283),#4301,.T.);
#4283 = FACE_BOUND('',#4284,.T.);
#4284 = EDGE_LOOP('',(#4285,#4293,#4294,#4295));
#4285 = ORIENTED_EDGE('',*,*,#4286,.T.);
#4286 = EDGE_CURVE('',#4287,#4263,#4289,.T.);
#4287 = VERTEX_POINT('',#4288);
#4288 = CARTESIAN_POINT('',(-7.2898E-02,-0.41529,0.810006));
#4289 = LINE('',#4290,#4291);
#4290 = CARTESIAN_POINT('',(-7.2898E-02,-0.41529,0.810006));
#4291 = VECTOR('',#4292,1.);
#4292 = DIRECTION('',(-0.872143041114,-0.489250974283,0.));
#4293 = ORIENTED_EDGE('',*,*,#4262,.T.);
#4294 = ORIENTED_EDGE('',*,*,#4129,.T.);
#4295 = ORIENTED_EDGE('',*,*,#4296,.T.);
#4296 = EDGE_CURVE('',#4122,#4287,#4297,.T.);
#4297 = LINE('',#4298,#4299);
#4298 = CARTESIAN_POINT('',(-7.2898E-02,-0.41529,0.8001));
#4299 = VECTOR('',#4300,1.);
#4300 = DIRECTION('',(0.,0.,1.));
#4301 = PLANE('',#4302);
#4302 = AXIS2_PLACEMENT_3D('',#4303,#4304,#4305);
#4303 = CARTESIAN_POINT('',(-7.948557978431E-02,-0.418985471586,
    0.80663597403));
#4304 = DIRECTION('',(0.489250974283,-0.872143041114,-0.));
#4305 = DIRECTION('',(-0.872143041114,-0.489250974283,0.));
#4306 = ADVANCED_FACE('',(#4307),#4325,.T.);
#4307 = FACE_BOUND('',#4308,.T.);
#4308 = EDGE_LOOP('',(#4309,#4310,#4318,#4324));
#4309 = ORIENTED_EDGE('',*,*,#4121,.T.);
#4310 = ORIENTED_EDGE('',*,*,#4311,.F.);
#4311 = EDGE_CURVE('',#4312,#4114,#4314,.T.);
#4312 = VERTEX_POINT('',#4313);
#4313 = CARTESIAN_POINT('',(-6.2738E-02,-0.40894,0.810006));
#4314 = LINE('',#4315,#4316);
#4315 = CARTESIAN_POINT('',(-6.2738E-02,-0.40894,0.810006));
#4316 = VECTOR('',#4317,1.);
#4317 = DIRECTION('',(0.,0.,-1.));
#4318 = ORIENTED_EDGE('',*,*,#4319,.T.);
#4319 = EDGE_CURVE('',#4312,#4287,#4320,.T.);
#4320 = LINE('',#4321,#4322);
#4321 = CARTESIAN_POINT('',(-6.2738E-02,-0.40894,0.810006));
#4322 = VECTOR('',#4323,1.);
#4323 = DIRECTION('',(-0.847998304005,-0.529998940003,0.));
#4324 = ORIENTED_EDGE('',*,*,#4296,.F.);
#4325 = PLANE('',#4326);
#4326 = AXIS2_PLACEMENT_3D('',#4327,#4328,#4329);
#4327 = CARTESIAN_POINT('',(-6.647366956285E-02,-0.411274793477,
    0.803467701503));
#4328 = DIRECTION('',(0.529998940003,-0.847998304005,-0.));
#4329 = DIRECTION('',(-0.847998304005,-0.529998940003,0.));
#4330 = ADVANCED_FACE('',(#4331),#4349,.T.);
#4331 = FACE_BOUND('',#4332,.T.);
#4332 = EDGE_LOOP('',(#4333,#4341,#4347,#4348));
#4333 = ORIENTED_EDGE('',*,*,#4334,.F.);
#4334 = EDGE_CURVE('',#4335,#4106,#4337,.T.);
#4335 = VERTEX_POINT('',#4336);
#4336 = CARTESIAN_POINT('',(0.165608,-0.266192,0.810006));
#4337 = LINE('',#4338,#4339);
#4338 = CARTESIAN_POINT('',(0.165608,-0.266192,0.810006));
#4339 = VECTOR('',#4340,1.);
#4340 = DIRECTION('',(0.,0.,-1.));
#4341 = ORIENTED_EDGE('',*,*,#4342,.T.);
#4342 = EDGE_CURVE('',#4335,#4312,#4343,.T.);
#4343 = LINE('',#4344,#4345);
#4344 = CARTESIAN_POINT('',(0.165608,-0.266192,0.810006));
#4345 = VECTOR('',#4346,1.);
#4346 = DIRECTION('',(-0.847945310471,-0.530083720228,0.));
#4347 = ORIENTED_EDGE('',*,*,#4311,.T.);
#4348 = ORIENTED_EDGE('',*,*,#4113,.T.);
#4349 = PLANE('',#4350);
#4350 = AXIS2_PLACEMENT_3D('',#4351,#4352,#4353);
#4351 = CARTESIAN_POINT('',(5.349632635745E-02,-0.336277384413,
    0.802622033837));
#4352 = DIRECTION('',(0.530083720228,-0.847945310471,1.952246296385E-15)
  );
#4353 = DIRECTION('',(-0.847945310471,-0.530083720228,6.586570697031E-32
    ));
#4354 = ADVANCED_FACE('',(#4355),#4373,.T.);
#4355 = FACE_BOUND('',#4356,.T.);
#4356 = EDGE_LOOP('',(#4357,#4365,#4371,#4372));
#4357 = ORIENTED_EDGE('',*,*,#4358,.F.);
#4358 = EDGE_CURVE('',#4359,#4098,#4361,.T.);
#4359 = VERTEX_POINT('',#4360);
#4360 = CARTESIAN_POINT('',(0.165608,-0.215138,0.810006));
#4361 = LINE('',#4362,#4363);
#4362 = CARTESIAN_POINT('',(0.165608,-0.215138,0.810006));
#4363 = VECTOR('',#4364,1.);
#4364 = DIRECTION('',(0.,0.,-1.));
#4365 = ORIENTED_EDGE('',*,*,#4366,.T.);
#4366 = EDGE_CURVE('',#4359,#4335,#4367,.T.);
#4367 = LINE('',#4368,#4369);
#4368 = CARTESIAN_POINT('',(0.165608,-0.215138,0.810006));
#4369 = VECTOR('',#4370,1.);
#4370 = DIRECTION('',(0.,-1.,0.));
#4371 = ORIENTED_EDGE('',*,*,#4334,.T.);
#4372 = ORIENTED_EDGE('',*,*,#4105,.T.);
#4373 = PLANE('',#4374);
#4374 = AXIS2_PLACEMENT_3D('',#4375,#4376,#4377);
#4375 = CARTESIAN_POINT('',(0.165608,-0.238426537774,0.802814537774));
#4376 = DIRECTION('',(1.,0.,0.));
#4377 = DIRECTION('',(-0.,0.,1.));
#4378 = ADVANCED_FACE('',(#4379),#4397,.T.);
#4379 = FACE_BOUND('',#4380,.T.);
#4380 = EDGE_LOOP('',(#4381,#4389,#4395,#4396));
#4381 = ORIENTED_EDGE('',*,*,#4382,.F.);
#4382 = EDGE_CURVE('',#4383,#4090,#4385,.T.);
#4383 = VERTEX_POINT('',#4384);
#4384 = CARTESIAN_POINT('',(-0.13462,-0.215138,0.810006));
#4385 = LINE('',#4386,#4387);
#4386 = CARTESIAN_POINT('',(-0.13462,-0.215138,0.810006));
#4387 = VECTOR('',#4388,1.);
#4388 = DIRECTION('',(0.,0.,-1.));
#4389 = ORIENTED_EDGE('',*,*,#4390,.T.);
#4390 = EDGE_CURVE('',#4383,#4359,#4391,.T.);
#4391 = LINE('',#4392,#4393);
#4392 = CARTESIAN_POINT('',(-0.13462,-0.215138,0.810006));
#4393 = VECTOR('',#4394,1.);
#4394 = DIRECTION('',(1.,0.,0.));
#4395 = ORIENTED_EDGE('',*,*,#4358,.T.);
#4396 = ORIENTED_EDGE('',*,*,#4097,.T.);
#4397 = PLANE('',#4398);
#4398 = AXIS2_PLACEMENT_3D('',#4399,#4400,#4401);
#4399 = CARTESIAN_POINT('',(1.30583448509E-02,-0.215138,0.802617344851)
  );
#4400 = DIRECTION('',(0.,1.,0.));
#4401 = DIRECTION('',(0.,-0.,1.));
#4402 = ADVANCED_FACE('',(#4403),#4421,.T.);
#4403 = FACE_BOUND('',#4404,.T.);
#4404 = EDGE_LOOP('',(#4405,#4413,#4419,#4420));
#4405 = ORIENTED_EDGE('',*,*,#4406,.F.);
#4406 = EDGE_CURVE('',#4407,#4082,#4409,.T.);
#4407 = VERTEX_POINT('',#4408);
#4408 = CARTESIAN_POINT('',(-0.13462,-0.25527,0.810006));
#4409 = LINE('',#4410,#4411);
#4410 = CARTESIAN_POINT('',(-0.13462,-0.25527,0.810006));
#4411 = VECTOR('',#4412,1.);
#4412 = DIRECTION('',(0.,0.,-1.));
#4413 = ORIENTED_EDGE('',*,*,#4414,.T.);
#4414 = EDGE_CURVE('',#4407,#4383,#4415,.T.);
#4415 = LINE('',#4416,#4417);
#4416 = CARTESIAN_POINT('',(-0.13462,-0.25527,0.810006));
#4417 = VECTOR('',#4418,1.);
#4418 = DIRECTION('',(0.,1.,0.));
#4419 = ORIENTED_EDGE('',*,*,#4382,.T.);
#4420 = ORIENTED_EDGE('',*,*,#4089,.T.);
#4421 = PLANE('',#4422);
#4422 = AXIS2_PLACEMENT_3D('',#4423,#4424,#4425);
#4423 = CARTESIAN_POINT('',(-0.13462,-0.237379374916,0.802877625084));
#4424 = DIRECTION('',(-1.,-0.,-0.));
#4425 = DIRECTION('',(0.,0.,-1.));
#4426 = ADVANCED_FACE('',(#4427),#4445,.T.);
#4427 = FACE_BOUND('',#4428,.T.);
#4428 = EDGE_LOOP('',(#4429,#4437,#4438,#4439));
#4429 = ORIENTED_EDGE('',*,*,#4430,.T.);
#4430 = EDGE_CURVE('',#4431,#4407,#4433,.T.);
#4431 = VERTEX_POINT('',#4432);
#4432 = CARTESIAN_POINT('',(9.7028E-02,-0.25527,0.810006));
#4433 = LINE('',#4434,#4435);
#4434 = CARTESIAN_POINT('',(9.7028E-02,-0.25527,0.810006));
#4435 = VECTOR('',#4436,1.);
#4436 = DIRECTION('',(-1.,0.,0.));
#4437 = ORIENTED_EDGE('',*,*,#4406,.T.);
#4438 = ORIENTED_EDGE('',*,*,#4081,.T.);
#4439 = ORIENTED_EDGE('',*,*,#4440,.T.);
#4440 = EDGE_CURVE('',#4074,#4431,#4441,.T.);
#4441 = LINE('',#4442,#4443);
#4442 = CARTESIAN_POINT('',(9.7028E-02,-0.25527,0.8001));
#4443 = VECTOR('',#4444,1.);
#4444 = DIRECTION('',(0.,0.,1.));
#4445 = PLANE('',#4446);
#4446 = AXIS2_PLACEMENT_3D('',#4447,#4448,#4449);
#4447 = CARTESIAN_POINT('',(8.45633343112E-02,-0.25527,0.806976665689));
#4448 = DIRECTION('',(-0.,-1.,-0.));
#4449 = DIRECTION('',(0.,0.,-1.));
#4450 = ADVANCED_FACE('',(#4451),#4469,.T.);
#4451 = FACE_BOUND('',#4452,.T.);
#4452 = EDGE_LOOP('',(#4453,#4454,#4462,#4468));
#4453 = ORIENTED_EDGE('',*,*,#4073,.T.);
#4454 = ORIENTED_EDGE('',*,*,#4455,.F.);
#4455 = EDGE_CURVE('',#4456,#4066,#4458,.T.);
#4456 = VERTEX_POINT('',#4457);
#4457 = CARTESIAN_POINT('',(0.117856,-0.254,0.810006));
#4458 = LINE('',#4459,#4460);
#4459 = CARTESIAN_POINT('',(0.117856,-0.254,0.810006));
#4460 = VECTOR('',#4461,1.);
#4461 = DIRECTION('',(0.,0.,-1.));
#4462 = ORIENTED_EDGE('',*,*,#4463,.T.);
#4463 = EDGE_CURVE('',#4456,#4431,#4464,.T.);
#4464 = LINE('',#4465,#4466);
#4465 = CARTESIAN_POINT('',(0.117856,-0.254,0.810006));
#4466 = VECTOR('',#4467,1.);
#4467 = DIRECTION('',(-0.998146155389,-6.086257045056E-02,0.));
#4468 = ORIENTED_EDGE('',*,*,#4440,.F.);
#4469 = PLANE('',#4470);
#4470 = AXIS2_PLACEMENT_3D('',#4471,#4472,#4473);
#4471 = CARTESIAN_POINT('',(0.109356953465,-0.254518234545,
    0.803134489915));
#4472 = DIRECTION('',(6.086257045056E-02,-0.998146155389,-0.));
#4473 = DIRECTION('',(-0.998146155389,-6.086257045056E-02,0.));
#4474 = ADVANCED_FACE('',(#4475),#4493,.T.);
#4475 = FACE_BOUND('',#4476,.T.);
#4476 = EDGE_LOOP('',(#4477,#4485,#4491,#4492));
#4477 = ORIENTED_EDGE('',*,*,#4478,.F.);
#4478 = EDGE_CURVE('',#4479,#4058,#4481,.T.);
#4479 = VERTEX_POINT('',#4480);
#4480 = CARTESIAN_POINT('',(0.117856,-0.25527,0.810006));
#4481 = LINE('',#4482,#4483);
#4482 = CARTESIAN_POINT('',(0.117856,-0.25527,0.810006));
#4483 = VECTOR('',#4484,1.);
#4484 = DIRECTION('',(0.,0.,-1.));
#4485 = ORIENTED_EDGE('',*,*,#4486,.T.);
#4486 = EDGE_CURVE('',#4479,#4456,#4487,.T.);
#4487 = LINE('',#4488,#4489);
#4488 = CARTESIAN_POINT('',(0.117856,-0.25527,0.810006));
#4489 = VECTOR('',#4490,1.);
#4490 = DIRECTION('',(0.,1.,0.));
#4491 = ORIENTED_EDGE('',*,*,#4455,.T.);
#4492 = ORIENTED_EDGE('',*,*,#4065,.T.);
#4493 = PLANE('',#4494);
#4494 = AXIS2_PLACEMENT_3D('',#4495,#4496,#4497);
#4495 = CARTESIAN_POINT('',(0.117856,-0.254932230387,0.804755769613));
#4496 = DIRECTION('',(-1.,-0.,-0.));
#4497 = DIRECTION('',(0.,0.,-1.));
#4498 = ADVANCED_FACE('',(#4499),#4517,.T.);
#4499 = FACE_BOUND('',#4500,.T.);
#4500 = EDGE_LOOP('',(#4501,#4509,#4510,#4511));
#4501 = ORIENTED_EDGE('',*,*,#4502,.T.);
#4502 = EDGE_CURVE('',#4503,#4479,#4505,.T.);
#4503 = VERTEX_POINT('',#4504);
#4504 = CARTESIAN_POINT('',(0.10795,-0.259842,0.810006));
#4505 = LINE('',#4506,#4507);
#4506 = CARTESIAN_POINT('',(0.10795,-0.259842,0.810006));
#4507 = VECTOR('',#4508,1.);
#4508 = DIRECTION('',(0.9079593845,0.419058177462,0.));
#4509 = ORIENTED_EDGE('',*,*,#4478,.T.);
#4510 = ORIENTED_EDGE('',*,*,#4057,.T.);
#4511 = ORIENTED_EDGE('',*,*,#4512,.T.);
#4512 = EDGE_CURVE('',#4050,#4503,#4513,.T.);
#4513 = LINE('',#4514,#4515);
#4514 = CARTESIAN_POINT('',(0.10795,-0.259842,0.8001));
#4515 = VECTOR('',#4516,1.);
#4516 = DIRECTION('',(0.,0.,1.));
#4517 = PLANE('',#4518);
#4518 = AXIS2_PLACEMENT_3D('',#4519,#4520,#4521);
#4519 = CARTESIAN_POINT('',(0.114283053091,-0.256919052419,
    0.806572950248));
#4520 = DIRECTION('',(-0.419058177462,0.9079593845,0.));
#4521 = DIRECTION('',(0.9079593845,0.419058177462,0.));
#4522 = ADVANCED_FACE('',(#4523),#4541,.T.);
#4523 = FACE_BOUND('',#4524,.T.);
#4524 = EDGE_LOOP('',(#4525,#4526,#4534,#4540));
#4525 = ORIENTED_EDGE('',*,*,#4049,.T.);
#4526 = ORIENTED_EDGE('',*,*,#4527,.F.);
#4527 = EDGE_CURVE('',#4528,#4042,#4530,.T.);
#4528 = VERTEX_POINT('',#4529);
#4529 = CARTESIAN_POINT('',(9.8298E-02,-0.26543,0.810006));
#4530 = LINE('',#4531,#4532);
#4531 = CARTESIAN_POINT('',(9.8298E-02,-0.26543,0.810006));
#4532 = VECTOR('',#4533,1.);
#4533 = DIRECTION('',(0.,0.,-1.));
#4534 = ORIENTED_EDGE('',*,*,#4535,.T.);
#4535 = EDGE_CURVE('',#4528,#4503,#4536,.T.);
#4536 = LINE('',#4537,#4538);
#4537 = CARTESIAN_POINT('',(9.8298E-02,-0.26543,0.810006));
#4538 = VECTOR('',#4539,1.);
#4539 = DIRECTION('',(0.865426285481,0.501036270542,0.));
#4540 = ORIENTED_EDGE('',*,*,#4512,.F.);
#4541 = PLANE('',#4542);
#4542 = AXIS2_PLACEMENT_3D('',#4543,#4544,#4545);
#4543 = CARTESIAN_POINT('',(0.10179515404,-0.263405331871,0.803517518606
    ));
#4544 = DIRECTION('',(-0.501036270542,0.865426285481,-1.218143722503E-16
    ));
#4545 = DIRECTION('',(0.865426285481,0.501036270542,-3.040670922123E-33)
  );
#4546 = ADVANCED_FACE('',(#4547),#4565,.T.);
#4547 = FACE_BOUND('',#4548,.T.);
#4548 = EDGE_LOOP('',(#4549,#4557,#4563,#4564));
#4549 = ORIENTED_EDGE('',*,*,#4550,.F.);
#4550 = EDGE_CURVE('',#4551,#4034,#4553,.T.);
#4551 = VERTEX_POINT('',#4552);
#4552 = CARTESIAN_POINT('',(-0.13462,-0.412496,0.810006));
#4553 = LINE('',#4554,#4555);
#4554 = CARTESIAN_POINT('',(-0.13462,-0.412496,0.810006));
#4555 = VECTOR('',#4556,1.);
#4556 = DIRECTION('',(0.,0.,-1.));
#4557 = ORIENTED_EDGE('',*,*,#4558,.T.);
#4558 = EDGE_CURVE('',#4551,#4528,#4559,.T.);
#4559 = LINE('',#4560,#4561);
#4560 = CARTESIAN_POINT('',(-0.13462,-0.412496,0.810006));
#4561 = VECTOR('',#4562,1.);
#4562 = DIRECTION('',(0.845554629626,0.533888910091,0.));
#4563 = ORIENTED_EDGE('',*,*,#4527,.T.);
#4564 = ORIENTED_EDGE('',*,*,#4041,.T.);
#4565 = PLANE('',#4566);
#4566 = AXIS2_PLACEMENT_3D('',#4567,#4568,#4569);
#4567 = CARTESIAN_POINT('',(-2.021737630073E-02,-0.3402614099,
    0.802621014852));
#4568 = DIRECTION('',(-0.533888910091,0.845554629626,1.140772163173E-16)
  );
#4569 = DIRECTION('',(0.845554629626,0.533888910091,2.694355115128E-33)
  );
#4570 = ADVANCED_FACE('',(#4571),#4582,.T.);
#4571 = FACE_BOUND('',#4572,.T.);
#4572 = EDGE_LOOP('',(#4573,#4574,#4580,#4581));
#4573 = ORIENTED_EDGE('',*,*,#4010,.F.);
#4574 = ORIENTED_EDGE('',*,*,#4575,.T.);
#4575 = EDGE_CURVE('',#4003,#4551,#4576,.T.);
#4576 = LINE('',#4577,#4578);
#4577 = CARTESIAN_POINT('',(-0.13462,-0.460248,0.810006));
#4578 = VECTOR('',#4579,1.);
#4579 = DIRECTION('',(0.,1.,0.));
#4580 = ORIENTED_EDGE('',*,*,#4550,.T.);
#4581 = ORIENTED_EDGE('',*,*,#4033,.T.);
#4582 = PLANE('',#4583);
#4583 = AXIS2_PLACEMENT_3D('',#4584,#4585,#4586);
#4584 = CARTESIAN_POINT('',(-0.13462,-0.438594334637,0.802830665363));
#4585 = DIRECTION('',(-1.,-0.,-0.));
#4586 = DIRECTION('',(0.,0.,-1.));
#4587 = ADVANCED_FACE('',(#4588),#4614,.T.);
#4588 = FACE_BOUND('',#4589,.T.);
#4589 = EDGE_LOOP('',(#4590,#4591,#4592,#4593,#4594,#4595,#4596,#4597,
    #4598,#4599,#4600,#4606,#4607,#4608,#4609,#4610,#4611,#4612,#4613));
#4590 = ORIENTED_EDGE('',*,*,#4390,.F.);
#4591 = ORIENTED_EDGE('',*,*,#4414,.F.);
#4592 = ORIENTED_EDGE('',*,*,#4430,.F.);
#4593 = ORIENTED_EDGE('',*,*,#4463,.F.);
#4594 = ORIENTED_EDGE('',*,*,#4486,.F.);
#4595 = ORIENTED_EDGE('',*,*,#4502,.F.);
#4596 = ORIENTED_EDGE('',*,*,#4535,.F.);
#4597 = ORIENTED_EDGE('',*,*,#4558,.F.);
#4598 = ORIENTED_EDGE('',*,*,#4575,.F.);
#4599 = ORIENTED_EDGE('',*,*,#4002,.F.);
#4600 = ORIENTED_EDGE('',*,*,#4601,.F.);
#4601 = EDGE_CURVE('',#4192,#3995,#4602,.T.);
#4602 = LINE('',#4603,#4604);
#4603 = CARTESIAN_POINT('',(0.165608,-0.419862,0.810006));
#4604 = VECTOR('',#4605,1.);
#4605 = DIRECTION('',(0.,-1.,0.));
#4606 = ORIENTED_EDGE('',*,*,#4191,.F.);
#4607 = ORIENTED_EDGE('',*,*,#4214,.F.);
#4608 = ORIENTED_EDGE('',*,*,#4247,.F.);
#4609 = ORIENTED_EDGE('',*,*,#4270,.F.);
#4610 = ORIENTED_EDGE('',*,*,#4286,.F.);
#4611 = ORIENTED_EDGE('',*,*,#4319,.F.);
#4612 = ORIENTED_EDGE('',*,*,#4342,.F.);
#4613 = ORIENTED_EDGE('',*,*,#4366,.F.);
#4614 = PLANE('',#4615);
#4615 = AXIS2_PLACEMENT_3D('',#4616,#4617,#4618);
#4616 = CARTESIAN_POINT('',(6.128595330711E-03,-0.225838595331,0.810006)
  );
#4617 = DIRECTION('',(0.,0.,1.));
#4618 = DIRECTION('',(1.,0.,-0.));
#4619 = ADVANCED_FACE('',(#4620),#4626,.T.);
#4620 = FACE_BOUND('',#4621,.T.);
#4621 = EDGE_LOOP('',(#4622,#4623,#4624,#4625));
#4622 = ORIENTED_EDGE('',*,*,#4199,.F.);
#4623 = ORIENTED_EDGE('',*,*,#4601,.T.);
#4624 = ORIENTED_EDGE('',*,*,#3992,.F.);
#4625 = ORIENTED_EDGE('',*,*,#4169,.T.);
#4626 = PLANE('',#4627);
#4627 = AXIS2_PLACEMENT_3D('',#4628,#4629,#4630);
#4628 = CARTESIAN_POINT('',(0.165608,-0.437877785901,0.802875785901));
#4629 = DIRECTION('',(1.,0.,0.));
#4630 = DIRECTION('',(-0.,0.,1.));
#4631 = MANIFOLD_SOLID_BREP('',#4632);
#4632 = CLOSED_SHELL('',(#4633,#4673,#4704,#4735,#4766,#4797,#4828,#4859
    ,#4890,#4921,#4943,#4961));
#4633 = ADVANCED_FACE('',(#4634),#4668,.T.);
#4634 = FACE_BOUND('',#4635,.T.);
#4635 = EDGE_LOOP('',(#4636,#4646,#4654,#4662));
#4636 = ORIENTED_EDGE('',*,*,#4637,.T.);
#4637 = EDGE_CURVE('',#4638,#4640,#4642,.T.);
#4638 = VERTEX_POINT('',#4639);
#4639 = CARTESIAN_POINT('',(0.165608,-0.156464,0.8001));
#4640 = VERTEX_POINT('',#4641);
#4641 = CARTESIAN_POINT('',(0.165608,-0.156464,0.810006));
#4642 = LINE('',#4643,#4644);
#4643 = CARTESIAN_POINT('',(0.165608,-0.156464,0.8001));
#4644 = VECTOR('',#4645,1.);
#4645 = DIRECTION('',(0.,0.,1.));
#4646 = ORIENTED_EDGE('',*,*,#4647,.T.);
#4647 = EDGE_CURVE('',#4640,#4648,#4650,.T.);
#4648 = VERTEX_POINT('',#4649);
#4649 = CARTESIAN_POINT('',(0.132588,-0.156464,0.810006));
#4650 = LINE('',#4651,#4652);
#4651 = CARTESIAN_POINT('',(0.165608,-0.156464,0.810006));
#4652 = VECTOR('',#4653,1.);
#4653 = DIRECTION('',(-1.,0.,0.));
#4654 = ORIENTED_EDGE('',*,*,#4655,.T.);
#4655 = EDGE_CURVE('',#4648,#4656,#4658,.T.);
#4656 = VERTEX_POINT('',#4657);
#4657 = CARTESIAN_POINT('',(0.132588,-0.156464,0.8001));
#4658 = LINE('',#4659,#4660);
#4659 = CARTESIAN_POINT('',(0.132588,-0.156464,0.810006));
#4660 = VECTOR('',#4661,1.);
#4661 = DIRECTION('',(0.,0.,-1.));
#4662 = ORIENTED_EDGE('',*,*,#4663,.T.);
#4663 = EDGE_CURVE('',#4656,#4638,#4664,.T.);
#4664 = LINE('',#4665,#4666);
#4665 = CARTESIAN_POINT('',(0.132588,-0.156464,0.8001));
#4666 = VECTOR('',#4667,1.);
#4667 = DIRECTION('',(1.,0.,0.));
#4668 = PLANE('',#4669);
#4669 = AXIS2_PLACEMENT_3D('',#4670,#4671,#4672);
#4670 = CARTESIAN_POINT('',(0.151211026977,-0.156464,0.802939973023));
#4671 = DIRECTION('',(-0.,-1.,-0.));
#4672 = DIRECTION('',(0.,0.,-1.));
#4673 = ADVANCED_FACE('',(#4674),#4699,.T.);
#4674 = FACE_BOUND('',#4675,.T.);
#4675 = EDGE_LOOP('',(#4676,#4677,#4685,#4693));
#4676 = ORIENTED_EDGE('',*,*,#4655,.F.);
#4677 = ORIENTED_EDGE('',*,*,#4678,.T.);
#4678 = EDGE_CURVE('',#4648,#4679,#4681,.T.);
#4679 = VERTEX_POINT('',#4680);
#4680 = CARTESIAN_POINT('',(0.132588,-4.318E-02,0.810006));
#4681 = LINE('',#4682,#4683);
#4682 = CARTESIAN_POINT('',(0.132588,-0.156464,0.810006));
#4683 = VECTOR('',#4684,1.);
#4684 = DIRECTION('',(0.,1.,0.));
#4685 = ORIENTED_EDGE('',*,*,#4686,.T.);
#4686 = EDGE_CURVE('',#4679,#4687,#4689,.T.);
#4687 = VERTEX_POINT('',#4688);
#4688 = CARTESIAN_POINT('',(0.132588,-4.318E-02,0.8001));
#4689 = LINE('',#4690,#4691);
#4690 = CARTESIAN_POINT('',(0.132588,-4.318E-02,0.810006));
#4691 = VECTOR('',#4692,1.);
#4692 = DIRECTION('',(0.,0.,-1.));
#4693 = ORIENTED_EDGE('',*,*,#4694,.T.);
#4694 = EDGE_CURVE('',#4687,#4656,#4695,.T.);
#4695 = LINE('',#4696,#4697);
#4696 = CARTESIAN_POINT('',(0.132588,-4.318E-02,0.8001));
#4697 = VECTOR('',#4698,1.);
#4698 = DIRECTION('',(0.,-1.,0.));
#4699 = PLANE('',#4700);
#4700 = AXIS2_PLACEMENT_3D('',#4701,#4702,#4703);
#4701 = CARTESIAN_POINT('',(0.132588,-0.10219042873,0.80268457127));
#4702 = DIRECTION('',(-1.,-0.,-0.));
#4703 = DIRECTION('',(0.,0.,-1.));
#4704 = ADVANCED_FACE('',(#4705),#4730,.T.);
#4705 = FACE_BOUND('',#4706,.T.);
#4706 = EDGE_LOOP('',(#4707,#4708,#4716,#4724));
#4707 = ORIENTED_EDGE('',*,*,#4686,.F.);
#4708 = ORIENTED_EDGE('',*,*,#4709,.T.);
#4709 = EDGE_CURVE('',#4679,#4710,#4712,.T.);
#4710 = VERTEX_POINT('',#4711);
#4711 = CARTESIAN_POINT('',(3.0226E-02,-4.318E-02,0.810006));
#4712 = LINE('',#4713,#4714);
#4713 = CARTESIAN_POINT('',(0.132588,-4.318E-02,0.810006));
#4714 = VECTOR('',#4715,1.);
#4715 = DIRECTION('',(-1.,0.,0.));
#4716 = ORIENTED_EDGE('',*,*,#4717,.T.);
#4717 = EDGE_CURVE('',#4710,#4718,#4720,.T.);
#4718 = VERTEX_POINT('',#4719);
#4719 = CARTESIAN_POINT('',(3.0226E-02,-4.318E-02,0.8001));
#4720 = LINE('',#4721,#4722);
#4721 = CARTESIAN_POINT('',(3.0226E-02,-4.318E-02,0.810006));
#4722 = VECTOR('',#4723,1.);
#4723 = DIRECTION('',(0.,0.,-1.));
#4724 = ORIENTED_EDGE('',*,*,#4725,.T.);
#4725 = EDGE_CURVE('',#4718,#4687,#4726,.T.);
#4726 = LINE('',#4727,#4728);
#4727 = CARTESIAN_POINT('',(3.0226E-02,-4.318E-02,0.8001));
#4728 = VECTOR('',#4729,1.);
#4729 = DIRECTION('',(1.,0.,0.));
#4730 = PLANE('',#4731);
#4731 = AXIS2_PLACEMENT_3D('',#4732,#4733,#4734);
#4732 = CARTESIAN_POINT('',(8.376394860954E-02,-4.318E-02,0.80269605139)
  );
#4733 = DIRECTION('',(-0.,-1.,-0.));
#4734 = DIRECTION('',(0.,0.,-1.));
#4735 = ADVANCED_FACE('',(#4736),#4761,.T.);
#4736 = FACE_BOUND('',#4737,.T.);
#4737 = EDGE_LOOP('',(#4738,#4739,#4747,#4755));
#4738 = ORIENTED_EDGE('',*,*,#4717,.F.);
#4739 = ORIENTED_EDGE('',*,*,#4740,.T.);
#4740 = EDGE_CURVE('',#4710,#4741,#4743,.T.);
#4741 = VERTEX_POINT('',#4742);
#4742 = CARTESIAN_POINT('',(3.0226E-02,-0.149098,0.810006));
#4743 = LINE('',#4744,#4745);
#4744 = CARTESIAN_POINT('',(3.0226E-02,-4.318E-02,0.810006));
#4745 = VECTOR('',#4746,1.);
#4746 = DIRECTION('',(0.,-1.,0.));
#4747 = ORIENTED_EDGE('',*,*,#4748,.T.);
#4748 = EDGE_CURVE('',#4741,#4749,#4751,.T.);
#4749 = VERTEX_POINT('',#4750);
#4750 = CARTESIAN_POINT('',(3.0226E-02,-0.149098,0.8001));
#4751 = LINE('',#4752,#4753);
#4752 = CARTESIAN_POINT('',(3.0226E-02,-0.149098,0.810006));
#4753 = VECTOR('',#4754,1.);
#4754 = DIRECTION('',(0.,0.,-1.));
#4755 = ORIENTED_EDGE('',*,*,#4756,.T.);
#4756 = EDGE_CURVE('',#4749,#4718,#4757,.T.);
#4757 = LINE('',#4758,#4759);
#4758 = CARTESIAN_POINT('',(3.0226E-02,-0.149098,0.8001));
#4759 = VECTOR('',#4760,1.);
#4760 = DIRECTION('',(0.,1.,0.));
#4761 = PLANE('',#4762);
#4762 = AXIS2_PLACEMENT_3D('',#4763,#4764,#4765);
#4763 = CARTESIAN_POINT('',(3.0226E-02,-9.377805541449E-02,
    0.802692055414));
#4764 = DIRECTION('',(1.,0.,0.));
#4765 = DIRECTION('',(-0.,0.,1.));
#4766 = ADVANCED_FACE('',(#4767),#4792,.T.);
#4767 = FACE_BOUND('',#4768,.T.);
#4768 = EDGE_LOOP('',(#4769,#4770,#4778,#4786));
#4769 = ORIENTED_EDGE('',*,*,#4748,.F.);
#4770 = ORIENTED_EDGE('',*,*,#4771,.T.);
#4771 = EDGE_CURVE('',#4741,#4772,#4774,.T.);
#4772 = VERTEX_POINT('',#4773);
#4773 = CARTESIAN_POINT('',(-2.794E-03,-0.149098,0.810006));
#4774 = LINE('',#4775,#4776);
#4775 = CARTESIAN_POINT('',(3.0226E-02,-0.149098,0.810006));
#4776 = VECTOR('',#4777,1.);
#4777 = DIRECTION('',(-1.,0.,0.));
#4778 = ORIENTED_EDGE('',*,*,#4779,.T.);
#4779 = EDGE_CURVE('',#4772,#4780,#4782,.T.);
#4780 = VERTEX_POINT('',#4781);
#4781 = CARTESIAN_POINT('',(-2.794E-03,-0.149098,0.8001));
#4782 = LINE('',#4783,#4784);
#4783 = CARTESIAN_POINT('',(-2.794E-03,-0.149098,0.810006));
#4784 = VECTOR('',#4785,1.);
#4785 = DIRECTION('',(0.,0.,-1.));
#4786 = ORIENTED_EDGE('',*,*,#4787,.T.);
#4787 = EDGE_CURVE('',#4780,#4749,#4788,.T.);
#4788 = LINE('',#4789,#4790);
#4789 = CARTESIAN_POINT('',(-2.794E-03,-0.149098,0.8001));
#4790 = VECTOR('',#4791,1.);
#4791 = DIRECTION('',(1.,0.,0.));
#4792 = PLANE('',#4793);
#4793 = AXIS2_PLACEMENT_3D('',#4794,#4795,#4796);
#4794 = CARTESIAN_POINT('',(1.582902697689E-02,-0.149098,0.802939973023)
  );
#4795 = DIRECTION('',(-0.,-1.,-0.));
#4796 = DIRECTION('',(0.,0.,-1.));
#4797 = ADVANCED_FACE('',(#4798),#4823,.T.);
#4798 = FACE_BOUND('',#4799,.T.);
#4799 = EDGE_LOOP('',(#4800,#4801,#4809,#4817));
#4800 = ORIENTED_EDGE('',*,*,#4779,.F.);
#4801 = ORIENTED_EDGE('',*,*,#4802,.T.);
#4802 = EDGE_CURVE('',#4772,#4803,#4805,.T.);
#4803 = VERTEX_POINT('',#4804);
#4804 = CARTESIAN_POINT('',(-2.794E-03,-4.318E-02,0.810006));
#4805 = LINE('',#4806,#4807);
#4806 = CARTESIAN_POINT('',(-2.794E-03,-0.149098,0.810006));
#4807 = VECTOR('',#4808,1.);
#4808 = DIRECTION('',(0.,1.,0.));
#4809 = ORIENTED_EDGE('',*,*,#4810,.T.);
#4810 = EDGE_CURVE('',#4803,#4811,#4813,.T.);
#4811 = VERTEX_POINT('',#4812);
#4812 = CARTESIAN_POINT('',(-2.794E-03,-4.318E-02,0.8001));
#4813 = LINE('',#4814,#4815);
#4814 = CARTESIAN_POINT('',(-2.794E-03,-4.318E-02,0.810006));
#4815 = VECTOR('',#4816,1.);
#4816 = DIRECTION('',(0.,0.,-1.));
#4817 = ORIENTED_EDGE('',*,*,#4818,.T.);
#4818 = EDGE_CURVE('',#4811,#4780,#4819,.T.);
#4819 = LINE('',#4820,#4821);
#4820 = CARTESIAN_POINT('',(-2.794E-03,-4.318E-02,0.8001));
#4821 = VECTOR('',#4822,1.);
#4822 = DIRECTION('',(0.,-1.,0.));
#4823 = PLANE('',#4824);
#4824 = AXIS2_PLACEMENT_3D('',#4825,#4826,#4827);
#4825 = CARTESIAN_POINT('',(-2.794E-03,-9.849994458551E-02,
    0.802692055414));
#4826 = DIRECTION('',(-1.,-0.,-0.));
#4827 = DIRECTION('',(0.,0.,-1.));
#4828 = ADVANCED_FACE('',(#4829),#4854,.T.);
#4829 = FACE_BOUND('',#4830,.T.);
#4830 = EDGE_LOOP('',(#4831,#4832,#4840,#4848));
#4831 = ORIENTED_EDGE('',*,*,#4810,.F.);
#4832 = ORIENTED_EDGE('',*,*,#4833,.T.);
#4833 = EDGE_CURVE('',#4803,#4834,#4836,.T.);
#4834 = VERTEX_POINT('',#4835);
#4835 = CARTESIAN_POINT('',(-0.13462,-4.318E-02,0.810006));
#4836 = LINE('',#4837,#4838);
#4837 = CARTESIAN_POINT('',(-2.794E-03,-4.318E-02,0.810006));
#4838 = VECTOR('',#4839,1.);
#4839 = DIRECTION('',(-1.,0.,0.));
#4840 = ORIENTED_EDGE('',*,*,#4841,.T.);
#4841 = EDGE_CURVE('',#4834,#4842,#4844,.T.);
#4842 = VERTEX_POINT('',#4843);
#4843 = CARTESIAN_POINT('',(-0.13462,-4.318E-02,0.8001));
#4844 = LINE('',#4845,#4846);
#4845 = CARTESIAN_POINT('',(-0.13462,-4.318E-02,0.810006));
#4846 = VECTOR('',#4847,1.);
#4847 = DIRECTION('',(0.,0.,-1.));
#4848 = ORIENTED_EDGE('',*,*,#4849,.T.);
#4849 = EDGE_CURVE('',#4842,#4811,#4850,.T.);
#4850 = LINE('',#4851,#4852);
#4851 = CARTESIAN_POINT('',(-0.13462,-4.318E-02,0.8001));
#4852 = VECTOR('',#4853,1.);
#4853 = DIRECTION('',(1.,0.,0.));
#4854 = PLANE('',#4855);
#4855 = AXIS2_PLACEMENT_3D('',#4856,#4857,#4858);
#4856 = CARTESIAN_POINT('',(-6.632341670438E-02,-4.318E-02,
    0.802669416704));
#4857 = DIRECTION('',(-0.,-1.,-0.));
#4858 = DIRECTION('',(0.,0.,-1.));
#4859 = ADVANCED_FACE('',(#4860),#4885,.T.);
#4860 = FACE_BOUND('',#4861,.T.);
#4861 = EDGE_LOOP('',(#4862,#4863,#4871,#4879));
#4862 = ORIENTED_EDGE('',*,*,#4841,.F.);
#4863 = ORIENTED_EDGE('',*,*,#4864,.T.);
#4864 = EDGE_CURVE('',#4834,#4865,#4867,.T.);
#4865 = VERTEX_POINT('',#4866);
#4866 = CARTESIAN_POINT('',(-0.13462,-2.794E-03,0.810006));
#4867 = LINE('',#4868,#4869);
#4868 = CARTESIAN_POINT('',(-0.13462,-4.318E-02,0.810006));
#4869 = VECTOR('',#4870,1.);
#4870 = DIRECTION('',(0.,1.,0.));
#4871 = ORIENTED_EDGE('',*,*,#4872,.T.);
#4872 = EDGE_CURVE('',#4865,#4873,#4875,.T.);
#4873 = VERTEX_POINT('',#4874);
#4874 = CARTESIAN_POINT('',(-0.13462,-2.794E-03,0.8001));
#4875 = LINE('',#4876,#4877);
#4876 = CARTESIAN_POINT('',(-0.13462,-2.794E-03,0.810006));
#4877 = VECTOR('',#4878,1.);
#4878 = DIRECTION('',(0.,0.,-1.));
#4879 = ORIENTED_EDGE('',*,*,#4880,.T.);
#4880 = EDGE_CURVE('',#4873,#4842,#4881,.T.);
#4881 = LINE('',#4882,#4883);
#4882 = CARTESIAN_POINT('',(-0.13462,-2.794E-03,0.8001));
#4883 = VECTOR('',#4884,1.);
#4884 = DIRECTION('',(0.,-1.,0.));
#4885 = PLANE('',#4886);
#4886 = AXIS2_PLACEMENT_3D('',#4887,#4888,#4889);
#4887 = CARTESIAN_POINT('',(-0.13462,-2.516421409897E-02,0.802875785901)
  );
#4888 = DIRECTION('',(-1.,-0.,-0.));
#4889 = DIRECTION('',(0.,0.,-1.));
#4890 = ADVANCED_FACE('',(#4891),#4916,.T.);
#4891 = FACE_BOUND('',#4892,.T.);
#4892 = EDGE_LOOP('',(#4893,#4894,#4902,#4910));
#4893 = ORIENTED_EDGE('',*,*,#4872,.F.);
#4894 = ORIENTED_EDGE('',*,*,#4895,.T.);
#4895 = EDGE_CURVE('',#4865,#4896,#4898,.T.);
#4896 = VERTEX_POINT('',#4897);
#4897 = CARTESIAN_POINT('',(0.165608,-2.794E-03,0.810006));
#4898 = LINE('',#4899,#4900);
#4899 = CARTESIAN_POINT('',(-0.13462,-2.794E-03,0.810006));
#4900 = VECTOR('',#4901,1.);
#4901 = DIRECTION('',(1.,0.,0.));
#4902 = ORIENTED_EDGE('',*,*,#4903,.T.);
#4903 = EDGE_CURVE('',#4896,#4904,#4906,.T.);
#4904 = VERTEX_POINT('',#4905);
#4905 = CARTESIAN_POINT('',(0.165608,-2.794E-03,0.8001));
#4906 = LINE('',#4907,#4908);
#4907 = CARTESIAN_POINT('',(0.165608,-2.794E-03,0.810006));
#4908 = VECTOR('',#4909,1.);
#4909 = DIRECTION('',(0.,0.,-1.));
#4910 = ORIENTED_EDGE('',*,*,#4911,.T.);
#4911 = EDGE_CURVE('',#4904,#4873,#4912,.T.);
#4912 = LINE('',#4913,#4914);
#4913 = CARTESIAN_POINT('',(0.165608,-2.794E-03,0.8001));
#4914 = VECTOR('',#4915,1.);
#4915 = DIRECTION('',(-1.,0.,0.));
#4916 = PLANE('',#4917);
#4917 = AXIS2_PLACEMENT_3D('',#4918,#4919,#4920);
#4918 = CARTESIAN_POINT('',(1.30583448509E-02,-2.794E-03,0.802617344851)
  );
#4919 = DIRECTION('',(0.,1.,0.));
#4920 = DIRECTION('',(0.,-0.,1.));
#4921 = ADVANCED_FACE('',(#4922),#4938,.T.);
#4922 = FACE_BOUND('',#4923,.T.);
#4923 = EDGE_LOOP('',(#4924,#4925,#4931,#4932));
#4924 = ORIENTED_EDGE('',*,*,#4903,.F.);
#4925 = ORIENTED_EDGE('',*,*,#4926,.T.);
#4926 = EDGE_CURVE('',#4896,#4640,#4927,.T.);
#4927 = LINE('',#4928,#4929);
#4928 = CARTESIAN_POINT('',(0.165608,-2.794E-03,0.810006));
#4929 = VECTOR('',#4930,1.);
#4930 = DIRECTION('',(0.,-1.,0.));
#4931 = ORIENTED_EDGE('',*,*,#4637,.F.);
#4932 = ORIENTED_EDGE('',*,*,#4933,.T.);
#4933 = EDGE_CURVE('',#4638,#4904,#4934,.T.);
#4934 = LINE('',#4935,#4936);
#4935 = CARTESIAN_POINT('',(0.165608,-0.156464,0.8001));
#4936 = VECTOR('',#4937,1.);
#4937 = DIRECTION('',(0.,1.,0.));
#4938 = PLANE('',#4939);
#4939 = AXIS2_PLACEMENT_3D('',#4940,#4941,#4942);
#4940 = CARTESIAN_POINT('',(0.165608,-7.723223832303E-02,0.802656238323)
  );
#4941 = DIRECTION('',(1.,0.,0.));
#4942 = DIRECTION('',(-0.,0.,1.));
#4943 = ADVANCED_FACE('',(#4944),#4956,.T.);
#4944 = FACE_BOUND('',#4945,.T.);
#4945 = EDGE_LOOP('',(#4946,#4947,#4948,#4949,#4950,#4951,#4952,#4953,
    #4954,#4955));
#4946 = ORIENTED_EDGE('',*,*,#4911,.F.);
#4947 = ORIENTED_EDGE('',*,*,#4933,.F.);
#4948 = ORIENTED_EDGE('',*,*,#4663,.F.);
#4949 = ORIENTED_EDGE('',*,*,#4694,.F.);
#4950 = ORIENTED_EDGE('',*,*,#4725,.F.);
#4951 = ORIENTED_EDGE('',*,*,#4756,.F.);
#4952 = ORIENTED_EDGE('',*,*,#4787,.F.);
#4953 = ORIENTED_EDGE('',*,*,#4818,.F.);
#4954 = ORIENTED_EDGE('',*,*,#4849,.F.);
#4955 = ORIENTED_EDGE('',*,*,#4880,.F.);
#4956 = PLANE('',#4957);
#4957 = AXIS2_PLACEMENT_3D('',#4958,#4959,#4960);
#4958 = CARTESIAN_POINT('',(1.517584797201E-02,-1.306925621183E-02,
    0.8001));
#4959 = DIRECTION('',(-0.,-0.,-1.));
#4960 = DIRECTION('',(-1.,0.,0.));
#4961 = ADVANCED_FACE('',(#4962),#4974,.T.);
#4962 = FACE_BOUND('',#4963,.T.);
#4963 = EDGE_LOOP('',(#4964,#4965,#4966,#4967,#4968,#4969,#4970,#4971,
    #4972,#4973));
#4964 = ORIENTED_EDGE('',*,*,#4895,.F.);
#4965 = ORIENTED_EDGE('',*,*,#4864,.F.);
#4966 = ORIENTED_EDGE('',*,*,#4833,.F.);
#4967 = ORIENTED_EDGE('',*,*,#4802,.F.);
#4968 = ORIENTED_EDGE('',*,*,#4771,.F.);
#4969 = ORIENTED_EDGE('',*,*,#4740,.F.);
#4970 = ORIENTED_EDGE('',*,*,#4709,.F.);
#4971 = ORIENTED_EDGE('',*,*,#4678,.F.);
#4972 = ORIENTED_EDGE('',*,*,#4647,.F.);
#4973 = ORIENTED_EDGE('',*,*,#4926,.F.);
#4974 = PLANE('',#4975);
#4975 = AXIS2_PLACEMENT_3D('',#4976,#4977,#4978);
#4976 = CARTESIAN_POINT('',(6.073534808134E-03,-1.356653480813E-02,
    0.810006));
#4977 = DIRECTION('',(0.,0.,1.));
#4978 = DIRECTION('',(1.,0.,-0.));
#4979 = MANIFOLD_SOLID_BREP('',#4980);
#4980 = CLOSED_SHELL('',(#4981,#5021,#5052,#5083,#5114,#5154,#5185,#5216
    ,#5247,#5278,#5300,#5331,#5362,#5393,#5424,#5455,#5486,#5508,#5671,
    #5702,#5726,#5750,#5774,#5798,#5822,#5846,#5870,#5894,#5918,#5942,
    #5966,#5990,#6014,#6038,#6062,#6079,#6104));
#4981 = ADVANCED_FACE('',(#4982),#5016,.T.);
#4982 = FACE_BOUND('',#4983,.T.);
#4983 = EDGE_LOOP('',(#4984,#4994,#5002,#5010));
#4984 = ORIENTED_EDGE('',*,*,#4985,.T.);
#4985 = EDGE_CURVE('',#4986,#4988,#4990,.T.);
#4986 = VERTEX_POINT('',#4987);
#4987 = CARTESIAN_POINT('',(-0.13462,0.211836,0.8001));
#4988 = VERTEX_POINT('',#4989);
#4989 = CARTESIAN_POINT('',(-0.13462,0.211836,0.810006));
#4990 = LINE('',#4991,#4992);
#4991 = CARTESIAN_POINT('',(-0.13462,0.211836,0.8001));
#4992 = VECTOR('',#4993,1.);
#4993 = DIRECTION('',(0.,0.,1.));
#4994 = ORIENTED_EDGE('',*,*,#4995,.T.);
#4995 = EDGE_CURVE('',#4988,#4996,#4998,.T.);
#4996 = VERTEX_POINT('',#4997);
#4997 = CARTESIAN_POINT('',(-0.13462,0.29337,0.810006));
#4998 = LINE('',#4999,#5000);
#4999 = CARTESIAN_POINT('',(-0.13462,0.211836,0.810006));
#5000 = VECTOR('',#5001,1.);
#5001 = DIRECTION('',(0.,1.,0.));
#5002 = ORIENTED_EDGE('',*,*,#5003,.T.);
#5003 = EDGE_CURVE('',#4996,#5004,#5006,.T.);
#5004 = VERTEX_POINT('',#5005);
#5005 = CARTESIAN_POINT('',(-0.13462,0.29337,0.8001));
#5006 = LINE('',#5007,#5008);
#5007 = CARTESIAN_POINT('',(-0.13462,0.29337,0.810006));
#5008 = VECTOR('',#5009,1.);
#5009 = DIRECTION('',(0.,0.,-1.));
#5010 = ORIENTED_EDGE('',*,*,#5011,.T.);
#5011 = EDGE_CURVE('',#5004,#4986,#5012,.T.);
#5012 = LINE('',#5013,#5014);
#5013 = CARTESIAN_POINT('',(-0.13462,0.29337,0.8001));
#5014 = VECTOR('',#5015,1.);
#5015 = DIRECTION('',(0.,-1.,0.));
#5016 = PLANE('',#5017);
#5017 = AXIS2_PLACEMENT_3D('',#5018,#5019,#5020);
#5018 = CARTESIAN_POINT('',(-0.13462,0.250276390477,0.802726390477));
#5019 = DIRECTION('',(-1.,-0.,-0.));
#5020 = DIRECTION('',(0.,0.,-1.));
#5021 = ADVANCED_FACE('',(#5022),#5047,.T.);
#5022 = FACE_BOUND('',#5023,.T.);
#5023 = EDGE_LOOP('',(#5024,#5025,#5033,#5041));
#5024 = ORIENTED_EDGE('',*,*,#5003,.F.);
#5025 = ORIENTED_EDGE('',*,*,#5026,.T.);
#5026 = EDGE_CURVE('',#4996,#5027,#5029,.T.);
#5027 = VERTEX_POINT('',#5028);
#5028 = CARTESIAN_POINT('',(0.165608,0.29337,0.810006));
#5029 = LINE('',#5030,#5031);
#5030 = CARTESIAN_POINT('',(-0.13462,0.29337,0.810006));
#5031 = VECTOR('',#5032,1.);
#5032 = DIRECTION('',(1.,0.,0.));
#5033 = ORIENTED_EDGE('',*,*,#5034,.T.);
#5034 = EDGE_CURVE('',#5027,#5035,#5037,.T.);
#5035 = VERTEX_POINT('',#5036);
#5036 = CARTESIAN_POINT('',(0.165608,0.29337,0.8001));
#5037 = LINE('',#5038,#5039);
#5038 = CARTESIAN_POINT('',(0.165608,0.29337,0.810006));
#5039 = VECTOR('',#5040,1.);
#5040 = DIRECTION('',(0.,0.,-1.));
#5041 = ORIENTED_EDGE('',*,*,#5042,.T.);
#5042 = EDGE_CURVE('',#5035,#5004,#5043,.T.);
#5043 = LINE('',#5044,#5045);
#5044 = CARTESIAN_POINT('',(0.165608,0.29337,0.8001));
#5045 = VECTOR('',#5046,1.);
#5046 = DIRECTION('',(-1.,0.,0.));
#5047 = PLANE('',#5048);
#5048 = AXIS2_PLACEMENT_3D('',#5049,#5050,#5051);
#5049 = CARTESIAN_POINT('',(1.30583448509E-02,0.29337,0.802617344851));
#5050 = DIRECTION('',(0.,1.,0.));
#5051 = DIRECTION('',(0.,-0.,1.));
#5052 = ADVANCED_FACE('',(#5053),#5078,.T.);
#5053 = FACE_BOUND('',#5054,.T.);
#5054 = EDGE_LOOP('',(#5055,#5056,#5064,#5072));
#5055 = ORIENTED_EDGE('',*,*,#5034,.F.);
#5056 = ORIENTED_EDGE('',*,*,#5057,.T.);
#5057 = EDGE_CURVE('',#5027,#5058,#5060,.T.);
#5058 = VERTEX_POINT('',#5059);
#5059 = CARTESIAN_POINT('',(0.165608,0.208788,0.810006));
#5060 = LINE('',#5061,#5062);
#5061 = CARTESIAN_POINT('',(0.165608,0.29337,0.810006));
#5062 = VECTOR('',#5063,1.);
#5063 = DIRECTION('',(0.,-1.,0.));
#5064 = ORIENTED_EDGE('',*,*,#5065,.T.);
#5065 = EDGE_CURVE('',#5058,#5066,#5068,.T.);
#5066 = VERTEX_POINT('',#5067);
#5067 = CARTESIAN_POINT('',(0.165608,0.208788,0.8001));
#5068 = LINE('',#5069,#5070);
#5069 = CARTESIAN_POINT('',(0.165608,0.208788,0.810006));
#5070 = VECTOR('',#5071,1.);
#5071 = DIRECTION('',(0.,0.,-1.));
#5072 = ORIENTED_EDGE('',*,*,#5073,.T.);
#5073 = EDGE_CURVE('',#5066,#5035,#5074,.T.);
#5074 = LINE('',#5075,#5076);
#5075 = CARTESIAN_POINT('',(0.165608,0.208788,0.8001));
#5076 = VECTOR('',#5077,1.);
#5077 = DIRECTION('',(0.,1.,0.));
#5078 = PLANE('',#5079);
#5079 = AXIS2_PLACEMENT_3D('',#5080,#5081,#5082);
#5080 = CARTESIAN_POINT('',(0.165608,0.253410973638,0.802721026362));
#5081 = DIRECTION('',(1.,0.,0.));
#5082 = DIRECTION('',(-0.,0.,1.));
#5083 = ADVANCED_FACE('',(#5084),#5109,.T.);
#5084 = FACE_BOUND('',#5085,.T.);
#5085 = EDGE_LOOP('',(#5086,#5094,#5095,#5103));
#5086 = ORIENTED_EDGE('',*,*,#5087,.T.);
#5087 = EDGE_CURVE('',#5088,#5066,#5090,.T.);
#5088 = VERTEX_POINT('',#5089);
#5089 = CARTESIAN_POINT('',(0.162052,0.171196,0.8001));
#5090 = LINE('',#5091,#5092);
#5091 = CARTESIAN_POINT('',(0.162052,0.171196,0.8001));
#5092 = VECTOR('',#5093,1.);
#5093 = DIRECTION('',(9.417419115948E-02,0.995555735115,0.));
#5094 = ORIENTED_EDGE('',*,*,#5065,.F.);
#5095 = ORIENTED_EDGE('',*,*,#5096,.T.);
#5096 = EDGE_CURVE('',#5058,#5097,#5099,.T.);
#5097 = VERTEX_POINT('',#5098);
#5098 = CARTESIAN_POINT('',(0.162052,0.171196,0.810006));
#5099 = LINE('',#5100,#5101);
#5100 = CARTESIAN_POINT('',(0.165608,0.208788,0.810006));
#5101 = VECTOR('',#5102,1.);
#5102 = DIRECTION('',(-9.417419115948E-02,-0.995555735115,0.));
#5103 = ORIENTED_EDGE('',*,*,#5104,.F.);
#5104 = EDGE_CURVE('',#5088,#5097,#5105,.T.);
#5105 = LINE('',#5106,#5107);
#5106 = CARTESIAN_POINT('',(0.162052,0.171196,0.8001));
#5107 = VECTOR('',#5108,1.);
#5108 = DIRECTION('',(0.,0.,1.));
#5109 = PLANE('',#5110);
#5110 = AXIS2_PLACEMENT_3D('',#5111,#5112,#5113);
#5111 = CARTESIAN_POINT('',(0.164033139319,0.192139472804,0.802895940653
    ));
#5112 = DIRECTION('',(0.995555735115,-9.417419115948E-02,0.));
#5113 = DIRECTION('',(9.417419115948E-02,0.995555735115,0.));
#5114 = ADVANCED_FACE('',(#5115),#5149,.T.);
#5115 = FACE_BOUND('',#5116,.T.);
#5116 = EDGE_LOOP('',(#5117,#5127,#5135,#5143));
#5117 = ORIENTED_EDGE('',*,*,#5118,.T.);
#5118 = EDGE_CURVE('',#5119,#5121,#5123,.T.);
#5119 = VERTEX_POINT('',#5120);
#5120 = CARTESIAN_POINT('',(5.334E-02,5.5372E-02,0.810006));
#5121 = VERTEX_POINT('',#5122);
#5122 = CARTESIAN_POINT('',(1.9304E-02,5.207E-02,0.810006));
#5123 = LINE('',#5124,#5125);
#5124 = CARTESIAN_POINT('',(5.334E-02,5.5372E-02,0.810006));
#5125 = VECTOR('',#5126,1.);
#5126 = DIRECTION('',(-0.995327012629,-9.656157585207E-02,0.));
#5127 = ORIENTED_EDGE('',*,*,#5128,.T.);
#5128 = EDGE_CURVE('',#5121,#5129,#5131,.T.);
#5129 = VERTEX_POINT('',#5130);
#5130 = CARTESIAN_POINT('',(1.9304E-02,5.207E-02,0.8001));
#5131 = LINE('',#5132,#5133);
#5132 = CARTESIAN_POINT('',(1.9304E-02,5.207E-02,0.810006));
#5133 = VECTOR('',#5134,1.);
#5134 = DIRECTION('',(0.,0.,-1.));
#5135 = ORIENTED_EDGE('',*,*,#5136,.T.);
#5136 = EDGE_CURVE('',#5129,#5137,#5139,.T.);
#5137 = VERTEX_POINT('',#5138);
#5138 = CARTESIAN_POINT('',(5.334E-02,5.5372E-02,0.8001));
#5139 = LINE('',#5140,#5141);
#5140 = CARTESIAN_POINT('',(1.9304E-02,5.207E-02,0.8001));
#5141 = VECTOR('',#5142,1.);
#5142 = DIRECTION('',(0.995327012629,9.656157585207E-02,0.));
#5143 = ORIENTED_EDGE('',*,*,#5144,.T.);
#5144 = EDGE_CURVE('',#5137,#5119,#5145,.T.);
#5145 = LINE('',#5146,#5147);
#5146 = CARTESIAN_POINT('',(5.334E-02,5.5372E-02,0.8001));
#5147 = VECTOR('',#5148,1.);
#5148 = DIRECTION('',(0.,0.,1.));
#5149 = PLANE('',#5150);
#5150 = AXIS2_PLACEMENT_3D('',#5151,#5152,#5153);
#5151 = CARTESIAN_POINT('',(3.420690710392E-02,5.351580442053E-02,
    0.807178023102));
#5152 = DIRECTION('',(9.656157585207E-02,-0.995327012629,-0.));
#5153 = DIRECTION('',(-0.995327012629,-9.656157585207E-02,0.));
#5154 = ADVANCED_FACE('',(#5155),#5180,.T.);
#5155 = FACE_BOUND('',#5156,.T.);
#5156 = EDGE_LOOP('',(#5157,#5165,#5166,#5174));
#5157 = ORIENTED_EDGE('',*,*,#5158,.T.);
#5158 = EDGE_CURVE('',#5159,#5119,#5161,.T.);
#5159 = VERTEX_POINT('',#5160);
#5160 = CARTESIAN_POINT('',(8.2296E-02,6.4516E-02,0.810006));
#5161 = LINE('',#5162,#5163);
#5162 = CARTESIAN_POINT('',(8.2296E-02,6.4516E-02,0.810006));
#5163 = VECTOR('',#5164,1.);
#5164 = DIRECTION('',(-0.953582665134,-0.301131367937,0.));
#5165 = ORIENTED_EDGE('',*,*,#5144,.F.);
#5166 = ORIENTED_EDGE('',*,*,#5167,.T.);
#5167 = EDGE_CURVE('',#5137,#5168,#5170,.T.);
#5168 = VERTEX_POINT('',#5169);
#5169 = CARTESIAN_POINT('',(8.2296E-02,6.4516E-02,0.8001));
#5170 = LINE('',#5171,#5172);
#5171 = CARTESIAN_POINT('',(5.334E-02,5.5372E-02,0.8001));
#5172 = VECTOR('',#5173,1.);
#5173 = DIRECTION('',(0.953582665134,0.301131367937,0.));
#5174 = ORIENTED_EDGE('',*,*,#5175,.T.);
#5175 = EDGE_CURVE('',#5168,#5159,#5176,.T.);
#5176 = LINE('',#5177,#5178);
#5177 = CARTESIAN_POINT('',(8.2296E-02,6.4516E-02,0.8001));
#5178 = VECTOR('',#5179,1.);
#5179 = DIRECTION('',(0.,0.,1.));
#5180 = PLANE('',#5181);
#5181 = AXIS2_PLACEMENT_3D('',#5182,#5183,#5184);
#5182 = CARTESIAN_POINT('',(6.583191426087E-02,5.931681502975E-02,
    0.807135762));
#5183 = DIRECTION('',(0.301131367937,-0.953582665134,1.721216361296E-16)
  );
#5184 = DIRECTION('',(-0.953582665134,-0.301131367937,
    -5.471300114312E-33));
#5185 = ADVANCED_FACE('',(#5186),#5211,.T.);
#5186 = FACE_BOUND('',#5187,.T.);
#5187 = EDGE_LOOP('',(#5188,#5196,#5197,#5205));
#5188 = ORIENTED_EDGE('',*,*,#5189,.T.);
#5189 = EDGE_CURVE('',#5190,#5159,#5192,.T.);
#5190 = VERTEX_POINT('',#5191);
#5191 = CARTESIAN_POINT('',(0.107696,7.9756E-02,0.810006));
#5192 = LINE('',#5193,#5194);
#5193 = CARTESIAN_POINT('',(0.107696,7.9756E-02,0.810006));
#5194 = VECTOR('',#5195,1.);
#5195 = DIRECTION('',(-0.857492925713,-0.514495755428,0.));
#5196 = ORIENTED_EDGE('',*,*,#5175,.F.);
#5197 = ORIENTED_EDGE('',*,*,#5198,.T.);
#5198 = EDGE_CURVE('',#5168,#5199,#5201,.T.);
#5199 = VERTEX_POINT('',#5200);
#5200 = CARTESIAN_POINT('',(0.107696,7.9756E-02,0.8001));
#5201 = LINE('',#5202,#5203);
#5202 = CARTESIAN_POINT('',(8.2296E-02,6.4516E-02,0.8001));
#5203 = VECTOR('',#5204,1.);
#5204 = DIRECTION('',(0.857492925713,0.514495755428,0.));
#5205 = ORIENTED_EDGE('',*,*,#5206,.T.);
#5206 = EDGE_CURVE('',#5199,#5190,#5207,.T.);
#5207 = LINE('',#5208,#5209);
#5208 = CARTESIAN_POINT('',(0.107696,7.9756E-02,0.8001));
#5209 = VECTOR('',#5210,1.);
#5210 = DIRECTION('',(0.,0.,1.));
#5211 = PLANE('',#5212);
#5212 = AXIS2_PLACEMENT_3D('',#5213,#5214,#5215);
#5213 = CARTESIAN_POINT('',(9.321809627385E-02,7.106925776431E-02,
    0.80712637422));
#5214 = DIRECTION('',(0.514495755428,-0.857492925713,-0.));
#5215 = DIRECTION('',(-0.857492925713,-0.514495755428,0.));
#5216 = ADVANCED_FACE('',(#5217),#5242,.T.);
#5217 = FACE_BOUND('',#5218,.T.);
#5218 = EDGE_LOOP('',(#5219,#5227,#5228,#5236));
#5219 = ORIENTED_EDGE('',*,*,#5220,.T.);
#5220 = EDGE_CURVE('',#5221,#5190,#5223,.T.);
#5221 = VERTEX_POINT('',#5222);
#5222 = CARTESIAN_POINT('',(0.133096,0.105664,0.810006));
#5223 = LINE('',#5224,#5225);
#5224 = CARTESIAN_POINT('',(0.133096,0.105664,0.810006));
#5225 = VECTOR('',#5226,1.);
#5226 = DIRECTION('',(-0.700071410926,-0.714072839145,0.));
#5227 = ORIENTED_EDGE('',*,*,#5206,.F.);
#5228 = ORIENTED_EDGE('',*,*,#5229,.T.);
#5229 = EDGE_CURVE('',#5199,#5230,#5232,.T.);
#5230 = VERTEX_POINT('',#5231);
#5231 = CARTESIAN_POINT('',(0.133096,0.105664,0.8001));
#5232 = LINE('',#5233,#5234);
#5233 = CARTESIAN_POINT('',(0.107696,7.9756E-02,0.8001));
#5234 = VECTOR('',#5235,1.);
#5235 = DIRECTION('',(0.700071410926,0.714072839145,0.));
#5236 = ORIENTED_EDGE('',*,*,#5237,.T.);
#5237 = EDGE_CURVE('',#5230,#5221,#5238,.T.);
#5238 = LINE('',#5239,#5240);
#5239 = CARTESIAN_POINT('',(0.133096,0.105664,0.8001));
#5240 = VECTOR('',#5241,1.);
#5241 = DIRECTION('',(0.,0.,1.));
#5242 = PLANE('',#5243);
#5243 = AXIS2_PLACEMENT_3D('',#5244,#5245,#5246);
#5244 = CARTESIAN_POINT('',(0.118894697384,9.117867133185E-02,
    0.80719749925));
#5245 = DIRECTION('',(0.714072839145,-0.700071410926,1.817082751491E-16)
  );
#5246 = DIRECTION('',(0.700071410926,0.714072839145,-1.183434748022E-32)
  );
#5247 = ADVANCED_FACE('',(#5248),#5273,.T.);
#5248 = FACE_BOUND('',#5249,.T.);
#5249 = EDGE_LOOP('',(#5250,#5258,#5259,#5267));
#5250 = ORIENTED_EDGE('',*,*,#5251,.T.);
#5251 = EDGE_CURVE('',#5252,#5221,#5254,.T.);
#5252 = VERTEX_POINT('',#5253);
#5253 = CARTESIAN_POINT('',(0.15113,0.136144,0.810006));
#5254 = LINE('',#5255,#5256);
#5255 = CARTESIAN_POINT('',(0.15113,0.136144,0.810006));
#5256 = VECTOR('',#5257,1.);
#5257 = DIRECTION('',(-0.509212491252,-0.860640830285,0.));
#5258 = ORIENTED_EDGE('',*,*,#5237,.F.);
#5259 = ORIENTED_EDGE('',*,*,#5260,.T.);
#5260 = EDGE_CURVE('',#5230,#5261,#5263,.T.);
#5261 = VERTEX_POINT('',#5262);
#5262 = CARTESIAN_POINT('',(0.15113,0.136144,0.8001));
#5263 = LINE('',#5264,#5265);
#5264 = CARTESIAN_POINT('',(0.133096,0.105664,0.8001));
#5265 = VECTOR('',#5266,1.);
#5266 = DIRECTION('',(0.509212491252,0.860640830285,0.));
#5267 = ORIENTED_EDGE('',*,*,#5268,.T.);
#5268 = EDGE_CURVE('',#5261,#5252,#5269,.T.);
#5269 = LINE('',#5270,#5271);
#5270 = CARTESIAN_POINT('',(0.15113,0.136144,0.8001));
#5271 = VECTOR('',#5272,1.);
#5272 = DIRECTION('',(0.,0.,1.));
#5273 = PLANE('',#5274);
#5274 = AXIS2_PLACEMENT_3D('',#5275,#5276,#5277);
#5275 = CARTESIAN_POINT('',(0.14102497951,0.11906509213,0.80718967282));
#5276 = DIRECTION('',(0.860640830285,-0.509212491252,-2.416211729441E-16
    ));
#5277 = DIRECTION('',(0.509212491252,0.860640830285,-1.242125739322E-32)
  );
#5278 = ADVANCED_FACE('',(#5279),#5295,.T.);
#5279 = FACE_BOUND('',#5280,.T.);
#5280 = EDGE_LOOP('',(#5281,#5287,#5288,#5294));
#5281 = ORIENTED_EDGE('',*,*,#5282,.T.);
#5282 = EDGE_CURVE('',#5097,#5252,#5283,.T.);
#5283 = LINE('',#5284,#5285);
#5284 = CARTESIAN_POINT('',(0.162052,0.171196,0.810006));
#5285 = VECTOR('',#5286,1.);
#5286 = DIRECTION('',(-0.297487042039,-0.954725855845,0.));
#5287 = ORIENTED_EDGE('',*,*,#5268,.F.);
#5288 = ORIENTED_EDGE('',*,*,#5289,.T.);
#5289 = EDGE_CURVE('',#5261,#5088,#5290,.T.);
#5290 = LINE('',#5291,#5292);
#5291 = CARTESIAN_POINT('',(0.15113,0.136144,0.8001));
#5292 = VECTOR('',#5293,1.);
#5293 = DIRECTION('',(0.297487042039,0.954725855845,0.));
#5294 = ORIENTED_EDGE('',*,*,#5104,.T.);
#5295 = PLANE('',#5296);
#5296 = AXIS2_PLACEMENT_3D('',#5297,#5298,#5299);
#5297 = CARTESIAN_POINT('',(0.155951916976,0.151618989363,0.807201271804
    ));
#5298 = DIRECTION('',(0.954725855845,-0.297487042039,0.));
#5299 = DIRECTION('',(0.297487042039,0.954725855845,0.));
#5300 = ADVANCED_FACE('',(#5301),#5326,.T.);
#5301 = FACE_BOUND('',#5302,.T.);
#5302 = EDGE_LOOP('',(#5303,#5311,#5312,#5320));
#5303 = ORIENTED_EDGE('',*,*,#5304,.T.);
#5304 = EDGE_CURVE('',#5305,#4988,#5307,.T.);
#5305 = VERTEX_POINT('',#5306);
#5306 = CARTESIAN_POINT('',(-0.130556,0.170688,0.810006));
#5307 = LINE('',#5308,#5309);
#5308 = CARTESIAN_POINT('',(-0.130556,0.170688,0.810006));
#5309 = VECTOR('',#5310,1.);
#5310 = DIRECTION('',(-9.828721869343E-02,0.995158089271,0.));
#5311 = ORIENTED_EDGE('',*,*,#4985,.F.);
#5312 = ORIENTED_EDGE('',*,*,#5313,.T.);
#5313 = EDGE_CURVE('',#4986,#5314,#5316,.T.);
#5314 = VERTEX_POINT('',#5315);
#5315 = CARTESIAN_POINT('',(-0.130556,0.170688,0.8001));
#5316 = LINE('',#5317,#5318);
#5317 = CARTESIAN_POINT('',(-0.13462,0.211836,0.8001));
#5318 = VECTOR('',#5319,1.);
#5319 = DIRECTION('',(9.828721869343E-02,-0.995158089271,0.));
#5320 = ORIENTED_EDGE('',*,*,#5321,.T.);
#5321 = EDGE_CURVE('',#5314,#5305,#5322,.T.);
#5322 = LINE('',#5323,#5324);
#5323 = CARTESIAN_POINT('',(-0.130556,0.170688,0.8001));
#5324 = VECTOR('',#5325,1.);
#5325 = DIRECTION('',(0.,0.,1.));
#5326 = PLANE('',#5327);
#5327 = AXIS2_PLACEMENT_3D('',#5328,#5329,#5330);
#5328 = CARTESIAN_POINT('',(-0.132802657801,0.193435410235,
    0.807236984895));
#5329 = DIRECTION('',(-0.995158089271,-9.828721869343E-02,-0.));
#5330 = DIRECTION('',(9.828721869343E-02,-0.995158089271,0.));
#5331 = ADVANCED_FACE('',(#5332),#5357,.T.);
#5332 = FACE_BOUND('',#5333,.T.);
#5333 = EDGE_LOOP('',(#5334,#5342,#5343,#5351));
#5334 = ORIENTED_EDGE('',*,*,#5335,.T.);
#5335 = EDGE_CURVE('',#5336,#5305,#5338,.T.);
#5336 = VERTEX_POINT('',#5337);
#5337 = CARTESIAN_POINT('',(-0.119126,0.136144,0.810006));
#5338 = LINE('',#5339,#5340);
#5339 = CARTESIAN_POINT('',(-0.119126,0.136144,0.810006));
#5340 = VECTOR('',#5341,1.);
#5341 = DIRECTION('',(-0.314132777005,0.949379059392,0.));
#5342 = ORIENTED_EDGE('',*,*,#5321,.F.);
#5343 = ORIENTED_EDGE('',*,*,#5344,.T.);
#5344 = EDGE_CURVE('',#5314,#5345,#5347,.T.);
#5345 = VERTEX_POINT('',#5346);
#5346 = CARTESIAN_POINT('',(-0.119126,0.136144,0.8001));
#5347 = LINE('',#5348,#5349);
#5348 = CARTESIAN_POINT('',(-0.130556,0.170688,0.8001));
#5349 = VECTOR('',#5350,1.);
#5350 = DIRECTION('',(0.314132777005,-0.949379059392,0.));
#5351 = ORIENTED_EDGE('',*,*,#5352,.T.);
#5352 = EDGE_CURVE('',#5345,#5336,#5353,.T.);
#5353 = LINE('',#5354,#5355);
#5354 = CARTESIAN_POINT('',(-0.119126,0.136144,0.8001));
#5355 = VECTOR('',#5356,1.);
#5356 = DIRECTION('',(0.,0.,1.));
#5357 = PLANE('',#5358);
#5358 = AXIS2_PLACEMENT_3D('',#5359,#5360,#5361);
#5359 = CARTESIAN_POINT('',(-0.12551494477,0.15545281086,0.80719841372)
  );
#5360 = DIRECTION('',(-0.949379059392,-0.314132777005,-0.));
#5361 = DIRECTION('',(0.314132777005,-0.949379059392,0.));
#5362 = ADVANCED_FACE('',(#5363),#5388,.T.);
#5363 = FACE_BOUND('',#5364,.T.);
#5364 = EDGE_LOOP('',(#5365,#5373,#5374,#5382));
#5365 = ORIENTED_EDGE('',*,*,#5366,.T.);
#5366 = EDGE_CURVE('',#5367,#5336,#5369,.T.);
#5367 = VERTEX_POINT('',#5368);
#5368 = CARTESIAN_POINT('',(-0.100584,0.105918,0.810006));
#5369 = LINE('',#5370,#5371);
#5370 = CARTESIAN_POINT('',(-0.100584,0.105918,0.810006));
#5371 = VECTOR('',#5372,1.);
#5372 = DIRECTION('',(-0.52289795164,0.85239529103,0.));
#5373 = ORIENTED_EDGE('',*,*,#5352,.F.);
#5374 = ORIENTED_EDGE('',*,*,#5375,.T.);
#5375 = EDGE_CURVE('',#5345,#5376,#5378,.T.);
#5376 = VERTEX_POINT('',#5377);
#5377 = CARTESIAN_POINT('',(-0.100584,0.105918,0.8001));
#5378 = LINE('',#5379,#5380);
#5379 = CARTESIAN_POINT('',(-0.119126,0.136144,0.8001));
#5380 = VECTOR('',#5381,1.);
#5381 = DIRECTION('',(0.52289795164,-0.85239529103,0.));
#5382 = ORIENTED_EDGE('',*,*,#5383,.T.);
#5383 = EDGE_CURVE('',#5376,#5367,#5384,.T.);
#5384 = LINE('',#5385,#5386);
#5385 = CARTESIAN_POINT('',(-0.100584,0.105918,0.8001));
#5386 = VECTOR('',#5387,1.);
#5387 = DIRECTION('',(0.,0.,1.));
#5388 = PLANE('',#5389);
#5389 = AXIS2_PLACEMENT_3D('',#5390,#5391,#5392);
#5390 = CARTESIAN_POINT('',(-0.110972477107,0.122852640764,
    0.807190084499));
#5391 = DIRECTION('',(-0.85239529103,-0.52289795164,1.797297524913E-16)
  );
#5392 = DIRECTION('',(0.52289795164,-0.85239529103,-1.526976726182E-33)
  );
#5393 = ADVANCED_FACE('',(#5394),#5419,.T.);
#5394 = FACE_BOUND('',#5395,.T.);
#5395 = EDGE_LOOP('',(#5396,#5404,#5405,#5413));
#5396 = ORIENTED_EDGE('',*,*,#5397,.T.);
#5397 = EDGE_CURVE('',#5398,#5367,#5400,.T.);
#5398 = VERTEX_POINT('',#5399);
#5399 = CARTESIAN_POINT('',(-7.62E-02,8.1788E-02,0.810006));
#5400 = LINE('',#5401,#5402);
#5401 = CARTESIAN_POINT('',(-7.62E-02,8.1788E-02,0.810006));
#5402 = VECTOR('',#5403,1.);
#5403 = DIRECTION('',(-0.710799168952,0.703395010942,0.));
#5404 = ORIENTED_EDGE('',*,*,#5383,.F.);
#5405 = ORIENTED_EDGE('',*,*,#5406,.T.);
#5406 = EDGE_CURVE('',#5376,#5407,#5409,.T.);
#5407 = VERTEX_POINT('',#5408);
#5408 = CARTESIAN_POINT('',(-7.62E-02,8.1788E-02,0.8001));
#5409 = LINE('',#5410,#5411);
#5410 = CARTESIAN_POINT('',(-0.100584,0.105918,0.8001));
#5411 = VECTOR('',#5412,1.);
#5412 = DIRECTION('',(0.710799168952,-0.703395010942,0.));
#5413 = ORIENTED_EDGE('',*,*,#5414,.T.);
#5414 = EDGE_CURVE('',#5407,#5398,#5415,.T.);
#5415 = LINE('',#5416,#5417);
#5416 = CARTESIAN_POINT('',(-7.62E-02,8.1788E-02,0.8001));
#5417 = VECTOR('',#5418,1.);
#5418 = DIRECTION('',(0.,0.,1.));
#5419 = PLANE('',#5420);
#5420 = AXIS2_PLACEMENT_3D('',#5421,#5422,#5423);
#5421 = CARTESIAN_POINT('',(-8.99032290149E-02,9.534848704599E-02,
    0.807179098455));
#5422 = DIRECTION('',(-0.703395010942,-0.710799168952,
    -5.790909363412E-16));
#5423 = DIRECTION('',(-0.710799168952,0.703395010942,3.665037652727E-32)
  );
#5424 = ADVANCED_FACE('',(#5425),#5450,.T.);
#5425 = FACE_BOUND('',#5426,.T.);
#5426 = EDGE_LOOP('',(#5427,#5435,#5436,#5444));
#5427 = ORIENTED_EDGE('',*,*,#5428,.T.);
#5428 = EDGE_CURVE('',#5429,#5398,#5431,.T.);
#5429 = VERTEX_POINT('',#5430);
#5430 = CARTESIAN_POINT('',(-4.9276E-02,6.5786E-02,0.810006));
#5431 = LINE('',#5432,#5433);
#5432 = CARTESIAN_POINT('',(-4.9276E-02,6.5786E-02,0.810006));
#5433 = VECTOR('',#5434,1.);
#5434 = DIRECTION('',(-0.85963215675,0.510913451654,0.));
#5435 = ORIENTED_EDGE('',*,*,#5414,.F.);
#5436 = ORIENTED_EDGE('',*,*,#5437,.T.);
#5437 = EDGE_CURVE('',#5407,#5438,#5440,.T.);
#5438 = VERTEX_POINT('',#5439);
#5439 = CARTESIAN_POINT('',(-4.9276E-02,6.5786E-02,0.8001));
#5440 = LINE('',#5441,#5442);
#5441 = CARTESIAN_POINT('',(-7.62E-02,8.1788E-02,0.8001));
#5442 = VECTOR('',#5443,1.);
#5443 = DIRECTION('',(0.85963215675,-0.510913451654,0.));
#5444 = ORIENTED_EDGE('',*,*,#5445,.T.);
#5445 = EDGE_CURVE('',#5438,#5429,#5446,.T.);
#5446 = LINE('',#5447,#5448);
#5447 = CARTESIAN_POINT('',(-4.9276E-02,6.5786E-02,0.8001));
#5448 = VECTOR('',#5449,1.);
#5449 = DIRECTION('',(0.,0.,1.));
#5450 = PLANE('',#5451);
#5451 = AXIS2_PLACEMENT_3D('',#5452,#5453,#5454);
#5452 = CARTESIAN_POINT('',(-6.453824115945E-02,7.485695465137E-02,
    0.807147199415));
#5453 = DIRECTION('',(-0.510913451654,-0.85963215675,-0.));
#5454 = DIRECTION('',(-0.85963215675,0.510913451654,0.));
#5455 = ADVANCED_FACE('',(#5456),#5481,.T.);
#5456 = FACE_BOUND('',#5457,.T.);
#5457 = EDGE_LOOP('',(#5458,#5466,#5467,#5475));
#5458 = ORIENTED_EDGE('',*,*,#5459,.T.);
#5459 = EDGE_CURVE('',#5460,#5429,#5462,.T.);
#5460 = VERTEX_POINT('',#5461);
#5461 = CARTESIAN_POINT('',(-1.651E-02,5.5372E-02,0.810006));
#5462 = LINE('',#5463,#5464);
#5463 = CARTESIAN_POINT('',(-1.651E-02,5.5372E-02,0.810006));
#5464 = VECTOR('',#5465,1.);
#5465 = DIRECTION('',(-0.953022756389,0.302898705519,0.));
#5466 = ORIENTED_EDGE('',*,*,#5445,.F.);
#5467 = ORIENTED_EDGE('',*,*,#5468,.T.);
#5468 = EDGE_CURVE('',#5438,#5469,#5471,.T.);
#5469 = VERTEX_POINT('',#5470);
#5470 = CARTESIAN_POINT('',(-1.651E-02,5.5372E-02,0.8001));
#5471 = LINE('',#5472,#5473);
#5472 = CARTESIAN_POINT('',(-4.9276E-02,6.5786E-02,0.8001));
#5473 = VECTOR('',#5474,1.);
#5474 = DIRECTION('',(0.953022756389,-0.302898705519,0.));
#5475 = ORIENTED_EDGE('',*,*,#5476,.T.);
#5476 = EDGE_CURVE('',#5469,#5460,#5477,.T.);
#5477 = LINE('',#5478,#5479);
#5478 = CARTESIAN_POINT('',(-1.651E-02,5.5372E-02,0.8001));
#5479 = VECTOR('',#5480,1.);
#5480 = DIRECTION('',(0.,0.,1.));
#5481 = PLANE('',#5482);
#5482 = AXIS2_PLACEMENT_3D('',#5483,#5484,#5485);
#5483 = CARTESIAN_POINT('',(-3.491993027294E-02,6.122321814876E-02,
    0.807179843519));
#5484 = DIRECTION('',(-0.302898705519,-0.953022756389,1.46882706335E-16)
  );
#5485 = DIRECTION('',(-0.953022756389,0.302898705519,-1.383690592671E-33
    ));
#5486 = ADVANCED_FACE('',(#5487),#5503,.T.);
#5487 = FACE_BOUND('',#5488,.T.);
#5488 = EDGE_LOOP('',(#5489,#5495,#5496,#5502));
#5489 = ORIENTED_EDGE('',*,*,#5490,.T.);
#5490 = EDGE_CURVE('',#5121,#5460,#5491,.T.);
#5491 = LINE('',#5492,#5493);
#5492 = CARTESIAN_POINT('',(1.9304E-02,5.207E-02,0.810006));
#5493 = VECTOR('',#5494,1.);
#5494 = DIRECTION('',(-0.99577661768,9.180919170104E-02,0.));
#5495 = ORIENTED_EDGE('',*,*,#5476,.F.);
#5496 = ORIENTED_EDGE('',*,*,#5497,.T.);
#5497 = EDGE_CURVE('',#5469,#5129,#5498,.T.);
#5498 = LINE('',#5499,#5500);
#5499 = CARTESIAN_POINT('',(-1.651E-02,5.5372E-02,0.8001));
#5500 = VECTOR('',#5501,1.);
#5501 = DIRECTION('',(0.99577661768,-9.180919170104E-02,0.));
#5502 = ORIENTED_EDGE('',*,*,#5128,.F.);
#5503 = PLANE('',#5504);
#5504 = AXIS2_PLACEMENT_3D('',#5505,#5506,#5507);
#5505 = CARTESIAN_POINT('',(-7.356403717946E-04,5.391762641726E-02,
    0.807194685529));
#5506 = DIRECTION('',(-9.180919170104E-02,-0.99577661768,-0.));
#5507 = DIRECTION('',(-0.99577661768,9.180919170104E-02,0.));
#5508 = ADVANCED_FACE('',(#5509,#5528),#5666,.T.);
#5509 = FACE_BOUND('',#5510,.T.);
#5510 = EDGE_LOOP('',(#5511,#5512,#5513,#5514,#5515,#5516,#5517,#5518,
    #5519,#5520,#5521,#5522,#5523,#5524,#5525,#5526,#5527));
#5511 = ORIENTED_EDGE('',*,*,#5136,.F.);
#5512 = ORIENTED_EDGE('',*,*,#5497,.F.);
#5513 = ORIENTED_EDGE('',*,*,#5468,.F.);
#5514 = ORIENTED_EDGE('',*,*,#5437,.F.);
#5515 = ORIENTED_EDGE('',*,*,#5406,.F.);
#5516 = ORIENTED_EDGE('',*,*,#5375,.F.);
#5517 = ORIENTED_EDGE('',*,*,#5344,.F.);
#5518 = ORIENTED_EDGE('',*,*,#5313,.F.);
#5519 = ORIENTED_EDGE('',*,*,#5011,.F.);
#5520 = ORIENTED_EDGE('',*,*,#5042,.F.);
#5521 = ORIENTED_EDGE('',*,*,#5073,.F.);
#5522 = ORIENTED_EDGE('',*,*,#5087,.F.);
#5523 = ORIENTED_EDGE('',*,*,#5289,.F.);
#5524 = ORIENTED_EDGE('',*,*,#5260,.F.);
#5525 = ORIENTED_EDGE('',*,*,#5229,.F.);
#5526 = ORIENTED_EDGE('',*,*,#5198,.F.);
#5527 = ORIENTED_EDGE('',*,*,#5167,.F.);
#5528 = FACE_BOUND('',#5529,.T.);
#5529 = EDGE_LOOP('',(#5530,#5540,#5548,#5556,#5564,#5572,#5580,#5588,
    #5596,#5604,#5612,#5620,#5628,#5636,#5644,#5652,#5660));
#5530 = ORIENTED_EDGE('',*,*,#5531,.T.);
#5531 = EDGE_CURVE('',#5532,#5534,#5536,.T.);
#5532 = VERTEX_POINT('',#5533);
#5533 = CARTESIAN_POINT('',(4.826E-02,9.4742E-02,0.8001));
#5534 = VERTEX_POINT('',#5535);
#5535 = CARTESIAN_POINT('',(7.2644E-02,0.102108,0.8001));
#5536 = LINE('',#5537,#5538);
#5537 = CARTESIAN_POINT('',(4.826E-02,9.4742E-02,0.8001));
#5538 = VECTOR('',#5539,1.);
#5539 = DIRECTION('',(0.957275641118,0.289177016588,0.));
#5540 = ORIENTED_EDGE('',*,*,#5541,.T.);
#5541 = EDGE_CURVE('',#5534,#5542,#5544,.T.);
#5542 = VERTEX_POINT('',#5543);
#5543 = CARTESIAN_POINT('',(9.1186E-02,0.112522,0.8001));
#5544 = LINE('',#5545,#5546);
#5545 = CARTESIAN_POINT('',(7.2644E-02,0.102108,0.8001));
#5546 = VECTOR('',#5547,1.);
#5547 = DIRECTION('',(0.871894325416,0.489694073179,0.));
#5548 = ORIENTED_EDGE('',*,*,#5549,.T.);
#5549 = EDGE_CURVE('',#5542,#5550,#5552,.T.);
#5550 = VERTEX_POINT('',#5551);
#5551 = CARTESIAN_POINT('',(0.106426,0.127254,0.8001));
#5552 = LINE('',#5553,#5554);
#5553 = CARTESIAN_POINT('',(9.1186E-02,0.112522,0.8001));
#5554 = VECTOR('',#5555,1.);
#5555 = DIRECTION('',(0.718988376049,0.695022096847,0.));
#5556 = ORIENTED_EDGE('',*,*,#5557,.T.);
#5557 = EDGE_CURVE('',#5550,#5558,#5560,.T.);
#5558 = VERTEX_POINT('',#5559);
#5559 = CARTESIAN_POINT('',(0.120396,0.149352,0.8001));
#5560 = LINE('',#5561,#5562);
#5561 = CARTESIAN_POINT('',(0.106426,0.127254,0.8001));
#5562 = VECTOR('',#5563,1.);
#5563 = DIRECTION('',(0.534358479235,0.845257958063,0.));
#5564 = ORIENTED_EDGE('',*,*,#5565,.T.);
#5565 = EDGE_CURVE('',#5558,#5566,#5568,.T.);
#5566 = VERTEX_POINT('',#5567);
#5567 = CARTESIAN_POINT('',(0.129032,0.174244,0.8001));
#5568 = LINE('',#5569,#5570);
#5569 = CARTESIAN_POINT('',(0.120396,0.149352,0.8001));
#5570 = VECTOR('',#5571,1.);
#5571 = DIRECTION('',(0.327772702094,0.944756611918,0.));
#5572 = ORIENTED_EDGE('',*,*,#5573,.T.);
#5573 = EDGE_CURVE('',#5566,#5574,#5576,.T.);
#5574 = VERTEX_POINT('',#5575);
#5575 = CARTESIAN_POINT('',(0.132588,0.209042,0.8001));
#5576 = LINE('',#5577,#5578);
#5577 = CARTESIAN_POINT('',(0.129032,0.174244,0.8001));
#5578 = VECTOR('',#5579,1.);
#5579 = DIRECTION('',(0.101660352712,0.994819165822,0.));
#5580 = ORIENTED_EDGE('',*,*,#5581,.T.);
#5581 = EDGE_CURVE('',#5574,#5582,#5584,.T.);
#5582 = VERTEX_POINT('',#5583);
#5583 = CARTESIAN_POINT('',(0.132588,0.253238,0.8001));
#5584 = LINE('',#5585,#5586);
#5585 = CARTESIAN_POINT('',(0.132588,0.209042,0.8001));
#5586 = VECTOR('',#5587,1.);
#5587 = DIRECTION('',(0.,1.,0.));
#5588 = ORIENTED_EDGE('',*,*,#5589,.T.);
#5589 = EDGE_CURVE('',#5582,#5590,#5592,.T.);
#5590 = VERTEX_POINT('',#5591);
#5591 = CARTESIAN_POINT('',(-0.1016,0.253238,0.8001));
#5592 = LINE('',#5593,#5594);
#5593 = CARTESIAN_POINT('',(0.132588,0.253238,0.8001));
#5594 = VECTOR('',#5595,1.);
#5595 = DIRECTION('',(-1.,0.,0.));
#5596 = ORIENTED_EDGE('',*,*,#5597,.T.);
#5597 = EDGE_CURVE('',#5590,#5598,#5600,.T.);
#5598 = VERTEX_POINT('',#5599);
#5599 = CARTESIAN_POINT('',(-0.1016,0.210566,0.8001));
#5600 = LINE('',#5601,#5602);
#5601 = CARTESIAN_POINT('',(-0.1016,0.253238,0.8001));
#5602 = VECTOR('',#5603,1.);
#5603 = DIRECTION('',(0.,-1.,0.));
#5604 = ORIENTED_EDGE('',*,*,#5605,.T.);
#5605 = EDGE_CURVE('',#5598,#5606,#5608,.T.);
#5606 = VERTEX_POINT('',#5607);
#5607 = CARTESIAN_POINT('',(-9.8806E-02,0.179324,0.8001));
#5608 = LINE('',#5609,#5610);
#5609 = CARTESIAN_POINT('',(-0.1016,0.210566,0.8001));
#5610 = VECTOR('',#5611,1.);
#5611 = DIRECTION('',(8.907539631968E-02,-0.99602488612,0.));
#5612 = ORIENTED_EDGE('',*,*,#5613,.T.);
#5613 = EDGE_CURVE('',#5606,#5614,#5616,.T.);
#5614 = VERTEX_POINT('',#5615);
#5615 = CARTESIAN_POINT('',(-9.0932E-02,0.153924,0.8001));
#5616 = LINE('',#5617,#5618);
#5617 = CARTESIAN_POINT('',(-9.8806E-02,0.179324,0.8001));
#5618 = VECTOR('',#5619,1.);
#5619 = DIRECTION('',(0.296098771114,-0.955157326174,0.));
#5620 = ORIENTED_EDGE('',*,*,#5621,.T.);
#5621 = EDGE_CURVE('',#5614,#5622,#5624,.T.);
#5622 = VERTEX_POINT('',#5623);
#5623 = CARTESIAN_POINT('',(-7.8486E-02,0.13335,0.8001));
#5624 = LINE('',#5625,#5626);
#5625 = CARTESIAN_POINT('',(-9.0932E-02,0.153924,0.8001));
#5626 = VECTOR('',#5627,1.);
#5627 = DIRECTION('',(0.517599216475,-0.855623194581,0.));
#5628 = ORIENTED_EDGE('',*,*,#5629,.T.);
#5629 = EDGE_CURVE('',#5622,#5630,#5632,.T.);
#5630 = VERTEX_POINT('',#5631);
#5631 = CARTESIAN_POINT('',(-6.1976E-02,0.116332,0.8001));
#5632 = LINE('',#5633,#5634);
#5633 = CARTESIAN_POINT('',(-7.8486E-02,0.13335,0.8001));
#5634 = VECTOR('',#5635,1.);
#5635 = DIRECTION('',(0.696313120916,-0.717738140021,0.));
#5636 = ORIENTED_EDGE('',*,*,#5637,.T.);
#5637 = EDGE_CURVE('',#5630,#5638,#5640,.T.);
#5638 = VERTEX_POINT('',#5639);
#5639 = CARTESIAN_POINT('',(-4.1402E-02,0.103886,0.8001));
#5640 = LINE('',#5641,#5642);
#5641 = CARTESIAN_POINT('',(-6.1976E-02,0.116332,0.8001));
#5642 = VECTOR('',#5643,1.);
#5643 = DIRECTION('',(0.855623194581,-0.517599216475,0.));
#5644 = ORIENTED_EDGE('',*,*,#5645,.T.);
#5645 = EDGE_CURVE('',#5638,#5646,#5648,.T.);
#5646 = VERTEX_POINT('',#5647);
#5647 = CARTESIAN_POINT('',(-1.7526E-02,9.6012E-02,0.8001));
#5648 = LINE('',#5649,#5650);
#5649 = CARTESIAN_POINT('',(-4.1402E-02,0.103886,0.8001));
#5650 = VECTOR('',#5651,1.);
#5651 = DIRECTION('',(0.94968876353,-0.313195230526,0.));
#5652 = ORIENTED_EDGE('',*,*,#5653,.T.);
#5653 = EDGE_CURVE('',#5646,#5654,#5656,.T.);
#5654 = VERTEX_POINT('',#5655);
#5655 = CARTESIAN_POINT('',(1.8542E-02,9.2202E-02,0.8001));
#5656 = LINE('',#5657,#5658);
#5657 = CARTESIAN_POINT('',(-1.7526E-02,9.6012E-02,0.8001));
#5658 = VECTOR('',#5659,1.);
#5659 = DIRECTION('',(0.994467011919,-0.105049332245,0.));
#5660 = ORIENTED_EDGE('',*,*,#5661,.T.);
#5661 = EDGE_CURVE('',#5654,#5532,#5662,.T.);
#5662 = LINE('',#5663,#5664);
#5663 = CARTESIAN_POINT('',(1.8542E-02,9.2202E-02,0.8001));
#5664 = VECTOR('',#5665,1.);
#5665 = DIRECTION('',(0.996367323071,8.515960026246E-02,0.));
#5666 = PLANE('',#5667);
#5667 = AXIS2_PLACEMENT_3D('',#5668,#5669,#5670);
#5668 = CARTESIAN_POINT('',(3.985886902743E-02,6.856301937152E-02,0.8001
    ));
#5669 = DIRECTION('',(-0.,-0.,-1.));
#5670 = DIRECTION('',(-1.,0.,0.));
#5671 = ADVANCED_FACE('',(#5672),#5697,.T.);
#5672 = FACE_BOUND('',#5673,.T.);
#5673 = EDGE_LOOP('',(#5674,#5682,#5690,#5696));
#5674 = ORIENTED_EDGE('',*,*,#5675,.T.);
#5675 = EDGE_CURVE('',#5574,#5676,#5678,.T.);
#5676 = VERTEX_POINT('',#5677);
#5677 = CARTESIAN_POINT('',(0.132588,0.209042,0.810006));
#5678 = LINE('',#5679,#5680);
#5679 = CARTESIAN_POINT('',(0.132588,0.209042,0.8001));
#5680 = VECTOR('',#5681,1.);
#5681 = DIRECTION('',(0.,0.,1.));
#5682 = ORIENTED_EDGE('',*,*,#5683,.T.);
#5683 = EDGE_CURVE('',#5676,#5684,#5686,.T.);
#5684 = VERTEX_POINT('',#5685);
#5685 = CARTESIAN_POINT('',(0.132588,0.253238,0.810006));
#5686 = LINE('',#5687,#5688);
#5687 = CARTESIAN_POINT('',(0.132588,0.209042,0.810006));
#5688 = VECTOR('',#5689,1.);
#5689 = DIRECTION('',(0.,1.,0.));
#5690 = ORIENTED_EDGE('',*,*,#5691,.T.);
#5691 = EDGE_CURVE('',#5684,#5582,#5692,.T.);
#5692 = LINE('',#5693,#5694);
#5693 = CARTESIAN_POINT('',(0.132588,0.253238,0.810006));
#5694 = VECTOR('',#5695,1.);
#5695 = DIRECTION('',(0.,0.,-1.));
#5696 = ORIENTED_EDGE('',*,*,#5581,.F.);
#5697 = PLANE('',#5698);
#5698 = AXIS2_PLACEMENT_3D('',#5699,#5700,#5701);
#5699 = CARTESIAN_POINT('',(0.132588,0.22893763796,0.80285063796));
#5700 = DIRECTION('',(-1.,-0.,-0.));
#5701 = DIRECTION('',(0.,0.,-1.));
#5702 = ADVANCED_FACE('',(#5703),#5721,.T.);
#5703 = FACE_BOUND('',#5704,.T.);
#5704 = EDGE_LOOP('',(#5705,#5713,#5714,#5715));
#5705 = ORIENTED_EDGE('',*,*,#5706,.T.);
#5706 = EDGE_CURVE('',#5707,#5676,#5709,.T.);
#5707 = VERTEX_POINT('',#5708);
#5708 = CARTESIAN_POINT('',(0.129032,0.174244,0.810006));
#5709 = LINE('',#5710,#5711);
#5710 = CARTESIAN_POINT('',(0.129032,0.174244,0.810006));
#5711 = VECTOR('',#5712,1.);
#5712 = DIRECTION('',(0.101660352712,0.994819165822,0.));
#5713 = ORIENTED_EDGE('',*,*,#5675,.F.);
#5714 = ORIENTED_EDGE('',*,*,#5573,.F.);
#5715 = ORIENTED_EDGE('',*,*,#5716,.T.);
#5716 = EDGE_CURVE('',#5566,#5707,#5717,.T.);
#5717 = LINE('',#5718,#5719);
#5718 = CARTESIAN_POINT('',(0.129032,0.174244,0.8001));
#5719 = VECTOR('',#5720,1.);
#5720 = DIRECTION('',(0.,0.,1.));
#5721 = PLANE('',#5722);
#5722 = AXIS2_PLACEMENT_3D('',#5723,#5724,#5725);
#5723 = CARTESIAN_POINT('',(0.131026800265,0.193764545448,0.807185594064
    ));
#5724 = DIRECTION('',(-0.994819165822,0.101660352712,-0.));
#5725 = DIRECTION('',(-0.101660352712,-0.994819165822,0.));
#5726 = ADVANCED_FACE('',(#5727),#5745,.T.);
#5727 = FACE_BOUND('',#5728,.T.);
#5728 = EDGE_LOOP('',(#5729,#5737,#5738,#5739));
#5729 = ORIENTED_EDGE('',*,*,#5730,.T.);
#5730 = EDGE_CURVE('',#5731,#5707,#5733,.T.);
#5731 = VERTEX_POINT('',#5732);
#5732 = CARTESIAN_POINT('',(0.120396,0.149352,0.810006));
#5733 = LINE('',#5734,#5735);
#5734 = CARTESIAN_POINT('',(0.120396,0.149352,0.810006));
#5735 = VECTOR('',#5736,1.);
#5736 = DIRECTION('',(0.327772702094,0.944756611918,0.));
#5737 = ORIENTED_EDGE('',*,*,#5716,.F.);
#5738 = ORIENTED_EDGE('',*,*,#5565,.F.);
#5739 = ORIENTED_EDGE('',*,*,#5740,.T.);
#5740 = EDGE_CURVE('',#5558,#5731,#5741,.T.);
#5741 = LINE('',#5742,#5743);
#5742 = CARTESIAN_POINT('',(0.120396,0.149352,0.8001));
#5743 = VECTOR('',#5744,1.);
#5744 = DIRECTION('',(0.,0.,1.));
#5745 = PLANE('',#5746);
#5746 = AXIS2_PLACEMENT_3D('',#5747,#5748,#5749);
#5747 = CARTESIAN_POINT('',(0.125378176447,0.163712390935,0.807079332402
    ));
#5748 = DIRECTION('',(-0.944756611918,0.327772702094,-0.));
#5749 = DIRECTION('',(-0.327772702094,-0.944756611918,0.));
#5750 = ADVANCED_FACE('',(#5751),#5769,.T.);
#5751 = FACE_BOUND('',#5752,.T.);
#5752 = EDGE_LOOP('',(#5753,#5761,#5762,#5763));
#5753 = ORIENTED_EDGE('',*,*,#5754,.T.);
#5754 = EDGE_CURVE('',#5755,#5731,#5757,.T.);
#5755 = VERTEX_POINT('',#5756);
#5756 = CARTESIAN_POINT('',(0.106426,0.127254,0.810006));
#5757 = LINE('',#5758,#5759);
#5758 = CARTESIAN_POINT('',(0.106426,0.127254,0.810006));
#5759 = VECTOR('',#5760,1.);
#5760 = DIRECTION('',(0.534358479235,0.845257958063,0.));
#5761 = ORIENTED_EDGE('',*,*,#5740,.F.);
#5762 = ORIENTED_EDGE('',*,*,#5557,.F.);
#5763 = ORIENTED_EDGE('',*,*,#5764,.T.);
#5764 = EDGE_CURVE('',#5550,#5755,#5765,.T.);
#5765 = LINE('',#5766,#5767);
#5766 = CARTESIAN_POINT('',(0.106426,0.127254,0.8001));
#5767 = VECTOR('',#5768,1.);
#5768 = DIRECTION('',(0.,0.,1.));
#5769 = PLANE('',#5770);
#5770 = AXIS2_PLACEMENT_3D('',#5771,#5772,#5773);
#5771 = CARTESIAN_POINT('',(0.114492031984,0.140012996047,0.807076046374
    ));
#5772 = DIRECTION('',(-0.845257958063,0.534358479235,-0.));
#5773 = DIRECTION('',(-0.534358479235,-0.845257958063,0.));
#5774 = ADVANCED_FACE('',(#5775),#5793,.T.);
#5775 = FACE_BOUND('',#5776,.T.);
#5776 = EDGE_LOOP('',(#5777,#5785,#5786,#5787));
#5777 = ORIENTED_EDGE('',*,*,#5778,.T.);
#5778 = EDGE_CURVE('',#5779,#5755,#5781,.T.);
#5779 = VERTEX_POINT('',#5780);
#5780 = CARTESIAN_POINT('',(9.1186E-02,0.112522,0.810006));
#5781 = LINE('',#5782,#5783);
#5782 = CARTESIAN_POINT('',(9.1186E-02,0.112522,0.810006));
#5783 = VECTOR('',#5784,1.);
#5784 = DIRECTION('',(0.718988376049,0.695022096847,0.));
#5785 = ORIENTED_EDGE('',*,*,#5764,.F.);
#5786 = ORIENTED_EDGE('',*,*,#5549,.F.);
#5787 = ORIENTED_EDGE('',*,*,#5788,.T.);
#5788 = EDGE_CURVE('',#5542,#5779,#5789,.T.);
#5789 = LINE('',#5790,#5791);
#5790 = CARTESIAN_POINT('',(9.1186E-02,0.112522,0.8001));
#5791 = VECTOR('',#5792,1.);
#5792 = DIRECTION('',(0.,0.,1.));
#5793 = PLANE('',#5794);
#5794 = AXIS2_PLACEMENT_3D('',#5795,#5796,#5797);
#5795 = CARTESIAN_POINT('',(0.100191037137,0.121226869232,0.806979369303
    ));
#5796 = DIRECTION('',(-0.695022096847,0.718988376049,0.));
#5797 = DIRECTION('',(0.718988376049,0.695022096847,0.));
#5798 = ADVANCED_FACE('',(#5799),#5817,.T.);
#5799 = FACE_BOUND('',#5800,.T.);
#5800 = EDGE_LOOP('',(#5801,#5809,#5810,#5811));
#5801 = ORIENTED_EDGE('',*,*,#5802,.T.);
#5802 = EDGE_CURVE('',#5803,#5779,#5805,.T.);
#5803 = VERTEX_POINT('',#5804);
#5804 = CARTESIAN_POINT('',(7.2644E-02,0.102108,0.810006));
#5805 = LINE('',#5806,#5807);
#5806 = CARTESIAN_POINT('',(7.2644E-02,0.102108,0.810006));
#5807 = VECTOR('',#5808,1.);
#5808 = DIRECTION('',(0.871894325416,0.489694073179,0.));
#5809 = ORIENTED_EDGE('',*,*,#5788,.F.);
#5810 = ORIENTED_EDGE('',*,*,#5541,.F.);
#5811 = ORIENTED_EDGE('',*,*,#5812,.T.);
#5812 = EDGE_CURVE('',#5534,#5803,#5813,.T.);
#5813 = LINE('',#5814,#5815);
#5814 = CARTESIAN_POINT('',(7.2644E-02,0.102108,0.8001));
#5815 = VECTOR('',#5816,1.);
#5816 = DIRECTION('',(0.,0.,1.));
#5817 = PLANE('',#5818);
#5818 = AXIS2_PLACEMENT_3D('',#5819,#5820,#5821);
#5819 = CARTESIAN_POINT('',(8.359601920008E-02,0.108259134071,
    0.80698100796));
#5820 = DIRECTION('',(-0.489694073179,0.871894325416,2.907894882769E-16)
  );
#5821 = DIRECTION('',(0.871894325416,0.489694073179,2.17480930862E-32));
#5822 = ADVANCED_FACE('',(#5823),#5841,.T.);
#5823 = FACE_BOUND('',#5824,.T.);
#5824 = EDGE_LOOP('',(#5825,#5833,#5834,#5835));
#5825 = ORIENTED_EDGE('',*,*,#5826,.T.);
#5826 = EDGE_CURVE('',#5827,#5803,#5829,.T.);
#5827 = VERTEX_POINT('',#5828);
#5828 = CARTESIAN_POINT('',(4.826E-02,9.4742E-02,0.810006));
#5829 = LINE('',#5830,#5831);
#5830 = CARTESIAN_POINT('',(4.826E-02,9.4742E-02,0.810006));
#5831 = VECTOR('',#5832,1.);
#5832 = DIRECTION('',(0.957275641118,0.289177016588,0.));
#5833 = ORIENTED_EDGE('',*,*,#5812,.F.);
#5834 = ORIENTED_EDGE('',*,*,#5531,.F.);
#5835 = ORIENTED_EDGE('',*,*,#5836,.T.);
#5836 = EDGE_CURVE('',#5532,#5827,#5837,.T.);
#5837 = LINE('',#5838,#5839);
#5838 = CARTESIAN_POINT('',(4.826E-02,9.4742E-02,0.8001));
#5839 = VECTOR('',#5840,1.);
#5840 = DIRECTION('',(0.,0.,1.));
#5841 = PLANE('',#5842);
#5842 = AXIS2_PLACEMENT_3D('',#5843,#5844,#5845);
#5843 = CARTESIAN_POINT('',(6.237794378788E-02,9.900679551926E-02,
    0.807064900967));
#5844 = DIRECTION('',(-0.289177016588,0.957275641118,1.359319780119E-16)
  );
#5845 = DIRECTION('',(0.957275641118,0.289177016588,-1.312837729386E-33)
  );
#5846 = ADVANCED_FACE('',(#5847),#5865,.T.);
#5847 = FACE_BOUND('',#5848,.T.);
#5848 = EDGE_LOOP('',(#5849,#5857,#5858,#5859));
#5849 = ORIENTED_EDGE('',*,*,#5850,.T.);
#5850 = EDGE_CURVE('',#5851,#5827,#5853,.T.);
#5851 = VERTEX_POINT('',#5852);
#5852 = CARTESIAN_POINT('',(1.8542E-02,9.2202E-02,0.810006));
#5853 = LINE('',#5854,#5855);
#5854 = CARTESIAN_POINT('',(1.8542E-02,9.2202E-02,0.810006));
#5855 = VECTOR('',#5856,1.);
#5856 = DIRECTION('',(0.996367323071,8.515960026246E-02,0.));
#5857 = ORIENTED_EDGE('',*,*,#5836,.F.);
#5858 = ORIENTED_EDGE('',*,*,#5661,.F.);
#5859 = ORIENTED_EDGE('',*,*,#5860,.T.);
#5860 = EDGE_CURVE('',#5654,#5851,#5861,.T.);
#5861 = LINE('',#5862,#5863);
#5862 = CARTESIAN_POINT('',(1.8542E-02,9.2202E-02,0.8001));
#5863 = VECTOR('',#5864,1.);
#5864 = DIRECTION('',(0.,0.,1.));
#5865 = PLANE('',#5866);
#5866 = AXIS2_PLACEMENT_3D('',#5867,#5868,#5869);
#5867 = CARTESIAN_POINT('',(3.546946328551E-02,9.36487917338E-02,
    0.80712900474));
#5868 = DIRECTION('',(-8.515960026246E-02,0.996367323071,0.));
#5869 = DIRECTION('',(0.996367323071,8.515960026246E-02,0.));
#5870 = ADVANCED_FACE('',(#5871),#5889,.T.);
#5871 = FACE_BOUND('',#5872,.T.);
#5872 = EDGE_LOOP('',(#5873,#5881,#5882,#5883));
#5873 = ORIENTED_EDGE('',*,*,#5874,.T.);
#5874 = EDGE_CURVE('',#5875,#5851,#5877,.T.);
#5875 = VERTEX_POINT('',#5876);
#5876 = CARTESIAN_POINT('',(-1.7526E-02,9.6012E-02,0.810006));
#5877 = LINE('',#5878,#5879);
#5878 = CARTESIAN_POINT('',(-1.7526E-02,9.6012E-02,0.810006));
#5879 = VECTOR('',#5880,1.);
#5880 = DIRECTION('',(0.994467011919,-0.105049332245,0.));
#5881 = ORIENTED_EDGE('',*,*,#5860,.F.);
#5882 = ORIENTED_EDGE('',*,*,#5653,.F.);
#5883 = ORIENTED_EDGE('',*,*,#5884,.T.);
#5884 = EDGE_CURVE('',#5646,#5875,#5885,.T.);
#5885 = LINE('',#5886,#5887);
#5886 = CARTESIAN_POINT('',(-1.7526E-02,9.6012E-02,0.8001));
#5887 = VECTOR('',#5888,1.);
#5888 = DIRECTION('',(0.,0.,1.));
#5889 = PLANE('',#5890);
#5890 = AXIS2_PLACEMENT_3D('',#5891,#5892,#5893);
#5891 = CARTESIAN_POINT('',(2.64051662434E-03,9.38817341594E-02,
    0.807197381461));
#5892 = DIRECTION('',(0.105049332245,0.994467011919,-1.611368621667E-16)
  );
#5893 = DIRECTION('',(0.994467011919,-0.105049332245,1.026472969071E-33)
  );
#5894 = ADVANCED_FACE('',(#5895),#5913,.T.);
#5895 = FACE_BOUND('',#5896,.T.);
#5896 = EDGE_LOOP('',(#5897,#5905,#5906,#5907));
#5897 = ORIENTED_EDGE('',*,*,#5898,.T.);
#5898 = EDGE_CURVE('',#5899,#5875,#5901,.T.);
#5899 = VERTEX_POINT('',#5900);
#5900 = CARTESIAN_POINT('',(-4.1402E-02,0.103886,0.810006));
#5901 = LINE('',#5902,#5903);
#5902 = CARTESIAN_POINT('',(-4.1402E-02,0.103886,0.810006));
#5903 = VECTOR('',#5904,1.);
#5904 = DIRECTION('',(0.94968876353,-0.313195230526,0.));
#5905 = ORIENTED_EDGE('',*,*,#5884,.F.);
#5906 = ORIENTED_EDGE('',*,*,#5645,.F.);
#5907 = ORIENTED_EDGE('',*,*,#5908,.T.);
#5908 = EDGE_CURVE('',#5638,#5899,#5909,.T.);
#5909 = LINE('',#5910,#5911);
#5910 = CARTESIAN_POINT('',(-4.1402E-02,0.103886,0.8001));
#5911 = VECTOR('',#5912,1.);
#5912 = DIRECTION('',(0.,0.,1.));
#5913 = PLANE('',#5914);
#5914 = AXIS2_PLACEMENT_3D('',#5915,#5916,#5917);
#5915 = CARTESIAN_POINT('',(-2.755873405196E-02,9.932066761288E-02,
    0.807059200369));
#5916 = DIRECTION('',(0.313195230526,0.94968876353,1.112891214041E-16));
#5917 = DIRECTION('',(0.94968876353,-0.313195230526,2.334010678392E-33)
  );
#5918 = ADVANCED_FACE('',(#5919),#5937,.T.);
#5919 = FACE_BOUND('',#5920,.T.);
#5920 = EDGE_LOOP('',(#5921,#5929,#5930,#5931));
#5921 = ORIENTED_EDGE('',*,*,#5922,.T.);
#5922 = EDGE_CURVE('',#5923,#5899,#5925,.T.);
#5923 = VERTEX_POINT('',#5924);
#5924 = CARTESIAN_POINT('',(-6.1976E-02,0.116332,0.810006));
#5925 = LINE('',#5926,#5927);
#5926 = CARTESIAN_POINT('',(-6.1976E-02,0.116332,0.810006));
#5927 = VECTOR('',#5928,1.);
#5928 = DIRECTION('',(0.855623194581,-0.517599216475,0.));
#5929 = ORIENTED_EDGE('',*,*,#5908,.F.);
#5930 = ORIENTED_EDGE('',*,*,#5637,.F.);
#5931 = ORIENTED_EDGE('',*,*,#5932,.T.);
#5932 = EDGE_CURVE('',#5630,#5923,#5933,.T.);
#5933 = LINE('',#5934,#5935);
#5934 = CARTESIAN_POINT('',(-6.1976E-02,0.116332,0.8001));
#5935 = VECTOR('',#5936,1.);
#5936 = DIRECTION('',(0.,0.,1.));
#5937 = PLANE('',#5938);
#5938 = AXIS2_PLACEMENT_3D('',#5939,#5940,#5941);
#5939 = CARTESIAN_POINT('',(-4.99894211613E-02,0.109080859715,
    0.807039363681));
#5940 = DIRECTION('',(0.517599216475,0.855623194581,-2.374698838856E-16)
  );
#5941 = DIRECTION('',(0.855623194581,-0.517599216475,7.671160941923E-33)
  );
#5942 = ADVANCED_FACE('',(#5943),#5961,.T.);
#5943 = FACE_BOUND('',#5944,.T.);
#5944 = EDGE_LOOP('',(#5945,#5953,#5954,#5955));
#5945 = ORIENTED_EDGE('',*,*,#5946,.T.);
#5946 = EDGE_CURVE('',#5947,#5923,#5949,.T.);
#5947 = VERTEX_POINT('',#5948);
#5948 = CARTESIAN_POINT('',(-7.8486E-02,0.13335,0.810006));
#5949 = LINE('',#5950,#5951);
#5950 = CARTESIAN_POINT('',(-7.8486E-02,0.13335,0.810006));
#5951 = VECTOR('',#5952,1.);
#5952 = DIRECTION('',(0.696313120916,-0.717738140021,0.));
#5953 = ORIENTED_EDGE('',*,*,#5932,.F.);
#5954 = ORIENTED_EDGE('',*,*,#5629,.F.);
#5955 = ORIENTED_EDGE('',*,*,#5956,.T.);
#5956 = EDGE_CURVE('',#5622,#5947,#5957,.T.);
#5957 = LINE('',#5958,#5959);
#5958 = CARTESIAN_POINT('',(-7.8486E-02,0.13335,0.8001));
#5959 = VECTOR('',#5960,1.);
#5960 = DIRECTION('',(0.,0.,1.));
#5961 = PLANE('',#5962);
#5962 = AXIS2_PLACEMENT_3D('',#5963,#5964,#5965);
#5963 = CARTESIAN_POINT('',(-6.885232084344E-02,0.123419899946,
    0.807032970096));
#5964 = DIRECTION('',(0.717738140021,0.696313120916,0.));
#5965 = DIRECTION('',(-0.696313120916,0.717738140021,0.));
#5966 = ADVANCED_FACE('',(#5967),#5985,.T.);
#5967 = FACE_BOUND('',#5968,.T.);
#5968 = EDGE_LOOP('',(#5969,#5977,#5978,#5979));
#5969 = ORIENTED_EDGE('',*,*,#5970,.T.);
#5970 = EDGE_CURVE('',#5971,#5947,#5973,.T.);
#5971 = VERTEX_POINT('',#5972);
#5972 = CARTESIAN_POINT('',(-9.0932E-02,0.153924,0.810006));
#5973 = LINE('',#5974,#5975);
#5974 = CARTESIAN_POINT('',(-9.0932E-02,0.153924,0.810006));
#5975 = VECTOR('',#5976,1.);
#5976 = DIRECTION('',(0.517599216475,-0.855623194581,0.));
#5977 = ORIENTED_EDGE('',*,*,#5956,.F.);
#5978 = ORIENTED_EDGE('',*,*,#5621,.F.);
#5979 = ORIENTED_EDGE('',*,*,#5980,.T.);
#5980 = EDGE_CURVE('',#5614,#5971,#5981,.T.);
#5981 = LINE('',#5982,#5983);
#5982 = CARTESIAN_POINT('',(-9.0932E-02,0.153924,0.8001));
#5983 = VECTOR('',#5984,1.);
#5984 = DIRECTION('',(0.,0.,1.));
#5985 = PLANE('',#5986);
#5986 = AXIS2_PLACEMENT_3D('',#5987,#5988,#5989);
#5987 = CARTESIAN_POINT('',(-8.368085971486E-02,0.141937421161,
    0.807039363681));
#5988 = DIRECTION('',(0.855623194581,0.517599216475,0.));
#5989 = DIRECTION('',(-0.517599216475,0.855623194581,0.));
#5990 = ADVANCED_FACE('',(#5991),#6009,.T.);
#5991 = FACE_BOUND('',#5992,.T.);
#5992 = EDGE_LOOP('',(#5993,#6001,#6002,#6003));
#5993 = ORIENTED_EDGE('',*,*,#5994,.T.);
#5994 = EDGE_CURVE('',#5995,#5971,#5997,.T.);
#5995 = VERTEX_POINT('',#5996);
#5996 = CARTESIAN_POINT('',(-9.8806E-02,0.179324,0.810006));
#5997 = LINE('',#5998,#5999);
#5998 = CARTESIAN_POINT('',(-9.8806E-02,0.179324,0.810006));
#5999 = VECTOR('',#6000,1.);
#6000 = DIRECTION('',(0.296098771114,-0.955157326174,0.));
#6001 = ORIENTED_EDGE('',*,*,#5980,.F.);
#6002 = ORIENTED_EDGE('',*,*,#5613,.F.);
#6003 = ORIENTED_EDGE('',*,*,#6004,.T.);
#6004 = EDGE_CURVE('',#5606,#5995,#6005,.T.);
#6005 = LINE('',#6006,#6007);
#6006 = CARTESIAN_POINT('',(-9.8806E-02,0.179324,0.8001));
#6007 = VECTOR('',#6008,1.);
#6008 = DIRECTION('',(0.,0.,1.));
#6009 = PLANE('',#6010);
#6010 = AXIS2_PLACEMENT_3D('',#6011,#6012,#6013);
#6011 = CARTESIAN_POINT('',(-9.426785520671E-02,0.164684823247,
    0.807083217117));
#6012 = DIRECTION('',(0.955157326174,0.296098771114,0.));
#6013 = DIRECTION('',(-0.296098771114,0.955157326174,0.));
#6014 = ADVANCED_FACE('',(#6015),#6033,.T.);
#6015 = FACE_BOUND('',#6016,.T.);
#6016 = EDGE_LOOP('',(#6017,#6025,#6026,#6027));
#6017 = ORIENTED_EDGE('',*,*,#6018,.T.);
#6018 = EDGE_CURVE('',#6019,#5995,#6021,.T.);
#6019 = VERTEX_POINT('',#6020);
#6020 = CARTESIAN_POINT('',(-0.1016,0.210566,0.810006));
#6021 = LINE('',#6022,#6023);
#6022 = CARTESIAN_POINT('',(-0.1016,0.210566,0.810006));
#6023 = VECTOR('',#6024,1.);
#6024 = DIRECTION('',(8.907539631968E-02,-0.99602488612,0.));
#6025 = ORIENTED_EDGE('',*,*,#6004,.F.);
#6026 = ORIENTED_EDGE('',*,*,#5605,.F.);
#6027 = ORIENTED_EDGE('',*,*,#6028,.T.);
#6028 = EDGE_CURVE('',#5598,#6019,#6029,.T.);
#6029 = LINE('',#6030,#6031);
#6030 = CARTESIAN_POINT('',(-0.1016,0.210566,0.8001));
#6031 = VECTOR('',#6032,1.);
#6032 = DIRECTION('',(0.,0.,1.));
#6033 = PLANE('',#6034);
#6034 = AXIS2_PLACEMENT_3D('',#6035,#6036,#6037);
#6035 = CARTESIAN_POINT('',(-0.100016410413,0.192858589162,
    0.807147737659));
#6036 = DIRECTION('',(0.99602488612,8.907539631968E-02,0.));
#6037 = DIRECTION('',(-8.907539631968E-02,0.99602488612,0.));
#6038 = ADVANCED_FACE('',(#6039),#6057,.T.);
#6039 = FACE_BOUND('',#6040,.T.);
#6040 = EDGE_LOOP('',(#6041,#6049,#6055,#6056));
#6041 = ORIENTED_EDGE('',*,*,#6042,.T.);
#6042 = EDGE_CURVE('',#5590,#6043,#6045,.T.);
#6043 = VERTEX_POINT('',#6044);
#6044 = CARTESIAN_POINT('',(-0.1016,0.253238,0.810006));
#6045 = LINE('',#6046,#6047);
#6046 = CARTESIAN_POINT('',(-0.1016,0.253238,0.8001));
#6047 = VECTOR('',#6048,1.);
#6048 = DIRECTION('',(0.,0.,1.));
#6049 = ORIENTED_EDGE('',*,*,#6050,.T.);
#6050 = EDGE_CURVE('',#6043,#6019,#6051,.T.);
#6051 = LINE('',#6052,#6053);
#6052 = CARTESIAN_POINT('',(-0.1016,0.253238,0.810006));
#6053 = VECTOR('',#6054,1.);
#6054 = DIRECTION('',(0.,-1.,0.));
#6055 = ORIENTED_EDGE('',*,*,#6028,.F.);
#6056 = ORIENTED_EDGE('',*,*,#5597,.F.);
#6057 = PLANE('',#6058);
#6058 = AXIS2_PLACEMENT_3D('',#6059,#6060,#6061);
#6059 = CARTESIAN_POINT('',(-0.1016,0.234094820848,0.802860179152));
#6060 = DIRECTION('',(1.,0.,0.));
#6061 = DIRECTION('',(-0.,0.,1.));
#6062 = ADVANCED_FACE('',(#6063),#6074,.T.);
#6063 = FACE_BOUND('',#6064,.T.);
#6064 = EDGE_LOOP('',(#6065,#6066,#6072,#6073));
#6065 = ORIENTED_EDGE('',*,*,#5691,.F.);
#6066 = ORIENTED_EDGE('',*,*,#6067,.T.);
#6067 = EDGE_CURVE('',#5684,#6043,#6068,.T.);
#6068 = LINE('',#6069,#6070);
#6069 = CARTESIAN_POINT('',(0.132588,0.253238,0.810006));
#6070 = VECTOR('',#6071,1.);
#6071 = DIRECTION('',(-1.,0.,0.));
#6072 = ORIENTED_EDGE('',*,*,#6042,.F.);
#6073 = ORIENTED_EDGE('',*,*,#5589,.F.);
#6074 = PLANE('',#6075);
#6075 = AXIS2_PLACEMENT_3D('',#6076,#6077,#6078);
#6076 = CARTESIAN_POINT('',(1.791814623863E-02,0.253238,0.802628853761)
  );
#6077 = DIRECTION('',(-0.,-1.,-0.));
#6078 = DIRECTION('',(0.,0.,-1.));
#6079 = ADVANCED_FACE('',(#6080),#6099,.T.);
#6080 = FACE_BOUND('',#6081,.T.);
#6081 = EDGE_LOOP('',(#6082,#6083,#6084,#6085,#6086,#6087,#6088,#6089,
    #6090,#6091,#6092,#6093,#6094,#6095,#6096,#6097,#6098));
#6082 = ORIENTED_EDGE('',*,*,#5970,.F.);
#6083 = ORIENTED_EDGE('',*,*,#5994,.F.);
#6084 = ORIENTED_EDGE('',*,*,#6018,.F.);
#6085 = ORIENTED_EDGE('',*,*,#6050,.F.);
#6086 = ORIENTED_EDGE('',*,*,#6067,.F.);
#6087 = ORIENTED_EDGE('',*,*,#5683,.F.);
#6088 = ORIENTED_EDGE('',*,*,#5706,.F.);
#6089 = ORIENTED_EDGE('',*,*,#5730,.F.);
#6090 = ORIENTED_EDGE('',*,*,#5754,.F.);
#6091 = ORIENTED_EDGE('',*,*,#5778,.F.);
#6092 = ORIENTED_EDGE('',*,*,#5802,.F.);
#6093 = ORIENTED_EDGE('',*,*,#5826,.F.);
#6094 = ORIENTED_EDGE('',*,*,#5850,.F.);
#6095 = ORIENTED_EDGE('',*,*,#5874,.F.);
#6096 = ORIENTED_EDGE('',*,*,#5898,.F.);
#6097 = ORIENTED_EDGE('',*,*,#5922,.F.);
#6098 = ORIENTED_EDGE('',*,*,#5946,.F.);
#6099 = PLANE('',#6100);
#6100 = AXIS2_PLACEMENT_3D('',#6101,#6102,#6103);
#6101 = CARTESIAN_POINT('',(-8.934783913888E-02,0.156021619374,0.810006)
  );
#6102 = DIRECTION('',(-0.,-0.,-1.));
#6103 = DIRECTION('',(-1.,0.,0.));
#6104 = ADVANCED_FACE('',(#6105),#6124,.T.);
#6105 = FACE_BOUND('',#6106,.T.);
#6106 = EDGE_LOOP('',(#6107,#6108,#6109,#6110,#6111,#6112,#6113,#6114,
    #6115,#6116,#6117,#6118,#6119,#6120,#6121,#6122,#6123));
#6107 = ORIENTED_EDGE('',*,*,#5304,.F.);
#6108 = ORIENTED_EDGE('',*,*,#5335,.F.);
#6109 = ORIENTED_EDGE('',*,*,#5366,.F.);
#6110 = ORIENTED_EDGE('',*,*,#5397,.F.);
#6111 = ORIENTED_EDGE('',*,*,#5428,.F.);
#6112 = ORIENTED_EDGE('',*,*,#5459,.F.);
#6113 = ORIENTED_EDGE('',*,*,#5490,.F.);
#6114 = ORIENTED_EDGE('',*,*,#5118,.F.);
#6115 = ORIENTED_EDGE('',*,*,#5158,.F.);
#6116 = ORIENTED_EDGE('',*,*,#5189,.F.);
#6117 = ORIENTED_EDGE('',*,*,#5220,.F.);
#6118 = ORIENTED_EDGE('',*,*,#5251,.F.);
#6119 = ORIENTED_EDGE('',*,*,#5282,.F.);
#6120 = ORIENTED_EDGE('',*,*,#5096,.F.);
#6121 = ORIENTED_EDGE('',*,*,#5057,.F.);
#6122 = ORIENTED_EDGE('',*,*,#5026,.F.);
#6123 = ORIENTED_EDGE('',*,*,#4995,.F.);
#6124 = PLANE('',#6125);
#6125 = AXIS2_PLACEMENT_3D('',#6126,#6127,#6128);
#6126 = CARTESIAN_POINT('',(-0.127920570691,0.173767819056,0.810006));
#6127 = DIRECTION('',(0.,0.,1.));
#6128 = DIRECTION('',(1.,0.,-0.));
#6129 = MANIFOLD_SOLID_BREP('',#6130);
#6130 = CLOSED_SHELL('',(#6131,#6171,#6378,#6409,#6433,#6457,#6481,#6505
    ,#6529,#6553,#6577,#6601,#6625,#6649,#6680,#6704,#6728,#6752,#6775,
    #6791,#6814,#6838,#6862,#6886,#6910,#6934,#6958,#6975,#6992,#7032));
#6131 = ADVANCED_FACE('',(#6132),#6166,.T.);
#6132 = FACE_BOUND('',#6133,.T.);
#6133 = EDGE_LOOP('',(#6134,#6144,#6152,#6160));
#6134 = ORIENTED_EDGE('',*,*,#6135,.T.);
#6135 = EDGE_CURVE('',#6136,#6138,#6140,.T.);
#6136 = VERTEX_POINT('',#6137);
#6137 = CARTESIAN_POINT('',(0.165608,0.377698,0.8001));
#6138 = VERTEX_POINT('',#6139);
#6139 = CARTESIAN_POINT('',(0.165608,0.377698,0.810006));
#6140 = LINE('',#6141,#6142);
#6141 = CARTESIAN_POINT('',(0.165608,0.377698,0.8001));
#6142 = VECTOR('',#6143,1.);
#6143 = DIRECTION('',(0.,0.,1.));
#6144 = ORIENTED_EDGE('',*,*,#6145,.T.);
#6145 = EDGE_CURVE('',#6138,#6146,#6148,.T.);
#6146 = VERTEX_POINT('',#6147);
#6147 = CARTESIAN_POINT('',(0.165608,0.337312,0.810006));
#6148 = LINE('',#6149,#6150);
#6149 = CARTESIAN_POINT('',(0.165608,0.377698,0.810006));
#6150 = VECTOR('',#6151,1.);
#6151 = DIRECTION('',(0.,-1.,0.));
#6152 = ORIENTED_EDGE('',*,*,#6153,.T.);
#6153 = EDGE_CURVE('',#6146,#6154,#6156,.T.);
#6154 = VERTEX_POINT('',#6155);
#6155 = CARTESIAN_POINT('',(0.165608,0.337312,0.8001));
#6156 = LINE('',#6157,#6158);
#6157 = CARTESIAN_POINT('',(0.165608,0.337312,0.810006));
#6158 = VECTOR('',#6159,1.);
#6159 = DIRECTION('',(0.,0.,-1.));
#6160 = ORIENTED_EDGE('',*,*,#6161,.T.);
#6161 = EDGE_CURVE('',#6154,#6136,#6162,.T.);
#6162 = LINE('',#6163,#6164);
#6163 = CARTESIAN_POINT('',(0.165608,0.337312,0.8001));
#6164 = VECTOR('',#6165,1.);
#6165 = DIRECTION('',(0.,1.,0.));
#6166 = PLANE('',#6167);
#6167 = AXIS2_PLACEMENT_3D('',#6168,#6169,#6170);
#6168 = CARTESIAN_POINT('',(0.165608,0.359682214099,0.802875785901));
#6169 = DIRECTION('',(1.,0.,0.));
#6170 = DIRECTION('',(-0.,0.,1.));
#6171 = ADVANCED_FACE('',(#6172),#6373,.T.);
#6172 = FACE_BOUND('',#6173,.T.);
#6173 = EDGE_LOOP('',(#6174,#6184,#6192,#6200,#6208,#6216,#6224,#6232,
    #6240,#6248,#6256,#6264,#6272,#6278,#6279,#6287,#6295,#6303,#6311,
    #6319,#6327,#6335,#6343,#6351,#6359,#6367));
#6174 = ORIENTED_EDGE('',*,*,#6175,.F.);
#6175 = EDGE_CURVE('',#6176,#6178,#6180,.T.);
#6176 = VERTEX_POINT('',#6177);
#6177 = CARTESIAN_POINT('',(-5.9944E-02,0.627634,0.8001));
#6178 = VERTEX_POINT('',#6179);
#6179 = CARTESIAN_POINT('',(0.165608,0.688594,0.8001));
#6180 = LINE('',#6181,#6182);
#6181 = CARTESIAN_POINT('',(-5.9944E-02,0.627634,0.8001));
#6182 = VECTOR('',#6183,1.);
#6183 = DIRECTION('',(0.965363393028,0.260909025143,0.));
#6184 = ORIENTED_EDGE('',*,*,#6185,.F.);
#6185 = EDGE_CURVE('',#6186,#6176,#6188,.T.);
#6186 = VERTEX_POINT('',#6187);
#6187 = CARTESIAN_POINT('',(-7.5184E-02,0.624332,0.8001));
#6188 = LINE('',#6189,#6190);
#6189 = CARTESIAN_POINT('',(-7.5184E-02,0.624332,0.8001));
#6190 = VECTOR('',#6191,1.);
#6191 = DIRECTION('',(0.977323140027,0.211753347006,0.));
#6192 = ORIENTED_EDGE('',*,*,#6193,.F.);
#6193 = EDGE_CURVE('',#6194,#6186,#6196,.T.);
#6194 = VERTEX_POINT('',#6195);
#6195 = CARTESIAN_POINT('',(-9.0678E-02,0.622808,0.8001));
#6196 = LINE('',#6197,#6198);
#6197 = CARTESIAN_POINT('',(-9.0678E-02,0.622808,0.8001));
#6198 = VECTOR('',#6199,1.);
#6199 = DIRECTION('',(0.995197410875,9.78882699221E-02,0.));
#6200 = ORIENTED_EDGE('',*,*,#6201,.F.);
#6201 = EDGE_CURVE('',#6202,#6194,#6204,.T.);
#6202 = VERTEX_POINT('',#6203);
#6203 = CARTESIAN_POINT('',(-7.5184E-02,0.620268,0.8001));
#6204 = LINE('',#6205,#6206);
#6205 = CARTESIAN_POINT('',(-7.5184E-02,0.620268,0.8001));
#6206 = VECTOR('',#6207,1.);
#6207 = DIRECTION('',(-0.986827665106,0.161775027066,0.));
#6208 = ORIENTED_EDGE('',*,*,#6209,.F.);
#6209 = EDGE_CURVE('',#6210,#6202,#6212,.T.);
#6210 = VERTEX_POINT('',#6211);
#6211 = CARTESIAN_POINT('',(-5.9944E-02,0.616204,0.8001));
#6212 = LINE('',#6213,#6214);
#6213 = CARTESIAN_POINT('',(-5.9944E-02,0.616204,0.8001));
#6214 = VECTOR('',#6215,1.);
#6215 = DIRECTION('',(-0.966234939601,0.25766265056,0.));
#6216 = ORIENTED_EDGE('',*,*,#6217,.F.);
#6217 = EDGE_CURVE('',#6218,#6210,#6220,.T.);
#6218 = VERTEX_POINT('',#6219);
#6219 = CARTESIAN_POINT('',(0.165608,0.549656,0.8001));
#6220 = LINE('',#6221,#6222);
#6221 = CARTESIAN_POINT('',(0.165608,0.549656,0.8001));
#6222 = VECTOR('',#6223,1.);
#6223 = DIRECTION('',(-0.959124366755,0.282984891993,0.));
#6224 = ORIENTED_EDGE('',*,*,#6225,.F.);
#6225 = EDGE_CURVE('',#6226,#6218,#6228,.T.);
#6226 = VERTEX_POINT('',#6227);
#6227 = CARTESIAN_POINT('',(0.165608,0.51308,0.8001));
#6228 = LINE('',#6229,#6230);
#6229 = CARTESIAN_POINT('',(0.165608,0.51308,0.8001));
#6230 = VECTOR('',#6231,1.);
#6231 = DIRECTION('',(0.,1.,0.));
#6232 = ORIENTED_EDGE('',*,*,#6233,.F.);
#6233 = EDGE_CURVE('',#6234,#6226,#6236,.T.);
#6234 = VERTEX_POINT('',#6235);
#6235 = CARTESIAN_POINT('',(-6.1976E-02,0.448564,0.8001));
#6236 = LINE('',#6237,#6238);
#6237 = CARTESIAN_POINT('',(-6.1976E-02,0.448564,0.8001));
#6238 = VECTOR('',#6239,1.);
#6239 = DIRECTION('',(0.962089167331,0.272735098775,0.));
#6240 = ORIENTED_EDGE('',*,*,#6241,.F.);
#6241 = EDGE_CURVE('',#6242,#6234,#6244,.T.);
#6242 = VERTEX_POINT('',#6243);
#6243 = CARTESIAN_POINT('',(-7.62E-02,0.445516,0.8001));
#6244 = LINE('',#6245,#6246);
#6245 = CARTESIAN_POINT('',(-7.62E-02,0.445516,0.8001));
#6246 = VECTOR('',#6247,1.);
#6247 = DIRECTION('',(0.977802414077,0.209529088731,0.));
#6248 = ORIENTED_EDGE('',*,*,#6249,.F.);
#6249 = EDGE_CURVE('',#6250,#6242,#6252,.T.);
#6250 = VERTEX_POINT('',#6251);
#6251 = CARTESIAN_POINT('',(-9.0678E-02,0.443484,0.8001));
#6252 = LINE('',#6253,#6254);
#6253 = CARTESIAN_POINT('',(-9.0678E-02,0.443484,0.8001));
#6254 = VECTOR('',#6255,1.);
#6255 = DIRECTION('',(0.990293977152,0.138988628372,0.));
#6256 = ORIENTED_EDGE('',*,*,#6257,.F.);
#6257 = EDGE_CURVE('',#6258,#6250,#6260,.T.);
#6258 = VERTEX_POINT('',#6259);
#6259 = CARTESIAN_POINT('',(-7.5692E-02,0.441452,0.8001));
#6260 = LINE('',#6261,#6262);
#6261 = CARTESIAN_POINT('',(-7.5692E-02,0.441452,0.8001));
#6262 = VECTOR('',#6263,1.);
#6263 = DIRECTION('',(-0.99093208818,0.134363672974,0.));
#6264 = ORIENTED_EDGE('',*,*,#6265,.F.);
#6265 = EDGE_CURVE('',#6266,#6258,#6268,.T.);
#6266 = VERTEX_POINT('',#6267);
#6267 = CARTESIAN_POINT('',(-6.1214E-02,0.437642,0.8001));
#6268 = LINE('',#6269,#6270);
#6269 = CARTESIAN_POINT('',(-6.1214E-02,0.437642,0.8001));
#6270 = VECTOR('',#6271,1.);
#6271 = DIRECTION('',(-0.967074537263,0.25449329928,0.));
#6272 = ORIENTED_EDGE('',*,*,#6273,.F.);
#6273 = EDGE_CURVE('',#6136,#6266,#6274,.T.);
#6274 = LINE('',#6275,#6276);
#6275 = CARTESIAN_POINT('',(0.165608,0.377698,0.8001));
#6276 = VECTOR('',#6277,1.);
#6277 = DIRECTION('',(-0.966807551586,0.255505691125,0.));
#6278 = ORIENTED_EDGE('',*,*,#6161,.F.);
#6279 = ORIENTED_EDGE('',*,*,#6280,.F.);
#6280 = EDGE_CURVE('',#6281,#6154,#6283,.T.);
#6281 = VERTEX_POINT('',#6282);
#6282 = CARTESIAN_POINT('',(-0.13462,0.421386,0.8001));
#6283 = LINE('',#6284,#6285);
#6284 = CARTESIAN_POINT('',(-0.13462,0.421386,0.8001));
#6285 = VECTOR('',#6286,1.);
#6286 = DIRECTION('',(0.962955558138,-0.269660143607,0.));
#6287 = ORIENTED_EDGE('',*,*,#6288,.F.);
#6288 = EDGE_CURVE('',#6289,#6281,#6291,.T.);
#6289 = VERTEX_POINT('',#6290);
#6290 = CARTESIAN_POINT('',(-0.13462,0.465328,0.8001));
#6291 = LINE('',#6292,#6293);
#6292 = CARTESIAN_POINT('',(-0.13462,0.465328,0.8001));
#6293 = VECTOR('',#6294,1.);
#6294 = DIRECTION('',(0.,-1.,0.));
#6295 = ORIENTED_EDGE('',*,*,#6296,.F.);
#6296 = EDGE_CURVE('',#6297,#6289,#6299,.T.);
#6297 = VERTEX_POINT('',#6298);
#6298 = CARTESIAN_POINT('',(8.3058E-02,0.526288,0.8001));
#6299 = LINE('',#6300,#6301);
#6300 = CARTESIAN_POINT('',(8.3058E-02,0.526288,0.8001));
#6301 = VECTOR('',#6302,1.);
#6302 = DIRECTION('',(-0.962952349047,-0.269671603,0.));
#6303 = ORIENTED_EDGE('',*,*,#6304,.F.);
#6304 = EDGE_CURVE('',#6305,#6297,#6307,.T.);
#6305 = VERTEX_POINT('',#6306);
#6306 = CARTESIAN_POINT('',(9.8552E-02,0.52959,0.8001));
#6307 = LINE('',#6308,#6309);
#6308 = CARTESIAN_POINT('',(9.8552E-02,0.52959,0.8001));
#6309 = VECTOR('',#6310,1.);
#6310 = DIRECTION('',(-0.978036435887,-0.208433994533,0.));
#6311 = ORIENTED_EDGE('',*,*,#6312,.F.);
#6312 = EDGE_CURVE('',#6313,#6305,#6315,.T.);
#6313 = VERTEX_POINT('',#6314);
#6314 = CARTESIAN_POINT('',(0.1143,0.531368,0.8001));
#6315 = LINE('',#6316,#6317);
#6316 = CARTESIAN_POINT('',(0.1143,0.531368,0.8001));
#6317 = VECTOR('',#6318,1.);
#6318 = DIRECTION('',(-0.993686724241,-0.112190436608,0.));
#6319 = ORIENTED_EDGE('',*,*,#6320,.F.);
#6320 = EDGE_CURVE('',#6321,#6313,#6323,.T.);
#6321 = VERTEX_POINT('',#6322);
#6322 = CARTESIAN_POINT('',(0.1143,0.534924,0.8001));
#6323 = LINE('',#6324,#6325);
#6324 = CARTESIAN_POINT('',(0.1143,0.534924,0.8001));
#6325 = VECTOR('',#6326,1.);
#6326 = DIRECTION('',(0.,-1.,0.));
#6327 = ORIENTED_EDGE('',*,*,#6328,.F.);
#6328 = EDGE_CURVE('',#6329,#6321,#6331,.T.);
#6329 = VERTEX_POINT('',#6330);
#6330 = CARTESIAN_POINT('',(9.8806E-02,0.536702,0.8001));
#6331 = LINE('',#6332,#6333);
#6332 = CARTESIAN_POINT('',(9.8806E-02,0.536702,0.8001));
#6333 = VECTOR('',#6334,1.);
#6334 = DIRECTION('',(0.993480071526,-0.114005909847,0.));
#6335 = ORIENTED_EDGE('',*,*,#6336,.F.);
#6336 = EDGE_CURVE('',#6337,#6329,#6339,.T.);
#6337 = VERTEX_POINT('',#6338);
#6338 = CARTESIAN_POINT('',(8.3566E-02,0.540258,0.8001));
#6339 = LINE('',#6340,#6341);
#6340 = CARTESIAN_POINT('',(8.3566E-02,0.540258,0.8001));
#6341 = VECTOR('',#6342,1.);
#6342 = DIRECTION('',(0.973841209742,-0.227229615606,0.));
#6343 = ORIENTED_EDGE('',*,*,#6344,.F.);
#6344 = EDGE_CURVE('',#6345,#6337,#6347,.T.);
#6345 = VERTEX_POINT('',#6346);
#6346 = CARTESIAN_POINT('',(-0.13462,0.60071,0.8001));
#6347 = LINE('',#6348,#6349);
#6348 = CARTESIAN_POINT('',(-0.13462,0.60071,0.8001));
#6349 = VECTOR('',#6350,1.);
#6350 = DIRECTION('',(0.963694499902,-0.267007323605,0.));
#6351 = ORIENTED_EDGE('',*,*,#6352,.F.);
#6352 = EDGE_CURVE('',#6353,#6345,#6355,.T.);
#6353 = VERTEX_POINT('',#6354);
#6354 = CARTESIAN_POINT('',(-0.13462,0.644652,0.8001));
#6355 = LINE('',#6356,#6357);
#6356 = CARTESIAN_POINT('',(-0.13462,0.644652,0.8001));
#6357 = VECTOR('',#6358,1.);
#6358 = DIRECTION('',(0.,-1.,0.));
#6359 = ORIENTED_EDGE('',*,*,#6360,.F.);
#6360 = EDGE_CURVE('',#6361,#6353,#6363,.T.);
#6361 = VERTEX_POINT('',#6362);
#6362 = CARTESIAN_POINT('',(0.165608,0.732536,0.8001));
#6363 = LINE('',#6364,#6365);
#6364 = CARTESIAN_POINT('',(0.165608,0.732536,0.8001));
#6365 = VECTOR('',#6366,1.);
#6366 = DIRECTION('',(-0.959726728596,-0.280935235274,0.));
#6367 = ORIENTED_EDGE('',*,*,#6368,.F.);
#6368 = EDGE_CURVE('',#6178,#6361,#6369,.T.);
#6369 = LINE('',#6370,#6371);
#6370 = CARTESIAN_POINT('',(0.165608,0.688594,0.8001));
#6371 = VECTOR('',#6372,1.);
#6372 = DIRECTION('',(0.,1.,0.));
#6373 = PLANE('',#6374);
#6374 = AXIS2_PLACEMENT_3D('',#6375,#6376,#6377);
#6375 = CARTESIAN_POINT('',(6.224721584799E-02,0.672876625299,0.8001));
#6376 = DIRECTION('',(-0.,-0.,-1.));
#6377 = DIRECTION('',(-1.,0.,0.));
#6378 = ADVANCED_FACE('',(#6379),#6404,.T.);
#6379 = FACE_BOUND('',#6380,.T.);
#6380 = EDGE_LOOP('',(#6381,#6389,#6397,#6403));
#6381 = ORIENTED_EDGE('',*,*,#6382,.F.);
#6382 = EDGE_CURVE('',#6383,#6361,#6385,.T.);
#6383 = VERTEX_POINT('',#6384);
#6384 = CARTESIAN_POINT('',(0.165608,0.732536,0.810006));
#6385 = LINE('',#6386,#6387);
#6386 = CARTESIAN_POINT('',(0.165608,0.732536,0.810006));
#6387 = VECTOR('',#6388,1.);
#6388 = DIRECTION('',(0.,0.,-1.));
#6389 = ORIENTED_EDGE('',*,*,#6390,.T.);
#6390 = EDGE_CURVE('',#6383,#6391,#6393,.T.);
#6391 = VERTEX_POINT('',#6392);
#6392 = CARTESIAN_POINT('',(0.165608,0.688594,0.810006));
#6393 = LINE('',#6394,#6395);
#6394 = CARTESIAN_POINT('',(0.165608,0.732536,0.810006));
#6395 = VECTOR('',#6396,1.);
#6396 = DIRECTION('',(0.,-1.,0.));
#6397 = ORIENTED_EDGE('',*,*,#6398,.T.);
#6398 = EDGE_CURVE('',#6391,#6178,#6399,.T.);
#6399 = LINE('',#6400,#6401);
#6400 = CARTESIAN_POINT('',(0.165608,0.688594,0.810006));
#6401 = VECTOR('',#6402,1.);
#6402 = DIRECTION('',(0.,0.,-1.));
#6403 = ORIENTED_EDGE('',*,*,#6368,.T.);
#6404 = PLANE('',#6405);
#6405 = AXIS2_PLACEMENT_3D('',#6406,#6407,#6408);
#6406 = CARTESIAN_POINT('',(0.165608,0.712765816115,0.802852183885));
#6407 = DIRECTION('',(1.,0.,0.));
#6408 = DIRECTION('',(-0.,0.,1.));
#6409 = ADVANCED_FACE('',(#6410),#6428,.T.);
#6410 = FACE_BOUND('',#6411,.T.);
#6411 = EDGE_LOOP('',(#6412,#6420,#6426,#6427));
#6412 = ORIENTED_EDGE('',*,*,#6413,.F.);
#6413 = EDGE_CURVE('',#6414,#6353,#6416,.T.);
#6414 = VERTEX_POINT('',#6415);
#6415 = CARTESIAN_POINT('',(-0.13462,0.644652,0.810006));
#6416 = LINE('',#6417,#6418);
#6417 = CARTESIAN_POINT('',(-0.13462,0.644652,0.810006));
#6418 = VECTOR('',#6419,1.);
#6419 = DIRECTION('',(0.,0.,-1.));
#6420 = ORIENTED_EDGE('',*,*,#6421,.T.);
#6421 = EDGE_CURVE('',#6414,#6383,#6422,.T.);
#6422 = LINE('',#6423,#6424);
#6423 = CARTESIAN_POINT('',(-0.13462,0.644652,0.810006));
#6424 = VECTOR('',#6425,1.);
#6425 = DIRECTION('',(0.959726728596,0.280935235274,0.));
#6426 = ORIENTED_EDGE('',*,*,#6382,.T.);
#6427 = ORIENTED_EDGE('',*,*,#6360,.T.);
#6428 = PLANE('',#6429);
#6429 = AXIS2_PLACEMENT_3D('',#6430,#6431,#6432);
#6430 = CARTESIAN_POINT('',(1.315485875125E-02,0.687909276758,
    0.802615700737));
#6431 = DIRECTION('',(-0.280935235274,0.959726728596,-2.974622761461E-15
    ));
#6432 = DIRECTION('',(0.959726728596,0.280935235274,3.504936852185E-32)
  );
#6433 = ADVANCED_FACE('',(#6434),#6452,.T.);
#6434 = FACE_BOUND('',#6435,.T.);
#6435 = EDGE_LOOP('',(#6436,#6444,#6450,#6451));
#6436 = ORIENTED_EDGE('',*,*,#6437,.F.);
#6437 = EDGE_CURVE('',#6438,#6345,#6440,.T.);
#6438 = VERTEX_POINT('',#6439);
#6439 = CARTESIAN_POINT('',(-0.13462,0.60071,0.810006));
#6440 = LINE('',#6441,#6442);
#6441 = CARTESIAN_POINT('',(-0.13462,0.60071,0.810006));
#6442 = VECTOR('',#6443,1.);
#6443 = DIRECTION('',(0.,0.,-1.));
#6444 = ORIENTED_EDGE('',*,*,#6445,.T.);
#6445 = EDGE_CURVE('',#6438,#6414,#6446,.T.);
#6446 = LINE('',#6447,#6448);
#6447 = CARTESIAN_POINT('',(-0.13462,0.60071,0.810006));
#6448 = VECTOR('',#6449,1.);
#6449 = DIRECTION('',(0.,1.,0.));
#6450 = ORIENTED_EDGE('',*,*,#6413,.T.);
#6451 = ORIENTED_EDGE('',*,*,#6352,.T.);
#6452 = PLANE('',#6453);
#6453 = AXIS2_PLACEMENT_3D('',#6454,#6455,#6456);
#6454 = CARTESIAN_POINT('',(-0.13462,0.620480183885,0.802852183885));
#6455 = DIRECTION('',(-1.,-0.,-0.));
#6456 = DIRECTION('',(0.,0.,-1.));
#6457 = ADVANCED_FACE('',(#6458),#6476,.T.);
#6458 = FACE_BOUND('',#6459,.T.);
#6459 = EDGE_LOOP('',(#6460,#6468,#6474,#6475));
#6460 = ORIENTED_EDGE('',*,*,#6461,.F.);
#6461 = EDGE_CURVE('',#6462,#6337,#6464,.T.);
#6462 = VERTEX_POINT('',#6463);
#6463 = CARTESIAN_POINT('',(8.3566E-02,0.540258,0.810006));
#6464 = LINE('',#6465,#6466);
#6465 = CARTESIAN_POINT('',(8.3566E-02,0.540258,0.810006));
#6466 = VECTOR('',#6467,1.);
#6467 = DIRECTION('',(0.,0.,-1.));
#6468 = ORIENTED_EDGE('',*,*,#6469,.T.);
#6469 = EDGE_CURVE('',#6462,#6438,#6470,.T.);
#6470 = LINE('',#6471,#6472);
#6471 = CARTESIAN_POINT('',(8.3566E-02,0.540258,0.810006));
#6472 = VECTOR('',#6473,1.);
#6473 = DIRECTION('',(-0.963694499902,0.267007323605,0.));
#6474 = ORIENTED_EDGE('',*,*,#6437,.T.);
#6475 = ORIENTED_EDGE('',*,*,#6344,.T.);
#6476 = PLANE('',#6477);
#6477 = AXIS2_PLACEMENT_3D('',#6478,#6479,#6480);
#6478 = CARTESIAN_POINT('',(-2.319259619027E-02,0.569837215242,
    0.802630651621));
#6479 = DIRECTION('',(-0.267007323605,-0.963694499902,
    -3.589887646414E-15));
#6480 = DIRECTION('',(-0.963694499902,0.267007323605,-1.202384436838E-31
    ));
#6481 = ADVANCED_FACE('',(#6482),#6500,.T.);
#6482 = FACE_BOUND('',#6483,.T.);
#6483 = EDGE_LOOP('',(#6484,#6492,#6493,#6494));
#6484 = ORIENTED_EDGE('',*,*,#6485,.T.);
#6485 = EDGE_CURVE('',#6486,#6462,#6488,.T.);
#6486 = VERTEX_POINT('',#6487);
#6487 = CARTESIAN_POINT('',(9.8806E-02,0.536702,0.810006));
#6488 = LINE('',#6489,#6490);
#6489 = CARTESIAN_POINT('',(9.8806E-02,0.536702,0.810006));
#6490 = VECTOR('',#6491,1.);
#6491 = DIRECTION('',(-0.973841209742,0.227229615606,0.));
#6492 = ORIENTED_EDGE('',*,*,#6461,.T.);
#6493 = ORIENTED_EDGE('',*,*,#6336,.T.);
#6494 = ORIENTED_EDGE('',*,*,#6495,.T.);
#6495 = EDGE_CURVE('',#6329,#6486,#6496,.T.);
#6496 = LINE('',#6497,#6498);
#6497 = CARTESIAN_POINT('',(9.8806E-02,0.536702,0.8001));
#6498 = VECTOR('',#6499,1.);
#6499 = DIRECTION('',(0.,0.,1.));
#6500 = PLANE('',#6501);
#6501 = AXIS2_PLACEMENT_3D('',#6502,#6503,#6504);
#6502 = CARTESIAN_POINT('',(8.947343765659E-02,0.53887959788,
    0.806811564257));
#6503 = DIRECTION('',(-0.227229615606,-0.973841209742,-0.));
#6504 = DIRECTION('',(-0.973841209742,0.227229615606,0.));
#6505 = ADVANCED_FACE('',(#6506),#6524,.T.);
#6506 = FACE_BOUND('',#6507,.T.);
#6507 = EDGE_LOOP('',(#6508,#6509,#6517,#6523));
#6508 = ORIENTED_EDGE('',*,*,#6328,.T.);
#6509 = ORIENTED_EDGE('',*,*,#6510,.F.);
#6510 = EDGE_CURVE('',#6511,#6321,#6513,.T.);
#6511 = VERTEX_POINT('',#6512);
#6512 = CARTESIAN_POINT('',(0.1143,0.534924,0.810006));
#6513 = LINE('',#6514,#6515);
#6514 = CARTESIAN_POINT('',(0.1143,0.534924,0.810006));
#6515 = VECTOR('',#6516,1.);
#6516 = DIRECTION('',(0.,0.,-1.));
#6517 = ORIENTED_EDGE('',*,*,#6518,.T.);
#6518 = EDGE_CURVE('',#6511,#6486,#6519,.T.);
#6519 = LINE('',#6520,#6521);
#6520 = CARTESIAN_POINT('',(0.1143,0.534924,0.810006));
#6521 = VECTOR('',#6522,1.);
#6522 = DIRECTION('',(-0.993480071526,0.114005909847,0.));
#6523 = ORIENTED_EDGE('',*,*,#6495,.F.);
#6524 = PLANE('',#6525);
#6525 = AXIS2_PLACEMENT_3D('',#6526,#6527,#6528);
#6526 = CARTESIAN_POINT('',(0.108298025541,0.535612751167,0.80329652235)
  );
#6527 = DIRECTION('',(-0.114005909847,-0.993480071526,-0.));
#6528 = DIRECTION('',(-0.993480071526,0.114005909847,0.));
#6529 = ADVANCED_FACE('',(#6530),#6548,.T.);
#6530 = FACE_BOUND('',#6531,.T.);
#6531 = EDGE_LOOP('',(#6532,#6540,#6546,#6547));
#6532 = ORIENTED_EDGE('',*,*,#6533,.F.);
#6533 = EDGE_CURVE('',#6534,#6313,#6536,.T.);
#6534 = VERTEX_POINT('',#6535);
#6535 = CARTESIAN_POINT('',(0.1143,0.531368,0.810006));
#6536 = LINE('',#6537,#6538);
#6537 = CARTESIAN_POINT('',(0.1143,0.531368,0.810006));
#6538 = VECTOR('',#6539,1.);
#6539 = DIRECTION('',(0.,0.,-1.));
#6540 = ORIENTED_EDGE('',*,*,#6541,.T.);
#6541 = EDGE_CURVE('',#6534,#6511,#6542,.T.);
#6542 = LINE('',#6543,#6544);
#6543 = CARTESIAN_POINT('',(0.1143,0.531368,0.810006));
#6544 = VECTOR('',#6545,1.);
#6545 = DIRECTION('',(0.,1.,0.));
#6546 = ORIENTED_EDGE('',*,*,#6510,.T.);
#6547 = ORIENTED_EDGE('',*,*,#6320,.T.);
#6548 = PLANE('',#6549);
#6549 = AXIS2_PLACEMENT_3D('',#6550,#6551,#6552);
#6550 = CARTESIAN_POINT('',(0.1143,0.532411730368,0.804318730368));
#6551 = DIRECTION('',(-1.,-0.,-0.));
#6552 = DIRECTION('',(0.,0.,-1.));
#6553 = ADVANCED_FACE('',(#6554),#6572,.T.);
#6554 = FACE_BOUND('',#6555,.T.);
#6555 = EDGE_LOOP('',(#6556,#6564,#6565,#6566));
#6556 = ORIENTED_EDGE('',*,*,#6557,.T.);
#6557 = EDGE_CURVE('',#6558,#6534,#6560,.T.);
#6558 = VERTEX_POINT('',#6559);
#6559 = CARTESIAN_POINT('',(9.8552E-02,0.52959,0.810006));
#6560 = LINE('',#6561,#6562);
#6561 = CARTESIAN_POINT('',(9.8552E-02,0.52959,0.810006));
#6562 = VECTOR('',#6563,1.);
#6563 = DIRECTION('',(0.993686724241,0.112190436608,0.));
#6564 = ORIENTED_EDGE('',*,*,#6533,.T.);
#6565 = ORIENTED_EDGE('',*,*,#6312,.T.);
#6566 = ORIENTED_EDGE('',*,*,#6567,.T.);
#6567 = EDGE_CURVE('',#6305,#6558,#6568,.T.);
#6568 = LINE('',#6569,#6570);
#6569 = CARTESIAN_POINT('',(9.8552E-02,0.52959,0.8001));
#6570 = VECTOR('',#6571,1.);
#6571 = DIRECTION('',(0.,0.,1.));
#6572 = PLANE('',#6573);
#6573 = AXIS2_PLACEMENT_3D('',#6574,#6575,#6576);
#6574 = CARTESIAN_POINT('',(0.108181039912,0.530677149668,0.806819190359
    ));
#6575 = DIRECTION('',(-0.112190436608,0.993686724241,0.));
#6576 = DIRECTION('',(0.993686724241,0.112190436608,0.));
#6577 = ADVANCED_FACE('',(#6578),#6596,.T.);
#6578 = FACE_BOUND('',#6579,.T.);
#6579 = EDGE_LOOP('',(#6580,#6581,#6589,#6595));
#6580 = ORIENTED_EDGE('',*,*,#6304,.T.);
#6581 = ORIENTED_EDGE('',*,*,#6582,.F.);
#6582 = EDGE_CURVE('',#6583,#6297,#6585,.T.);
#6583 = VERTEX_POINT('',#6584);
#6584 = CARTESIAN_POINT('',(8.3058E-02,0.526288,0.810006));
#6585 = LINE('',#6586,#6587);
#6586 = CARTESIAN_POINT('',(8.3058E-02,0.526288,0.810006));
#6587 = VECTOR('',#6588,1.);
#6588 = DIRECTION('',(0.,0.,-1.));
#6589 = ORIENTED_EDGE('',*,*,#6590,.T.);
#6590 = EDGE_CURVE('',#6583,#6558,#6591,.T.);
#6591 = LINE('',#6592,#6593);
#6592 = CARTESIAN_POINT('',(8.3058E-02,0.526288,0.810006));
#6593 = VECTOR('',#6594,1.);
#6594 = DIRECTION('',(0.978036435887,0.208433994533,0.));
#6595 = ORIENTED_EDGE('',*,*,#6567,.F.);
#6596 = PLANE('',#6597);
#6597 = AXIS2_PLACEMENT_3D('',#6598,#6599,#6600);
#6598 = CARTESIAN_POINT('',(8.907782857109E-02,0.527570914286,
    0.803287041836));
#6599 = DIRECTION('',(-0.208433994533,0.978036435887,0.));
#6600 = DIRECTION('',(0.978036435887,0.208433994533,0.));
#6601 = ADVANCED_FACE('',(#6602),#6620,.T.);
#6602 = FACE_BOUND('',#6603,.T.);
#6603 = EDGE_LOOP('',(#6604,#6612,#6618,#6619));
#6604 = ORIENTED_EDGE('',*,*,#6605,.F.);
#6605 = EDGE_CURVE('',#6606,#6289,#6608,.T.);
#6606 = VERTEX_POINT('',#6607);
#6607 = CARTESIAN_POINT('',(-0.13462,0.465328,0.810006));
#6608 = LINE('',#6609,#6610);
#6609 = CARTESIAN_POINT('',(-0.13462,0.465328,0.810006));
#6610 = VECTOR('',#6611,1.);
#6611 = DIRECTION('',(0.,0.,-1.));
#6612 = ORIENTED_EDGE('',*,*,#6613,.T.);
#6613 = EDGE_CURVE('',#6606,#6583,#6614,.T.);
#6614 = LINE('',#6615,#6616);
#6615 = CARTESIAN_POINT('',(-0.13462,0.465328,0.810006));
#6616 = VECTOR('',#6617,1.);
#6617 = DIRECTION('',(0.962952349047,0.269671603,0.));
#6618 = ORIENTED_EDGE('',*,*,#6582,.T.);
#6619 = ORIENTED_EDGE('',*,*,#6296,.T.);
#6620 = PLANE('',#6621);
#6621 = AXIS2_PLACEMENT_3D('',#6622,#6623,#6624);
#6622 = CARTESIAN_POINT('',(-2.811352469832E-02,0.495154784215,
    0.802630736115));
#6623 = DIRECTION('',(-0.269671603,0.962952349047,3.815147812218E-16));
#6624 = DIRECTION('',(0.962952349047,0.269671603,4.433819995128E-33));
#6625 = ADVANCED_FACE('',(#6626),#6644,.T.);
#6626 = FACE_BOUND('',#6627,.T.);
#6627 = EDGE_LOOP('',(#6628,#6636,#6637,#6638));
#6628 = ORIENTED_EDGE('',*,*,#6629,.T.);
#6629 = EDGE_CURVE('',#6630,#6606,#6632,.T.);
#6630 = VERTEX_POINT('',#6631);
#6631 = CARTESIAN_POINT('',(-0.13462,0.421386,0.810006));
#6632 = LINE('',#6633,#6634);
#6633 = CARTESIAN_POINT('',(-0.13462,0.421386,0.810006));
#6634 = VECTOR('',#6635,1.);
#6635 = DIRECTION('',(0.,1.,0.));
#6636 = ORIENTED_EDGE('',*,*,#6605,.T.);
#6637 = ORIENTED_EDGE('',*,*,#6288,.T.);
#6638 = ORIENTED_EDGE('',*,*,#6639,.F.);
#6639 = EDGE_CURVE('',#6630,#6281,#6640,.T.);
#6640 = LINE('',#6641,#6642);
#6641 = CARTESIAN_POINT('',(-0.13462,0.421386,0.810006));
#6642 = VECTOR('',#6643,1.);
#6643 = DIRECTION('',(0.,0.,-1.));
#6644 = PLANE('',#6645);
#6645 = AXIS2_PLACEMENT_3D('',#6646,#6647,#6648);
#6646 = CARTESIAN_POINT('',(-0.13462,0.436654128661,0.807183871339));
#6647 = DIRECTION('',(-1.,-0.,-0.));
#6648 = DIRECTION('',(0.,0.,-1.));
#6649 = ADVANCED_FACE('',(#6650),#6675,.T.);
#6650 = FACE_BOUND('',#6651,.T.);
#6651 = EDGE_LOOP('',(#6652,#6662,#6668,#6669));
#6652 = ORIENTED_EDGE('',*,*,#6653,.T.);
#6653 = EDGE_CURVE('',#6654,#6656,#6658,.T.);
#6654 = VERTEX_POINT('',#6655);
#6655 = CARTESIAN_POINT('',(-7.5692E-02,0.441452,0.810006));
#6656 = VERTEX_POINT('',#6657);
#6657 = CARTESIAN_POINT('',(-6.1214E-02,0.437642,0.810006));
#6658 = LINE('',#6659,#6660);
#6659 = CARTESIAN_POINT('',(-7.5692E-02,0.441452,0.810006));
#6660 = VECTOR('',#6661,1.);
#6661 = DIRECTION('',(0.967074537263,-0.25449329928,0.));
#6662 = ORIENTED_EDGE('',*,*,#6663,.T.);
#6663 = EDGE_CURVE('',#6656,#6266,#6664,.T.);
#6664 = LINE('',#6665,#6666);
#6665 = CARTESIAN_POINT('',(-6.1214E-02,0.437642,0.810006));
#6666 = VECTOR('',#6667,1.);
#6667 = DIRECTION('',(0.,0.,-1.));
#6668 = ORIENTED_EDGE('',*,*,#6265,.T.);
#6669 = ORIENTED_EDGE('',*,*,#6670,.T.);
#6670 = EDGE_CURVE('',#6258,#6654,#6671,.T.);
#6671 = LINE('',#6672,#6673);
#6672 = CARTESIAN_POINT('',(-7.5692E-02,0.441452,0.8001));
#6673 = VECTOR('',#6674,1.);
#6674 = DIRECTION('',(0.,0.,1.));
#6675 = PLANE('',#6676);
#6676 = AXIS2_PLACEMENT_3D('',#6677,#6678,#6679);
#6677 = CARTESIAN_POINT('',(-6.677865673754E-02,0.439106383352,
    0.80678434872));
#6678 = DIRECTION('',(0.25449329928,0.967074537263,0.));
#6679 = DIRECTION('',(0.967074537263,-0.25449329928,0.));
#6680 = ADVANCED_FACE('',(#6681),#6699,.T.);
#6681 = FACE_BOUND('',#6682,.T.);
#6682 = EDGE_LOOP('',(#6683,#6684,#6692,#6698));
#6683 = ORIENTED_EDGE('',*,*,#6257,.T.);
#6684 = ORIENTED_EDGE('',*,*,#6685,.F.);
#6685 = EDGE_CURVE('',#6686,#6250,#6688,.T.);
#6686 = VERTEX_POINT('',#6687);
#6687 = CARTESIAN_POINT('',(-9.0678E-02,0.443484,0.810006));
#6688 = LINE('',#6689,#6690);
#6689 = CARTESIAN_POINT('',(-9.0678E-02,0.443484,0.810006));
#6690 = VECTOR('',#6691,1.);
#6691 = DIRECTION('',(0.,0.,-1.));
#6692 = ORIENTED_EDGE('',*,*,#6693,.T.);
#6693 = EDGE_CURVE('',#6686,#6654,#6694,.T.);
#6694 = LINE('',#6695,#6696);
#6695 = CARTESIAN_POINT('',(-9.0678E-02,0.443484,0.810006));
#6696 = VECTOR('',#6697,1.);
#6697 = DIRECTION('',(0.99093208818,-0.134363672974,0.));
#6698 = ORIENTED_EDGE('',*,*,#6670,.F.);
#6699 = PLANE('',#6700);
#6700 = AXIS2_PLACEMENT_3D('',#6701,#6702,#6703);
#6701 = CARTESIAN_POINT('',(-8.490686149595E-02,0.442701472745,
    0.803315381937));
#6702 = DIRECTION('',(0.134363672974,0.99093208818,0.));
#6703 = DIRECTION('',(0.99093208818,-0.134363672974,0.));
#6704 = ADVANCED_FACE('',(#6705),#6723,.T.);
#6705 = FACE_BOUND('',#6706,.T.);
#6706 = EDGE_LOOP('',(#6707,#6715,#6716,#6717));
#6707 = ORIENTED_EDGE('',*,*,#6708,.T.);
#6708 = EDGE_CURVE('',#6709,#6686,#6711,.T.);
#6709 = VERTEX_POINT('',#6710);
#6710 = CARTESIAN_POINT('',(-7.62E-02,0.445516,0.810006));
#6711 = LINE('',#6712,#6713);
#6712 = CARTESIAN_POINT('',(-7.62E-02,0.445516,0.810006));
#6713 = VECTOR('',#6714,1.);
#6714 = DIRECTION('',(-0.990293977152,-0.138988628372,0.));
#6715 = ORIENTED_EDGE('',*,*,#6685,.T.);
#6716 = ORIENTED_EDGE('',*,*,#6249,.T.);
#6717 = ORIENTED_EDGE('',*,*,#6718,.T.);
#6718 = EDGE_CURVE('',#6242,#6709,#6719,.T.);
#6719 = LINE('',#6720,#6721);
#6720 = CARTESIAN_POINT('',(-7.62E-02,0.445516,0.8001));
#6721 = VECTOR('',#6722,1.);
#6722 = DIRECTION('',(0.,0.,1.));
#6723 = PLANE('',#6724);
#6724 = AXIS2_PLACEMENT_3D('',#6725,#6726,#6727);
#6725 = CARTESIAN_POINT('',(-8.513885196707E-02,0.444261424285,
    0.806769512476));
#6726 = DIRECTION('',(0.138988628372,-0.990293977152,-0.));
#6727 = DIRECTION('',(-0.990293977152,-0.138988628372,0.));
#6728 = ADVANCED_FACE('',(#6729),#6747,.T.);
#6729 = FACE_BOUND('',#6730,.T.);
#6730 = EDGE_LOOP('',(#6731,#6732,#6740,#6746));
#6731 = ORIENTED_EDGE('',*,*,#6241,.T.);
#6732 = ORIENTED_EDGE('',*,*,#6733,.F.);
#6733 = EDGE_CURVE('',#6734,#6234,#6736,.T.);
#6734 = VERTEX_POINT('',#6735);
#6735 = CARTESIAN_POINT('',(-6.1976E-02,0.448564,0.810006));
#6736 = LINE('',#6737,#6738);
#6737 = CARTESIAN_POINT('',(-6.1976E-02,0.448564,0.810006));
#6738 = VECTOR('',#6739,1.);
#6739 = DIRECTION('',(0.,0.,-1.));
#6740 = ORIENTED_EDGE('',*,*,#6741,.T.);
#6741 = EDGE_CURVE('',#6734,#6709,#6742,.T.);
#6742 = LINE('',#6743,#6744);
#6743 = CARTESIAN_POINT('',(-6.1976E-02,0.448564,0.810006));
#6744 = VECTOR('',#6745,1.);
#6745 = DIRECTION('',(-0.977802414077,-0.209529088731,0.));
#6746 = ORIENTED_EDGE('',*,*,#6718,.F.);
#6747 = PLANE('',#6748);
#6748 = AXIS2_PLACEMENT_3D('',#6749,#6750,#6751);
#6749 = CARTESIAN_POINT('',(-6.741267318825E-02,0.447398998603,
    0.803339640749));
#6750 = DIRECTION('',(0.209529088731,-0.977802414077,-1.314069541151E-16
    ));
#6751 = DIRECTION('',(-0.977802414077,-0.209529088731,
    -3.749151794985E-34));
#6752 = ADVANCED_FACE('',(#6753),#6770,.T.);
#6753 = FACE_BOUND('',#6754,.T.);
#6754 = EDGE_LOOP('',(#6755,#6763,#6764));
#6755 = ORIENTED_EDGE('',*,*,#6756,.T.);
#6756 = EDGE_CURVE('',#6757,#6734,#6759,.T.);
#6757 = VERTEX_POINT('',#6758);
#6758 = CARTESIAN_POINT('',(-3.5306E-02,0.456184,0.810006));
#6759 = LINE('',#6760,#6761);
#6760 = CARTESIAN_POINT('',(-3.5306E-02,0.456184,0.810006));
#6761 = VECTOR('',#6762,1.);
#6762 = DIRECTION('',(-0.961523947641,-0.274721127897,0.));
#6763 = ORIENTED_EDGE('',*,*,#6733,.T.);
#6764 = ORIENTED_EDGE('',*,*,#6765,.F.);
#6765 = EDGE_CURVE('',#6757,#6234,#6766,.T.);
#6766 = LINE('',#6767,#6768);
#6767 = CARTESIAN_POINT('',(-3.5306E-02,0.456184,0.810006));
#6768 = VECTOR('',#6769,1.);
#6769 = DIRECTION('',(-0.905508946657,-0.258716841902,-0.336331894473));
#6770 = PLANE('',#6771);
#6771 = AXIS2_PLACEMENT_3D('',#6772,#6773,#6774);
#6772 = CARTESIAN_POINT('',(-5.06097609045E-02,0.451811496884,
    0.807100542247));
#6773 = DIRECTION('',(0.274721127897,-0.961523947641,1.855805022337E-16)
  );
#6774 = DIRECTION('',(-0.961523947641,-0.274721127897,
    -8.331359529999E-35));
#6775 = ADVANCED_FACE('',(#6776),#6786,.T.);
#6776 = FACE_BOUND('',#6777,.T.);
#6777 = EDGE_LOOP('',(#6778,#6779,#6780));
#6778 = ORIENTED_EDGE('',*,*,#6765,.T.);
#6779 = ORIENTED_EDGE('',*,*,#6233,.T.);
#6780 = ORIENTED_EDGE('',*,*,#6781,.F.);
#6781 = EDGE_CURVE('',#6757,#6226,#6782,.T.);
#6782 = LINE('',#6783,#6784);
#6783 = CARTESIAN_POINT('',(-3.5306E-02,0.456184,0.810006));
#6784 = VECTOR('',#6785,1.);
#6785 = DIRECTION('',(0.961083098302,0.272165125183,-4.738589233096E-02)
  );
#6786 = PLANE('',#6787);
#6787 = AXIS2_PLACEMENT_3D('',#6788,#6789,#6790);
#6788 = CARTESIAN_POINT('',(5.145585370635E-02,0.480734848883,
    0.802586669335));
#6789 = DIRECTION('',(0.272730540252,-0.962073086872,5.781689223993E-03)
  );
#6790 = DIRECTION('',(-0.962089167331,-0.272735098775,8.636955570784E-20
    ));
#6791 = ADVANCED_FACE('',(#6792),#6809,.T.);
#6792 = FACE_BOUND('',#6793,.T.);
#6793 = EDGE_LOOP('',(#6794,#6802,#6803));
#6794 = ORIENTED_EDGE('',*,*,#6795,.T.);
#6795 = EDGE_CURVE('',#6796,#6757,#6798,.T.);
#6796 = VERTEX_POINT('',#6797);
#6797 = CARTESIAN_POINT('',(0.165608,0.51308,0.810006));
#6798 = LINE('',#6799,#6800);
#6799 = CARTESIAN_POINT('',(0.165608,0.51308,0.810006));
#6800 = VECTOR('',#6801,1.);
#6801 = DIRECTION('',(-0.962163937796,-0.272471203624,0.));
#6802 = ORIENTED_EDGE('',*,*,#6781,.T.);
#6803 = ORIENTED_EDGE('',*,*,#6804,.F.);
#6804 = EDGE_CURVE('',#6796,#6226,#6805,.T.);
#6805 = LINE('',#6806,#6807);
#6806 = CARTESIAN_POINT('',(0.165608,0.51308,0.810006));
#6807 = VECTOR('',#6808,1.);
#6808 = DIRECTION('',(0.,0.,-1.));
#6809 = PLANE('',#6810);
#6810 = AXIS2_PLACEMENT_3D('',#6811,#6812,#6813);
#6811 = CARTESIAN_POINT('',(6.747731173645E-02,0.485290778545,
    0.807470791444));
#6812 = DIRECTION('',(0.272471203624,-0.962163937796,2.041131656656E-15)
  );
#6813 = DIRECTION('',(-0.962163937796,-0.272471203624,
    -1.073358462838E-31));
#6814 = ADVANCED_FACE('',(#6815),#6833,.T.);
#6815 = FACE_BOUND('',#6816,.T.);
#6816 = EDGE_LOOP('',(#6817,#6825,#6831,#6832));
#6817 = ORIENTED_EDGE('',*,*,#6818,.F.);
#6818 = EDGE_CURVE('',#6819,#6218,#6821,.T.);
#6819 = VERTEX_POINT('',#6820);
#6820 = CARTESIAN_POINT('',(0.165608,0.549656,0.810006));
#6821 = LINE('',#6822,#6823);
#6822 = CARTESIAN_POINT('',(0.165608,0.549656,0.810006));
#6823 = VECTOR('',#6824,1.);
#6824 = DIRECTION('',(0.,0.,-1.));
#6825 = ORIENTED_EDGE('',*,*,#6826,.T.);
#6826 = EDGE_CURVE('',#6819,#6796,#6827,.T.);
#6827 = LINE('',#6828,#6829);
#6828 = CARTESIAN_POINT('',(0.165608,0.549656,0.810006));
#6829 = VECTOR('',#6830,1.);
#6830 = DIRECTION('',(0.,-1.,0.));
#6831 = ORIENTED_EDGE('',*,*,#6804,.T.);
#6832 = ORIENTED_EDGE('',*,*,#6225,.T.);
#6833 = PLANE('',#6834);
#6834 = AXIS2_PLACEMENT_3D('',#6835,#6836,#6837);
#6835 = CARTESIAN_POINT('',(0.165608,0.53351507463,0.80290592537));
#6836 = DIRECTION('',(1.,0.,0.));
#6837 = DIRECTION('',(-0.,0.,1.));
#6838 = ADVANCED_FACE('',(#6839),#6857,.T.);
#6839 = FACE_BOUND('',#6840,.T.);
#6840 = EDGE_LOOP('',(#6841,#6849,#6855,#6856));
#6841 = ORIENTED_EDGE('',*,*,#6842,.F.);
#6842 = EDGE_CURVE('',#6843,#6210,#6845,.T.);
#6843 = VERTEX_POINT('',#6844);
#6844 = CARTESIAN_POINT('',(-5.9944E-02,0.616204,0.810006));
#6845 = LINE('',#6846,#6847);
#6846 = CARTESIAN_POINT('',(-5.9944E-02,0.616204,0.810006));
#6847 = VECTOR('',#6848,1.);
#6848 = DIRECTION('',(0.,0.,-1.));
#6849 = ORIENTED_EDGE('',*,*,#6850,.T.);
#6850 = EDGE_CURVE('',#6843,#6819,#6851,.T.);
#6851 = LINE('',#6852,#6853);
#6852 = CARTESIAN_POINT('',(-5.9944E-02,0.616204,0.810006));
#6853 = VECTOR('',#6854,1.);
#6854 = DIRECTION('',(0.959124366755,-0.282984891993,0.));
#6855 = ORIENTED_EDGE('',*,*,#6818,.T.);
#6856 = ORIENTED_EDGE('',*,*,#6217,.T.);
#6857 = PLANE('',#6858);
#6858 = AXIS2_PLACEMENT_3D('',#6859,#6860,#6861);
#6859 = CARTESIAN_POINT('',(5.050673395128E-02,0.583616058226,
    0.80262863656));
#6860 = DIRECTION('',(0.282984891993,0.959124366755,9.429419050883E-16)
  );
#6861 = DIRECTION('',(0.959124366755,-0.282984891993,-4.260112756742E-32
    ));
#6862 = ADVANCED_FACE('',(#6863),#6881,.T.);
#6863 = FACE_BOUND('',#6864,.T.);
#6864 = EDGE_LOOP('',(#6865,#6873,#6874,#6875));
#6865 = ORIENTED_EDGE('',*,*,#6866,.T.);
#6866 = EDGE_CURVE('',#6867,#6843,#6869,.T.);
#6867 = VERTEX_POINT('',#6868);
#6868 = CARTESIAN_POINT('',(-7.5184E-02,0.620268,0.810006));
#6869 = LINE('',#6870,#6871);
#6870 = CARTESIAN_POINT('',(-7.5184E-02,0.620268,0.810006));
#6871 = VECTOR('',#6872,1.);
#6872 = DIRECTION('',(0.966234939601,-0.25766265056,0.));
#6873 = ORIENTED_EDGE('',*,*,#6842,.T.);
#6874 = ORIENTED_EDGE('',*,*,#6209,.T.);
#6875 = ORIENTED_EDGE('',*,*,#6876,.T.);
#6876 = EDGE_CURVE('',#6202,#6867,#6877,.T.);
#6877 = LINE('',#6878,#6879);
#6878 = CARTESIAN_POINT('',(-7.5184E-02,0.620268,0.8001));
#6879 = VECTOR('',#6880,1.);
#6880 = DIRECTION('',(0.,0.,1.));
#6881 = PLANE('',#6882);
#6882 = AXIS2_PLACEMENT_3D('',#6883,#6884,#6885);
#6883 = CARTESIAN_POINT('',(-6.586022782343E-02,0.617781660753,
    0.806816310461));
#6884 = DIRECTION('',(0.25766265056,0.966234939601,0.));
#6885 = DIRECTION('',(0.966234939601,-0.25766265056,0.));
#6886 = ADVANCED_FACE('',(#6887),#6905,.T.);
#6887 = FACE_BOUND('',#6888,.T.);
#6888 = EDGE_LOOP('',(#6889,#6890,#6898,#6904));
#6889 = ORIENTED_EDGE('',*,*,#6201,.T.);
#6890 = ORIENTED_EDGE('',*,*,#6891,.F.);
#6891 = EDGE_CURVE('',#6892,#6194,#6894,.T.);
#6892 = VERTEX_POINT('',#6893);
#6893 = CARTESIAN_POINT('',(-9.0678E-02,0.622808,0.810006));
#6894 = LINE('',#6895,#6896);
#6895 = CARTESIAN_POINT('',(-9.0678E-02,0.622808,0.810006));
#6896 = VECTOR('',#6897,1.);
#6897 = DIRECTION('',(0.,0.,-1.));
#6898 = ORIENTED_EDGE('',*,*,#6899,.T.);
#6899 = EDGE_CURVE('',#6892,#6867,#6900,.T.);
#6900 = LINE('',#6901,#6902);
#6901 = CARTESIAN_POINT('',(-9.0678E-02,0.622808,0.810006));
#6902 = VECTOR('',#6903,1.);
#6903 = DIRECTION('',(0.986827665106,-0.161775027066,0.));
#6904 = ORIENTED_EDGE('',*,*,#6876,.F.);
#6905 = PLANE('',#6906);
#6906 = AXIS2_PLACEMENT_3D('',#6907,#6908,#6909);
#6907 = CARTESIAN_POINT('',(-8.466836283798E-02,0.62182281358,
    0.803292446563));
#6908 = DIRECTION('',(0.161775027066,0.986827665106,0.));
#6909 = DIRECTION('',(0.986827665106,-0.161775027066,0.));
#6910 = ADVANCED_FACE('',(#6911),#6929,.T.);
#6911 = FACE_BOUND('',#6912,.T.);
#6912 = EDGE_LOOP('',(#6913,#6921,#6922,#6923));
#6913 = ORIENTED_EDGE('',*,*,#6914,.T.);
#6914 = EDGE_CURVE('',#6915,#6892,#6917,.T.);
#6915 = VERTEX_POINT('',#6916);
#6916 = CARTESIAN_POINT('',(-7.5184E-02,0.624332,0.810006));
#6917 = LINE('',#6918,#6919);
#6918 = CARTESIAN_POINT('',(-7.5184E-02,0.624332,0.810006));
#6919 = VECTOR('',#6920,1.);
#6920 = DIRECTION('',(-0.995197410875,-9.78882699221E-02,0.));
#6921 = ORIENTED_EDGE('',*,*,#6891,.T.);
#6922 = ORIENTED_EDGE('',*,*,#6193,.T.);
#6923 = ORIENTED_EDGE('',*,*,#6924,.T.);
#6924 = EDGE_CURVE('',#6186,#6915,#6925,.T.);
#6925 = LINE('',#6926,#6927);
#6926 = CARTESIAN_POINT('',(-7.5184E-02,0.624332,0.8001));
#6927 = VECTOR('',#6928,1.);
#6928 = DIRECTION('',(0.,0.,1.));
#6929 = PLANE('',#6930);
#6930 = AXIS2_PLACEMENT_3D('',#6931,#6932,#6933);
#6931 = CARTESIAN_POINT('',(-8.467799683827E-02,0.623398164245,
    0.806808427435));
#6932 = DIRECTION('',(9.78882699221E-02,-0.995197410875,-0.));
#6933 = DIRECTION('',(-0.995197410875,-9.78882699221E-02,0.));
#6934 = ADVANCED_FACE('',(#6935),#6953,.T.);
#6935 = FACE_BOUND('',#6936,.T.);
#6936 = EDGE_LOOP('',(#6937,#6938,#6946,#6952));
#6937 = ORIENTED_EDGE('',*,*,#6185,.T.);
#6938 = ORIENTED_EDGE('',*,*,#6939,.F.);
#6939 = EDGE_CURVE('',#6940,#6176,#6942,.T.);
#6940 = VERTEX_POINT('',#6941);
#6941 = CARTESIAN_POINT('',(-5.9944E-02,0.627634,0.810006));
#6942 = LINE('',#6943,#6944);
#6943 = CARTESIAN_POINT('',(-5.9944E-02,0.627634,0.810006));
#6944 = VECTOR('',#6945,1.);
#6945 = DIRECTION('',(0.,0.,-1.));
#6946 = ORIENTED_EDGE('',*,*,#6947,.T.);
#6947 = EDGE_CURVE('',#6940,#6915,#6948,.T.);
#6948 = LINE('',#6949,#6950);
#6949 = CARTESIAN_POINT('',(-5.9944E-02,0.627634,0.810006));
#6950 = VECTOR('',#6951,1.);
#6951 = DIRECTION('',(-0.977323140027,-0.211753347006,0.));
#6952 = ORIENTED_EDGE('',*,*,#6924,.F.);
#6953 = PLANE('',#6954);
#6954 = AXIS2_PLACEMENT_3D('',#6955,#6956,#6957);
#6955 = CARTESIAN_POINT('',(-6.58474325407E-02,0.62635492295,
    0.803296602971));
#6956 = DIRECTION('',(0.211753347006,-0.977323140027,-0.));
#6957 = DIRECTION('',(-0.977323140027,-0.211753347006,0.));
#6958 = ADVANCED_FACE('',(#6959),#6970,.T.);
#6959 = FACE_BOUND('',#6960,.T.);
#6960 = EDGE_LOOP('',(#6961,#6962,#6968,#6969));
#6961 = ORIENTED_EDGE('',*,*,#6398,.F.);
#6962 = ORIENTED_EDGE('',*,*,#6963,.T.);
#6963 = EDGE_CURVE('',#6391,#6940,#6964,.T.);
#6964 = LINE('',#6965,#6966);
#6965 = CARTESIAN_POINT('',(0.165608,0.688594,0.810006));
#6966 = VECTOR('',#6967,1.);
#6967 = DIRECTION('',(-0.965363393028,-0.260909025143,0.));
#6968 = ORIENTED_EDGE('',*,*,#6939,.T.);
#6969 = ORIENTED_EDGE('',*,*,#6175,.T.);
#6970 = PLANE('',#6971);
#6971 = AXIS2_PLACEMENT_3D('',#6972,#6973,#6974);
#6972 = CARTESIAN_POINT('',(5.517206461153E-02,0.658746449895,
    0.802628975401));
#6973 = DIRECTION('',(0.260909025143,-0.965363393028,-3.072499248039E-16
    ));
#6974 = DIRECTION('',(-0.965363393028,-0.260909025143,2.874788242317E-33
    ));
#6975 = ADVANCED_FACE('',(#6976),#6987,.T.);
#6976 = FACE_BOUND('',#6977,.T.);
#6977 = EDGE_LOOP('',(#6978,#6979,#6985,#6986));
#6978 = ORIENTED_EDGE('',*,*,#6153,.F.);
#6979 = ORIENTED_EDGE('',*,*,#6980,.T.);
#6980 = EDGE_CURVE('',#6146,#6630,#6981,.T.);
#6981 = LINE('',#6982,#6983);
#6982 = CARTESIAN_POINT('',(0.165608,0.337312,0.810006));
#6983 = VECTOR('',#6984,1.);
#6984 = DIRECTION('',(-0.962955558138,0.269660143607,0.));
#6985 = ORIENTED_EDGE('',*,*,#6639,.T.);
#6986 = ORIENTED_EDGE('',*,*,#6280,.T.);
#6987 = PLANE('',#6988);
#6988 = AXIS2_PLACEMENT_3D('',#6989,#6990,#6991);
#6989 = CARTESIAN_POINT('',(1.784088393823E-02,0.378691793077,
    0.802615832554));
#6990 = DIRECTION('',(-0.269660143607,-0.962955558138,1.331570928415E-16
    ));
#6991 = DIRECTION('',(-0.962955558138,0.269660143607,-3.169581323477E-33
    ));
#6992 = ADVANCED_FACE('',(#6993),#7027,.T.);
#6993 = FACE_BOUND('',#6994,.T.);
#6994 = EDGE_LOOP('',(#6995,#6996,#6997,#6998,#6999,#7000,#7001,#7002,
    #7003,#7004,#7005,#7006,#7007,#7008,#7009,#7010,#7011,#7012,#7013,
    #7014,#7020,#7021,#7022,#7023,#7024,#7025,#7026));
#6995 = ORIENTED_EDGE('',*,*,#6850,.F.);
#6996 = ORIENTED_EDGE('',*,*,#6866,.F.);
#6997 = ORIENTED_EDGE('',*,*,#6899,.F.);
#6998 = ORIENTED_EDGE('',*,*,#6914,.F.);
#6999 = ORIENTED_EDGE('',*,*,#6947,.F.);
#7000 = ORIENTED_EDGE('',*,*,#6963,.F.);
#7001 = ORIENTED_EDGE('',*,*,#6390,.F.);
#7002 = ORIENTED_EDGE('',*,*,#6421,.F.);
#7003 = ORIENTED_EDGE('',*,*,#6445,.F.);
#7004 = ORIENTED_EDGE('',*,*,#6469,.F.);
#7005 = ORIENTED_EDGE('',*,*,#6485,.F.);
#7006 = ORIENTED_EDGE('',*,*,#6518,.F.);
#7007 = ORIENTED_EDGE('',*,*,#6541,.F.);
#7008 = ORIENTED_EDGE('',*,*,#6557,.F.);
#7009 = ORIENTED_EDGE('',*,*,#6590,.F.);
#7010 = ORIENTED_EDGE('',*,*,#6613,.F.);
#7011 = ORIENTED_EDGE('',*,*,#6629,.F.);
#7012 = ORIENTED_EDGE('',*,*,#6980,.F.);
#7013 = ORIENTED_EDGE('',*,*,#6145,.F.);
#7014 = ORIENTED_EDGE('',*,*,#7015,.F.);
#7015 = EDGE_CURVE('',#6656,#6138,#7016,.T.);
#7016 = LINE('',#7017,#7018);
#7017 = CARTESIAN_POINT('',(-6.1214E-02,0.437642,0.810006));
#7018 = VECTOR('',#7019,1.);
#7019 = DIRECTION('',(0.966807551586,-0.255505691125,0.));
#7020 = ORIENTED_EDGE('',*,*,#6653,.F.);
#7021 = ORIENTED_EDGE('',*,*,#6693,.F.);
#7022 = ORIENTED_EDGE('',*,*,#6708,.F.);
#7023 = ORIENTED_EDGE('',*,*,#6741,.F.);
#7024 = ORIENTED_EDGE('',*,*,#6756,.F.);
#7025 = ORIENTED_EDGE('',*,*,#6795,.F.);
#7026 = ORIENTED_EDGE('',*,*,#6826,.F.);
#7027 = PLANE('',#7028);
#7028 = AXIS2_PLACEMENT_3D('',#7029,#7030,#7031);
#7029 = CARTESIAN_POINT('',(4.523827593664E-02,0.585055574122,0.810006)
  );
#7030 = DIRECTION('',(0.,0.,1.));
#7031 = DIRECTION('',(1.,0.,-0.));
#7032 = ADVANCED_FACE('',(#7033),#7039,.T.);
#7033 = FACE_BOUND('',#7034,.T.);
#7034 = EDGE_LOOP('',(#7035,#7036,#7037,#7038));
#7035 = ORIENTED_EDGE('',*,*,#6663,.F.);
#7036 = ORIENTED_EDGE('',*,*,#7015,.T.);
#7037 = ORIENTED_EDGE('',*,*,#6135,.F.);
#7038 = ORIENTED_EDGE('',*,*,#6273,.T.);
#7039 = PLANE('',#7040);
#7040 = AXIS2_PLACEMENT_3D('',#7041,#7042,#7043);
#7041 = CARTESIAN_POINT('',(4.98532263071E-02,0.408289407157,
    0.802628759841));
#7042 = DIRECTION('',(0.255505691125,0.966807551586,-1.059696383237E-15)
  );
#7043 = DIRECTION('',(0.966807551586,-0.255505691125,2.260103003565E-33)
  );
#7044 = MANIFOLD_SOLID_BREP('',#7045);
#7045 = CLOSED_SHELL('',(#7046,#7286));
#7046 = ADVANCED_FACE('',(#7047),#7281,.F.);
#7047 = FACE_BOUND('',#7048,.F.);
#7048 = EDGE_LOOP('',(#7049,#7059,#7067,#7075,#7083,#7091,#7099,#7107,
    #7115,#7123,#7131,#7139,#7147,#7155,#7163,#7171,#7179,#7187,#7195,
    #7203,#7211,#7219,#7227,#7235,#7243,#7251,#7259,#7267,#7275));
#7049 = ORIENTED_EDGE('',*,*,#7050,.T.);
#7050 = EDGE_CURVE('',#7051,#7053,#7055,.T.);
#7051 = VERTEX_POINT('',#7052);
#7052 = CARTESIAN_POINT('',(-9.9568E-02,-0.641604,0.810006));
#7053 = VERTEX_POINT('',#7054);
#7054 = CARTESIAN_POINT('',(-9.271E-02,-0.65151,0.810006));
#7055 = LINE('',#7056,#7057);
#7056 = CARTESIAN_POINT('',(-9.9568E-02,-0.641604,0.810006));
#7057 = VECTOR('',#7058,1.);
#7058 = DIRECTION('',(0.56920997883,-0.822192191644,0.));
#7059 = ORIENTED_EDGE('',*,*,#7060,.T.);
#7060 = EDGE_CURVE('',#7053,#7061,#7063,.T.);
#7061 = VERTEX_POINT('',#7062);
#7062 = CARTESIAN_POINT('',(-8.2804E-02,-0.660654,0.810006));
#7063 = LINE('',#7064,#7065);
#7064 = CARTESIAN_POINT('',(-9.271E-02,-0.65151,0.810006));
#7065 = VECTOR('',#7066,1.);
#7066 = DIRECTION('',(0.734803444627,-0.678280102733,0.));
#7067 = ORIENTED_EDGE('',*,*,#7068,.T.);
#7068 = EDGE_CURVE('',#7061,#7069,#7071,.T.);
#7069 = VERTEX_POINT('',#7070);
#7070 = CARTESIAN_POINT('',(-7.0866E-02,-0.667004,0.810006));
#7071 = LINE('',#7072,#7073);
#7072 = CARTESIAN_POINT('',(-8.2804E-02,-0.660654,0.810006));
#7073 = VECTOR('',#7074,1.);
#7074 = DIRECTION('',(0.882872389199,-0.469612972978,0.));
#7075 = ORIENTED_EDGE('',*,*,#7076,.T.);
#7076 = EDGE_CURVE('',#7069,#7077,#7079,.T.);
#7077 = VERTEX_POINT('',#7078);
#7078 = CARTESIAN_POINT('',(-5.6642E-02,-0.671068,0.810006));
#7079 = LINE('',#7080,#7081);
#7080 = CARTESIAN_POINT('',(-7.0866E-02,-0.667004,0.810006));
#7081 = VECTOR('',#7082,1.);
#7082 = DIRECTION('',(0.961523947641,-0.274721127897,0.));
#7083 = ORIENTED_EDGE('',*,*,#7084,.T.);
#7084 = EDGE_CURVE('',#7077,#7085,#7087,.T.);
#7085 = VERTEX_POINT('',#7086);
#7086 = CARTESIAN_POINT('',(-4.1402E-02,-0.672338,0.810006));
#7087 = LINE('',#7088,#7089);
#7088 = CARTESIAN_POINT('',(-5.6642E-02,-0.671068,0.810006));
#7089 = VECTOR('',#7090,1.);
#7090 = DIRECTION('',(0.996545758245,-8.304547985374E-02,0.));
#7091 = ORIENTED_EDGE('',*,*,#7092,.T.);
#7092 = EDGE_CURVE('',#7085,#7093,#7095,.T.);
#7093 = VERTEX_POINT('',#7094);
#7094 = CARTESIAN_POINT('',(-2.286E-02,-0.670814,0.810006));
#7095 = LINE('',#7096,#7097);
#7096 = CARTESIAN_POINT('',(-4.1402E-02,-0.672338,0.810006));
#7097 = VECTOR('',#7098,1.);
#7098 = DIRECTION('',(0.996639273542,8.191555672945E-02,0.));
#7099 = ORIENTED_EDGE('',*,*,#7100,.T.);
#7100 = EDGE_CURVE('',#7093,#7101,#7103,.T.);
#7101 = VERTEX_POINT('',#7102);
#7102 = CARTESIAN_POINT('',(-8.382E-03,-0.666496,0.810006));
#7103 = LINE('',#7104,#7105);
#7104 = CARTESIAN_POINT('',(-2.286E-02,-0.670814,0.810006));
#7105 = VECTOR('',#7106,1.);
#7106 = DIRECTION('',(0.958287760773,0.285805121634,0.));
#7107 = ORIENTED_EDGE('',*,*,#7108,.T.);
#7108 = EDGE_CURVE('',#7101,#7109,#7111,.T.);
#7109 = VERTEX_POINT('',#7110);
#7110 = CARTESIAN_POINT('',(2.54E-03,-0.6604,0.810006));
#7111 = LINE('',#7112,#7113);
#7112 = CARTESIAN_POINT('',(-8.382E-03,-0.666496,0.810006));
#7113 = VECTOR('',#7114,1.);
#7114 = DIRECTION('',(0.873197702015,0.487366159264,0.));
#7115 = ORIENTED_EDGE('',*,*,#7116,.T.);
#7116 = EDGE_CURVE('',#7109,#7117,#7119,.T.);
#7117 = VERTEX_POINT('',#7118);
#7118 = CARTESIAN_POINT('',(9.144E-03,-0.654812,0.810006));
#7119 = LINE('',#7120,#7121);
#7120 = CARTESIAN_POINT('',(2.54E-03,-0.6604,0.810006));
#7121 = VECTOR('',#7122,1.);
#7122 = DIRECTION('',(0.763386285369,0.645942241466,0.));
#7123 = ORIENTED_EDGE('',*,*,#7124,.T.);
#7124 = EDGE_CURVE('',#7117,#7125,#7127,.T.);
#7125 = VERTEX_POINT('',#7126);
#7126 = CARTESIAN_POINT('',(1.5494E-02,-0.64643,0.810006));
#7127 = LINE('',#7128,#7129);
#7128 = CARTESIAN_POINT('',(9.144E-03,-0.654812,0.810006));
#7129 = VECTOR('',#7130,1.);
#7130 = DIRECTION('',(0.603857687995,0.797092148154,0.));
#7131 = ORIENTED_EDGE('',*,*,#7132,.T.);
#7132 = EDGE_CURVE('',#7125,#7133,#7135,.T.);
#7133 = VERTEX_POINT('',#7134);
#7134 = CARTESIAN_POINT('',(1.9812E-02,-0.636524,0.810006));
#7135 = LINE('',#7136,#7137);
#7136 = CARTESIAN_POINT('',(1.5494E-02,-0.64643,0.810006));
#7137 = VECTOR('',#7138,1.);
#7138 = DIRECTION('',(0.399585420514,0.916695964708,0.));
#7139 = ORIENTED_EDGE('',*,*,#7140,.T.);
#7140 = EDGE_CURVE('',#7133,#7141,#7143,.T.);
#7141 = VERTEX_POINT('',#7142);
#7142 = CARTESIAN_POINT('',(2.2352E-02,-0.624332,0.810006));
#7143 = LINE('',#7144,#7145);
#7144 = CARTESIAN_POINT('',(1.9812E-02,-0.636524,0.810006));
#7145 = VECTOR('',#7146,1.);
#7146 = DIRECTION('',(0.203954254112,0.978980419738,0.));
#7147 = ORIENTED_EDGE('',*,*,#7148,.T.);
#7148 = EDGE_CURVE('',#7141,#7149,#7151,.T.);
#7149 = VERTEX_POINT('',#7150);
#7150 = CARTESIAN_POINT('',(2.286E-02,-0.616204,0.810006));
#7151 = LINE('',#7152,#7153);
#7152 = CARTESIAN_POINT('',(2.2352E-02,-0.624332,0.810006));
#7153 = VECTOR('',#7154,1.);
#7154 = DIRECTION('',(6.237828615518E-02,0.998052578483,0.));
#7155 = ORIENTED_EDGE('',*,*,#7156,.F.);
#7156 = EDGE_CURVE('',#7157,#7149,#7159,.T.);
#7157 = VERTEX_POINT('',#7158);
#7158 = CARTESIAN_POINT('',(2.1082E-02,-0.601218,0.810006));
#7159 = LINE('',#7160,#7161);
#7160 = CARTESIAN_POINT('',(2.1082E-02,-0.601218,0.810006));
#7161 = VECTOR('',#7162,1.);
#7162 = DIRECTION('',(0.117817739878,-0.993035236117,0.));
#7163 = ORIENTED_EDGE('',*,*,#7164,.F.);
#7164 = EDGE_CURVE('',#7165,#7157,#7167,.T.);
#7165 = VERTEX_POINT('',#7166);
#7166 = CARTESIAN_POINT('',(1.7018E-02,-0.589534,0.810006));
#7167 = LINE('',#7168,#7169);
#7168 = CARTESIAN_POINT('',(1.7018E-02,-0.589534,0.810006));
#7169 = VECTOR('',#7170,1.);
#7170 = DIRECTION('',(0.328520624941,-0.944496796706,0.));
#7171 = ORIENTED_EDGE('',*,*,#7172,.F.);
#7172 = EDGE_CURVE('',#7173,#7165,#7175,.T.);
#7173 = VERTEX_POINT('',#7174);
#7174 = CARTESIAN_POINT('',(9.906E-03,-0.57912,0.810006));
#7175 = LINE('',#7176,#7177);
#7176 = CARTESIAN_POINT('',(9.906E-03,-0.57912,0.810006));
#7177 = VECTOR('',#7178,1.);
#7178 = DIRECTION('',(0.563961646158,-0.825800981874,0.));
#7179 = ORIENTED_EDGE('',*,*,#7180,.F.);
#7180 = EDGE_CURVE('',#7181,#7173,#7183,.T.);
#7181 = VERTEX_POINT('',#7182);
#7182 = CARTESIAN_POINT('',(-1.778E-03,-0.56896,0.810006));
#7183 = LINE('',#7184,#7185);
#7184 = CARTESIAN_POINT('',(-1.778E-03,-0.56896,0.810006));
#7185 = VECTOR('',#7186,1.);
#7186 = DIRECTION('',(0.754605522164,-0.656178714925,0.));
#7187 = ORIENTED_EDGE('',*,*,#7188,.F.);
#7188 = EDGE_CURVE('',#7189,#7181,#7191,.T.);
#7189 = VERTEX_POINT('',#7190);
#7190 = CARTESIAN_POINT('',(-1.2954E-02,-0.562864,0.810006));
#7191 = LINE('',#7192,#7193);
#7192 = CARTESIAN_POINT('',(-1.2954E-02,-0.562864,0.810006));
#7193 = VECTOR('',#7194,1.);
#7194 = DIRECTION('',(0.877895572914,-0.478852130681,0.));
#7195 = ORIENTED_EDGE('',*,*,#7196,.F.);
#7196 = EDGE_CURVE('',#7197,#7189,#7199,.T.);
#7197 = VERTEX_POINT('',#7198);
#7198 = CARTESIAN_POINT('',(-2.667E-02,-0.559562,0.810006));
#7199 = LINE('',#7200,#7201);
#7200 = CARTESIAN_POINT('',(-2.667E-02,-0.559562,0.810006));
#7201 = VECTOR('',#7202,1.);
#7202 = DIRECTION('',(0.972223637158,-0.234053838575,0.));
#7203 = ORIENTED_EDGE('',*,*,#7204,.F.);
#7204 = EDGE_CURVE('',#7205,#7197,#7207,.T.);
#7205 = VERTEX_POINT('',#7206);
#7206 = CARTESIAN_POINT('',(-3.4798E-02,-0.559054,0.810006));
#7207 = LINE('',#7208,#7209);
#7208 = CARTESIAN_POINT('',(-3.4798E-02,-0.559054,0.810006));
#7209 = VECTOR('',#7210,1.);
#7210 = DIRECTION('',(0.998052578483,-6.237828615519E-02,0.));
#7211 = ORIENTED_EDGE('',*,*,#7212,.F.);
#7212 = EDGE_CURVE('',#7213,#7205,#7215,.T.);
#7213 = VERTEX_POINT('',#7214);
#7214 = CARTESIAN_POINT('',(-5.5372E-02,-0.561086,0.810006));
#7215 = LINE('',#7216,#7217);
#7216 = CARTESIAN_POINT('',(-5.5372E-02,-0.561086,0.810006));
#7217 = VECTOR('',#7218,1.);
#7218 = DIRECTION('',(0.995158089271,9.828721869344E-02,0.));
#7219 = ORIENTED_EDGE('',*,*,#7220,.T.);
#7220 = EDGE_CURVE('',#7213,#7221,#7223,.T.);
#7221 = VERTEX_POINT('',#7222);
#7222 = CARTESIAN_POINT('',(-7.239E-02,-0.567182,0.810006));
#7223 = LINE('',#7224,#7225);
#7224 = CARTESIAN_POINT('',(-5.5372E-02,-0.561086,0.810006));
#7225 = VECTOR('',#7226,1.);
#7226 = DIRECTION('',(-0.941423592782,-0.337226361594,0.));
#7227 = ORIENTED_EDGE('',*,*,#7228,.T.);
#7228 = EDGE_CURVE('',#7221,#7229,#7231,.T.);
#7229 = VERTEX_POINT('',#7230);
#7230 = CARTESIAN_POINT('',(-8.7122E-02,-0.576834,0.810006));
#7231 = LINE('',#7232,#7233);
#7232 = CARTESIAN_POINT('',(-7.239E-02,-0.567182,0.810006));
#7233 = VECTOR('',#7234,1.);
#7234 = DIRECTION('',(-0.83646112958,-0.548026257311,0.));
#7235 = ORIENTED_EDGE('',*,*,#7236,.T.);
#7236 = EDGE_CURVE('',#7229,#7237,#7239,.T.);
#7237 = VERTEX_POINT('',#7238);
#7238 = CARTESIAN_POINT('',(-9.5504E-02,-0.58547,0.810006));
#7239 = LINE('',#7240,#7241);
#7240 = CARTESIAN_POINT('',(-8.7122E-02,-0.576834,0.810006));
#7241 = VECTOR('',#7242,1.);
#7242 = DIRECTION('',(-0.696475377169,-0.717580691628,0.));
#7243 = ORIENTED_EDGE('',*,*,#7244,.T.);
#7244 = EDGE_CURVE('',#7237,#7245,#7247,.T.);
#7245 = VERTEX_POINT('',#7246);
#7246 = CARTESIAN_POINT('',(-0.100838,-0.595122,0.810006));
#7247 = LINE('',#7248,#7249);
#7248 = CARTESIAN_POINT('',(-9.5504E-02,-0.58547,0.810006));
#7249 = VECTOR('',#7250,1.);
#7250 = DIRECTION('',(-0.48368611169,-0.875241535439,0.));
#7251 = ORIENTED_EDGE('',*,*,#7252,.T.);
#7252 = EDGE_CURVE('',#7245,#7253,#7255,.T.);
#7253 = VERTEX_POINT('',#7254);
#7254 = CARTESIAN_POINT('',(-0.104394,-0.606044,0.810006));
#7255 = LINE('',#7256,#7257);
#7256 = CARTESIAN_POINT('',(-0.100838,-0.595122,0.810006));
#7257 = VECTOR('',#7258,1.);
#7258 = DIRECTION('',(-0.309586047461,-0.950871431487,0.));
#7259 = ORIENTED_EDGE('',*,*,#7260,.T.);
#7260 = EDGE_CURVE('',#7253,#7261,#7263,.T.);
#7261 = VERTEX_POINT('',#7262);
#7262 = CARTESIAN_POINT('',(-0.105156,-0.616712,0.810006));
#7263 = LINE('',#7264,#7265);
#7264 = CARTESIAN_POINT('',(-0.104394,-0.606044,0.810006));
#7265 = VECTOR('',#7266,1.);
#7266 = DIRECTION('',(-7.124704998791E-02,-0.997458699831,0.));
#7267 = ORIENTED_EDGE('',*,*,#7268,.T.);
#7268 = EDGE_CURVE('',#7261,#7269,#7271,.T.);
#7269 = VERTEX_POINT('',#7270);
#7270 = CARTESIAN_POINT('',(-0.103378,-0.63119,0.810006));
#7271 = LINE('',#7272,#7273);
#7272 = CARTESIAN_POINT('',(-0.105156,-0.616712,0.810006));
#7273 = VECTOR('',#7274,1.);
#7274 = DIRECTION('',(0.121891301525,-0.992543455277,0.));
#7275 = ORIENTED_EDGE('',*,*,#7276,.T.);
#7276 = EDGE_CURVE('',#7269,#7051,#7277,.T.);
#7277 = LINE('',#7278,#7279);
#7278 = CARTESIAN_POINT('',(-0.103378,-0.63119,0.810006));
#7279 = VECTOR('',#7280,1.);
#7280 = DIRECTION('',(0.343581531264,-0.93912285212,0.));
#7281 = PLANE('',#7282);
#7282 = AXIS2_PLACEMENT_3D('',#7283,#7284,#7285);
#7283 = CARTESIAN_POINT('',(-9.837104010685E-02,-0.641519486676,0.810006
    ));
#7284 = DIRECTION('',(0.,0.,1.));
#7285 = DIRECTION('',(1.,0.,-0.));
#7286 = ADVANCED_FACE('',(#7287),#7318,.T.);
#7287 = FACE_BOUND('',#7288,.T.);
#7288 = EDGE_LOOP('',(#7289,#7290,#7291,#7292,#7293,#7294,#7295,#7296,
    #7297,#7298,#7299,#7300,#7301,#7302,#7303,#7304,#7305,#7306,#7307,
    #7308,#7309,#7310,#7311,#7312,#7313,#7314,#7315,#7316,#7317));
#7289 = ORIENTED_EDGE('',*,*,#7212,.F.);
#7290 = ORIENTED_EDGE('',*,*,#7220,.T.);
#7291 = ORIENTED_EDGE('',*,*,#7228,.T.);
#7292 = ORIENTED_EDGE('',*,*,#7236,.T.);
#7293 = ORIENTED_EDGE('',*,*,#7244,.T.);
#7294 = ORIENTED_EDGE('',*,*,#7252,.T.);
#7295 = ORIENTED_EDGE('',*,*,#7260,.T.);
#7296 = ORIENTED_EDGE('',*,*,#7268,.T.);
#7297 = ORIENTED_EDGE('',*,*,#7276,.T.);
#7298 = ORIENTED_EDGE('',*,*,#7050,.T.);
#7299 = ORIENTED_EDGE('',*,*,#7060,.T.);
#7300 = ORIENTED_EDGE('',*,*,#7068,.T.);
#7301 = ORIENTED_EDGE('',*,*,#7076,.T.);
#7302 = ORIENTED_EDGE('',*,*,#7084,.T.);
#7303 = ORIENTED_EDGE('',*,*,#7092,.T.);
#7304 = ORIENTED_EDGE('',*,*,#7100,.T.);
#7305 = ORIENTED_EDGE('',*,*,#7108,.T.);
#7306 = ORIENTED_EDGE('',*,*,#7116,.T.);
#7307 = ORIENTED_EDGE('',*,*,#7124,.T.);
#7308 = ORIENTED_EDGE('',*,*,#7132,.T.);
#7309 = ORIENTED_EDGE('',*,*,#7140,.T.);
#7310 = ORIENTED_EDGE('',*,*,#7148,.T.);
#7311 = ORIENTED_EDGE('',*,*,#7156,.F.);
#7312 = ORIENTED_EDGE('',*,*,#7164,.F.);
#7313 = ORIENTED_EDGE('',*,*,#7172,.F.);
#7314 = ORIENTED_EDGE('',*,*,#7180,.F.);
#7315 = ORIENTED_EDGE('',*,*,#7188,.F.);
#7316 = ORIENTED_EDGE('',*,*,#7196,.F.);
#7317 = ORIENTED_EDGE('',*,*,#7204,.F.);
#7318 = PLANE('',#7319);
#7319 = AXIS2_PLACEMENT_3D('',#7320,#7321,#7322);
#7320 = CARTESIAN_POINT('',(-5.372404404538E-02,-0.562539738087,0.810006
    ));
#7321 = DIRECTION('',(0.,0.,1.));
#7322 = DIRECTION('',(1.,0.,-0.));
#7323 = MANIFOLD_SOLID_BREP('',#7324);
#7324 = CLOSED_SHELL('',(#7325,#7421));
#7325 = ADVANCED_FACE('',(#7326),#7416,.F.);
#7326 = FACE_BOUND('',#7327,.F.);
#7327 = EDGE_LOOP('',(#7328,#7338,#7346,#7354,#7362,#7370,#7378,#7386,
    #7394,#7402,#7410));
#7328 = ORIENTED_EDGE('',*,*,#7329,.T.);
#7329 = EDGE_CURVE('',#7330,#7332,#7334,.T.);
#7330 = VERTEX_POINT('',#7331);
#7331 = CARTESIAN_POINT('',(0.132588,0.209042,0.810006));
#7332 = VERTEX_POINT('',#7333);
#7333 = CARTESIAN_POINT('',(1.8542E-02,9.2202E-02,0.810006));
#7334 = LINE('',#7335,#7336);
#7335 = CARTESIAN_POINT('',(0.132588,0.209042,0.810006));
#7336 = VECTOR('',#7337,1.);
#7337 = DIRECTION('',(-0.698498791489,-0.715611234043,0.));
#7338 = ORIENTED_EDGE('',*,*,#7339,.T.);
#7339 = EDGE_CURVE('',#7332,#7340,#7342,.T.);
#7340 = VERTEX_POINT('',#7341);
#7341 = CARTESIAN_POINT('',(-1.7526E-02,9.6012E-02,0.810006));
#7342 = LINE('',#7343,#7344);
#7343 = CARTESIAN_POINT('',(1.8542E-02,9.2202E-02,0.810006));
#7344 = VECTOR('',#7345,1.);
#7345 = DIRECTION('',(-0.994467011919,0.105049332245,0.));
#7346 = ORIENTED_EDGE('',*,*,#7347,.T.);
#7347 = EDGE_CURVE('',#7340,#7348,#7350,.T.);
#7348 = VERTEX_POINT('',#7349);
#7349 = CARTESIAN_POINT('',(-4.1402E-02,0.103886,0.810006));
#7350 = LINE('',#7351,#7352);
#7351 = CARTESIAN_POINT('',(-1.7526E-02,9.6012E-02,0.810006));
#7352 = VECTOR('',#7353,1.);
#7353 = DIRECTION('',(-0.94968876353,0.313195230526,0.));
#7354 = ORIENTED_EDGE('',*,*,#7355,.T.);
#7355 = EDGE_CURVE('',#7348,#7356,#7358,.T.);
#7356 = VERTEX_POINT('',#7357);
#7357 = CARTESIAN_POINT('',(-6.1976E-02,0.116332,0.810006));
#7358 = LINE('',#7359,#7360);
#7359 = CARTESIAN_POINT('',(-4.1402E-02,0.103886,0.810006));
#7360 = VECTOR('',#7361,1.);
#7361 = DIRECTION('',(-0.855623194581,0.517599216475,0.));
#7362 = ORIENTED_EDGE('',*,*,#7363,.T.);
#7363 = EDGE_CURVE('',#7356,#7364,#7366,.T.);
#7364 = VERTEX_POINT('',#7365);
#7365 = CARTESIAN_POINT('',(-7.8486E-02,0.13335,0.810006));
#7366 = LINE('',#7367,#7368);
#7367 = CARTESIAN_POINT('',(-6.1976E-02,0.116332,0.810006));
#7368 = VECTOR('',#7369,1.);
#7369 = DIRECTION('',(-0.696313120916,0.717738140021,0.));
#7370 = ORIENTED_EDGE('',*,*,#7371,.T.);
#7371 = EDGE_CURVE('',#7364,#7372,#7374,.T.);
#7372 = VERTEX_POINT('',#7373);
#7373 = CARTESIAN_POINT('',(-9.0932E-02,0.153924,0.810006));
#7374 = LINE('',#7375,#7376);
#7375 = CARTESIAN_POINT('',(-7.8486E-02,0.13335,0.810006));
#7376 = VECTOR('',#7377,1.);
#7377 = DIRECTION('',(-0.517599216475,0.855623194581,0.));
#7378 = ORIENTED_EDGE('',*,*,#7379,.T.);
#7379 = EDGE_CURVE('',#7372,#7380,#7382,.T.);
#7380 = VERTEX_POINT('',#7381);
#7381 = CARTESIAN_POINT('',(-9.8806E-02,0.179324,0.810006));
#7382 = LINE('',#7383,#7384);
#7383 = CARTESIAN_POINT('',(-9.0932E-02,0.153924,0.810006));
#7384 = VECTOR('',#7385,1.);
#7385 = DIRECTION('',(-0.296098771114,0.955157326174,0.));
#7386 = ORIENTED_EDGE('',*,*,#7387,.T.);
#7387 = EDGE_CURVE('',#7380,#7388,#7390,.T.);
#7388 = VERTEX_POINT('',#7389);
#7389 = CARTESIAN_POINT('',(-0.1016,0.210566,0.810006));
#7390 = LINE('',#7391,#7392);
#7391 = CARTESIAN_POINT('',(-9.8806E-02,0.179324,0.810006));
#7392 = VECTOR('',#7393,1.);
#7393 = DIRECTION('',(-8.907539631968E-02,0.99602488612,0.));
#7394 = ORIENTED_EDGE('',*,*,#7395,.T.);
#7395 = EDGE_CURVE('',#7388,#7396,#7398,.T.);
#7396 = VERTEX_POINT('',#7397);
#7397 = CARTESIAN_POINT('',(-0.1016,0.253238,0.810006));
#7398 = LINE('',#7399,#7400);
#7399 = CARTESIAN_POINT('',(-0.1016,0.210566,0.810006));
#7400 = VECTOR('',#7401,1.);
#7401 = DIRECTION('',(0.,1.,0.));
#7402 = ORIENTED_EDGE('',*,*,#7403,.T.);
#7403 = EDGE_CURVE('',#7396,#7404,#7406,.T.);
#7404 = VERTEX_POINT('',#7405);
#7405 = CARTESIAN_POINT('',(0.132588,0.253238,0.810006));
#7406 = LINE('',#7407,#7408);
#7407 = CARTESIAN_POINT('',(-0.1016,0.253238,0.810006));
#7408 = VECTOR('',#7409,1.);
#7409 = DIRECTION('',(1.,0.,0.));
#7410 = ORIENTED_EDGE('',*,*,#7411,.T.);
#7411 = EDGE_CURVE('',#7404,#7330,#7412,.T.);
#7412 = LINE('',#7413,#7414);
#7413 = CARTESIAN_POINT('',(0.132588,0.253238,0.810006));
#7414 = VECTOR('',#7415,1.);
#7415 = DIRECTION('',(0.,-1.,0.));
#7416 = PLANE('',#7417);
#7417 = AXIS2_PLACEMENT_3D('',#7418,#7419,#7420);
#7418 = CARTESIAN_POINT('',(5.979274756034E-02,0.146255627246,0.810006)
  );
#7419 = DIRECTION('',(-0.,-0.,-1.));
#7420 = DIRECTION('',(-1.,0.,0.));
#7421 = ADVANCED_FACE('',(#7422),#7435,.F.);
#7422 = FACE_BOUND('',#7423,.F.);
#7423 = EDGE_LOOP('',(#7424,#7425,#7426,#7427,#7428,#7429,#7430,#7431,
    #7432,#7433,#7434));
#7424 = ORIENTED_EDGE('',*,*,#7347,.F.);
#7425 = ORIENTED_EDGE('',*,*,#7339,.F.);
#7426 = ORIENTED_EDGE('',*,*,#7329,.F.);
#7427 = ORIENTED_EDGE('',*,*,#7411,.F.);
#7428 = ORIENTED_EDGE('',*,*,#7403,.F.);
#7429 = ORIENTED_EDGE('',*,*,#7395,.F.);
#7430 = ORIENTED_EDGE('',*,*,#7387,.F.);
#7431 = ORIENTED_EDGE('',*,*,#7379,.F.);
#7432 = ORIENTED_EDGE('',*,*,#7371,.F.);
#7433 = ORIENTED_EDGE('',*,*,#7363,.F.);
#7434 = ORIENTED_EDGE('',*,*,#7355,.F.);
#7435 = PLANE('',#7436);
#7436 = AXIS2_PLACEMENT_3D('',#7437,#7438,#7439);
#7437 = CARTESIAN_POINT('',(-1.159667794006E-02,9.726921914531E-02,
    0.810006));
#7438 = DIRECTION('',(0.,0.,1.));
#7439 = DIRECTION('',(1.,0.,-0.));
#7440 = MANIFOLD_SOLID_BREP('',#7441);
#7441 = CLOSED_SHELL('',(#7442,#7514));
#7442 = ADVANCED_FACE('',(#7443),#7509,.F.);
#7443 = FACE_BOUND('',#7444,.F.);
#7444 = EDGE_LOOP('',(#7445,#7455,#7463,#7471,#7479,#7487,#7495,#7503));
#7445 = ORIENTED_EDGE('',*,*,#7446,.T.);
#7446 = EDGE_CURVE('',#7447,#7449,#7451,.T.);
#7447 = VERTEX_POINT('',#7448);
#7448 = CARTESIAN_POINT('',(0.132588,0.209042,0.810006));
#7449 = VERTEX_POINT('',#7450);
#7450 = CARTESIAN_POINT('',(1.8542E-02,9.2202E-02,0.810006));
#7451 = LINE('',#7452,#7453);
#7452 = CARTESIAN_POINT('',(0.132588,0.209042,0.810006));
#7453 = VECTOR('',#7454,1.);
#7454 = DIRECTION('',(-0.698498791489,-0.715611234043,0.));
#7455 = ORIENTED_EDGE('',*,*,#7456,.T.);
#7456 = EDGE_CURVE('',#7449,#7457,#7459,.T.);
#7457 = VERTEX_POINT('',#7458);
#7458 = CARTESIAN_POINT('',(4.826E-02,9.4742E-02,0.810006));
#7459 = LINE('',#7460,#7461);
#7460 = CARTESIAN_POINT('',(1.8542E-02,9.2202E-02,0.810006));
#7461 = VECTOR('',#7462,1.);
#7462 = DIRECTION('',(0.996367323071,8.515960026246E-02,0.));
#7463 = ORIENTED_EDGE('',*,*,#7464,.F.);
#7464 = EDGE_CURVE('',#7465,#7457,#7467,.T.);
#7465 = VERTEX_POINT('',#7466);
#7466 = CARTESIAN_POINT('',(7.2644E-02,0.102108,0.810006));
#7467 = LINE('',#7468,#7469);
#7468 = CARTESIAN_POINT('',(7.2644E-02,0.102108,0.810006));
#7469 = VECTOR('',#7470,1.);
#7470 = DIRECTION('',(-0.957275641118,-0.289177016588,0.));
#7471 = ORIENTED_EDGE('',*,*,#7472,.F.);
#7472 = EDGE_CURVE('',#7473,#7465,#7475,.T.);
#7473 = VERTEX_POINT('',#7474);
#7474 = CARTESIAN_POINT('',(9.1186E-02,0.112522,0.810006));
#7475 = LINE('',#7476,#7477);
#7476 = CARTESIAN_POINT('',(9.1186E-02,0.112522,0.810006));
#7477 = VECTOR('',#7478,1.);
#7478 = DIRECTION('',(-0.871894325416,-0.489694073179,0.));
#7479 = ORIENTED_EDGE('',*,*,#7480,.F.);
#7480 = EDGE_CURVE('',#7481,#7473,#7483,.T.);
#7481 = VERTEX_POINT('',#7482);
#7482 = CARTESIAN_POINT('',(0.106426,0.127254,0.810006));
#7483 = LINE('',#7484,#7485);
#7484 = CARTESIAN_POINT('',(0.106426,0.127254,0.810006));
#7485 = VECTOR('',#7486,1.);
#7486 = DIRECTION('',(-0.718988376049,-0.695022096847,0.));
#7487 = ORIENTED_EDGE('',*,*,#7488,.F.);
#7488 = EDGE_CURVE('',#7489,#7481,#7491,.T.);
#7489 = VERTEX_POINT('',#7490);
#7490 = CARTESIAN_POINT('',(0.120396,0.149352,0.810006));
#7491 = LINE('',#7492,#7493);
#7492 = CARTESIAN_POINT('',(0.120396,0.149352,0.810006));
#7493 = VECTOR('',#7494,1.);
#7494 = DIRECTION('',(-0.534358479235,-0.845257958063,0.));
#7495 = ORIENTED_EDGE('',*,*,#7496,.F.);
#7496 = EDGE_CURVE('',#7497,#7489,#7499,.T.);
#7497 = VERTEX_POINT('',#7498);
#7498 = CARTESIAN_POINT('',(0.129032,0.174244,0.810006));
#7499 = LINE('',#7500,#7501);
#7500 = CARTESIAN_POINT('',(0.129032,0.174244,0.810006));
#7501 = VECTOR('',#7502,1.);
#7502 = DIRECTION('',(-0.327772702094,-0.944756611918,0.));
#7503 = ORIENTED_EDGE('',*,*,#7504,.F.);
#7504 = EDGE_CURVE('',#7447,#7497,#7505,.T.);
#7505 = LINE('',#7506,#7507);
#7506 = CARTESIAN_POINT('',(0.132588,0.209042,0.810006));
#7507 = VECTOR('',#7508,1.);
#7508 = DIRECTION('',(-0.101660352712,-0.994819165822,0.));
#7509 = PLANE('',#7510);
#7510 = AXIS2_PLACEMENT_3D('',#7511,#7512,#7513);
#7511 = CARTESIAN_POINT('',(7.811017672568E-02,0.146074106509,0.810006)
  );
#7512 = DIRECTION('',(0.,0.,1.));
#7513 = DIRECTION('',(1.,0.,-0.));
#7514 = ADVANCED_FACE('',(#7515),#7525,.T.);
#7515 = FACE_BOUND('',#7516,.T.);
#7516 = EDGE_LOOP('',(#7517,#7518,#7519,#7520,#7521,#7522,#7523,#7524));
#7517 = ORIENTED_EDGE('',*,*,#7504,.F.);
#7518 = ORIENTED_EDGE('',*,*,#7446,.T.);
#7519 = ORIENTED_EDGE('',*,*,#7456,.T.);
#7520 = ORIENTED_EDGE('',*,*,#7464,.F.);
#7521 = ORIENTED_EDGE('',*,*,#7472,.F.);
#7522 = ORIENTED_EDGE('',*,*,#7480,.F.);
#7523 = ORIENTED_EDGE('',*,*,#7488,.F.);
#7524 = ORIENTED_EDGE('',*,*,#7496,.F.);
#7525 = PLANE('',#7526);
#7526 = AXIS2_PLACEMENT_3D('',#7527,#7528,#7529);
#7527 = CARTESIAN_POINT('',(8.058996737038E-02,0.147765109884,0.810006)
  );
#7528 = DIRECTION('',(0.,0.,1.));
#7529 = DIRECTION('',(1.,0.,-0.));
#7530 = MANIFOLD_SOLID_BREP('',#7531);
#7531 = CLOSED_SHELL('',(#7532,#7588,#7619,#7666,#7683,#7705,#7717,#7733
    ,#7749,#7765));
#7532 = ADVANCED_FACE('',(#7533),#7583,.T.);
#7533 = FACE_BOUND('',#7534,.T.);
#7534 = EDGE_LOOP('',(#7535,#7545,#7553,#7561,#7569,#7577));
#7535 = ORIENTED_EDGE('',*,*,#7536,.T.);
#7536 = EDGE_CURVE('',#7537,#7539,#7541,.T.);
#7537 = VERTEX_POINT('',#7538);
#7538 = CARTESIAN_POINT('',(-0.759968,0.8001,9.906E-03));
#7539 = VERTEX_POINT('',#7540);
#7540 = CARTESIAN_POINT('',(-0.759968,0.8001,0.));
#7541 = LINE('',#7542,#7543);
#7542 = CARTESIAN_POINT('',(-0.759968,0.8001,9.906E-03));
#7543 = VECTOR('',#7544,1.);
#7544 = DIRECTION('',(0.,0.,-1.));
#7545 = ORIENTED_EDGE('',*,*,#7546,.T.);
#7546 = EDGE_CURVE('',#7539,#7547,#7549,.T.);
#7547 = VERTEX_POINT('',#7548);
#7548 = CARTESIAN_POINT('',(-1.009904,0.8001,0.));
#7549 = LINE('',#7550,#7551);
#7550 = CARTESIAN_POINT('',(-0.759968,0.8001,0.));
#7551 = VECTOR('',#7552,1.);
#7552 = DIRECTION('',(-1.,0.,0.));
#7553 = ORIENTED_EDGE('',*,*,#7554,.T.);
#7554 = EDGE_CURVE('',#7547,#7555,#7557,.T.);
#7555 = VERTEX_POINT('',#7556);
#7556 = CARTESIAN_POINT('',(-1.009904,0.8001,0.199898));
#7557 = LINE('',#7558,#7559);
#7558 = CARTESIAN_POINT('',(-1.009904,0.8001,0.));
#7559 = VECTOR('',#7560,1.);
#7560 = DIRECTION('',(0.,0.,1.));
#7561 = ORIENTED_EDGE('',*,*,#7562,.F.);
#7562 = EDGE_CURVE('',#7563,#7555,#7565,.T.);
#7563 = VERTEX_POINT('',#7564);
#7564 = CARTESIAN_POINT('',(-0.999998,0.8001,0.199898));
#7565 = LINE('',#7566,#7567);
#7566 = CARTESIAN_POINT('',(-0.999998,0.8001,0.199898));
#7567 = VECTOR('',#7568,1.);
#7568 = DIRECTION('',(-1.,0.,0.));
#7569 = ORIENTED_EDGE('',*,*,#7570,.T.);
#7570 = EDGE_CURVE('',#7563,#7571,#7573,.T.);
#7571 = VERTEX_POINT('',#7572);
#7572 = CARTESIAN_POINT('',(-0.999998,0.8001,9.906E-03));
#7573 = LINE('',#7574,#7575);
#7574 = CARTESIAN_POINT('',(-0.999998,0.8001,0.199898));
#7575 = VECTOR('',#7576,1.);
#7576 = DIRECTION('',(0.,0.,-1.));
#7577 = ORIENTED_EDGE('',*,*,#7578,.T.);
#7578 = EDGE_CURVE('',#7571,#7537,#7579,.T.);
#7579 = LINE('',#7580,#7581);
#7580 = CARTESIAN_POINT('',(-0.999998,0.8001,9.906E-03));
#7581 = VECTOR('',#7582,1.);
#7582 = DIRECTION('',(1.,0.,0.));
#7583 = PLANE('',#7584);
#7584 = AXIS2_PLACEMENT_3D('',#7585,#7586,#7587);
#7585 = CARTESIAN_POINT('',(-0.87755758064,0.8001,7.378419359928E-03));
#7586 = DIRECTION('',(0.,1.,0.));
#7587 = DIRECTION('',(0.,-0.,1.));
#7588 = ADVANCED_FACE('',(#7589),#7614,.T.);
#7589 = FACE_BOUND('',#7590,.T.);
#7590 = EDGE_LOOP('',(#7591,#7599,#7607,#7613));
#7591 = ORIENTED_EDGE('',*,*,#7592,.T.);
#7592 = EDGE_CURVE('',#7555,#7593,#7595,.T.);
#7593 = VERTEX_POINT('',#7594);
#7594 = CARTESIAN_POINT('',(-1.009904,0.500126,0.199898));
#7595 = LINE('',#7596,#7597);
#7596 = CARTESIAN_POINT('',(-1.009904,0.8001,0.199898));
#7597 = VECTOR('',#7598,1.);
#7598 = DIRECTION('',(0.,-1.,0.));
#7599 = ORIENTED_EDGE('',*,*,#7600,.T.);
#7600 = EDGE_CURVE('',#7593,#7601,#7603,.T.);
#7601 = VERTEX_POINT('',#7602);
#7602 = CARTESIAN_POINT('',(-0.999998,0.500126,0.199898));
#7603 = LINE('',#7604,#7605);
#7604 = CARTESIAN_POINT('',(-1.009904,0.500126,0.199898));
#7605 = VECTOR('',#7606,1.);
#7606 = DIRECTION('',(1.,0.,0.));
#7607 = ORIENTED_EDGE('',*,*,#7608,.T.);
#7608 = EDGE_CURVE('',#7601,#7563,#7609,.T.);
#7609 = LINE('',#7610,#7611);
#7610 = CARTESIAN_POINT('',(-0.999998,0.500126,0.199898));
#7611 = VECTOR('',#7612,1.);
#7612 = DIRECTION('',(0.,1.,0.));
#7613 = ORIENTED_EDGE('',*,*,#7562,.T.);
#7614 = PLANE('',#7615);
#7615 = AXIS2_PLACEMENT_3D('',#7616,#7617,#7618);
#7616 = CARTESIAN_POINT('',(-1.007386620583,0.652548620583,0.199898));
#7617 = DIRECTION('',(0.,0.,1.));
#7618 = DIRECTION('',(1.,0.,-0.));
#7619 = ADVANCED_FACE('',(#7620),#7661,.T.);
#7620 = FACE_BOUND('',#7621,.T.);
#7621 = EDGE_LOOP('',(#7622,#7623,#7631,#7639,#7647,#7655));
#7622 = ORIENTED_EDGE('',*,*,#7600,.F.);
#7623 = ORIENTED_EDGE('',*,*,#7624,.T.);
#7624 = EDGE_CURVE('',#7593,#7625,#7627,.T.);
#7625 = VERTEX_POINT('',#7626);
#7626 = CARTESIAN_POINT('',(-1.009904,0.500126,0.));
#7627 = LINE('',#7628,#7629);
#7628 = CARTESIAN_POINT('',(-1.009904,0.500126,0.199898));
#7629 = VECTOR('',#7630,1.);
#7630 = DIRECTION('',(0.,0.,-1.));
#7631 = ORIENTED_EDGE('',*,*,#7632,.T.);
#7632 = EDGE_CURVE('',#7625,#7633,#7635,.T.);
#7633 = VERTEX_POINT('',#7634);
#7634 = CARTESIAN_POINT('',(-0.759968,0.500126,0.));
#7635 = LINE('',#7636,#7637);
#7636 = CARTESIAN_POINT('',(-1.009904,0.500126,0.));
#7637 = VECTOR('',#7638,1.);
#7638 = DIRECTION('',(1.,0.,0.));
#7639 = ORIENTED_EDGE('',*,*,#7640,.T.);
#7640 = EDGE_CURVE('',#7633,#7641,#7643,.T.);
#7641 = VERTEX_POINT('',#7642);
#7642 = CARTESIAN_POINT('',(-0.759968,0.500126,9.906E-03));
#7643 = LINE('',#7644,#7645);
#7644 = CARTESIAN_POINT('',(-0.759968,0.500126,0.));
#7645 = VECTOR('',#7646,1.);
#7646 = DIRECTION('',(0.,0.,1.));
#7647 = ORIENTED_EDGE('',*,*,#7648,.T.);
#7648 = EDGE_CURVE('',#7641,#7649,#7651,.T.);
#7649 = VERTEX_POINT('',#7650);
#7650 = CARTESIAN_POINT('',(-0.999998,0.500126,9.906E-03));
#7651 = LINE('',#7652,#7653);
#7652 = CARTESIAN_POINT('',(-0.759968,0.500126,9.906E-03));
#7653 = VECTOR('',#7654,1.);
#7654 = DIRECTION('',(-1.,0.,0.));
#7655 = ORIENTED_EDGE('',*,*,#7656,.T.);
#7656 = EDGE_CURVE('',#7649,#7601,#7657,.T.);
#7657 = LINE('',#7658,#7659);
#7658 = CARTESIAN_POINT('',(-0.999998,0.500126,9.906E-03));
#7659 = VECTOR('',#7660,1.);
#7660 = DIRECTION('',(0.,0.,1.));
#7661 = PLANE('',#7662);
#7662 = AXIS2_PLACEMENT_3D('',#7663,#7664,#7665);
#7663 = CARTESIAN_POINT('',(-1.002539017346,0.500126,0.107313982654));
#7664 = DIRECTION('',(-0.,-1.,-0.));
#7665 = DIRECTION('',(0.,0.,-1.));
#7666 = ADVANCED_FACE('',(#7667),#7678,.T.);
#7667 = FACE_BOUND('',#7668,.T.);
#7668 = EDGE_LOOP('',(#7669,#7670,#7671,#7677));
#7669 = ORIENTED_EDGE('',*,*,#7592,.F.);
#7670 = ORIENTED_EDGE('',*,*,#7554,.F.);
#7671 = ORIENTED_EDGE('',*,*,#7672,.T.);
#7672 = EDGE_CURVE('',#7547,#7625,#7673,.T.);
#7673 = LINE('',#7674,#7675);
#7674 = CARTESIAN_POINT('',(-1.009904,0.8001,0.));
#7675 = VECTOR('',#7676,1.);
#7676 = DIRECTION('',(0.,-1.,0.));
#7677 = ORIENTED_EDGE('',*,*,#7624,.F.);
#7678 = PLANE('',#7679);
#7679 = AXIS2_PLACEMENT_3D('',#7680,#7681,#7682);
#7680 = CARTESIAN_POINT('',(-1.009904,0.615264230426,0.134797769574));
#7681 = DIRECTION('',(-1.,-0.,-0.));
#7682 = DIRECTION('',(0.,0.,-1.));
#7683 = ADVANCED_FACE('',(#7684),#7700,.T.);
#7684 = FACE_BOUND('',#7685,.T.);
#7685 = EDGE_LOOP('',(#7686,#7692,#7693,#7699));
#7686 = ORIENTED_EDGE('',*,*,#7687,.T.);
#7687 = EDGE_CURVE('',#7633,#7539,#7688,.T.);
#7688 = LINE('',#7689,#7690);
#7689 = CARTESIAN_POINT('',(-0.759968,0.500126,0.));
#7690 = VECTOR('',#7691,1.);
#7691 = DIRECTION('',(0.,1.,0.));
#7692 = ORIENTED_EDGE('',*,*,#7536,.F.);
#7693 = ORIENTED_EDGE('',*,*,#7694,.T.);
#7694 = EDGE_CURVE('',#7537,#7641,#7695,.T.);
#7695 = LINE('',#7696,#7697);
#7696 = CARTESIAN_POINT('',(-0.759968,0.8001,9.906E-03));
#7697 = VECTOR('',#7698,1.);
#7698 = DIRECTION('',(0.,-1.,0.));
#7699 = ORIENTED_EDGE('',*,*,#7640,.F.);
#7700 = PLANE('',#7701);
#7701 = AXIS2_PLACEMENT_3D('',#7702,#7703,#7704);
#7702 = CARTESIAN_POINT('',(-0.759968,0.647677379417,2.517379417038E-03)
  );
#7703 = DIRECTION('',(1.,0.,0.));
#7704 = DIRECTION('',(-0.,0.,1.));
#7705 = ADVANCED_FACE('',(#7706),#7712,.T.);
#7706 = FACE_BOUND('',#7707,.T.);
#7707 = EDGE_LOOP('',(#7708,#7709,#7710,#7711));
#7708 = ORIENTED_EDGE('',*,*,#7687,.F.);
#7709 = ORIENTED_EDGE('',*,*,#7632,.F.);
#7710 = ORIENTED_EDGE('',*,*,#7672,.F.);
#7711 = ORIENTED_EDGE('',*,*,#7546,.F.);
#7712 = PLANE('',#7713);
#7713 = AXIS2_PLACEMENT_3D('',#7714,#7715,#7716);
#7714 = CARTESIAN_POINT('',(-0.845071384899,0.689977615101,0.));
#7715 = DIRECTION('',(-0.,-0.,-1.));
#7716 = DIRECTION('',(-1.,0.,0.));
#7717 = ADVANCED_FACE('',(#7718),#7728,.T.);
#7718 = FACE_BOUND('',#7719,.T.);
#7719 = EDGE_LOOP('',(#7720,#7721,#7722));
#7720 = ORIENTED_EDGE('',*,*,#7648,.F.);
#7721 = ORIENTED_EDGE('',*,*,#7694,.F.);
#7722 = ORIENTED_EDGE('',*,*,#7723,.T.);
#7723 = EDGE_CURVE('',#7537,#7649,#7724,.T.);
#7724 = LINE('',#7725,#7726);
#7725 = CARTESIAN_POINT('',(-0.759968,0.8001,9.906E-03));
#7726 = VECTOR('',#7727,1.);
#7727 = DIRECTION('',(-0.624775670843,-0.780804303985,0.));
#7728 = PLANE('',#7729);
#7729 = AXIS2_PLACEMENT_3D('',#7730,#7731,#7732);
#7730 = CARTESIAN_POINT('',(-0.841028473639,0.611158473639,9.906E-03));
#7731 = DIRECTION('',(0.,0.,1.));
#7732 = DIRECTION('',(1.,0.,-0.));
#7733 = ADVANCED_FACE('',(#7734),#7744,.T.);
#7734 = FACE_BOUND('',#7735,.T.);
#7735 = EDGE_LOOP('',(#7736,#7737,#7738));
#7736 = ORIENTED_EDGE('',*,*,#7656,.F.);
#7737 = ORIENTED_EDGE('',*,*,#7723,.F.);
#7738 = ORIENTED_EDGE('',*,*,#7739,.T.);
#7739 = EDGE_CURVE('',#7537,#7601,#7740,.T.);
#7740 = LINE('',#7741,#7742);
#7741 = CARTESIAN_POINT('',(-0.759968,0.8001,9.906E-03));
#7742 = VECTOR('',#7743,1.);
#7743 = DIRECTION('',(-0.560036015545,-0.699896861756,0.443287766802));
#7744 = PLANE('',#7745);
#7745 = AXIS2_PLACEMENT_3D('',#7746,#7747,#7748);
#7746 = CARTESIAN_POINT('',(-0.902721782256,0.621695537731,
    6.850688521342E-02));
#7747 = DIRECTION('',(0.780804303985,-0.624775670843,1.439569873147E-16)
  );
#7748 = DIRECTION('',(0.624775670843,0.780804303985,5.066408966772E-33)
  );
#7749 = ADVANCED_FACE('',(#7750),#7760,.T.);
#7750 = FACE_BOUND('',#7751,.T.);
#7751 = EDGE_LOOP('',(#7752,#7753,#7754));
#7752 = ORIENTED_EDGE('',*,*,#7739,.F.);
#7753 = ORIENTED_EDGE('',*,*,#7578,.F.);
#7754 = ORIENTED_EDGE('',*,*,#7755,.T.);
#7755 = EDGE_CURVE('',#7571,#7601,#7756,.T.);
#7756 = LINE('',#7757,#7758);
#7757 = CARTESIAN_POINT('',(-0.999998,0.8001,9.906E-03));
#7758 = VECTOR('',#7759,1.);
#7759 = DIRECTION('',(0.,-0.844808297169,0.535069099308));
#7760 = PLANE('',#7761);
#7761 = AXIS2_PLACEMENT_3D('',#7762,#7763,#7764);
#7762 = CARTESIAN_POINT('',(-0.92161098426,0.685280666497,
    8.26281519559E-02));
#7763 = DIRECTION('',(-1.730482813426E-16,0.535069099308,0.844808297169)
  );
#7764 = DIRECTION('',(7.185653968315E-34,0.844808297169,-0.535069099308)
  );
#7765 = ADVANCED_FACE('',(#7766),#7771,.T.);
#7766 = FACE_BOUND('',#7767,.T.);
#7767 = EDGE_LOOP('',(#7768,#7769,#7770));
#7768 = ORIENTED_EDGE('',*,*,#7570,.F.);
#7769 = ORIENTED_EDGE('',*,*,#7608,.F.);
#7770 = ORIENTED_EDGE('',*,*,#7755,.F.);
#7771 = PLANE('',#7772);
#7772 = AXIS2_PLACEMENT_3D('',#7773,#7774,#7775);
#7773 = CARTESIAN_POINT('',(-0.999998,0.683834656887,0.138623656887));
#7774 = DIRECTION('',(1.,0.,0.));
#7775 = DIRECTION('',(-0.,0.,1.));
#7776 = MANIFOLD_SOLID_BREP('',#7777);
#7777 = CLOSED_SHELL('',(#7778,#7834,#7865,#7912,#7929,#7951,#7963,#7980
    ));
#7778 = ADVANCED_FACE('',(#7779),#7829,.T.);
#7779 = FACE_BOUND('',#7780,.T.);
#7780 = EDGE_LOOP('',(#7781,#7791,#7799,#7807,#7815,#7823));
#7781 = ORIENTED_EDGE('',*,*,#7782,.T.);
#7782 = EDGE_CURVE('',#7783,#7785,#7787,.T.);
#7783 = VERTEX_POINT('',#7784);
#7784 = CARTESIAN_POINT('',(-0.759968,0.150114,9.906E-03));
#7785 = VERTEX_POINT('',#7786);
#7786 = CARTESIAN_POINT('',(-0.759968,0.150114,0.));
#7787 = LINE('',#7788,#7789);
#7788 = CARTESIAN_POINT('',(-0.759968,0.150114,9.906E-03));
#7789 = VECTOR('',#7790,1.);
#7790 = DIRECTION('',(0.,0.,-1.));
#7791 = ORIENTED_EDGE('',*,*,#7792,.T.);
#7792 = EDGE_CURVE('',#7785,#7793,#7795,.T.);
#7793 = VERTEX_POINT('',#7794);
#7794 = CARTESIAN_POINT('',(-1.009904,0.150114,0.));
#7795 = LINE('',#7796,#7797);
#7796 = CARTESIAN_POINT('',(-0.759968,0.150114,0.));
#7797 = VECTOR('',#7798,1.);
#7798 = DIRECTION('',(-1.,0.,0.));
#7799 = ORIENTED_EDGE('',*,*,#7800,.T.);
#7800 = EDGE_CURVE('',#7793,#7801,#7803,.T.);
#7801 = VERTEX_POINT('',#7802);
#7802 = CARTESIAN_POINT('',(-1.009904,0.150114,0.199898));
#7803 = LINE('',#7804,#7805);
#7804 = CARTESIAN_POINT('',(-1.009904,0.150114,0.));
#7805 = VECTOR('',#7806,1.);
#7806 = DIRECTION('',(0.,0.,1.));
#7807 = ORIENTED_EDGE('',*,*,#7808,.F.);
#7808 = EDGE_CURVE('',#7809,#7801,#7811,.T.);
#7809 = VERTEX_POINT('',#7810);
#7810 = CARTESIAN_POINT('',(-0.999998,0.150114,0.199898));
#7811 = LINE('',#7812,#7813);
#7812 = CARTESIAN_POINT('',(-0.999998,0.150114,0.199898));
#7813 = VECTOR('',#7814,1.);
#7814 = DIRECTION('',(-1.,0.,0.));
#7815 = ORIENTED_EDGE('',*,*,#7816,.T.);
#7816 = EDGE_CURVE('',#7809,#7817,#7819,.T.);
#7817 = VERTEX_POINT('',#7818);
#7818 = CARTESIAN_POINT('',(-0.999998,0.150114,9.906E-03));
#7819 = LINE('',#7820,#7821);
#7820 = CARTESIAN_POINT('',(-0.999998,0.150114,0.199898));
#7821 = VECTOR('',#7822,1.);
#7822 = DIRECTION('',(0.,0.,-1.));
#7823 = ORIENTED_EDGE('',*,*,#7824,.T.);
#7824 = EDGE_CURVE('',#7817,#7783,#7825,.T.);
#7825 = LINE('',#7826,#7827);
#7826 = CARTESIAN_POINT('',(-0.999998,0.150114,9.906E-03));
#7827 = VECTOR('',#7828,1.);
#7828 = DIRECTION('',(1.,0.,0.));
#7829 = PLANE('',#7830);
#7830 = AXIS2_PLACEMENT_3D('',#7831,#7832,#7833);
#7831 = CARTESIAN_POINT('',(-0.87755758064,0.150114,7.378419359928E-03)
  );
#7832 = DIRECTION('',(0.,1.,0.));
#7833 = DIRECTION('',(0.,-0.,1.));
#7834 = ADVANCED_FACE('',(#7835),#7860,.T.);
#7835 = FACE_BOUND('',#7836,.T.);
#7836 = EDGE_LOOP('',(#7837,#7845,#7853,#7859));
#7837 = ORIENTED_EDGE('',*,*,#7838,.T.);
#7838 = EDGE_CURVE('',#7801,#7839,#7841,.T.);
#7839 = VERTEX_POINT('',#7840);
#7840 = CARTESIAN_POINT('',(-1.009904,-0.150114,0.199898));
#7841 = LINE('',#7842,#7843);
#7842 = CARTESIAN_POINT('',(-1.009904,0.150114,0.199898));
#7843 = VECTOR('',#7844,1.);
#7844 = DIRECTION('',(0.,-1.,0.));
#7845 = ORIENTED_EDGE('',*,*,#7846,.T.);
#7846 = EDGE_CURVE('',#7839,#7847,#7849,.T.);
#7847 = VERTEX_POINT('',#7848);
#7848 = CARTESIAN_POINT('',(-0.999998,-0.150114,0.199898));
#7849 = LINE('',#7850,#7851);
#7850 = CARTESIAN_POINT('',(-1.009904,-0.150114,0.199898));
#7851 = VECTOR('',#7852,1.);
#7852 = DIRECTION('',(1.,0.,0.));
#7853 = ORIENTED_EDGE('',*,*,#7854,.T.);
#7854 = EDGE_CURVE('',#7847,#7809,#7855,.T.);
#7855 = LINE('',#7856,#7857);
#7856 = CARTESIAN_POINT('',(-0.999998,-0.150114,0.199898));
#7857 = VECTOR('',#7858,1.);
#7858 = DIRECTION('',(0.,1.,0.));
#7859 = ORIENTED_EDGE('',*,*,#7808,.T.);
#7860 = PLANE('',#7861);
#7861 = AXIS2_PLACEMENT_3D('',#7862,#7863,#7864);
#7862 = CARTESIAN_POINT('',(-1.007386655149,2.435655149099E-03,0.199898)
  );
#7863 = DIRECTION('',(0.,0.,1.));
#7864 = DIRECTION('',(1.,0.,-0.));
#7865 = ADVANCED_FACE('',(#7866),#7907,.T.);
#7866 = FACE_BOUND('',#7867,.T.);
#7867 = EDGE_LOOP('',(#7868,#7869,#7877,#7885,#7893,#7901));
#7868 = ORIENTED_EDGE('',*,*,#7846,.F.);
#7869 = ORIENTED_EDGE('',*,*,#7870,.T.);
#7870 = EDGE_CURVE('',#7839,#7871,#7873,.T.);
#7871 = VERTEX_POINT('',#7872);
#7872 = CARTESIAN_POINT('',(-1.009904,-0.150114,0.));
#7873 = LINE('',#7874,#7875);
#7874 = CARTESIAN_POINT('',(-1.009904,-0.150114,0.199898));
#7875 = VECTOR('',#7876,1.);
#7876 = DIRECTION('',(0.,0.,-1.));
#7877 = ORIENTED_EDGE('',*,*,#7878,.T.);
#7878 = EDGE_CURVE('',#7871,#7879,#7881,.T.);
#7879 = VERTEX_POINT('',#7880);
#7880 = CARTESIAN_POINT('',(-0.759968,-0.150114,0.));
#7881 = LINE('',#7882,#7883);
#7882 = CARTESIAN_POINT('',(-1.009904,-0.150114,0.));
#7883 = VECTOR('',#7884,1.);
#7884 = DIRECTION('',(1.,0.,0.));
#7885 = ORIENTED_EDGE('',*,*,#7886,.T.);
#7886 = EDGE_CURVE('',#7879,#7887,#7889,.T.);
#7887 = VERTEX_POINT('',#7888);
#7888 = CARTESIAN_POINT('',(-0.759968,-0.150114,9.906E-03));
#7889 = LINE('',#7890,#7891);
#7890 = CARTESIAN_POINT('',(-0.759968,-0.150114,0.));
#7891 = VECTOR('',#7892,1.);
#7892 = DIRECTION('',(0.,0.,1.));
#7893 = ORIENTED_EDGE('',*,*,#7894,.T.);
#7894 = EDGE_CURVE('',#7887,#7895,#7897,.T.);
#7895 = VERTEX_POINT('',#7896);
#7896 = CARTESIAN_POINT('',(-0.999998,-0.150114,9.906E-03));
#7897 = LINE('',#7898,#7899);
#7898 = CARTESIAN_POINT('',(-0.759968,-0.150114,9.906E-03));
#7899 = VECTOR('',#7900,1.);
#7900 = DIRECTION('',(-1.,0.,0.));
#7901 = ORIENTED_EDGE('',*,*,#7902,.T.);
#7902 = EDGE_CURVE('',#7895,#7847,#7903,.T.);
#7903 = LINE('',#7904,#7905);
#7904 = CARTESIAN_POINT('',(-0.999998,-0.150114,9.906E-03));
#7905 = VECTOR('',#7906,1.);
#7906 = DIRECTION('',(0.,0.,1.));
#7907 = PLANE('',#7908);
#7908 = AXIS2_PLACEMENT_3D('',#7909,#7910,#7911);
#7909 = CARTESIAN_POINT('',(-1.002539017346,-0.150114,0.107313982654));
#7910 = DIRECTION('',(-0.,-1.,-0.));
#7911 = DIRECTION('',(0.,0.,-1.));
#7912 = ADVANCED_FACE('',(#7913),#7924,.T.);
#7913 = FACE_BOUND('',#7914,.T.);
#7914 = EDGE_LOOP('',(#7915,#7916,#7917,#7923));
#7915 = ORIENTED_EDGE('',*,*,#7838,.F.);
#7916 = ORIENTED_EDGE('',*,*,#7800,.F.);
#7917 = ORIENTED_EDGE('',*,*,#7918,.T.);
#7918 = EDGE_CURVE('',#7793,#7871,#7919,.T.);
#7919 = LINE('',#7920,#7921);
#7920 = CARTESIAN_POINT('',(-1.009904,0.150114,0.));
#7921 = VECTOR('',#7922,1.);
#7922 = DIRECTION('',(0.,-1.,0.));
#7923 = ORIENTED_EDGE('',*,*,#7870,.F.);
#7924 = PLANE('',#7925);
#7925 = AXIS2_PLACEMENT_3D('',#7926,#7927,#7928);
#7926 = CARTESIAN_POINT('',(-1.009904,-3.485942062257E-02,0.134808420623
    ));
#7927 = DIRECTION('',(-1.,-0.,-0.));
#7928 = DIRECTION('',(0.,0.,-1.));
#7929 = ADVANCED_FACE('',(#7930),#7946,.T.);
#7930 = FACE_BOUND('',#7931,.T.);
#7931 = EDGE_LOOP('',(#7932,#7938,#7939,#7945));
#7932 = ORIENTED_EDGE('',*,*,#7933,.T.);
#7933 = EDGE_CURVE('',#7879,#7785,#7934,.T.);
#7934 = LINE('',#7935,#7936);
#7935 = CARTESIAN_POINT('',(-0.759968,-0.150114,0.));
#7936 = VECTOR('',#7937,1.);
#7937 = DIRECTION('',(0.,1.,0.));
#7938 = ORIENTED_EDGE('',*,*,#7782,.F.);
#7939 = ORIENTED_EDGE('',*,*,#7940,.T.);
#7940 = EDGE_CURVE('',#7783,#7887,#7941,.T.);
#7941 = LINE('',#7942,#7943);
#7942 = CARTESIAN_POINT('',(-0.759968,0.150114,9.906E-03));
#7943 = VECTOR('',#7944,1.);
#7944 = DIRECTION('',(0.,-1.,0.));
#7945 = ORIENTED_EDGE('',*,*,#7886,.F.);
#7946 = PLANE('',#7947);
#7947 = AXIS2_PLACEMENT_3D('',#7948,#7949,#7950);
#7948 = CARTESIAN_POINT('',(-0.759968,-2.435655149099E-03,
    2.517344850901E-03));
#7949 = DIRECTION('',(1.,0.,0.));
#7950 = DIRECTION('',(-0.,0.,1.));
#7951 = ADVANCED_FACE('',(#7952),#7958,.T.);
#7952 = FACE_BOUND('',#7953,.T.);
#7953 = EDGE_LOOP('',(#7954,#7955,#7956,#7957));
#7954 = ORIENTED_EDGE('',*,*,#7933,.F.);
#7955 = ORIENTED_EDGE('',*,*,#7878,.F.);
#7956 = ORIENTED_EDGE('',*,*,#7918,.F.);
#7957 = ORIENTED_EDGE('',*,*,#7792,.F.);
#7958 = PLANE('',#7959);
#7959 = AXIS2_PLACEMENT_3D('',#7960,#7961,#7962);
#7960 = CARTESIAN_POINT('',(-0.845056678795,3.98793212053E-02,0.));
#7961 = DIRECTION('',(-0.,-0.,-1.));
#7962 = DIRECTION('',(-1.,0.,0.));
#7963 = ADVANCED_FACE('',(#7964),#7975,.T.);
#7964 = FACE_BOUND('',#7965,.T.);
#7965 = EDGE_LOOP('',(#7966,#7967,#7968,#7969));
#7966 = ORIENTED_EDGE('',*,*,#7816,.F.);
#7967 = ORIENTED_EDGE('',*,*,#7854,.F.);
#7968 = ORIENTED_EDGE('',*,*,#7902,.F.);
#7969 = ORIENTED_EDGE('',*,*,#7970,.T.);
#7970 = EDGE_CURVE('',#7895,#7817,#7971,.T.);
#7971 = LINE('',#7972,#7973);
#7972 = CARTESIAN_POINT('',(-0.999998,-0.150114,9.906E-03));
#7973 = VECTOR('',#7974,1.);
#7974 = DIRECTION('',(0.,1.,0.));
#7975 = PLANE('',#7976);
#7976 = AXIS2_PLACEMENT_3D('',#7977,#7978,#7979);
#7977 = CARTESIAN_POINT('',(-0.999998,3.373150506201E-02,0.138633505062)
  );
#7978 = DIRECTION('',(1.,0.,0.));
#7979 = DIRECTION('',(-0.,0.,1.));
#7980 = ADVANCED_FACE('',(#7981),#7987,.T.);
#7981 = FACE_BOUND('',#7982,.T.);
#7982 = EDGE_LOOP('',(#7983,#7984,#7985,#7986));
#7983 = ORIENTED_EDGE('',*,*,#7970,.F.);
#7984 = ORIENTED_EDGE('',*,*,#7894,.F.);
#7985 = ORIENTED_EDGE('',*,*,#7940,.F.);
#7986 = ORIENTED_EDGE('',*,*,#7824,.F.);
#7987 = PLANE('',#7988);
#7988 = AXIS2_PLACEMENT_3D('',#7989,#7990,#7991);
#7989 = CARTESIAN_POINT('',(-0.918951437098,-3.896843709808E-02,
    9.906E-03));
#7990 = DIRECTION('',(0.,0.,1.));
#7991 = DIRECTION('',(1.,0.,-0.));
#7992 = MANIFOLD_SOLID_BREP('',#7993);
#7993 = CLOSED_SHELL('',(#7994,#8050,#8081,#8128,#8145,#8167,#8179,#8196
    ));
#7994 = ADVANCED_FACE('',(#7995),#8045,.T.);
#7995 = FACE_BOUND('',#7996,.T.);
#7996 = EDGE_LOOP('',(#7997,#8007,#8015,#8023,#8031,#8039));
#7997 = ORIENTED_EDGE('',*,*,#7998,.T.);
#7998 = EDGE_CURVE('',#7999,#8001,#8003,.T.);
#7999 = VERTEX_POINT('',#8000);
#8000 = CARTESIAN_POINT('',(-0.759968,-0.500126,9.906E-03));
#8001 = VERTEX_POINT('',#8002);
#8002 = CARTESIAN_POINT('',(-0.759968,-0.500126,0.));
#8003 = LINE('',#8004,#8005);
#8004 = CARTESIAN_POINT('',(-0.759968,-0.500126,9.906E-03));
#8005 = VECTOR('',#8006,1.);
#8006 = DIRECTION('',(0.,0.,-1.));
#8007 = ORIENTED_EDGE('',*,*,#8008,.T.);
#8008 = EDGE_CURVE('',#8001,#8009,#8011,.T.);
#8009 = VERTEX_POINT('',#8010);
#8010 = CARTESIAN_POINT('',(-1.009904,-0.500126,0.));
#8011 = LINE('',#8012,#8013);
#8012 = CARTESIAN_POINT('',(-0.759968,-0.500126,0.));
#8013 = VECTOR('',#8014,1.);
#8014 = DIRECTION('',(-1.,0.,0.));
#8015 = ORIENTED_EDGE('',*,*,#8016,.T.);
#8016 = EDGE_CURVE('',#8009,#8017,#8019,.T.);
#8017 = VERTEX_POINT('',#8018);
#8018 = CARTESIAN_POINT('',(-1.009904,-0.500126,0.199898));
#8019 = LINE('',#8020,#8021);
#8020 = CARTESIAN_POINT('',(-1.009904,-0.500126,0.));
#8021 = VECTOR('',#8022,1.);
#8022 = DIRECTION('',(0.,0.,1.));
#8023 = ORIENTED_EDGE('',*,*,#8024,.F.);
#8024 = EDGE_CURVE('',#8025,#8017,#8027,.T.);
#8025 = VERTEX_POINT('',#8026);
#8026 = CARTESIAN_POINT('',(-0.999998,-0.500126,0.199898));
#8027 = LINE('',#8028,#8029);
#8028 = CARTESIAN_POINT('',(-0.999998,-0.500126,0.199898));
#8029 = VECTOR('',#8030,1.);
#8030 = DIRECTION('',(-1.,0.,0.));
#8031 = ORIENTED_EDGE('',*,*,#8032,.T.);
#8032 = EDGE_CURVE('',#8025,#8033,#8035,.T.);
#8033 = VERTEX_POINT('',#8034);
#8034 = CARTESIAN_POINT('',(-0.999998,-0.500126,9.906E-03));
#8035 = LINE('',#8036,#8037);
#8036 = CARTESIAN_POINT('',(-0.999998,-0.500126,0.199898));
#8037 = VECTOR('',#8038,1.);
#8038 = DIRECTION('',(0.,0.,-1.));
#8039 = ORIENTED_EDGE('',*,*,#8040,.T.);
#8040 = EDGE_CURVE('',#8033,#7999,#8041,.T.);
#8041 = LINE('',#8042,#8043);
#8042 = CARTESIAN_POINT('',(-0.999998,-0.500126,9.906E-03));
#8043 = VECTOR('',#8044,1.);
#8044 = DIRECTION('',(1.,0.,0.));
#8045 = PLANE('',#8046);
#8046 = AXIS2_PLACEMENT_3D('',#8047,#8048,#8049);
#8047 = CARTESIAN_POINT('',(-0.87755758064,-0.500126,7.378419359928E-03)
  );
#8048 = DIRECTION('',(0.,1.,0.));
#8049 = DIRECTION('',(0.,-0.,1.));
#8050 = ADVANCED_FACE('',(#8051),#8076,.T.);
#8051 = FACE_BOUND('',#8052,.T.);
#8052 = EDGE_LOOP('',(#8053,#8061,#8069,#8075));
#8053 = ORIENTED_EDGE('',*,*,#8054,.T.);
#8054 = EDGE_CURVE('',#8017,#8055,#8057,.T.);
#8055 = VERTEX_POINT('',#8056);
#8056 = CARTESIAN_POINT('',(-1.009904,-0.8001,0.199898));
#8057 = LINE('',#8058,#8059);
#8058 = CARTESIAN_POINT('',(-1.009904,-0.500126,0.199898));
#8059 = VECTOR('',#8060,1.);
#8060 = DIRECTION('',(0.,-1.,0.));
#8061 = ORIENTED_EDGE('',*,*,#8062,.T.);
#8062 = EDGE_CURVE('',#8055,#8063,#8065,.T.);
#8063 = VERTEX_POINT('',#8064);
#8064 = CARTESIAN_POINT('',(-0.999998,-0.8001,0.199898));
#8065 = LINE('',#8066,#8067);
#8066 = CARTESIAN_POINT('',(-1.009904,-0.8001,0.199898));
#8067 = VECTOR('',#8068,1.);
#8068 = DIRECTION('',(1.,0.,0.));
#8069 = ORIENTED_EDGE('',*,*,#8070,.T.);
#8070 = EDGE_CURVE('',#8063,#8025,#8071,.T.);
#8071 = LINE('',#8072,#8073);
#8072 = CARTESIAN_POINT('',(-0.999998,-0.8001,0.199898));
#8073 = VECTOR('',#8074,1.);
#8074 = DIRECTION('',(0.,1.,0.));
#8075 = ORIENTED_EDGE('',*,*,#8024,.T.);
#8076 = PLANE('',#8077);
#8077 = AXIS2_PLACEMENT_3D('',#8078,#8079,#8080);
#8078 = CARTESIAN_POINT('',(-1.007386620583,-0.647677379417,0.199898));
#8079 = DIRECTION('',(0.,0.,1.));
#8080 = DIRECTION('',(1.,0.,-0.));
#8081 = ADVANCED_FACE('',(#8082),#8123,.T.);
#8082 = FACE_BOUND('',#8083,.T.);
#8083 = EDGE_LOOP('',(#8084,#8085,#8093,#8101,#8109,#8117));
#8084 = ORIENTED_EDGE('',*,*,#8062,.F.);
#8085 = ORIENTED_EDGE('',*,*,#8086,.T.);
#8086 = EDGE_CURVE('',#8055,#8087,#8089,.T.);
#8087 = VERTEX_POINT('',#8088);
#8088 = CARTESIAN_POINT('',(-1.009904,-0.8001,0.));
#8089 = LINE('',#8090,#8091);
#8090 = CARTESIAN_POINT('',(-1.009904,-0.8001,0.199898));
#8091 = VECTOR('',#8092,1.);
#8092 = DIRECTION('',(0.,0.,-1.));
#8093 = ORIENTED_EDGE('',*,*,#8094,.T.);
#8094 = EDGE_CURVE('',#8087,#8095,#8097,.T.);
#8095 = VERTEX_POINT('',#8096);
#8096 = CARTESIAN_POINT('',(-0.759968,-0.8001,0.));
#8097 = LINE('',#8098,#8099);
#8098 = CARTESIAN_POINT('',(-1.009904,-0.8001,0.));
#8099 = VECTOR('',#8100,1.);
#8100 = DIRECTION('',(1.,0.,0.));
#8101 = ORIENTED_EDGE('',*,*,#8102,.T.);
#8102 = EDGE_CURVE('',#8095,#8103,#8105,.T.);
#8103 = VERTEX_POINT('',#8104);
#8104 = CARTESIAN_POINT('',(-0.759968,-0.8001,9.906E-03));
#8105 = LINE('',#8106,#8107);
#8106 = CARTESIAN_POINT('',(-0.759968,-0.8001,0.));
#8107 = VECTOR('',#8108,1.);
#8108 = DIRECTION('',(0.,0.,1.));
#8109 = ORIENTED_EDGE('',*,*,#8110,.T.);
#8110 = EDGE_CURVE('',#8103,#8111,#8113,.T.);
#8111 = VERTEX_POINT('',#8112);
#8112 = CARTESIAN_POINT('',(-0.999998,-0.8001,9.906E-03));
#8113 = LINE('',#8114,#8115);
#8114 = CARTESIAN_POINT('',(-0.759968,-0.8001,9.906E-03));
#8115 = VECTOR('',#8116,1.);
#8116 = DIRECTION('',(-1.,0.,0.));
#8117 = ORIENTED_EDGE('',*,*,#8118,.T.);
#8118 = EDGE_CURVE('',#8111,#8063,#8119,.T.);
#8119 = LINE('',#8120,#8121);
#8120 = CARTESIAN_POINT('',(-0.999998,-0.8001,9.906E-03));
#8121 = VECTOR('',#8122,1.);
#8122 = DIRECTION('',(0.,0.,1.));
#8123 = PLANE('',#8124);
#8124 = AXIS2_PLACEMENT_3D('',#8125,#8126,#8127);
#8125 = CARTESIAN_POINT('',(-1.002539017346,-0.8001,0.107313982654));
#8126 = DIRECTION('',(-0.,-1.,-0.));
#8127 = DIRECTION('',(0.,0.,-1.));
#8128 = ADVANCED_FACE('',(#8129),#8140,.T.);
#8129 = FACE_BOUND('',#8130,.T.);
#8130 = EDGE_LOOP('',(#8131,#8132,#8133,#8139));
#8131 = ORIENTED_EDGE('',*,*,#8054,.F.);
#8132 = ORIENTED_EDGE('',*,*,#8016,.F.);
#8133 = ORIENTED_EDGE('',*,*,#8134,.T.);
#8134 = EDGE_CURVE('',#8009,#8087,#8135,.T.);
#8135 = LINE('',#8136,#8137);
#8136 = CARTESIAN_POINT('',(-1.009904,-0.500126,0.));
#8137 = VECTOR('',#8138,1.);
#8138 = DIRECTION('',(0.,-1.,0.));
#8139 = ORIENTED_EDGE('',*,*,#8086,.F.);
#8140 = PLANE('',#8141);
#8141 = AXIS2_PLACEMENT_3D('',#8142,#8143,#8144);
#8142 = CARTESIAN_POINT('',(-1.009904,-0.684961769574,0.134797769574));
#8143 = DIRECTION('',(-1.,-0.,-0.));
#8144 = DIRECTION('',(0.,0.,-1.));
#8145 = ADVANCED_FACE('',(#8146),#8162,.T.);
#8146 = FACE_BOUND('',#8147,.T.);
#8147 = EDGE_LOOP('',(#8148,#8154,#8155,#8161));
#8148 = ORIENTED_EDGE('',*,*,#8149,.T.);
#8149 = EDGE_CURVE('',#8095,#8001,#8150,.T.);
#8150 = LINE('',#8151,#8152);
#8151 = CARTESIAN_POINT('',(-0.759968,-0.8001,0.));
#8152 = VECTOR('',#8153,1.);
#8153 = DIRECTION('',(0.,1.,0.));
#8154 = ORIENTED_EDGE('',*,*,#7998,.F.);
#8155 = ORIENTED_EDGE('',*,*,#8156,.T.);
#8156 = EDGE_CURVE('',#7999,#8103,#8157,.T.);
#8157 = LINE('',#8158,#8159);
#8158 = CARTESIAN_POINT('',(-0.759968,-0.500126,9.906E-03));
#8159 = VECTOR('',#8160,1.);
#8160 = DIRECTION('',(0.,-1.,0.));
#8161 = ORIENTED_EDGE('',*,*,#8102,.F.);
#8162 = PLANE('',#8163);
#8163 = AXIS2_PLACEMENT_3D('',#8164,#8165,#8166);
#8164 = CARTESIAN_POINT('',(-0.759968,-0.652548620583,2.517379417038E-03
    ));
#8165 = DIRECTION('',(1.,0.,0.));
#8166 = DIRECTION('',(-0.,0.,1.));
#8167 = ADVANCED_FACE('',(#8168),#8174,.T.);
#8168 = FACE_BOUND('',#8169,.T.);
#8169 = EDGE_LOOP('',(#8170,#8171,#8172,#8173));
#8170 = ORIENTED_EDGE('',*,*,#8149,.F.);
#8171 = ORIENTED_EDGE('',*,*,#8094,.F.);
#8172 = ORIENTED_EDGE('',*,*,#8134,.F.);
#8173 = ORIENTED_EDGE('',*,*,#8008,.F.);
#8174 = PLANE('',#8175);
#8175 = AXIS2_PLACEMENT_3D('',#8176,#8177,#8178);
#8176 = CARTESIAN_POINT('',(-0.845071384899,-0.610248384899,0.));
#8177 = DIRECTION('',(-0.,-0.,-1.));
#8178 = DIRECTION('',(-1.,0.,0.));
#8179 = ADVANCED_FACE('',(#8180),#8191,.T.);
#8180 = FACE_BOUND('',#8181,.T.);
#8181 = EDGE_LOOP('',(#8182,#8183,#8184,#8190));
#8182 = ORIENTED_EDGE('',*,*,#8156,.F.);
#8183 = ORIENTED_EDGE('',*,*,#8040,.F.);
#8184 = ORIENTED_EDGE('',*,*,#8185,.T.);
#8185 = EDGE_CURVE('',#8033,#8111,#8186,.T.);
#8186 = LINE('',#8187,#8188);
#8187 = CARTESIAN_POINT('',(-0.999998,-0.500126,9.906E-03));
#8188 = VECTOR('',#8189,1.);
#8189 = DIRECTION('',(0.,-1.,0.));
#8190 = ORIENTED_EDGE('',*,*,#8110,.F.);
#8191 = PLANE('',#8192);
#8192 = AXIS2_PLACEMENT_3D('',#8193,#8194,#8195);
#8193 = CARTESIAN_POINT('',(-0.841028473639,-0.611158473639,9.906E-03));
#8194 = DIRECTION('',(0.,0.,1.));
#8195 = DIRECTION('',(1.,0.,-0.));
#8196 = ADVANCED_FACE('',(#8197),#8203,.T.);
#8197 = FACE_BOUND('',#8198,.T.);
#8198 = EDGE_LOOP('',(#8199,#8200,#8201,#8202));
#8199 = ORIENTED_EDGE('',*,*,#8118,.F.);
#8200 = ORIENTED_EDGE('',*,*,#8185,.F.);
#8201 = ORIENTED_EDGE('',*,*,#8032,.F.);
#8202 = ORIENTED_EDGE('',*,*,#8070,.F.);
#8203 = PLANE('',#8204);
#8204 = AXIS2_PLACEMENT_3D('',#8205,#8206,#8207);
#8205 = CARTESIAN_POINT('',(-0.999998,-0.683834656887,7.118034311268E-02
    ));
#8206 = DIRECTION('',(1.,0.,0.));
#8207 = DIRECTION('',(-0.,0.,1.));
#8208 = MANIFOLD_SOLID_BREP('',#8209);
#8209 = CLOSED_SHELL('',(#8210,#8250,#8281,#8321,#8352,#8383,#8395,#8411
    ,#8427,#8443));
#8210 = ADVANCED_FACE('',(#8211),#8245,.T.);
#8211 = FACE_BOUND('',#8212,.T.);
#8212 = EDGE_LOOP('',(#8213,#8223,#8231,#8239));
#8213 = ORIENTED_EDGE('',*,*,#8214,.T.);
#8214 = EDGE_CURVE('',#8215,#8217,#8219,.T.);
#8215 = VERTEX_POINT('',#8216);
#8216 = CARTESIAN_POINT('',(1.009904,0.500126,0.199898));
#8217 = VERTEX_POINT('',#8218);
#8218 = CARTESIAN_POINT('',(1.009904,0.8001,0.199898));
#8219 = LINE('',#8220,#8221);
#8220 = CARTESIAN_POINT('',(1.009904,0.500126,0.199898));
#8221 = VECTOR('',#8222,1.);
#8222 = DIRECTION('',(0.,1.,0.));
#8223 = ORIENTED_EDGE('',*,*,#8224,.T.);
#8224 = EDGE_CURVE('',#8217,#8225,#8227,.T.);
#8225 = VERTEX_POINT('',#8226);
#8226 = CARTESIAN_POINT('',(0.999998,0.8001,0.199898));
#8227 = LINE('',#8228,#8229);
#8228 = CARTESIAN_POINT('',(1.009904,0.8001,0.199898));
#8229 = VECTOR('',#8230,1.);
#8230 = DIRECTION('',(-1.,0.,0.));
#8231 = ORIENTED_EDGE('',*,*,#8232,.T.);
#8232 = EDGE_CURVE('',#8225,#8233,#8235,.T.);
#8233 = VERTEX_POINT('',#8234);
#8234 = CARTESIAN_POINT('',(0.999998,0.500126,0.199898));
#8235 = LINE('',#8236,#8237);
#8236 = CARTESIAN_POINT('',(0.999998,0.8001,0.199898));
#8237 = VECTOR('',#8238,1.);
#8238 = DIRECTION('',(0.,-1.,0.));
#8239 = ORIENTED_EDGE('',*,*,#8240,.T.);
#8240 = EDGE_CURVE('',#8233,#8215,#8241,.T.);
#8241 = LINE('',#8242,#8243);
#8242 = CARTESIAN_POINT('',(0.999998,0.500126,0.199898));
#8243 = VECTOR('',#8244,1.);
#8244 = DIRECTION('',(1.,0.,0.));
#8245 = PLANE('',#8246);
#8246 = AXIS2_PLACEMENT_3D('',#8247,#8248,#8249);
#8247 = CARTESIAN_POINT('',(1.007386620583,0.647677379417,0.199898));
#8248 = DIRECTION('',(0.,0.,1.));
#8249 = DIRECTION('',(1.,0.,-0.));
#8250 = ADVANCED_FACE('',(#8251),#8276,.T.);
#8251 = FACE_BOUND('',#8252,.T.);
#8252 = EDGE_LOOP('',(#8253,#8254,#8262,#8270));
#8253 = ORIENTED_EDGE('',*,*,#8214,.F.);
#8254 = ORIENTED_EDGE('',*,*,#8255,.T.);
#8255 = EDGE_CURVE('',#8215,#8256,#8258,.T.);
#8256 = VERTEX_POINT('',#8257);
#8257 = CARTESIAN_POINT('',(1.009904,0.500126,0.));
#8258 = LINE('',#8259,#8260);
#8259 = CARTESIAN_POINT('',(1.009904,0.500126,0.199898));
#8260 = VECTOR('',#8261,1.);
#8261 = DIRECTION('',(0.,0.,-1.));
#8262 = ORIENTED_EDGE('',*,*,#8263,.T.);
#8263 = EDGE_CURVE('',#8256,#8264,#8266,.T.);
#8264 = VERTEX_POINT('',#8265);
#8265 = CARTESIAN_POINT('',(1.009904,0.8001,0.));
#8266 = LINE('',#8267,#8268);
#8267 = CARTESIAN_POINT('',(1.009904,0.500126,0.));
#8268 = VECTOR('',#8269,1.);
#8269 = DIRECTION('',(0.,1.,0.));
#8270 = ORIENTED_EDGE('',*,*,#8271,.T.);
#8271 = EDGE_CURVE('',#8264,#8217,#8272,.T.);
#8272 = LINE('',#8273,#8274);
#8273 = CARTESIAN_POINT('',(1.009904,0.8001,0.));
#8274 = VECTOR('',#8275,1.);
#8275 = DIRECTION('',(0.,0.,1.));
#8276 = PLANE('',#8277);
#8277 = AXIS2_PLACEMENT_3D('',#8278,#8279,#8280);
#8278 = CARTESIAN_POINT('',(1.009904,0.684961769574,0.134797769574));
#8279 = DIRECTION('',(1.,0.,0.));
#8280 = DIRECTION('',(-0.,0.,1.));
#8281 = ADVANCED_FACE('',(#8282),#8316,.T.);
#8282 = FACE_BOUND('',#8283,.T.);
#8283 = EDGE_LOOP('',(#8284,#8285,#8286,#8294,#8302,#8310));
#8284 = ORIENTED_EDGE('',*,*,#8224,.F.);
#8285 = ORIENTED_EDGE('',*,*,#8271,.F.);
#8286 = ORIENTED_EDGE('',*,*,#8287,.T.);
#8287 = EDGE_CURVE('',#8264,#8288,#8290,.T.);
#8288 = VERTEX_POINT('',#8289);
#8289 = CARTESIAN_POINT('',(0.759968,0.8001,0.));
#8290 = LINE('',#8291,#8292);
#8291 = CARTESIAN_POINT('',(1.009904,0.8001,0.));
#8292 = VECTOR('',#8293,1.);
#8293 = DIRECTION('',(-1.,0.,0.));
#8294 = ORIENTED_EDGE('',*,*,#8295,.T.);
#8295 = EDGE_CURVE('',#8288,#8296,#8298,.T.);
#8296 = VERTEX_POINT('',#8297);
#8297 = CARTESIAN_POINT('',(0.759968,0.8001,9.906E-03));
#8298 = LINE('',#8299,#8300);
#8299 = CARTESIAN_POINT('',(0.759968,0.8001,0.));
#8300 = VECTOR('',#8301,1.);
#8301 = DIRECTION('',(0.,0.,1.));
#8302 = ORIENTED_EDGE('',*,*,#8303,.T.);
#8303 = EDGE_CURVE('',#8296,#8304,#8306,.T.);
#8304 = VERTEX_POINT('',#8305);
#8305 = CARTESIAN_POINT('',(0.999998,0.8001,9.906E-03));
#8306 = LINE('',#8307,#8308);
#8307 = CARTESIAN_POINT('',(0.759968,0.8001,9.906E-03));
#8308 = VECTOR('',#8309,1.);
#8309 = DIRECTION('',(1.,0.,0.));
#8310 = ORIENTED_EDGE('',*,*,#8311,.T.);
#8311 = EDGE_CURVE('',#8304,#8225,#8312,.T.);
#8312 = LINE('',#8313,#8314);
#8313 = CARTESIAN_POINT('',(0.999998,0.8001,9.906E-03));
#8314 = VECTOR('',#8315,1.);
#8315 = DIRECTION('',(0.,0.,1.));
#8316 = PLANE('',#8317);
#8317 = AXIS2_PLACEMENT_3D('',#8318,#8319,#8320);
#8318 = CARTESIAN_POINT('',(1.002539017346,0.8001,0.107313982654));
#8319 = DIRECTION('',(0.,1.,0.));
#8320 = DIRECTION('',(0.,-0.,1.));
#8321 = ADVANCED_FACE('',(#8322),#8347,.T.);
#8322 = FACE_BOUND('',#8323,.T.);
#8323 = EDGE_LOOP('',(#8324,#8325,#8333,#8341));
#8324 = ORIENTED_EDGE('',*,*,#8295,.F.);
#8325 = ORIENTED_EDGE('',*,*,#8326,.T.);
#8326 = EDGE_CURVE('',#8288,#8327,#8329,.T.);
#8327 = VERTEX_POINT('',#8328);
#8328 = CARTESIAN_POINT('',(0.759968,0.500126,0.));
#8329 = LINE('',#8330,#8331);
#8330 = CARTESIAN_POINT('',(0.759968,0.8001,0.));
#8331 = VECTOR('',#8332,1.);
#8332 = DIRECTION('',(0.,-1.,0.));
#8333 = ORIENTED_EDGE('',*,*,#8334,.T.);
#8334 = EDGE_CURVE('',#8327,#8335,#8337,.T.);
#8335 = VERTEX_POINT('',#8336);
#8336 = CARTESIAN_POINT('',(0.759968,0.500126,9.906E-03));
#8337 = LINE('',#8338,#8339);
#8338 = CARTESIAN_POINT('',(0.759968,0.500126,0.));
#8339 = VECTOR('',#8340,1.);
#8340 = DIRECTION('',(0.,0.,1.));
#8341 = ORIENTED_EDGE('',*,*,#8342,.T.);
#8342 = EDGE_CURVE('',#8335,#8296,#8343,.T.);
#8343 = LINE('',#8344,#8345);
#8344 = CARTESIAN_POINT('',(0.759968,0.500126,9.906E-03));
#8345 = VECTOR('',#8346,1.);
#8346 = DIRECTION('',(0.,1.,0.));
#8347 = PLANE('',#8348);
#8348 = AXIS2_PLACEMENT_3D('',#8349,#8350,#8351);
#8349 = CARTESIAN_POINT('',(0.759968,0.652548620583,7.388620582962E-03)
  );
#8350 = DIRECTION('',(-1.,-0.,-0.));
#8351 = DIRECTION('',(0.,0.,-1.));
#8352 = ADVANCED_FACE('',(#8353),#8378,.T.);
#8353 = FACE_BOUND('',#8354,.T.);
#8354 = EDGE_LOOP('',(#8355,#8356,#8362,#8363,#8364,#8372));
#8355 = ORIENTED_EDGE('',*,*,#8334,.F.);
#8356 = ORIENTED_EDGE('',*,*,#8357,.T.);
#8357 = EDGE_CURVE('',#8327,#8256,#8358,.T.);
#8358 = LINE('',#8359,#8360);
#8359 = CARTESIAN_POINT('',(0.759968,0.500126,0.));
#8360 = VECTOR('',#8361,1.);
#8361 = DIRECTION('',(1.,0.,0.));
#8362 = ORIENTED_EDGE('',*,*,#8255,.F.);
#8363 = ORIENTED_EDGE('',*,*,#8240,.F.);
#8364 = ORIENTED_EDGE('',*,*,#8365,.T.);
#8365 = EDGE_CURVE('',#8233,#8366,#8368,.T.);
#8366 = VERTEX_POINT('',#8367);
#8367 = CARTESIAN_POINT('',(0.999998,0.500126,9.906E-03));
#8368 = LINE('',#8369,#8370);
#8369 = CARTESIAN_POINT('',(0.999998,0.500126,0.199898));
#8370 = VECTOR('',#8371,1.);
#8371 = DIRECTION('',(0.,0.,-1.));
#8372 = ORIENTED_EDGE('',*,*,#8373,.T.);
#8373 = EDGE_CURVE('',#8366,#8335,#8374,.T.);
#8374 = LINE('',#8375,#8376);
#8375 = CARTESIAN_POINT('',(0.999998,0.500126,9.906E-03));
#8376 = VECTOR('',#8377,1.);
#8377 = DIRECTION('',(-1.,0.,0.));
#8378 = PLANE('',#8379);
#8379 = AXIS2_PLACEMENT_3D('',#8380,#8381,#8382);
#8380 = CARTESIAN_POINT('',(0.87755758064,0.500126,7.378419359928E-03));
#8381 = DIRECTION('',(-0.,-1.,-0.));
#8382 = DIRECTION('',(0.,0.,-1.));
#8383 = ADVANCED_FACE('',(#8384),#8390,.T.);
#8384 = FACE_BOUND('',#8385,.T.);
#8385 = EDGE_LOOP('',(#8386,#8387,#8388,#8389));
#8386 = ORIENTED_EDGE('',*,*,#8326,.F.);
#8387 = ORIENTED_EDGE('',*,*,#8287,.F.);
#8388 = ORIENTED_EDGE('',*,*,#8263,.F.);
#8389 = ORIENTED_EDGE('',*,*,#8357,.F.);
#8390 = PLANE('',#8391);
#8391 = AXIS2_PLACEMENT_3D('',#8392,#8393,#8394);
#8392 = CARTESIAN_POINT('',(0.845071384899,0.610248384899,0.));
#8393 = DIRECTION('',(-0.,-0.,-1.));
#8394 = DIRECTION('',(-1.,0.,0.));
#8395 = ADVANCED_FACE('',(#8396),#8406,.T.);
#8396 = FACE_BOUND('',#8397,.T.);
#8397 = EDGE_LOOP('',(#8398,#8399,#8400));
#8398 = ORIENTED_EDGE('',*,*,#8303,.F.);
#8399 = ORIENTED_EDGE('',*,*,#8342,.F.);
#8400 = ORIENTED_EDGE('',*,*,#8401,.T.);
#8401 = EDGE_CURVE('',#8335,#8304,#8402,.T.);
#8402 = LINE('',#8403,#8404);
#8403 = CARTESIAN_POINT('',(0.759968,0.500126,9.906E-03));
#8404 = VECTOR('',#8405,1.);
#8405 = DIRECTION('',(0.624775670843,0.780804303985,0.));
#8406 = PLANE('',#8407);
#8407 = AXIS2_PLACEMENT_3D('',#8408,#8409,#8410);
#8408 = CARTESIAN_POINT('',(0.841028473639,0.689067526361,9.906E-03));
#8409 = DIRECTION('',(0.,0.,1.));
#8410 = DIRECTION('',(1.,0.,-0.));
#8411 = ADVANCED_FACE('',(#8412),#8422,.T.);
#8412 = FACE_BOUND('',#8413,.T.);
#8413 = EDGE_LOOP('',(#8414,#8415,#8416));
#8414 = ORIENTED_EDGE('',*,*,#8311,.F.);
#8415 = ORIENTED_EDGE('',*,*,#8401,.F.);
#8416 = ORIENTED_EDGE('',*,*,#8417,.T.);
#8417 = EDGE_CURVE('',#8335,#8225,#8418,.T.);
#8418 = LINE('',#8419,#8420);
#8419 = CARTESIAN_POINT('',(0.759968,0.500126,9.906E-03));
#8420 = VECTOR('',#8421,1.);
#8421 = DIRECTION('',(0.560036015545,0.699896861756,0.443287766802));
#8422 = PLANE('',#8423);
#8423 = AXIS2_PLACEMENT_3D('',#8424,#8425,#8426);
#8424 = CARTESIAN_POINT('',(0.902721782256,0.678530462269,
    6.850688521342E-02));
#8425 = DIRECTION('',(-0.780804303985,0.624775670843,1.439569873147E-16)
  );
#8426 = DIRECTION('',(-0.624775670843,-0.780804303985,5.066408966772E-33
    ));
#8427 = ADVANCED_FACE('',(#8428),#8438,.T.);
#8428 = FACE_BOUND('',#8429,.T.);
#8429 = EDGE_LOOP('',(#8430,#8431,#8432));
#8430 = ORIENTED_EDGE('',*,*,#8417,.F.);
#8431 = ORIENTED_EDGE('',*,*,#8373,.F.);
#8432 = ORIENTED_EDGE('',*,*,#8433,.T.);
#8433 = EDGE_CURVE('',#8366,#8225,#8434,.T.);
#8434 = LINE('',#8435,#8436);
#8435 = CARTESIAN_POINT('',(0.999998,0.500126,9.906E-03));
#8436 = VECTOR('',#8437,1.);
#8437 = DIRECTION('',(0.,0.844808297169,0.535069099308));
#8438 = PLANE('',#8439);
#8439 = AXIS2_PLACEMENT_3D('',#8440,#8441,#8442);
#8440 = CARTESIAN_POINT('',(0.92161098426,0.614945333503,
    8.26281519559E-02));
#8441 = DIRECTION('',(-1.412562993064E-16,-0.535069099308,0.844808297169
    ));
#8442 = DIRECTION('',(-3.860563761827E-33,0.844808297169,0.535069099308)
  );
#8443 = ADVANCED_FACE('',(#8444),#8449,.T.);
#8444 = FACE_BOUND('',#8445,.T.);
#8445 = EDGE_LOOP('',(#8446,#8447,#8448));
#8446 = ORIENTED_EDGE('',*,*,#8365,.F.);
#8447 = ORIENTED_EDGE('',*,*,#8232,.F.);
#8448 = ORIENTED_EDGE('',*,*,#8433,.F.);
#8449 = PLANE('',#8450);
#8450 = AXIS2_PLACEMENT_3D('',#8451,#8452,#8453);
#8451 = CARTESIAN_POINT('',(0.999998,0.616391343113,0.138623656887));
#8452 = DIRECTION('',(-1.,-0.,-0.));
#8453 = DIRECTION('',(0.,0.,-1.));
#8454 = MANIFOLD_SOLID_BREP('',#8455);
#8455 = CLOSED_SHELL('',(#8456,#8496,#8527,#8567,#8598,#8629,#8641,#8657
    ,#8673,#8689));
#8456 = ADVANCED_FACE('',(#8457),#8491,.T.);
#8457 = FACE_BOUND('',#8458,.T.);
#8458 = EDGE_LOOP('',(#8459,#8469,#8477,#8485));
#8459 = ORIENTED_EDGE('',*,*,#8460,.T.);
#8460 = EDGE_CURVE('',#8461,#8463,#8465,.T.);
#8461 = VERTEX_POINT('',#8462);
#8462 = CARTESIAN_POINT('',(1.009904,-0.150114,0.199898));
#8463 = VERTEX_POINT('',#8464);
#8464 = CARTESIAN_POINT('',(1.009904,0.150114,0.199898));
#8465 = LINE('',#8466,#8467);
#8466 = CARTESIAN_POINT('',(1.009904,-0.150114,0.199898));
#8467 = VECTOR('',#8468,1.);
#8468 = DIRECTION('',(0.,1.,0.));
#8469 = ORIENTED_EDGE('',*,*,#8470,.T.);
#8470 = EDGE_CURVE('',#8463,#8471,#8473,.T.);
#8471 = VERTEX_POINT('',#8472);
#8472 = CARTESIAN_POINT('',(0.999998,0.150114,0.199898));
#8473 = LINE('',#8474,#8475);
#8474 = CARTESIAN_POINT('',(1.009904,0.150114,0.199898));
#8475 = VECTOR('',#8476,1.);
#8476 = DIRECTION('',(-1.,0.,0.));
#8477 = ORIENTED_EDGE('',*,*,#8478,.T.);
#8478 = EDGE_CURVE('',#8471,#8479,#8481,.T.);
#8479 = VERTEX_POINT('',#8480);
#8480 = CARTESIAN_POINT('',(0.999998,-0.150114,0.199898));
#8481 = LINE('',#8482,#8483);
#8482 = CARTESIAN_POINT('',(0.999998,0.150114,0.199898));
#8483 = VECTOR('',#8484,1.);
#8484 = DIRECTION('',(0.,-1.,0.));
#8485 = ORIENTED_EDGE('',*,*,#8486,.T.);
#8486 = EDGE_CURVE('',#8479,#8461,#8487,.T.);
#8487 = LINE('',#8488,#8489);
#8488 = CARTESIAN_POINT('',(0.999998,-0.150114,0.199898));
#8489 = VECTOR('',#8490,1.);
#8490 = DIRECTION('',(1.,0.,0.));
#8491 = PLANE('',#8492);
#8492 = AXIS2_PLACEMENT_3D('',#8493,#8494,#8495);
#8493 = CARTESIAN_POINT('',(1.007386655149,-2.435655149099E-03,0.199898)
  );
#8494 = DIRECTION('',(0.,0.,1.));
#8495 = DIRECTION('',(1.,0.,-0.));
#8496 = ADVANCED_FACE('',(#8497),#8522,.T.);
#8497 = FACE_BOUND('',#8498,.T.);
#8498 = EDGE_LOOP('',(#8499,#8500,#8508,#8516));
#8499 = ORIENTED_EDGE('',*,*,#8460,.F.);
#8500 = ORIENTED_EDGE('',*,*,#8501,.T.);
#8501 = EDGE_CURVE('',#8461,#8502,#8504,.T.);
#8502 = VERTEX_POINT('',#8503);
#8503 = CARTESIAN_POINT('',(1.009904,-0.150114,0.));
#8504 = LINE('',#8505,#8506);
#8505 = CARTESIAN_POINT('',(1.009904,-0.150114,0.199898));
#8506 = VECTOR('',#8507,1.);
#8507 = DIRECTION('',(0.,0.,-1.));
#8508 = ORIENTED_EDGE('',*,*,#8509,.T.);
#8509 = EDGE_CURVE('',#8502,#8510,#8512,.T.);
#8510 = VERTEX_POINT('',#8511);
#8511 = CARTESIAN_POINT('',(1.009904,0.150114,0.));
#8512 = LINE('',#8513,#8514);
#8513 = CARTESIAN_POINT('',(1.009904,-0.150114,0.));
#8514 = VECTOR('',#8515,1.);
#8515 = DIRECTION('',(0.,1.,0.));
#8516 = ORIENTED_EDGE('',*,*,#8517,.T.);
#8517 = EDGE_CURVE('',#8510,#8463,#8518,.T.);
#8518 = LINE('',#8519,#8520);
#8519 = CARTESIAN_POINT('',(1.009904,0.150114,0.));
#8520 = VECTOR('',#8521,1.);
#8521 = DIRECTION('',(0.,0.,1.));
#8522 = PLANE('',#8523);
#8523 = AXIS2_PLACEMENT_3D('',#8524,#8525,#8526);
#8524 = CARTESIAN_POINT('',(1.009904,3.485942062257E-02,0.134808420623)
  );
#8525 = DIRECTION('',(1.,0.,0.));
#8526 = DIRECTION('',(-0.,0.,1.));
#8527 = ADVANCED_FACE('',(#8528),#8562,.T.);
#8528 = FACE_BOUND('',#8529,.T.);
#8529 = EDGE_LOOP('',(#8530,#8531,#8532,#8540,#8548,#8556));
#8530 = ORIENTED_EDGE('',*,*,#8470,.F.);
#8531 = ORIENTED_EDGE('',*,*,#8517,.F.);
#8532 = ORIENTED_EDGE('',*,*,#8533,.T.);
#8533 = EDGE_CURVE('',#8510,#8534,#8536,.T.);
#8534 = VERTEX_POINT('',#8535);
#8535 = CARTESIAN_POINT('',(0.759968,0.150114,0.));
#8536 = LINE('',#8537,#8538);
#8537 = CARTESIAN_POINT('',(1.009904,0.150114,0.));
#8538 = VECTOR('',#8539,1.);
#8539 = DIRECTION('',(-1.,0.,0.));
#8540 = ORIENTED_EDGE('',*,*,#8541,.T.);
#8541 = EDGE_CURVE('',#8534,#8542,#8544,.T.);
#8542 = VERTEX_POINT('',#8543);
#8543 = CARTESIAN_POINT('',(0.759968,0.150114,9.906E-03));
#8544 = LINE('',#8545,#8546);
#8545 = CARTESIAN_POINT('',(0.759968,0.150114,0.));
#8546 = VECTOR('',#8547,1.);
#8547 = DIRECTION('',(0.,0.,1.));
#8548 = ORIENTED_EDGE('',*,*,#8549,.T.);
#8549 = EDGE_CURVE('',#8542,#8550,#8552,.T.);
#8550 = VERTEX_POINT('',#8551);
#8551 = CARTESIAN_POINT('',(0.999998,0.150114,9.906E-03));
#8552 = LINE('',#8553,#8554);
#8553 = CARTESIAN_POINT('',(0.759968,0.150114,9.906E-03));
#8554 = VECTOR('',#8555,1.);
#8555 = DIRECTION('',(1.,0.,0.));
#8556 = ORIENTED_EDGE('',*,*,#8557,.T.);
#8557 = EDGE_CURVE('',#8550,#8471,#8558,.T.);
#8558 = LINE('',#8559,#8560);
#8559 = CARTESIAN_POINT('',(0.999998,0.150114,9.906E-03));
#8560 = VECTOR('',#8561,1.);
#8561 = DIRECTION('',(0.,0.,1.));
#8562 = PLANE('',#8563);
#8563 = AXIS2_PLACEMENT_3D('',#8564,#8565,#8566);
#8564 = CARTESIAN_POINT('',(1.002539017346,0.150114,0.107313982654));
#8565 = DIRECTION('',(0.,1.,0.));
#8566 = DIRECTION('',(0.,-0.,1.));
#8567 = ADVANCED_FACE('',(#8568),#8593,.T.);
#8568 = FACE_BOUND('',#8569,.T.);
#8569 = EDGE_LOOP('',(#8570,#8571,#8579,#8587));
#8570 = ORIENTED_EDGE('',*,*,#8541,.F.);
#8571 = ORIENTED_EDGE('',*,*,#8572,.T.);
#8572 = EDGE_CURVE('',#8534,#8573,#8575,.T.);
#8573 = VERTEX_POINT('',#8574);
#8574 = CARTESIAN_POINT('',(0.759968,-0.150114,0.));
#8575 = LINE('',#8576,#8577);
#8576 = CARTESIAN_POINT('',(0.759968,0.150114,0.));
#8577 = VECTOR('',#8578,1.);
#8578 = DIRECTION('',(0.,-1.,0.));
#8579 = ORIENTED_EDGE('',*,*,#8580,.T.);
#8580 = EDGE_CURVE('',#8573,#8581,#8583,.T.);
#8581 = VERTEX_POINT('',#8582);
#8582 = CARTESIAN_POINT('',(0.759968,-0.150114,9.906E-03));
#8583 = LINE('',#8584,#8585);
#8584 = CARTESIAN_POINT('',(0.759968,-0.150114,0.));
#8585 = VECTOR('',#8586,1.);
#8586 = DIRECTION('',(0.,0.,1.));
#8587 = ORIENTED_EDGE('',*,*,#8588,.T.);
#8588 = EDGE_CURVE('',#8581,#8542,#8589,.T.);
#8589 = LINE('',#8590,#8591);
#8590 = CARTESIAN_POINT('',(0.759968,-0.150114,9.906E-03));
#8591 = VECTOR('',#8592,1.);
#8592 = DIRECTION('',(0.,1.,0.));
#8593 = PLANE('',#8594);
#8594 = AXIS2_PLACEMENT_3D('',#8595,#8596,#8597);
#8595 = CARTESIAN_POINT('',(0.759968,2.435655149099E-03,
    7.388655149099E-03));
#8596 = DIRECTION('',(-1.,-0.,-0.));
#8597 = DIRECTION('',(0.,0.,-1.));
#8598 = ADVANCED_FACE('',(#8599),#8624,.T.);
#8599 = FACE_BOUND('',#8600,.T.);
#8600 = EDGE_LOOP('',(#8601,#8602,#8608,#8609,#8610,#8618));
#8601 = ORIENTED_EDGE('',*,*,#8580,.F.);
#8602 = ORIENTED_EDGE('',*,*,#8603,.T.);
#8603 = EDGE_CURVE('',#8573,#8502,#8604,.T.);
#8604 = LINE('',#8605,#8606);
#8605 = CARTESIAN_POINT('',(0.759968,-0.150114,0.));
#8606 = VECTOR('',#8607,1.);
#8607 = DIRECTION('',(1.,0.,0.));
#8608 = ORIENTED_EDGE('',*,*,#8501,.F.);
#8609 = ORIENTED_EDGE('',*,*,#8486,.F.);
#8610 = ORIENTED_EDGE('',*,*,#8611,.T.);
#8611 = EDGE_CURVE('',#8479,#8612,#8614,.T.);
#8612 = VERTEX_POINT('',#8613);
#8613 = CARTESIAN_POINT('',(0.999998,-0.150114,9.906E-03));
#8614 = LINE('',#8615,#8616);
#8615 = CARTESIAN_POINT('',(0.999998,-0.150114,0.199898));
#8616 = VECTOR('',#8617,1.);
#8617 = DIRECTION('',(0.,0.,-1.));
#8618 = ORIENTED_EDGE('',*,*,#8619,.T.);
#8619 = EDGE_CURVE('',#8612,#8581,#8620,.T.);
#8620 = LINE('',#8621,#8622);
#8621 = CARTESIAN_POINT('',(0.999998,-0.150114,9.906E-03));
#8622 = VECTOR('',#8623,1.);
#8623 = DIRECTION('',(-1.,0.,0.));
#8624 = PLANE('',#8625);
#8625 = AXIS2_PLACEMENT_3D('',#8626,#8627,#8628);
#8626 = CARTESIAN_POINT('',(0.87755758064,-0.150114,7.378419359928E-03)
  );
#8627 = DIRECTION('',(-0.,-1.,-0.));
#8628 = DIRECTION('',(0.,0.,-1.));
#8629 = ADVANCED_FACE('',(#8630),#8636,.T.);
#8630 = FACE_BOUND('',#8631,.T.);
#8631 = EDGE_LOOP('',(#8632,#8633,#8634,#8635));
#8632 = ORIENTED_EDGE('',*,*,#8572,.F.);
#8633 = ORIENTED_EDGE('',*,*,#8533,.F.);
#8634 = ORIENTED_EDGE('',*,*,#8509,.F.);
#8635 = ORIENTED_EDGE('',*,*,#8603,.F.);
#8636 = PLANE('',#8637);
#8637 = AXIS2_PLACEMENT_3D('',#8638,#8639,#8640);
#8638 = CARTESIAN_POINT('',(0.845056678795,-3.98793212053E-02,0.));
#8639 = DIRECTION('',(-0.,-0.,-1.));
#8640 = DIRECTION('',(-1.,0.,0.));
#8641 = ADVANCED_FACE('',(#8642),#8652,.T.);
#8642 = FACE_BOUND('',#8643,.T.);
#8643 = EDGE_LOOP('',(#8644,#8645,#8646));
#8644 = ORIENTED_EDGE('',*,*,#8549,.F.);
#8645 = ORIENTED_EDGE('',*,*,#8588,.F.);
#8646 = ORIENTED_EDGE('',*,*,#8647,.T.);
#8647 = EDGE_CURVE('',#8581,#8550,#8648,.T.);
#8648 = LINE('',#8649,#8650);
#8649 = CARTESIAN_POINT('',(0.759968,-0.150114,9.906E-03));
#8650 = VECTOR('',#8651,1.);
#8651 = DIRECTION('',(0.624453262578,0.78106217605,0.));
#8652 = PLANE('',#8653);
#8653 = AXIS2_PLACEMENT_3D('',#8654,#8655,#8656);
#8654 = CARTESIAN_POINT('',(0.841014562902,3.896843709808E-02,9.906E-03)
  );
#8655 = DIRECTION('',(0.,0.,1.));
#8656 = DIRECTION('',(1.,0.,-0.));
#8657 = ADVANCED_FACE('',(#8658),#8668,.T.);
#8658 = FACE_BOUND('',#8659,.T.);
#8659 = EDGE_LOOP('',(#8660,#8661,#8662));
#8660 = ORIENTED_EDGE('',*,*,#8557,.F.);
#8661 = ORIENTED_EDGE('',*,*,#8647,.F.);
#8662 = ORIENTED_EDGE('',*,*,#8663,.T.);
#8663 = EDGE_CURVE('',#8581,#8471,#8664,.T.);
#8664 = LINE('',#8665,#8666);
#8665 = CARTESIAN_POINT('',(0.759968,-0.150114,9.906E-03));
#8666 = VECTOR('',#8667,1.);
#8667 = DIRECTION('',(0.559803769802,0.700199000959,0.443103936309));
#8668 = PLANE('',#8669);
#8669 = AXIS2_PLACEMENT_3D('',#8670,#8671,#8672);
#8670 = CARTESIAN_POINT('',(0.902713255498,2.843085925779E-02,
    6.85017489962E-02));
#8671 = DIRECTION('',(-0.78106217605,0.624453262578,-2.258762429579E-16)
  );
#8672 = DIRECTION('',(-0.624453262578,-0.78106217605,-6.017877486944E-33
    ));
#8673 = ADVANCED_FACE('',(#8674),#8684,.T.);
#8674 = FACE_BOUND('',#8675,.T.);
#8675 = EDGE_LOOP('',(#8676,#8677,#8678));
#8676 = ORIENTED_EDGE('',*,*,#8663,.F.);
#8677 = ORIENTED_EDGE('',*,*,#8619,.F.);
#8678 = ORIENTED_EDGE('',*,*,#8679,.T.);
#8679 = EDGE_CURVE('',#8612,#8471,#8680,.T.);
#8680 = LINE('',#8681,#8682);
#8681 = CARTESIAN_POINT('',(0.999998,-0.150114,9.906E-03));
#8682 = VECTOR('',#8683,1.);
#8683 = DIRECTION('',(0.,0.845012910744,0.534745902907));
#8684 = PLANE('',#8685);
#8685 = AXIS2_PLACEMENT_3D('',#8686,#8687,#8688);
#8686 = CARTESIAN_POINT('',(0.92162018304,-3.51839572357E-02,
    8.263668696083E-02));
#8687 = DIRECTION('',(0.,-0.534745902907,0.845012910744));
#8688 = DIRECTION('',(0.,0.845012910744,0.534745902907));
#8689 = ADVANCED_FACE('',(#8690),#8695,.T.);
#8690 = FACE_BOUND('',#8691,.T.);
#8691 = EDGE_LOOP('',(#8692,#8693,#8694));
#8692 = ORIENTED_EDGE('',*,*,#8611,.F.);
#8693 = ORIENTED_EDGE('',*,*,#8478,.F.);
#8694 = ORIENTED_EDGE('',*,*,#8679,.F.);
#8695 = PLANE('',#8696);
#8696 = AXIS2_PLACEMENT_3D('',#8697,#8698,#8699);
#8697 = CARTESIAN_POINT('',(0.999998,-3.373150506201E-02,0.138633505062)
  );
#8698 = DIRECTION('',(-1.,-0.,-0.));
#8699 = DIRECTION('',(0.,0.,-1.));
#8700 = MANIFOLD_SOLID_BREP('',#8701);
#8701 = CLOSED_SHELL('',(#8702,#8742,#8773,#8813,#8844,#8875,#8887,#8903
    ,#8919,#8935));
#8702 = ADVANCED_FACE('',(#8703),#8737,.T.);
#8703 = FACE_BOUND('',#8704,.T.);
#8704 = EDGE_LOOP('',(#8705,#8715,#8723,#8731));
#8705 = ORIENTED_EDGE('',*,*,#8706,.T.);
#8706 = EDGE_CURVE('',#8707,#8709,#8711,.T.);
#8707 = VERTEX_POINT('',#8708);
#8708 = CARTESIAN_POINT('',(1.009904,-0.8001,0.199898));
#8709 = VERTEX_POINT('',#8710);
#8710 = CARTESIAN_POINT('',(1.009904,-0.500126,0.199898));
#8711 = LINE('',#8712,#8713);
#8712 = CARTESIAN_POINT('',(1.009904,-0.8001,0.199898));
#8713 = VECTOR('',#8714,1.);
#8714 = DIRECTION('',(0.,1.,0.));
#8715 = ORIENTED_EDGE('',*,*,#8716,.T.);
#8716 = EDGE_CURVE('',#8709,#8717,#8719,.T.);
#8717 = VERTEX_POINT('',#8718);
#8718 = CARTESIAN_POINT('',(0.999998,-0.500126,0.199898));
#8719 = LINE('',#8720,#8721);
#8720 = CARTESIAN_POINT('',(1.009904,-0.500126,0.199898));
#8721 = VECTOR('',#8722,1.);
#8722 = DIRECTION('',(-1.,0.,0.));
#8723 = ORIENTED_EDGE('',*,*,#8724,.T.);
#8724 = EDGE_CURVE('',#8717,#8725,#8727,.T.);
#8725 = VERTEX_POINT('',#8726);
#8726 = CARTESIAN_POINT('',(0.999998,-0.8001,0.199898));
#8727 = LINE('',#8728,#8729);
#8728 = CARTESIAN_POINT('',(0.999998,-0.500126,0.199898));
#8729 = VECTOR('',#8730,1.);
#8730 = DIRECTION('',(0.,-1.,0.));
#8731 = ORIENTED_EDGE('',*,*,#8732,.T.);
#8732 = EDGE_CURVE('',#8725,#8707,#8733,.T.);
#8733 = LINE('',#8734,#8735);
#8734 = CARTESIAN_POINT('',(0.999998,-0.8001,0.199898));
#8735 = VECTOR('',#8736,1.);
#8736 = DIRECTION('',(1.,0.,0.));
#8737 = PLANE('',#8738);
#8738 = AXIS2_PLACEMENT_3D('',#8739,#8740,#8741);
#8739 = CARTESIAN_POINT('',(1.007386620583,-0.652548620583,0.199898));
#8740 = DIRECTION('',(0.,0.,1.));
#8741 = DIRECTION('',(1.,0.,-0.));
#8742 = ADVANCED_FACE('',(#8743),#8768,.T.);
#8743 = FACE_BOUND('',#8744,.T.);
#8744 = EDGE_LOOP('',(#8745,#8746,#8754,#8762));
#8745 = ORIENTED_EDGE('',*,*,#8706,.F.);
#8746 = ORIENTED_EDGE('',*,*,#8747,.T.);
#8747 = EDGE_CURVE('',#8707,#8748,#8750,.T.);
#8748 = VERTEX_POINT('',#8749);
#8749 = CARTESIAN_POINT('',(1.009904,-0.8001,0.));
#8750 = LINE('',#8751,#8752);
#8751 = CARTESIAN_POINT('',(1.009904,-0.8001,0.199898));
#8752 = VECTOR('',#8753,1.);
#8753 = DIRECTION('',(0.,0.,-1.));
#8754 = ORIENTED_EDGE('',*,*,#8755,.T.);
#8755 = EDGE_CURVE('',#8748,#8756,#8758,.T.);
#8756 = VERTEX_POINT('',#8757);
#8757 = CARTESIAN_POINT('',(1.009904,-0.500126,0.));
#8758 = LINE('',#8759,#8760);
#8759 = CARTESIAN_POINT('',(1.009904,-0.8001,0.));
#8760 = VECTOR('',#8761,1.);
#8761 = DIRECTION('',(0.,1.,0.));
#8762 = ORIENTED_EDGE('',*,*,#8763,.T.);
#8763 = EDGE_CURVE('',#8756,#8709,#8764,.T.);
#8764 = LINE('',#8765,#8766);
#8765 = CARTESIAN_POINT('',(1.009904,-0.500126,0.));
#8766 = VECTOR('',#8767,1.);
#8767 = DIRECTION('',(0.,0.,1.));
#8768 = PLANE('',#8769);
#8769 = AXIS2_PLACEMENT_3D('',#8770,#8771,#8772);
#8770 = CARTESIAN_POINT('',(1.009904,-0.615264230426,0.134797769574));
#8771 = DIRECTION('',(1.,0.,0.));
#8772 = DIRECTION('',(-0.,0.,1.));
#8773 = ADVANCED_FACE('',(#8774),#8808,.T.);
#8774 = FACE_BOUND('',#8775,.T.);
#8775 = EDGE_LOOP('',(#8776,#8777,#8778,#8786,#8794,#8802));
#8776 = ORIENTED_EDGE('',*,*,#8716,.F.);
#8777 = ORIENTED_EDGE('',*,*,#8763,.F.);
#8778 = ORIENTED_EDGE('',*,*,#8779,.T.);
#8779 = EDGE_CURVE('',#8756,#8780,#8782,.T.);
#8780 = VERTEX_POINT('',#8781);
#8781 = CARTESIAN_POINT('',(0.759968,-0.500126,0.));
#8782 = LINE('',#8783,#8784);
#8783 = CARTESIAN_POINT('',(1.009904,-0.500126,0.));
#8784 = VECTOR('',#8785,1.);
#8785 = DIRECTION('',(-1.,0.,0.));
#8786 = ORIENTED_EDGE('',*,*,#8787,.T.);
#8787 = EDGE_CURVE('',#8780,#8788,#8790,.T.);
#8788 = VERTEX_POINT('',#8789);
#8789 = CARTESIAN_POINT('',(0.759968,-0.500126,9.906E-03));
#8790 = LINE('',#8791,#8792);
#8791 = CARTESIAN_POINT('',(0.759968,-0.500126,0.));
#8792 = VECTOR('',#8793,1.);
#8793 = DIRECTION('',(0.,0.,1.));
#8794 = ORIENTED_EDGE('',*,*,#8795,.T.);
#8795 = EDGE_CURVE('',#8788,#8796,#8798,.T.);
#8796 = VERTEX_POINT('',#8797);
#8797 = CARTESIAN_POINT('',(0.999998,-0.500126,9.906E-03));
#8798 = LINE('',#8799,#8800);
#8799 = CARTESIAN_POINT('',(0.759968,-0.500126,9.906E-03));
#8800 = VECTOR('',#8801,1.);
#8801 = DIRECTION('',(1.,0.,0.));
#8802 = ORIENTED_EDGE('',*,*,#8803,.T.);
#8803 = EDGE_CURVE('',#8796,#8717,#8804,.T.);
#8804 = LINE('',#8805,#8806);
#8805 = CARTESIAN_POINT('',(0.999998,-0.500126,9.906E-03));
#8806 = VECTOR('',#8807,1.);
#8807 = DIRECTION('',(0.,0.,1.));
#8808 = PLANE('',#8809);
#8809 = AXIS2_PLACEMENT_3D('',#8810,#8811,#8812);
#8810 = CARTESIAN_POINT('',(1.002539017346,-0.500126,0.107313982654));
#8811 = DIRECTION('',(0.,1.,0.));
#8812 = DIRECTION('',(0.,-0.,1.));
#8813 = ADVANCED_FACE('',(#8814),#8839,.T.);
#8814 = FACE_BOUND('',#8815,.T.);
#8815 = EDGE_LOOP('',(#8816,#8817,#8825,#8833));
#8816 = ORIENTED_EDGE('',*,*,#8787,.F.);
#8817 = ORIENTED_EDGE('',*,*,#8818,.T.);
#8818 = EDGE_CURVE('',#8780,#8819,#8821,.T.);
#8819 = VERTEX_POINT('',#8820);
#8820 = CARTESIAN_POINT('',(0.759968,-0.8001,0.));
#8821 = LINE('',#8822,#8823);
#8822 = CARTESIAN_POINT('',(0.759968,-0.500126,0.));
#8823 = VECTOR('',#8824,1.);
#8824 = DIRECTION('',(0.,-1.,0.));
#8825 = ORIENTED_EDGE('',*,*,#8826,.T.);
#8826 = EDGE_CURVE('',#8819,#8827,#8829,.T.);
#8827 = VERTEX_POINT('',#8828);
#8828 = CARTESIAN_POINT('',(0.759968,-0.8001,9.906E-03));
#8829 = LINE('',#8830,#8831);
#8830 = CARTESIAN_POINT('',(0.759968,-0.8001,0.));
#8831 = VECTOR('',#8832,1.);
#8832 = DIRECTION('',(0.,0.,1.));
#8833 = ORIENTED_EDGE('',*,*,#8834,.T.);
#8834 = EDGE_CURVE('',#8827,#8788,#8835,.T.);
#8835 = LINE('',#8836,#8837);
#8836 = CARTESIAN_POINT('',(0.759968,-0.8001,9.906E-03));
#8837 = VECTOR('',#8838,1.);
#8838 = DIRECTION('',(0.,1.,0.));
#8839 = PLANE('',#8840);
#8840 = AXIS2_PLACEMENT_3D('',#8841,#8842,#8843);
#8841 = CARTESIAN_POINT('',(0.759968,-0.647677379417,7.388620582962E-03)
  );
#8842 = DIRECTION('',(-1.,-0.,-0.));
#8843 = DIRECTION('',(0.,0.,-1.));
#8844 = ADVANCED_FACE('',(#8845),#8870,.T.);
#8845 = FACE_BOUND('',#8846,.T.);
#8846 = EDGE_LOOP('',(#8847,#8848,#8854,#8855,#8856,#8864));
#8847 = ORIENTED_EDGE('',*,*,#8826,.F.);
#8848 = ORIENTED_EDGE('',*,*,#8849,.T.);
#8849 = EDGE_CURVE('',#8819,#8748,#8850,.T.);
#8850 = LINE('',#8851,#8852);
#8851 = CARTESIAN_POINT('',(0.759968,-0.8001,0.));
#8852 = VECTOR('',#8853,1.);
#8853 = DIRECTION('',(1.,0.,0.));
#8854 = ORIENTED_EDGE('',*,*,#8747,.F.);
#8855 = ORIENTED_EDGE('',*,*,#8732,.F.);
#8856 = ORIENTED_EDGE('',*,*,#8857,.T.);
#8857 = EDGE_CURVE('',#8725,#8858,#8860,.T.);
#8858 = VERTEX_POINT('',#8859);
#8859 = CARTESIAN_POINT('',(0.999998,-0.8001,9.906E-03));
#8860 = LINE('',#8861,#8862);
#8861 = CARTESIAN_POINT('',(0.999998,-0.8001,0.199898));
#8862 = VECTOR('',#8863,1.);
#8863 = DIRECTION('',(0.,0.,-1.));
#8864 = ORIENTED_EDGE('',*,*,#8865,.T.);
#8865 = EDGE_CURVE('',#8858,#8827,#8866,.T.);
#8866 = LINE('',#8867,#8868);
#8867 = CARTESIAN_POINT('',(0.999998,-0.8001,9.906E-03));
#8868 = VECTOR('',#8869,1.);
#8869 = DIRECTION('',(-1.,0.,0.));
#8870 = PLANE('',#8871);
#8871 = AXIS2_PLACEMENT_3D('',#8872,#8873,#8874);
#8872 = CARTESIAN_POINT('',(0.87755758064,-0.8001,7.378419359928E-03));
#8873 = DIRECTION('',(-0.,-1.,-0.));
#8874 = DIRECTION('',(0.,0.,-1.));
#8875 = ADVANCED_FACE('',(#8876),#8882,.T.);
#8876 = FACE_BOUND('',#8877,.T.);
#8877 = EDGE_LOOP('',(#8878,#8879,#8880,#8881));
#8878 = ORIENTED_EDGE('',*,*,#8818,.F.);
#8879 = ORIENTED_EDGE('',*,*,#8779,.F.);
#8880 = ORIENTED_EDGE('',*,*,#8755,.F.);
#8881 = ORIENTED_EDGE('',*,*,#8849,.F.);
#8882 = PLANE('',#8883);
#8883 = AXIS2_PLACEMENT_3D('',#8884,#8885,#8886);
#8884 = CARTESIAN_POINT('',(0.845071384899,-0.689977615101,0.));
#8885 = DIRECTION('',(-0.,-0.,-1.));
#8886 = DIRECTION('',(-1.,0.,0.));
#8887 = ADVANCED_FACE('',(#8888),#8898,.T.);
#8888 = FACE_BOUND('',#8889,.T.);
#8889 = EDGE_LOOP('',(#8890,#8891,#8892));
#8890 = ORIENTED_EDGE('',*,*,#8795,.F.);
#8891 = ORIENTED_EDGE('',*,*,#8834,.F.);
#8892 = ORIENTED_EDGE('',*,*,#8893,.T.);
#8893 = EDGE_CURVE('',#8827,#8796,#8894,.T.);
#8894 = LINE('',#8895,#8896);
#8895 = CARTESIAN_POINT('',(0.759968,-0.8001,9.906E-03));
#8896 = VECTOR('',#8897,1.);
#8897 = DIRECTION('',(0.624775670843,0.780804303985,0.));
#8898 = PLANE('',#8899);
#8899 = AXIS2_PLACEMENT_3D('',#8900,#8901,#8902);
#8900 = CARTESIAN_POINT('',(0.841028473639,-0.611158473639,9.906E-03));
#8901 = DIRECTION('',(0.,0.,1.));
#8902 = DIRECTION('',(1.,0.,-0.));
#8903 = ADVANCED_FACE('',(#8904),#8914,.T.);
#8904 = FACE_BOUND('',#8905,.T.);
#8905 = EDGE_LOOP('',(#8906,#8907,#8908));
#8906 = ORIENTED_EDGE('',*,*,#8803,.F.);
#8907 = ORIENTED_EDGE('',*,*,#8893,.F.);
#8908 = ORIENTED_EDGE('',*,*,#8909,.T.);
#8909 = EDGE_CURVE('',#8827,#8717,#8910,.T.);
#8910 = LINE('',#8911,#8912);
#8911 = CARTESIAN_POINT('',(0.759968,-0.8001,9.906E-03));
#8912 = VECTOR('',#8913,1.);
#8913 = DIRECTION('',(0.560036015545,0.699896861756,0.443287766802));
#8914 = PLANE('',#8915);
#8915 = AXIS2_PLACEMENT_3D('',#8916,#8917,#8918);
#8916 = CARTESIAN_POINT('',(0.902721782256,-0.621695537731,
    6.850688521342E-02));
#8917 = DIRECTION('',(-0.780804303985,0.624775670843,1.439569873147E-16)
  );
#8918 = DIRECTION('',(-0.624775670843,-0.780804303985,5.066408966772E-33
    ));
#8919 = ADVANCED_FACE('',(#8920),#8930,.T.);
#8920 = FACE_BOUND('',#8921,.T.);
#8921 = EDGE_LOOP('',(#8922,#8923,#8924));
#8922 = ORIENTED_EDGE('',*,*,#8909,.F.);
#8923 = ORIENTED_EDGE('',*,*,#8865,.F.);
#8924 = ORIENTED_EDGE('',*,*,#8925,.T.);
#8925 = EDGE_CURVE('',#8858,#8717,#8926,.T.);
#8926 = LINE('',#8927,#8928);
#8927 = CARTESIAN_POINT('',(0.999998,-0.8001,9.906E-03));
#8928 = VECTOR('',#8929,1.);
#8929 = DIRECTION('',(0.,0.844808297169,0.535069099308));
#8930 = PLANE('',#8931);
#8931 = AXIS2_PLACEMENT_3D('',#8932,#8933,#8934);
#8932 = CARTESIAN_POINT('',(0.92161098426,-0.685280666497,
    8.26281519559E-02));
#8933 = DIRECTION('',(1.730482813426E-16,-0.535069099308,0.844808297169)
  );
#8934 = DIRECTION('',(7.185653968315E-34,0.844808297169,0.535069099308)
  );
#8935 = ADVANCED_FACE('',(#8936),#8941,.T.);
#8936 = FACE_BOUND('',#8937,.T.);
#8937 = EDGE_LOOP('',(#8938,#8939,#8940));
#8938 = ORIENTED_EDGE('',*,*,#8857,.F.);
#8939 = ORIENTED_EDGE('',*,*,#8724,.F.);
#8940 = ORIENTED_EDGE('',*,*,#8925,.F.);
#8941 = PLANE('',#8942);
#8942 = AXIS2_PLACEMENT_3D('',#8943,#8944,#8945);
#8943 = CARTESIAN_POINT('',(0.999998,-0.683834656887,0.138623656887));
#8944 = DIRECTION('',(-1.,-0.,-0.));
#8945 = DIRECTION('',(0.,0.,-1.));
#8946 = MANIFOLD_SOLID_BREP('',#8947);
#8947 = CLOSED_SHELL('',(#8948,#8988,#9027,#9058,#9082,#9099,#9117));
#8948 = ADVANCED_FACE('',(#8949),#8983,.T.);
#8949 = FACE_BOUND('',#8950,.T.);
#8950 = EDGE_LOOP('',(#8951,#8961,#8969,#8977));
#8951 = ORIENTED_EDGE('',*,*,#8952,.T.);
#8952 = EDGE_CURVE('',#8953,#8955,#8957,.T.);
#8953 = VERTEX_POINT('',#8954);
#8954 = CARTESIAN_POINT('',(-0.500126,-0.8001,0.));
#8955 = VERTEX_POINT('',#8956);
#8956 = CARTESIAN_POINT('',(-0.500126,-0.8001,9.906E-03));
#8957 = LINE('',#8958,#8959);
#8958 = CARTESIAN_POINT('',(-0.500126,-0.8001,0.));
#8959 = VECTOR('',#8960,1.);
#8960 = DIRECTION('',(0.,0.,1.));
#8961 = ORIENTED_EDGE('',*,*,#8962,.T.);
#8962 = EDGE_CURVE('',#8955,#8963,#8965,.T.);
#8963 = VERTEX_POINT('',#8964);
#8964 = CARTESIAN_POINT('',(-0.500126,0.599948,9.906E-03));
#8965 = LINE('',#8966,#8967);
#8966 = CARTESIAN_POINT('',(-0.500126,-0.8001,9.906E-03));
#8967 = VECTOR('',#8968,1.);
#8968 = DIRECTION('',(0.,1.,0.));
#8969 = ORIENTED_EDGE('',*,*,#8970,.T.);
#8970 = EDGE_CURVE('',#8963,#8971,#8973,.T.);
#8971 = VERTEX_POINT('',#8972);
#8972 = CARTESIAN_POINT('',(-0.500126,0.599948,0.));
#8973 = LINE('',#8974,#8975);
#8974 = CARTESIAN_POINT('',(-0.500126,0.599948,9.906E-03));
#8975 = VECTOR('',#8976,1.);
#8976 = DIRECTION('',(0.,0.,-1.));
#8977 = ORIENTED_EDGE('',*,*,#8978,.T.);
#8978 = EDGE_CURVE('',#8971,#8953,#8979,.T.);
#8979 = LINE('',#8980,#8981);
#8980 = CARTESIAN_POINT('',(-0.500126,0.599948,0.));
#8981 = VECTOR('',#8982,1.);
#8982 = DIRECTION('',(0.,-1.,0.));
#8983 = PLANE('',#8984);
#8984 = AXIS2_PLACEMENT_3D('',#8985,#8986,#8987);
#8985 = CARTESIAN_POINT('',(-0.500126,-0.443530418482,2.493581518406E-03
    ));
#8986 = DIRECTION('',(-1.,-0.,-0.));
#8987 = DIRECTION('',(0.,0.,-1.));
#8988 = ADVANCED_FACE('',(#8989),#9022,.T.);
#8989 = FACE_BOUND('',#8990,.T.);
#8990 = EDGE_LOOP('',(#8991,#9001,#9007,#9008,#9016));
#8991 = ORIENTED_EDGE('',*,*,#8992,.F.);
#8992 = EDGE_CURVE('',#8993,#8995,#8997,.T.);
#8993 = VERTEX_POINT('',#8994);
#8994 = CARTESIAN_POINT('',(0.500126,-0.8001,0.));
#8995 = VERTEX_POINT('',#8996);
#8996 = CARTESIAN_POINT('',(0.500126,0.8001,0.));
#8997 = LINE('',#8998,#8999);
#8998 = CARTESIAN_POINT('',(0.500126,-0.8001,0.));
#8999 = VECTOR('',#9000,1.);
#9000 = DIRECTION('',(0.,1.,0.));
#9001 = ORIENTED_EDGE('',*,*,#9002,.F.);
#9002 = EDGE_CURVE('',#8953,#8993,#9003,.T.);
#9003 = LINE('',#9004,#9005);
#9004 = CARTESIAN_POINT('',(-0.500126,-0.8001,0.));
#9005 = VECTOR('',#9006,1.);
#9006 = DIRECTION('',(1.,0.,0.));
#9007 = ORIENTED_EDGE('',*,*,#8978,.F.);
#9008 = ORIENTED_EDGE('',*,*,#9009,.F.);
#9009 = EDGE_CURVE('',#9010,#8971,#9012,.T.);
#9010 = VERTEX_POINT('',#9011);
#9011 = CARTESIAN_POINT('',(-0.299974,0.8001,0.));
#9012 = LINE('',#9013,#9014);
#9013 = CARTESIAN_POINT('',(-0.299974,0.8001,0.));
#9014 = VECTOR('',#9015,1.);
#9015 = DIRECTION('',(-0.707106781187,-0.707106781187,0.));
#9016 = ORIENTED_EDGE('',*,*,#9017,.F.);
#9017 = EDGE_CURVE('',#8995,#9010,#9018,.T.);
#9018 = LINE('',#9019,#9020);
#9019 = CARTESIAN_POINT('',(0.500126,0.8001,0.));
#9020 = VECTOR('',#9021,1.);
#9021 = DIRECTION('',(-1.,0.,0.));
#9022 = PLANE('',#9023);
#9023 = AXIS2_PLACEMENT_3D('',#9024,#9025,#9026);
#9024 = CARTESIAN_POINT('',(0.17833815278,-0.17833815278,0.));
#9025 = DIRECTION('',(-0.,-0.,-1.));
#9026 = DIRECTION('',(-1.,0.,0.));
#9027 = ADVANCED_FACE('',(#9028),#9053,.T.);
#9028 = FACE_BOUND('',#9029,.T.);
#9029 = EDGE_LOOP('',(#9030,#9038,#9046,#9052));
#9030 = ORIENTED_EDGE('',*,*,#9031,.T.);
#9031 = EDGE_CURVE('',#9010,#9032,#9034,.T.);
#9032 = VERTEX_POINT('',#9033);
#9033 = CARTESIAN_POINT('',(-0.299974,0.8001,9.906E-03));
#9034 = LINE('',#9035,#9036);
#9035 = CARTESIAN_POINT('',(-0.299974,0.8001,0.));
#9036 = VECTOR('',#9037,1.);
#9037 = DIRECTION('',(0.,0.,1.));
#9038 = ORIENTED_EDGE('',*,*,#9039,.T.);
#9039 = EDGE_CURVE('',#9032,#9040,#9042,.T.);
#9040 = VERTEX_POINT('',#9041);
#9041 = CARTESIAN_POINT('',(0.500126,0.8001,9.906E-03));
#9042 = LINE('',#9043,#9044);
#9043 = CARTESIAN_POINT('',(-0.299974,0.8001,9.906E-03));
#9044 = VECTOR('',#9045,1.);
#9045 = DIRECTION('',(1.,0.,0.));
#9046 = ORIENTED_EDGE('',*,*,#9047,.F.);
#9047 = EDGE_CURVE('',#8995,#9040,#9048,.T.);
#9048 = LINE('',#9049,#9050);
#9049 = CARTESIAN_POINT('',(0.500126,0.8001,0.));
#9050 = VECTOR('',#9051,1.);
#9051 = DIRECTION('',(0.,0.,1.));
#9052 = ORIENTED_EDGE('',*,*,#9017,.T.);
#9053 = PLANE('',#9054);
#9054 = AXIS2_PLACEMENT_3D('',#9055,#9056,#9057);
#9055 = CARTESIAN_POINT('',(-0.194443716046,0.8001,2.533283953984E-03));
#9056 = DIRECTION('',(0.,1.,0.));
#9057 = DIRECTION('',(0.,-0.,1.));
#9058 = ADVANCED_FACE('',(#9059),#9077,.T.);
#9059 = FACE_BOUND('',#9060,.T.);
#9060 = EDGE_LOOP('',(#9061,#9062,#9063,#9071));
#9061 = ORIENTED_EDGE('',*,*,#8992,.T.);
#9062 = ORIENTED_EDGE('',*,*,#9047,.T.);
#9063 = ORIENTED_EDGE('',*,*,#9064,.T.);
#9064 = EDGE_CURVE('',#9040,#9065,#9067,.T.);
#9065 = VERTEX_POINT('',#9066);
#9066 = CARTESIAN_POINT('',(0.500126,-0.8001,9.906E-03));
#9067 = LINE('',#9068,#9069);
#9068 = CARTESIAN_POINT('',(0.500126,0.8001,9.906E-03));
#9069 = VECTOR('',#9070,1.);
#9070 = DIRECTION('',(0.,-1.,0.));
#9071 = ORIENTED_EDGE('',*,*,#9072,.T.);
#9072 = EDGE_CURVE('',#9065,#8993,#9073,.T.);
#9073 = LINE('',#9074,#9075);
#9074 = CARTESIAN_POINT('',(0.500126,-0.8001,9.906E-03));
#9075 = VECTOR('',#9076,1.);
#9076 = DIRECTION('',(0.,0.,-1.));
#9077 = PLANE('',#9078);
#9078 = AXIS2_PLACEMENT_3D('',#9079,#9080,#9081);
#9079 = CARTESIAN_POINT('',(0.500126,-2.468834716294E-03,
    2.484165283706E-03));
#9080 = DIRECTION('',(1.,0.,0.));
#9081 = DIRECTION('',(-0.,0.,1.));
#9082 = ADVANCED_FACE('',(#9083),#9094,.T.);
#9083 = FACE_BOUND('',#9084,.T.);
#9084 = EDGE_LOOP('',(#9085,#9086,#9087,#9093));
#9085 = ORIENTED_EDGE('',*,*,#9009,.T.);
#9086 = ORIENTED_EDGE('',*,*,#8970,.F.);
#9087 = ORIENTED_EDGE('',*,*,#9088,.T.);
#9088 = EDGE_CURVE('',#8963,#9032,#9089,.T.);
#9089 = LINE('',#9090,#9091);
#9090 = CARTESIAN_POINT('',(-0.500126,0.599948,9.906E-03));
#9091 = VECTOR('',#9092,1.);
#9092 = DIRECTION('',(0.707106781187,0.707106781187,0.));
#9093 = ORIENTED_EDGE('',*,*,#9031,.F.);
#9094 = PLANE('',#9095);
#9095 = AXIS2_PLACEMENT_3D('',#9096,#9097,#9098);
#9096 = CARTESIAN_POINT('',(-0.398329482653,0.701744517347,
    2.51982103401E-03));
#9097 = DIRECTION('',(-0.707106781187,0.707106781187,-2.666129368018E-15
    ));
#9098 = DIRECTION('',(-0.707106781187,-0.707106781187,2.710984345596E-31
    ));
#9099 = ADVANCED_FACE('',(#9100),#9112,.T.);
#9100 = FACE_BOUND('',#9101,.T.);
#9101 = EDGE_LOOP('',(#9102,#9103,#9104,#9110,#9111));
#9102 = ORIENTED_EDGE('',*,*,#9088,.F.);
#9103 = ORIENTED_EDGE('',*,*,#8962,.F.);
#9104 = ORIENTED_EDGE('',*,*,#9105,.F.);
#9105 = EDGE_CURVE('',#9065,#8955,#9106,.T.);
#9106 = LINE('',#9107,#9108);
#9107 = CARTESIAN_POINT('',(0.500126,-0.8001,9.906E-03));
#9108 = VECTOR('',#9109,1.);
#9109 = DIRECTION('',(-1.,0.,0.));
#9110 = ORIENTED_EDGE('',*,*,#9064,.F.);
#9111 = ORIENTED_EDGE('',*,*,#9039,.F.);
#9112 = PLANE('',#9113);
#9113 = AXIS2_PLACEMENT_3D('',#9114,#9115,#9116);
#9114 = CARTESIAN_POINT('',(-0.442562375195,1.76092023744E-02,9.906E-03)
  );
#9115 = DIRECTION('',(0.,0.,1.));
#9116 = DIRECTION('',(1.,0.,-0.));
#9117 = ADVANCED_FACE('',(#9118),#9124,.T.);
#9118 = FACE_BOUND('',#9119,.T.);
#9119 = EDGE_LOOP('',(#9120,#9121,#9122,#9123));
#9120 = ORIENTED_EDGE('',*,*,#9002,.T.);
#9121 = ORIENTED_EDGE('',*,*,#9072,.F.);
#9122 = ORIENTED_EDGE('',*,*,#9105,.T.);
#9123 = ORIENTED_EDGE('',*,*,#8952,.F.);
#9124 = PLANE('',#9125);
#9125 = AXIS2_PLACEMENT_3D('',#9126,#9127,#9128);
#9126 = CARTESIAN_POINT('',(-2.464237286452E-03,-0.8001,
    2.488762713548E-03));
#9127 = DIRECTION('',(-0.,-1.,-0.));
#9128 = DIRECTION('',(0.,0.,-1.));
#9129 = MANIFOLD_SOLID_BREP('',#9130);
#9130 = CLOSED_SHELL('',(#9131,#9171,#9202,#9233,#9264,#9295,#9326,#9357
    ,#9379,#9461,#9492,#9516,#9540,#9564,#9588,#9612,#9636,#9653,#9669)
  );
#9131 = ADVANCED_FACE('',(#9132),#9166,.T.);
#9132 = FACE_BOUND('',#9133,.T.);
#9133 = EDGE_LOOP('',(#9134,#9144,#9152,#9160));
#9134 = ORIENTED_EDGE('',*,*,#9135,.T.);
#9135 = EDGE_CURVE('',#9136,#9138,#9140,.T.);
#9136 = VERTEX_POINT('',#9137);
#9137 = CARTESIAN_POINT('',(0.117094,0.36195,9.906E-03));
#9138 = VERTEX_POINT('',#9139);
#9139 = CARTESIAN_POINT('',(0.117094,0.36195,0.));
#9140 = LINE('',#9141,#9142);
#9141 = CARTESIAN_POINT('',(0.117094,0.36195,9.906E-03));
#9142 = VECTOR('',#9143,1.);
#9143 = DIRECTION('',(0.,0.,-1.));
#9144 = ORIENTED_EDGE('',*,*,#9145,.T.);
#9145 = EDGE_CURVE('',#9138,#9146,#9148,.T.);
#9146 = VERTEX_POINT('',#9147);
#9147 = CARTESIAN_POINT('',(-8.2804E-02,0.439928,0.));
#9148 = LINE('',#9149,#9150);
#9149 = CARTESIAN_POINT('',(0.117094,0.36195,0.));
#9150 = VECTOR('',#9151,1.);
#9151 = DIRECTION('',(-0.931626501897,0.363417199597,0.));
#9152 = ORIENTED_EDGE('',*,*,#9153,.T.);
#9153 = EDGE_CURVE('',#9146,#9154,#9156,.T.);
#9154 = VERTEX_POINT('',#9155);
#9155 = CARTESIAN_POINT('',(-8.2804E-02,0.439928,9.906E-03));
#9156 = LINE('',#9157,#9158);
#9157 = CARTESIAN_POINT('',(-8.2804E-02,0.439928,0.));
#9158 = VECTOR('',#9159,1.);
#9159 = DIRECTION('',(0.,0.,1.));
#9160 = ORIENTED_EDGE('',*,*,#9161,.T.);
#9161 = EDGE_CURVE('',#9154,#9136,#9162,.T.);
#9162 = LINE('',#9163,#9164);
#9163 = CARTESIAN_POINT('',(-8.2804E-02,0.439928,9.906E-03));
#9164 = VECTOR('',#9165,1.);
#9165 = DIRECTION('',(0.931626501897,-0.363417199597,0.));
#9166 = PLANE('',#9167);
#9167 = AXIS2_PLACEMENT_3D('',#9168,#9169,#9170);
#9168 = CARTESIAN_POINT('',(1.939894374459E-02,0.400059761462,
    7.372364133586E-03));
#9169 = DIRECTION('',(0.363417199597,0.931626501897,-1.594686943947E-15)
  );
#9170 = DIRECTION('',(0.931626501897,-0.363417199597,1.767663964659E-32)
  );
#9171 = ADVANCED_FACE('',(#9172),#9197,.T.);
#9172 = FACE_BOUND('',#9173,.T.);
#9173 = EDGE_LOOP('',(#9174,#9175,#9183,#9191));
#9174 = ORIENTED_EDGE('',*,*,#9153,.F.);
#9175 = ORIENTED_EDGE('',*,*,#9176,.T.);
#9176 = EDGE_CURVE('',#9146,#9177,#9179,.T.);
#9177 = VERTEX_POINT('',#9178);
#9178 = CARTESIAN_POINT('',(-8.2804E-02,0.410718,0.));
#9179 = LINE('',#9180,#9181);
#9180 = CARTESIAN_POINT('',(-8.2804E-02,0.439928,0.));
#9181 = VECTOR('',#9182,1.);
#9182 = DIRECTION('',(0.,-1.,0.));
#9183 = ORIENTED_EDGE('',*,*,#9184,.T.);
#9184 = EDGE_CURVE('',#9177,#9185,#9187,.T.);
#9185 = VERTEX_POINT('',#9186);
#9186 = CARTESIAN_POINT('',(-8.2804E-02,0.410718,9.906E-03));
#9187 = LINE('',#9188,#9189);
#9188 = CARTESIAN_POINT('',(-8.2804E-02,0.410718,0.));
#9189 = VECTOR('',#9190,1.);
#9190 = DIRECTION('',(0.,0.,1.));
#9191 = ORIENTED_EDGE('',*,*,#9192,.T.);
#9192 = EDGE_CURVE('',#9185,#9154,#9193,.T.);
#9193 = LINE('',#9194,#9195);
#9194 = CARTESIAN_POINT('',(-8.2804E-02,0.410718,9.906E-03));
#9195 = VECTOR('',#9196,1.);
#9196 = DIRECTION('',(0.,1.,0.));
#9197 = PLANE('',#9198);
#9198 = AXIS2_PLACEMENT_3D('',#9199,#9200,#9201);
#9199 = CARTESIAN_POINT('',(-8.2804E-02,0.427390997568,
    7.020997568409E-03));
#9200 = DIRECTION('',(-1.,-0.,-0.));
#9201 = DIRECTION('',(0.,0.,-1.));
#9202 = ADVANCED_FACE('',(#9203),#9228,.T.);
#9203 = FACE_BOUND('',#9204,.T.);
#9204 = EDGE_LOOP('',(#9205,#9206,#9214,#9222));
#9205 = ORIENTED_EDGE('',*,*,#9184,.F.);
#9206 = ORIENTED_EDGE('',*,*,#9207,.T.);
#9207 = EDGE_CURVE('',#9177,#9208,#9210,.T.);
#9208 = VERTEX_POINT('',#9209);
#9209 = CARTESIAN_POINT('',(-2.667E-02,0.390398,0.));
#9210 = LINE('',#9211,#9212);
#9211 = CARTESIAN_POINT('',(-8.2804E-02,0.410718,0.));
#9212 = VECTOR('',#9213,1.);
#9213 = DIRECTION('',(0.940289329654,-0.340376227929,0.));
#9214 = ORIENTED_EDGE('',*,*,#9215,.T.);
#9215 = EDGE_CURVE('',#9208,#9216,#9218,.T.);
#9216 = VERTEX_POINT('',#9217);
#9217 = CARTESIAN_POINT('',(-2.667E-02,0.390398,9.906E-03));
#9218 = LINE('',#9219,#9220);
#9219 = CARTESIAN_POINT('',(-2.667E-02,0.390398,0.));
#9220 = VECTOR('',#9221,1.);
#9221 = DIRECTION('',(0.,0.,1.));
#9222 = ORIENTED_EDGE('',*,*,#9223,.T.);
#9223 = EDGE_CURVE('',#9216,#9185,#9224,.T.);
#9224 = LINE('',#9225,#9226);
#9225 = CARTESIAN_POINT('',(-2.667E-02,0.390398,9.906E-03));
#9226 = VECTOR('',#9227,1.);
#9227 = DIRECTION('',(-0.940289329654,0.340376227929,0.));
#9228 = PLANE('',#9229);
#9229 = AXIS2_PLACEMENT_3D('',#9230,#9231,#9232);
#9230 = CARTESIAN_POINT('',(-5.687373993111E-02,0.401331480518,
    7.225428138579E-03));
#9231 = DIRECTION('',(-0.340376227929,-0.940289329654,1.56372885994E-16)
  );
#9232 = DIRECTION('',(-0.940289329654,0.340376227929,3.307670487215E-34)
  );
#9233 = ADVANCED_FACE('',(#9234),#9259,.T.);
#9234 = FACE_BOUND('',#9235,.T.);
#9235 = EDGE_LOOP('',(#9236,#9237,#9245,#9253));
#9236 = ORIENTED_EDGE('',*,*,#9215,.F.);
#9237 = ORIENTED_EDGE('',*,*,#9238,.T.);
#9238 = EDGE_CURVE('',#9208,#9239,#9241,.T.);
#9239 = VERTEX_POINT('',#9240);
#9240 = CARTESIAN_POINT('',(-2.667E-02,0.307848,0.));
#9241 = LINE('',#9242,#9243);
#9242 = CARTESIAN_POINT('',(-2.667E-02,0.390398,0.));
#9243 = VECTOR('',#9244,1.);
#9244 = DIRECTION('',(0.,-1.,0.));
#9245 = ORIENTED_EDGE('',*,*,#9246,.T.);
#9246 = EDGE_CURVE('',#9239,#9247,#9249,.T.);
#9247 = VERTEX_POINT('',#9248);
#9248 = CARTESIAN_POINT('',(-2.667E-02,0.307848,9.906E-03));
#9249 = LINE('',#9250,#9251);
#9250 = CARTESIAN_POINT('',(-2.667E-02,0.307848,0.));
#9251 = VECTOR('',#9252,1.);
#9252 = DIRECTION('',(0.,0.,1.));
#9253 = ORIENTED_EDGE('',*,*,#9254,.T.);
#9254 = EDGE_CURVE('',#9247,#9216,#9255,.T.);
#9255 = LINE('',#9256,#9257);
#9256 = CARTESIAN_POINT('',(-2.667E-02,0.307848,9.906E-03));
#9257 = VECTOR('',#9258,1.);
#9258 = DIRECTION('',(0.,1.,0.));
#9259 = PLANE('',#9260);
#9260 = AXIS2_PLACEMENT_3D('',#9261,#9262,#9263);
#9261 = CARTESIAN_POINT('',(-2.667E-02,0.351451441107,7.281441106865E-03
    ));
#9262 = DIRECTION('',(-1.,-0.,-0.));
#9263 = DIRECTION('',(0.,0.,-1.));
#9264 = ADVANCED_FACE('',(#9265),#9290,.T.);
#9265 = FACE_BOUND('',#9266,.T.);
#9266 = EDGE_LOOP('',(#9267,#9268,#9276,#9284));
#9267 = ORIENTED_EDGE('',*,*,#9246,.F.);
#9268 = ORIENTED_EDGE('',*,*,#9269,.T.);
#9269 = EDGE_CURVE('',#9239,#9270,#9272,.T.);
#9270 = VERTEX_POINT('',#9271);
#9271 = CARTESIAN_POINT('',(-8.2804E-02,0.288544,0.));
#9272 = LINE('',#9273,#9274);
#9273 = CARTESIAN_POINT('',(-2.667E-02,0.307848,0.));
#9274 = VECTOR('',#9275,1.);
#9275 = DIRECTION('',(-0.945645484034,-0.325199351976,0.));
#9276 = ORIENTED_EDGE('',*,*,#9277,.T.);
#9277 = EDGE_CURVE('',#9270,#9278,#9280,.T.);
#9278 = VERTEX_POINT('',#9279);
#9279 = CARTESIAN_POINT('',(-8.2804E-02,0.288544,9.906E-03));
#9280 = LINE('',#9281,#9282);
#9281 = CARTESIAN_POINT('',(-8.2804E-02,0.288544,0.));
#9282 = VECTOR('',#9283,1.);
#9283 = DIRECTION('',(0.,0.,1.));
#9284 = ORIENTED_EDGE('',*,*,#9285,.T.);
#9285 = EDGE_CURVE('',#9278,#9247,#9286,.T.);
#9286 = LINE('',#9287,#9288);
#9287 = CARTESIAN_POINT('',(-8.2804E-02,0.288544,9.906E-03));
#9288 = VECTOR('',#9289,1.);
#9289 = DIRECTION('',(0.945645484034,0.325199351976,0.));
#9290 = PLANE('',#9291);
#9291 = AXIS2_PLACEMENT_3D('',#9292,#9293,#9294);
#9292 = CARTESIAN_POINT('',(-5.258917290695E-02,0.298934619272,
    7.224281499585E-03));
#9293 = DIRECTION('',(-0.325199351976,0.945645484034,-6.231145793821E-16
    ));
#9294 = DIRECTION('',(0.945645484034,0.325199351976,-7.711987571774E-33)
  );
#9295 = ADVANCED_FACE('',(#9296),#9321,.T.);
#9296 = FACE_BOUND('',#9297,.T.);
#9297 = EDGE_LOOP('',(#9298,#9299,#9307,#9315));
#9298 = ORIENTED_EDGE('',*,*,#9277,.F.);
#9299 = ORIENTED_EDGE('',*,*,#9300,.T.);
#9300 = EDGE_CURVE('',#9270,#9301,#9303,.T.);
#9301 = VERTEX_POINT('',#9302);
#9302 = CARTESIAN_POINT('',(-8.2804E-02,0.259334,0.));
#9303 = LINE('',#9304,#9305);
#9304 = CARTESIAN_POINT('',(-8.2804E-02,0.288544,0.));
#9305 = VECTOR('',#9306,1.);
#9306 = DIRECTION('',(0.,-1.,0.));
#9307 = ORIENTED_EDGE('',*,*,#9308,.T.);
#9308 = EDGE_CURVE('',#9301,#9309,#9311,.T.);
#9309 = VERTEX_POINT('',#9310);
#9310 = CARTESIAN_POINT('',(-8.2804E-02,0.259334,9.906E-03));
#9311 = LINE('',#9312,#9313);
#9312 = CARTESIAN_POINT('',(-8.2804E-02,0.259334,0.));
#9313 = VECTOR('',#9314,1.);
#9314 = DIRECTION('',(0.,0.,1.));
#9315 = ORIENTED_EDGE('',*,*,#9316,.T.);
#9316 = EDGE_CURVE('',#9309,#9278,#9317,.T.);
#9317 = LINE('',#9318,#9319);
#9318 = CARTESIAN_POINT('',(-8.2804E-02,0.259334,9.906E-03));
#9319 = VECTOR('',#9320,1.);
#9320 = DIRECTION('',(0.,1.,0.));
#9321 = PLANE('',#9322);
#9322 = AXIS2_PLACEMENT_3D('',#9323,#9324,#9325);
#9323 = CARTESIAN_POINT('',(-8.2804E-02,0.276006997568,
    7.020997568409E-03));
#9324 = DIRECTION('',(-1.,-0.,-0.));
#9325 = DIRECTION('',(0.,0.,-1.));
#9326 = ADVANCED_FACE('',(#9327),#9352,.T.);
#9327 = FACE_BOUND('',#9328,.T.);
#9328 = EDGE_LOOP('',(#9329,#9330,#9338,#9346));
#9329 = ORIENTED_EDGE('',*,*,#9308,.F.);
#9330 = ORIENTED_EDGE('',*,*,#9331,.T.);
#9331 = EDGE_CURVE('',#9301,#9332,#9334,.T.);
#9332 = VERTEX_POINT('',#9333);
#9333 = CARTESIAN_POINT('',(0.117094,0.335026,0.));
#9334 = LINE('',#9335,#9336);
#9335 = CARTESIAN_POINT('',(-8.2804E-02,0.259334,0.));
#9336 = VECTOR('',#9337,1.);
#9337 = DIRECTION('',(0.935201188347,0.354116841331,0.));
#9338 = ORIENTED_EDGE('',*,*,#9339,.T.);
#9339 = EDGE_CURVE('',#9332,#9340,#9342,.T.);
#9340 = VERTEX_POINT('',#9341);
#9341 = CARTESIAN_POINT('',(0.117094,0.335026,9.906E-03));
#9342 = LINE('',#9343,#9344);
#9343 = CARTESIAN_POINT('',(0.117094,0.335026,0.));
#9344 = VECTOR('',#9345,1.);
#9345 = DIRECTION('',(0.,0.,1.));
#9346 = ORIENTED_EDGE('',*,*,#9347,.T.);
#9347 = EDGE_CURVE('',#9340,#9309,#9348,.T.);
#9348 = LINE('',#9349,#9350);
#9349 = CARTESIAN_POINT('',(0.117094,0.335026,9.906E-03));
#9350 = VECTOR('',#9351,1.);
#9351 = DIRECTION('',(-0.935201188347,-0.354116841331,0.));
#9352 = PLANE('',#9353);
#9353 = AXIS2_PLACEMENT_3D('',#9354,#9355,#9356);
#9354 = CARTESIAN_POINT('',(1.488261259432E-02,0.296323339966,
    7.372145135691E-03));
#9355 = DIRECTION('',(0.354116841331,-0.935201188347,-2.128131627354E-15
    ));
#9356 = DIRECTION('',(-0.935201188347,-0.354116841331,1.14936851895E-32)
  );
#9357 = ADVANCED_FACE('',(#9358),#9374,.T.);
#9358 = FACE_BOUND('',#9359,.T.);
#9359 = EDGE_LOOP('',(#9360,#9361,#9367,#9368));
#9360 = ORIENTED_EDGE('',*,*,#9339,.F.);
#9361 = ORIENTED_EDGE('',*,*,#9362,.T.);
#9362 = EDGE_CURVE('',#9332,#9138,#9363,.T.);
#9363 = LINE('',#9364,#9365);
#9364 = CARTESIAN_POINT('',(0.117094,0.335026,0.));
#9365 = VECTOR('',#9366,1.);
#9366 = DIRECTION('',(0.,1.,0.));
#9367 = ORIENTED_EDGE('',*,*,#9135,.F.);
#9368 = ORIENTED_EDGE('',*,*,#9369,.T.);
#9369 = EDGE_CURVE('',#9136,#9340,#9370,.T.);
#9370 = LINE('',#9371,#9372);
#9371 = CARTESIAN_POINT('',(0.117094,0.36195,9.906E-03));
#9372 = VECTOR('',#9373,1.);
#9373 = DIRECTION('',(0.,-1.,0.));
#9374 = PLANE('',#9375);
#9375 = AXIS2_PLACEMENT_3D('',#9376,#9377,#9378);
#9376 = CARTESIAN_POINT('',(0.117094,0.346452627526,6.988372473945E-03)
  );
#9377 = DIRECTION('',(1.,0.,0.));
#9378 = DIRECTION('',(-0.,0.,1.));
#9379 = ADVANCED_FACE('',(#9380,#9390),#9456,.T.);
#9380 = FACE_BOUND('',#9381,.T.);
#9381 = EDGE_LOOP('',(#9382,#9383,#9384,#9385,#9386,#9387,#9388,#9389));
#9382 = ORIENTED_EDGE('',*,*,#9285,.F.);
#9383 = ORIENTED_EDGE('',*,*,#9316,.F.);
#9384 = ORIENTED_EDGE('',*,*,#9347,.F.);
#9385 = ORIENTED_EDGE('',*,*,#9369,.F.);
#9386 = ORIENTED_EDGE('',*,*,#9161,.F.);
#9387 = ORIENTED_EDGE('',*,*,#9192,.F.);
#9388 = ORIENTED_EDGE('',*,*,#9223,.F.);
#9389 = ORIENTED_EDGE('',*,*,#9254,.F.);
#9390 = FACE_BOUND('',#9391,.T.);
#9391 = EDGE_LOOP('',(#9392,#9402,#9410,#9418,#9426,#9434,#9442,#9450));
#9392 = ORIENTED_EDGE('',*,*,#9393,.T.);
#9393 = EDGE_CURVE('',#9394,#9396,#9398,.T.);
#9394 = VERTEX_POINT('',#9395);
#9395 = CARTESIAN_POINT('',(-4.826E-03,0.314452,9.906E-03));
#9396 = VERTEX_POINT('',#9397);
#9397 = CARTESIAN_POINT('',(-4.826E-03,0.381508,9.906E-03));
#9398 = LINE('',#9399,#9400);
#9399 = CARTESIAN_POINT('',(-4.826E-03,0.314452,9.906E-03));
#9400 = VECTOR('',#9401,1.);
#9401 = DIRECTION('',(0.,1.,0.));
#9402 = ORIENTED_EDGE('',*,*,#9403,.T.);
#9403 = EDGE_CURVE('',#9396,#9404,#9406,.T.);
#9404 = VERTEX_POINT('',#9405);
#9405 = CARTESIAN_POINT('',(7.874E-02,0.351282,9.906E-03));
#9406 = LINE('',#9407,#9408);
#9407 = CARTESIAN_POINT('',(-4.826E-03,0.381508,9.906E-03));
#9408 = VECTOR('',#9409,1.);
#9409 = DIRECTION('',(0.940376225751,-0.340136081654,0.));
#9410 = ORIENTED_EDGE('',*,*,#9411,.T.);
#9411 = EDGE_CURVE('',#9404,#9412,#9414,.T.);
#9412 = VERTEX_POINT('',#9413);
#9413 = CARTESIAN_POINT('',(8.5598E-02,0.349504,9.906E-03));
#9414 = LINE('',#9415,#9416);
#9415 = CARTESIAN_POINT('',(7.874E-02,0.351282,9.906E-03));
#9416 = VECTOR('',#9417,1.);
#9417 = DIRECTION('',(0.967996898166,-0.250962158784,0.));
#9418 = ORIENTED_EDGE('',*,*,#9419,.T.);
#9419 = EDGE_CURVE('',#9412,#9420,#9422,.T.);
#9420 = VERTEX_POINT('',#9421);
#9421 = CARTESIAN_POINT('',(9.271E-02,0.348234,9.906E-03));
#9422 = LINE('',#9423,#9424);
#9423 = CARTESIAN_POINT('',(8.5598E-02,0.349504,9.906E-03));
#9424 = VECTOR('',#9425,1.);
#9425 = DIRECTION('',(0.984427575508,-0.175790638484,0.));
#9426 = ORIENTED_EDGE('',*,*,#9427,.T.);
#9427 = EDGE_CURVE('',#9420,#9428,#9430,.T.);
#9428 = VERTEX_POINT('',#9429);
#9429 = CARTESIAN_POINT('',(9.271E-02,0.347472,9.906E-03));
#9430 = LINE('',#9431,#9432);
#9431 = CARTESIAN_POINT('',(9.271E-02,0.348234,9.906E-03));
#9432 = VECTOR('',#9433,1.);
#9433 = DIRECTION('',(0.,-1.,0.));
#9434 = ORIENTED_EDGE('',*,*,#9435,.T.);
#9435 = EDGE_CURVE('',#9428,#9436,#9438,.T.);
#9436 = VERTEX_POINT('',#9437);
#9437 = CARTESIAN_POINT('',(8.5598E-02,0.346202,9.906E-03));
#9438 = LINE('',#9439,#9440);
#9439 = CARTESIAN_POINT('',(9.271E-02,0.347472,9.906E-03));
#9440 = VECTOR('',#9441,1.);
#9441 = DIRECTION('',(-0.984427575508,-0.175790638484,0.));
#9442 = ORIENTED_EDGE('',*,*,#9443,.T.);
#9443 = EDGE_CURVE('',#9436,#9444,#9446,.T.);
#9444 = VERTEX_POINT('',#9445);
#9445 = CARTESIAN_POINT('',(7.874E-02,0.344424,9.906E-03));
#9446 = LINE('',#9447,#9448);
#9447 = CARTESIAN_POINT('',(8.5598E-02,0.346202,9.906E-03));
#9448 = VECTOR('',#9449,1.);
#9449 = DIRECTION('',(-0.967996898166,-0.250962158784,0.));
#9450 = ORIENTED_EDGE('',*,*,#9451,.T.);
#9451 = EDGE_CURVE('',#9444,#9394,#9452,.T.);
#9452 = LINE('',#9453,#9454);
#9453 = CARTESIAN_POINT('',(7.874E-02,0.344424,9.906E-03));
#9454 = VECTOR('',#9455,1.);
#9455 = DIRECTION('',(-0.941287948334,-0.337604796059,0.));
#9456 = PLANE('',#9457);
#9457 = AXIS2_PLACEMENT_3D('',#9458,#9459,#9460);
#9458 = CARTESIAN_POINT('',(-5.97739763074E-02,0.287185322538,9.906E-03)
  );
#9459 = DIRECTION('',(0.,0.,1.));
#9460 = DIRECTION('',(1.,0.,-0.));
#9461 = ADVANCED_FACE('',(#9462),#9487,.T.);
#9462 = FACE_BOUND('',#9463,.T.);
#9463 = EDGE_LOOP('',(#9464,#9472,#9480,#9486));
#9464 = ORIENTED_EDGE('',*,*,#9465,.T.);
#9465 = EDGE_CURVE('',#9394,#9466,#9468,.T.);
#9466 = VERTEX_POINT('',#9467);
#9467 = CARTESIAN_POINT('',(-4.826E-03,0.314452,0.));
#9468 = LINE('',#9469,#9470);
#9469 = CARTESIAN_POINT('',(-4.826E-03,0.314452,9.906E-03));
#9470 = VECTOR('',#9471,1.);
#9471 = DIRECTION('',(0.,0.,-1.));
#9472 = ORIENTED_EDGE('',*,*,#9473,.T.);
#9473 = EDGE_CURVE('',#9466,#9474,#9476,.T.);
#9474 = VERTEX_POINT('',#9475);
#9475 = CARTESIAN_POINT('',(-4.826E-03,0.381508,0.));
#9476 = LINE('',#9477,#9478);
#9477 = CARTESIAN_POINT('',(-4.826E-03,0.314452,0.));
#9478 = VECTOR('',#9479,1.);
#9479 = DIRECTION('',(0.,1.,0.));
#9480 = ORIENTED_EDGE('',*,*,#9481,.T.);
#9481 = EDGE_CURVE('',#9474,#9396,#9482,.T.);
#9482 = LINE('',#9483,#9484);
#9483 = CARTESIAN_POINT('',(-4.826E-03,0.381508,0.));
#9484 = VECTOR('',#9485,1.);
#9485 = DIRECTION('',(0.,0.,1.));
#9486 = ORIENTED_EDGE('',*,*,#9393,.F.);
#9487 = PLANE('',#9488);
#9488 = AXIS2_PLACEMENT_3D('',#9489,#9490,#9491);
#9489 = CARTESIAN_POINT('',(-4.826E-03,0.345685436039,7.247563960642E-03
    ));
#9490 = DIRECTION('',(1.,0.,0.));
#9491 = DIRECTION('',(-0.,0.,1.));
#9492 = ADVANCED_FACE('',(#9493),#9511,.T.);
#9493 = FACE_BOUND('',#9494,.T.);
#9494 = EDGE_LOOP('',(#9495,#9503,#9509,#9510));
#9495 = ORIENTED_EDGE('',*,*,#9496,.T.);
#9496 = EDGE_CURVE('',#9444,#9497,#9499,.T.);
#9497 = VERTEX_POINT('',#9498);
#9498 = CARTESIAN_POINT('',(7.874E-02,0.344424,0.));
#9499 = LINE('',#9500,#9501);
#9500 = CARTESIAN_POINT('',(7.874E-02,0.344424,9.906E-03));
#9501 = VECTOR('',#9502,1.);
#9502 = DIRECTION('',(0.,0.,-1.));
#9503 = ORIENTED_EDGE('',*,*,#9504,.T.);
#9504 = EDGE_CURVE('',#9497,#9466,#9505,.T.);
#9505 = LINE('',#9506,#9507);
#9506 = CARTESIAN_POINT('',(7.874E-02,0.344424,0.));
#9507 = VECTOR('',#9508,1.);
#9508 = DIRECTION('',(-0.941287948334,-0.337604796059,0.));
#9509 = ORIENTED_EDGE('',*,*,#9465,.F.);
#9510 = ORIENTED_EDGE('',*,*,#9451,.F.);
#9511 = PLANE('',#9512);
#9512 = AXIS2_PLACEMENT_3D('',#9513,#9514,#9515);
#9513 = CARTESIAN_POINT('',(3.915844840784E-02,0.330227577241,
    7.291761918427E-03));
#9514 = DIRECTION('',(-0.337604796059,0.941287948334,-1.418839561414E-16
    ));
#9515 = DIRECTION('',(0.941287948334,0.337604796059,1.65544495835E-34));
#9516 = ADVANCED_FACE('',(#9517),#9535,.T.);
#9517 = FACE_BOUND('',#9518,.T.);
#9518 = EDGE_LOOP('',(#9519,#9527,#9528,#9529));
#9519 = ORIENTED_EDGE('',*,*,#9520,.T.);
#9520 = EDGE_CURVE('',#9521,#9497,#9523,.T.);
#9521 = VERTEX_POINT('',#9522);
#9522 = CARTESIAN_POINT('',(8.5598E-02,0.346202,0.));
#9523 = LINE('',#9524,#9525);
#9524 = CARTESIAN_POINT('',(8.5598E-02,0.346202,0.));
#9525 = VECTOR('',#9526,1.);
#9526 = DIRECTION('',(-0.967996898166,-0.250962158784,0.));
#9527 = ORIENTED_EDGE('',*,*,#9496,.F.);
#9528 = ORIENTED_EDGE('',*,*,#9443,.F.);
#9529 = ORIENTED_EDGE('',*,*,#9530,.T.);
#9530 = EDGE_CURVE('',#9436,#9521,#9531,.T.);
#9531 = LINE('',#9532,#9533);
#9532 = CARTESIAN_POINT('',(8.5598E-02,0.346202,9.906E-03));
#9533 = VECTOR('',#9534,1.);
#9534 = DIRECTION('',(0.,0.,-1.));
#9535 = PLANE('',#9536);
#9536 = AXIS2_PLACEMENT_3D('',#9537,#9538,#9539);
#9537 = CARTESIAN_POINT('',(8.100450704044E-02,0.345011094418,
    3.750007550579E-03));
#9538 = DIRECTION('',(-0.250962158784,0.967996898166,0.));
#9539 = DIRECTION('',(0.967996898166,0.250962158784,0.));
#9540 = ADVANCED_FACE('',(#9541),#9559,.T.);
#9541 = FACE_BOUND('',#9542,.T.);
#9542 = EDGE_LOOP('',(#9543,#9551,#9552,#9553));
#9543 = ORIENTED_EDGE('',*,*,#9544,.T.);
#9544 = EDGE_CURVE('',#9545,#9521,#9547,.T.);
#9545 = VERTEX_POINT('',#9546);
#9546 = CARTESIAN_POINT('',(9.271E-02,0.347472,0.));
#9547 = LINE('',#9548,#9549);
#9548 = CARTESIAN_POINT('',(9.271E-02,0.347472,0.));
#9549 = VECTOR('',#9550,1.);
#9550 = DIRECTION('',(-0.984427575508,-0.175790638484,0.));
#9551 = ORIENTED_EDGE('',*,*,#9530,.F.);
#9552 = ORIENTED_EDGE('',*,*,#9435,.F.);
#9553 = ORIENTED_EDGE('',*,*,#9554,.T.);
#9554 = EDGE_CURVE('',#9428,#9545,#9555,.T.);
#9555 = LINE('',#9556,#9557);
#9556 = CARTESIAN_POINT('',(9.271E-02,0.347472,9.906E-03));
#9557 = VECTOR('',#9558,1.);
#9558 = DIRECTION('',(0.,0.,-1.));
#9559 = PLANE('',#9560);
#9560 = AXIS2_PLACEMENT_3D('',#9561,#9562,#9563);
#9561 = CARTESIAN_POINT('',(8.795548296754E-02,0.346622979101,
    3.735523913109E-03));
#9562 = DIRECTION('',(-0.175790638484,0.984427575508,0.));
#9563 = DIRECTION('',(0.984427575508,0.175790638484,0.));
#9564 = ADVANCED_FACE('',(#9565),#9583,.T.);
#9565 = FACE_BOUND('',#9566,.T.);
#9566 = EDGE_LOOP('',(#9567,#9575,#9581,#9582));
#9567 = ORIENTED_EDGE('',*,*,#9568,.T.);
#9568 = EDGE_CURVE('',#9420,#9569,#9571,.T.);
#9569 = VERTEX_POINT('',#9570);
#9570 = CARTESIAN_POINT('',(9.271E-02,0.348234,0.));
#9571 = LINE('',#9572,#9573);
#9572 = CARTESIAN_POINT('',(9.271E-02,0.348234,9.906E-03));
#9573 = VECTOR('',#9574,1.);
#9574 = DIRECTION('',(0.,0.,-1.));
#9575 = ORIENTED_EDGE('',*,*,#9576,.T.);
#9576 = EDGE_CURVE('',#9569,#9545,#9577,.T.);
#9577 = LINE('',#9578,#9579);
#9578 = CARTESIAN_POINT('',(9.271E-02,0.348234,0.));
#9579 = VECTOR('',#9580,1.);
#9580 = DIRECTION('',(0.,-1.,0.));
#9581 = ORIENTED_EDGE('',*,*,#9554,.F.);
#9582 = ORIENTED_EDGE('',*,*,#9427,.F.);
#9583 = PLANE('',#9584);
#9584 = AXIS2_PLACEMENT_3D('',#9585,#9586,#9587);
#9585 = CARTESIAN_POINT('',(9.271E-02,0.348036183884,5.136183883618E-03)
  );
#9586 = DIRECTION('',(-1.,-0.,-0.));
#9587 = DIRECTION('',(0.,0.,-1.));
#9588 = ADVANCED_FACE('',(#9589),#9607,.T.);
#9589 = FACE_BOUND('',#9590,.T.);
#9590 = EDGE_LOOP('',(#9591,#9599,#9600,#9601));
#9591 = ORIENTED_EDGE('',*,*,#9592,.T.);
#9592 = EDGE_CURVE('',#9593,#9569,#9595,.T.);
#9593 = VERTEX_POINT('',#9594);
#9594 = CARTESIAN_POINT('',(8.5598E-02,0.349504,0.));
#9595 = LINE('',#9596,#9597);
#9596 = CARTESIAN_POINT('',(8.5598E-02,0.349504,0.));
#9597 = VECTOR('',#9598,1.);
#9598 = DIRECTION('',(0.984427575508,-0.175790638484,0.));
#9599 = ORIENTED_EDGE('',*,*,#9568,.F.);
#9600 = ORIENTED_EDGE('',*,*,#9419,.F.);
#9601 = ORIENTED_EDGE('',*,*,#9602,.T.);
#9602 = EDGE_CURVE('',#9412,#9593,#9603,.T.);
#9603 = LINE('',#9604,#9605);
#9604 = CARTESIAN_POINT('',(8.5598E-02,0.349504,9.906E-03));
#9605 = VECTOR('',#9606,1.);
#9606 = DIRECTION('',(0.,0.,-1.));
#9607 = PLANE('',#9608);
#9608 = AXIS2_PLACEMENT_3D('',#9609,#9610,#9611);
#9609 = CARTESIAN_POINT('',(9.035251703246E-02,0.348654979101,
    3.735523913109E-03));
#9610 = DIRECTION('',(-0.175790638484,-0.984427575508,-0.));
#9611 = DIRECTION('',(-0.984427575508,0.175790638484,0.));
#9612 = ADVANCED_FACE('',(#9613),#9631,.T.);
#9613 = FACE_BOUND('',#9614,.T.);
#9614 = EDGE_LOOP('',(#9615,#9623,#9624,#9625));
#9615 = ORIENTED_EDGE('',*,*,#9616,.T.);
#9616 = EDGE_CURVE('',#9617,#9593,#9619,.T.);
#9617 = VERTEX_POINT('',#9618);
#9618 = CARTESIAN_POINT('',(7.874E-02,0.351282,0.));
#9619 = LINE('',#9620,#9621);
#9620 = CARTESIAN_POINT('',(7.874E-02,0.351282,0.));
#9621 = VECTOR('',#9622,1.);
#9622 = DIRECTION('',(0.967996898166,-0.250962158784,0.));
#9623 = ORIENTED_EDGE('',*,*,#9602,.F.);
#9624 = ORIENTED_EDGE('',*,*,#9411,.F.);
#9625 = ORIENTED_EDGE('',*,*,#9626,.T.);
#9626 = EDGE_CURVE('',#9404,#9617,#9627,.T.);
#9627 = LINE('',#9628,#9629);
#9628 = CARTESIAN_POINT('',(7.874E-02,0.351282,9.906E-03));
#9629 = VECTOR('',#9630,1.);
#9630 = DIRECTION('',(0.,0.,-1.));
#9631 = PLANE('',#9632);
#9632 = AXIS2_PLACEMENT_3D('',#9633,#9634,#9635);
#9633 = CARTESIAN_POINT('',(8.333349295956E-02,0.350091094418,
    3.750007550579E-03));
#9634 = DIRECTION('',(-0.250962158784,-0.967996898166,-0.));
#9635 = DIRECTION('',(-0.967996898166,0.250962158784,0.));
#9636 = ADVANCED_FACE('',(#9637),#9648,.T.);
#9637 = FACE_BOUND('',#9638,.T.);
#9638 = EDGE_LOOP('',(#9639,#9640,#9646,#9647));
#9639 = ORIENTED_EDGE('',*,*,#9481,.F.);
#9640 = ORIENTED_EDGE('',*,*,#9641,.T.);
#9641 = EDGE_CURVE('',#9474,#9617,#9642,.T.);
#9642 = LINE('',#9643,#9644);
#9643 = CARTESIAN_POINT('',(-4.826E-03,0.381508,0.));
#9644 = VECTOR('',#9645,1.);
#9645 = DIRECTION('',(0.940376225751,-0.340136081654,0.));
#9646 = ORIENTED_EDGE('',*,*,#9626,.F.);
#9647 = ORIENTED_EDGE('',*,*,#9403,.F.);
#9648 = PLANE('',#9649);
#9649 = AXIS2_PLACEMENT_3D('',#9650,#9651,#9652);
#9650 = CARTESIAN_POINT('',(3.47575592096E-02,0.367190542414,
    7.291894508574E-03));
#9651 = DIRECTION('',(-0.340136081654,-0.940376225751,
    -1.704809491056E-16));
#9652 = DIRECTION('',(-0.940376225751,0.340136081654,-3.659936857584E-33
    ));
#9653 = ADVANCED_FACE('',(#9654),#9664,.T.);
#9654 = FACE_BOUND('',#9655,.T.);
#9655 = EDGE_LOOP('',(#9656,#9657,#9658,#9659,#9660,#9661,#9662,#9663));
#9656 = ORIENTED_EDGE('',*,*,#9145,.F.);
#9657 = ORIENTED_EDGE('',*,*,#9362,.F.);
#9658 = ORIENTED_EDGE('',*,*,#9331,.F.);
#9659 = ORIENTED_EDGE('',*,*,#9300,.F.);
#9660 = ORIENTED_EDGE('',*,*,#9269,.F.);
#9661 = ORIENTED_EDGE('',*,*,#9238,.F.);
#9662 = ORIENTED_EDGE('',*,*,#9207,.F.);
#9663 = ORIENTED_EDGE('',*,*,#9176,.F.);
#9664 = PLANE('',#9665);
#9665 = AXIS2_PLACEMENT_3D('',#9666,#9667,#9668);
#9666 = CARTESIAN_POINT('',(2.290435977851E-02,0.391412385446,0.));
#9667 = DIRECTION('',(-0.,-0.,-1.));
#9668 = DIRECTION('',(-1.,0.,0.));
#9669 = ADVANCED_FACE('',(#9670),#9680,.T.);
#9670 = FACE_BOUND('',#9671,.T.);
#9671 = EDGE_LOOP('',(#9672,#9673,#9674,#9675,#9676,#9677,#9678,#9679));
#9672 = ORIENTED_EDGE('',*,*,#9473,.F.);
#9673 = ORIENTED_EDGE('',*,*,#9504,.F.);
#9674 = ORIENTED_EDGE('',*,*,#9520,.F.);
#9675 = ORIENTED_EDGE('',*,*,#9544,.F.);
#9676 = ORIENTED_EDGE('',*,*,#9576,.F.);
#9677 = ORIENTED_EDGE('',*,*,#9592,.F.);
#9678 = ORIENTED_EDGE('',*,*,#9616,.F.);
#9679 = ORIENTED_EDGE('',*,*,#9641,.F.);
#9680 = PLANE('',#9681);
#9681 = AXIS2_PLACEMENT_3D('',#9682,#9683,#9684);
#9682 = CARTESIAN_POINT('',(2.562556734398E-02,0.346863617415,0.));
#9683 = DIRECTION('',(0.,0.,1.));
#9684 = DIRECTION('',(1.,0.,-0.));
#9685 = MANIFOLD_SOLID_BREP('',#9686);
#9686 = CLOSED_SHELL('',(#9687,#9727,#9758,#9789,#9820,#9860,#9891,#9922
    ,#9953,#9984,#10015,#10037,#10068,#10099,#10130,#10161,#10192,#10223
    ,#10245,#10409,#10440,#10464,#10488,#10512,#10536,#10560,#10584,
    #10608,#10632,#10656,#10680,#10704,#10728,#10752,#10776,#10800,
    #10817,#10842));
#9687 = ADVANCED_FACE('',(#9688),#9722,.T.);
#9688 = FACE_BOUND('',#9689,.T.);
#9689 = EDGE_LOOP('',(#9690,#9700,#9708,#9716));
#9690 = ORIENTED_EDGE('',*,*,#9691,.T.);
#9691 = EDGE_CURVE('',#9692,#9694,#9696,.T.);
#9692 = VERTEX_POINT('',#9693);
#9693 = CARTESIAN_POINT('',(-8.2804E-02,0.138176,9.906E-03));
#9694 = VERTEX_POINT('',#9695);
#9695 = CARTESIAN_POINT('',(-8.2804E-02,0.138176,0.));
#9696 = LINE('',#9697,#9698);
#9697 = CARTESIAN_POINT('',(-8.2804E-02,0.138176,9.906E-03));
#9698 = VECTOR('',#9699,1.);
#9699 = DIRECTION('',(0.,0.,-1.));
#9700 = ORIENTED_EDGE('',*,*,#9701,.T.);
#9701 = EDGE_CURVE('',#9694,#9702,#9704,.T.);
#9702 = VERTEX_POINT('',#9703);
#9703 = CARTESIAN_POINT('',(-8.2804E-02,8.382E-02,0.));
#9704 = LINE('',#9705,#9706);
#9705 = CARTESIAN_POINT('',(-8.2804E-02,0.138176,0.));
#9706 = VECTOR('',#9707,1.);
#9707 = DIRECTION('',(0.,-1.,0.));
#9708 = ORIENTED_EDGE('',*,*,#9709,.T.);
#9709 = EDGE_CURVE('',#9702,#9710,#9712,.T.);
#9710 = VERTEX_POINT('',#9711);
#9711 = CARTESIAN_POINT('',(-8.2804E-02,8.382E-02,9.906E-03));
#9712 = LINE('',#9713,#9714);
#9713 = CARTESIAN_POINT('',(-8.2804E-02,8.382E-02,0.));
#9714 = VECTOR('',#9715,1.);
#9715 = DIRECTION('',(0.,0.,1.));
#9716 = ORIENTED_EDGE('',*,*,#9717,.T.);
#9717 = EDGE_CURVE('',#9710,#9692,#9718,.T.);
#9718 = LINE('',#9719,#9720);
#9719 = CARTESIAN_POINT('',(-8.2804E-02,8.382E-02,9.906E-03));
#9720 = VECTOR('',#9721,1.);
#9721 = DIRECTION('',(0.,1.,0.));
#9722 = PLANE('',#9723);
#9723 = AXIS2_PLACEMENT_3D('',#9724,#9725,#9726);
#9724 = CARTESIAN_POINT('',(-8.2804E-02,0.113250680836,
    7.205680836267E-03));
#9725 = DIRECTION('',(-1.,-0.,-0.));
#9726 = DIRECTION('',(0.,0.,-1.));
#9727 = ADVANCED_FACE('',(#9728),#9753,.T.);
#9728 = FACE_BOUND('',#9729,.T.);
#9729 = EDGE_LOOP('',(#9730,#9731,#9739,#9747));
#9730 = ORIENTED_EDGE('',*,*,#9709,.F.);
#9731 = ORIENTED_EDGE('',*,*,#9732,.T.);
#9732 = EDGE_CURVE('',#9702,#9733,#9735,.T.);
#9733 = VERTEX_POINT('',#9734);
#9734 = CARTESIAN_POINT('',(0.117094,8.382E-02,0.));
#9735 = LINE('',#9736,#9737);
#9736 = CARTESIAN_POINT('',(-8.2804E-02,8.382E-02,0.));
#9737 = VECTOR('',#9738,1.);
#9738 = DIRECTION('',(1.,0.,0.));
#9739 = ORIENTED_EDGE('',*,*,#9740,.T.);
#9740 = EDGE_CURVE('',#9733,#9741,#9743,.T.);
#9741 = VERTEX_POINT('',#9742);
#9742 = CARTESIAN_POINT('',(0.117094,8.382E-02,9.906E-03));
#9743 = LINE('',#9744,#9745);
#9744 = CARTESIAN_POINT('',(0.117094,8.382E-02,0.));
#9745 = VECTOR('',#9746,1.);
#9746 = DIRECTION('',(0.,0.,1.));
#9747 = ORIENTED_EDGE('',*,*,#9748,.T.);
#9748 = EDGE_CURVE('',#9741,#9710,#9749,.T.);
#9749 = LINE('',#9750,#9751);
#9750 = CARTESIAN_POINT('',(0.117094,8.382E-02,9.906E-03));
#9751 = VECTOR('',#9752,1.);
#9752 = DIRECTION('',(-1.,0.,0.));
#9753 = PLANE('',#9754);
#9754 = AXIS2_PLACEMENT_3D('',#9755,#9756,#9757);
#9755 = CARTESIAN_POINT('',(1.472982419127E-02,8.382E-02,
    7.368175808727E-03));
#9756 = DIRECTION('',(-0.,-1.,-0.));
#9757 = DIRECTION('',(0.,0.,-1.));
#9758 = ADVANCED_FACE('',(#9759),#9784,.T.);
#9759 = FACE_BOUND('',#9760,.T.);
#9760 = EDGE_LOOP('',(#9761,#9762,#9770,#9778));
#9761 = ORIENTED_EDGE('',*,*,#9740,.F.);
#9762 = ORIENTED_EDGE('',*,*,#9763,.T.);
#9763 = EDGE_CURVE('',#9733,#9764,#9766,.T.);
#9764 = VERTEX_POINT('',#9765);
#9765 = CARTESIAN_POINT('',(0.117094,0.140208,0.));
#9766 = LINE('',#9767,#9768);
#9767 = CARTESIAN_POINT('',(0.117094,8.382E-02,0.));
#9768 = VECTOR('',#9769,1.);
#9769 = DIRECTION('',(0.,1.,0.));
#9770 = ORIENTED_EDGE('',*,*,#9771,.T.);
#9771 = EDGE_CURVE('',#9764,#9772,#9774,.T.);
#9772 = VERTEX_POINT('',#9773);
#9773 = CARTESIAN_POINT('',(0.117094,0.140208,9.906E-03));
#9774 = LINE('',#9775,#9776);
#9775 = CARTESIAN_POINT('',(0.117094,0.140208,0.));
#9776 = VECTOR('',#9777,1.);
#9777 = DIRECTION('',(0.,0.,1.));
#9778 = ORIENTED_EDGE('',*,*,#9779,.T.);
#9779 = EDGE_CURVE('',#9772,#9741,#9780,.T.);
#9780 = LINE('',#9781,#9782);
#9781 = CARTESIAN_POINT('',(0.117094,0.140208,9.906E-03));
#9782 = VECTOR('',#9783,1.);
#9783 = DIRECTION('',(0.,-1.,0.));
#9784 = PLANE('',#9785);
#9785 = AXIS2_PLACEMENT_3D('',#9786,#9787,#9788);
#9786 = CARTESIAN_POINT('',(0.117094,0.109753377462,7.213622537728E-03)
  );
#9787 = DIRECTION('',(1.,0.,0.));
#9788 = DIRECTION('',(-0.,0.,1.));
#9789 = ADVANCED_FACE('',(#9790),#9815,.T.);
#9790 = FACE_BOUND('',#9791,.T.);
#9791 = EDGE_LOOP('',(#9792,#9800,#9801,#9809));
#9792 = ORIENTED_EDGE('',*,*,#9793,.T.);
#9793 = EDGE_CURVE('',#9794,#9772,#9796,.T.);
#9794 = VERTEX_POINT('',#9795);
#9795 = CARTESIAN_POINT('',(0.114046,0.169164,9.906E-03));
#9796 = LINE('',#9797,#9798);
#9797 = CARTESIAN_POINT('',(0.114046,0.169164,9.906E-03));
#9798 = VECTOR('',#9799,1.);
#9799 = DIRECTION('',(0.104684784518,-0.994505452921,0.));
#9800 = ORIENTED_EDGE('',*,*,#9771,.F.);
#9801 = ORIENTED_EDGE('',*,*,#9802,.T.);
#9802 = EDGE_CURVE('',#9764,#9803,#9805,.T.);
#9803 = VERTEX_POINT('',#9804);
#9804 = CARTESIAN_POINT('',(0.114046,0.169164,0.));
#9805 = LINE('',#9806,#9807);
#9806 = CARTESIAN_POINT('',(0.117094,0.140208,0.));
#9807 = VECTOR('',#9808,1.);
#9808 = DIRECTION('',(-0.104684784518,0.994505452921,0.));
#9809 = ORIENTED_EDGE('',*,*,#9810,.F.);
#9810 = EDGE_CURVE('',#9794,#9803,#9811,.T.);
#9811 = LINE('',#9812,#9813);
#9812 = CARTESIAN_POINT('',(0.114046,0.169164,9.906E-03));
#9813 = VECTOR('',#9814,1.);
#9814 = DIRECTION('',(0.,0.,-1.));
#9815 = PLANE('',#9816);
#9816 = AXIS2_PLACEMENT_3D('',#9817,#9818,#9819);
#9817 = CARTESIAN_POINT('',(0.115786357136,0.152630607211,
    7.019748636598E-03));
#9818 = DIRECTION('',(0.994505452921,0.104684784518,0.));
#9819 = DIRECTION('',(-0.104684784518,0.994505452921,0.));
#9820 = ADVANCED_FACE('',(#9821),#9855,.T.);
#9821 = FACE_BOUND('',#9822,.T.);
#9822 = EDGE_LOOP('',(#9823,#9833,#9841,#9849));
#9823 = ORIENTED_EDGE('',*,*,#9824,.T.);
#9824 = EDGE_CURVE('',#9825,#9827,#9829,.T.);
#9825 = VERTEX_POINT('',#9826);
#9826 = CARTESIAN_POINT('',(2.9464E-02,0.244348,0.));
#9827 = VERTEX_POINT('',#9828);
#9828 = CARTESIAN_POINT('',(1.9558E-02,0.244856,0.));
#9829 = LINE('',#9830,#9831);
#9830 = CARTESIAN_POINT('',(2.9464E-02,0.244348,0.));
#9831 = VECTOR('',#9832,1.);
#9832 = DIRECTION('',(-0.998687663477,5.121475197316E-02,0.));
#9833 = ORIENTED_EDGE('',*,*,#9834,.T.);
#9834 = EDGE_CURVE('',#9827,#9835,#9837,.T.);
#9835 = VERTEX_POINT('',#9836);
#9836 = CARTESIAN_POINT('',(1.9558E-02,0.244856,9.906E-03));
#9837 = LINE('',#9838,#9839);
#9838 = CARTESIAN_POINT('',(1.9558E-02,0.244856,0.));
#9839 = VECTOR('',#9840,1.);
#9840 = DIRECTION('',(0.,0.,1.));
#9841 = ORIENTED_EDGE('',*,*,#9842,.T.);
#9842 = EDGE_CURVE('',#9835,#9843,#9845,.T.);
#9843 = VERTEX_POINT('',#9844);
#9844 = CARTESIAN_POINT('',(2.9464E-02,0.244348,9.906E-03));
#9845 = LINE('',#9846,#9847);
#9846 = CARTESIAN_POINT('',(1.9558E-02,0.244856,9.906E-03));
#9847 = VECTOR('',#9848,1.);
#9848 = DIRECTION('',(0.998687663477,-5.121475197316E-02,0.));
#9849 = ORIENTED_EDGE('',*,*,#9850,.T.);
#9850 = EDGE_CURVE('',#9843,#9825,#9851,.T.);
#9851 = LINE('',#9852,#9853);
#9852 = CARTESIAN_POINT('',(2.9464E-02,0.244348,9.906E-03));
#9853 = VECTOR('',#9854,1.);
#9854 = DIRECTION('',(0.,0.,-1.));
#9855 = PLANE('',#9856);
#9856 = AXIS2_PLACEMENT_3D('',#9857,#9858,#9859);
#9857 = CARTESIAN_POINT('',(2.306125254505E-02,0.244676346023,
    3.501347488442E-03));
#9858 = DIRECTION('',(5.121475197316E-02,0.998687663477,0.));
#9859 = DIRECTION('',(0.998687663477,-5.121475197316E-02,0.));
#9860 = ADVANCED_FACE('',(#9861),#9886,.T.);
#9861 = FACE_BOUND('',#9862,.T.);
#9862 = EDGE_LOOP('',(#9863,#9871,#9872,#9880));
#9863 = ORIENTED_EDGE('',*,*,#9864,.T.);
#9864 = EDGE_CURVE('',#9865,#9825,#9867,.T.);
#9865 = VERTEX_POINT('',#9866);
#9866 = CARTESIAN_POINT('',(5.0292E-02,0.240538,0.));
#9867 = LINE('',#9868,#9869);
#9868 = CARTESIAN_POINT('',(5.0292E-02,0.240538,0.));
#9869 = VECTOR('',#9870,1.);
#9870 = DIRECTION('',(-0.983677406707,0.179940989032,0.));
#9871 = ORIENTED_EDGE('',*,*,#9850,.F.);
#9872 = ORIENTED_EDGE('',*,*,#9873,.T.);
#9873 = EDGE_CURVE('',#9843,#9874,#9876,.T.);
#9874 = VERTEX_POINT('',#9875);
#9875 = CARTESIAN_POINT('',(5.0292E-02,0.240538,9.906E-03));
#9876 = LINE('',#9877,#9878);
#9877 = CARTESIAN_POINT('',(2.9464E-02,0.244348,9.906E-03));
#9878 = VECTOR('',#9879,1.);
#9879 = DIRECTION('',(0.983677406707,-0.179940989032,0.));
#9880 = ORIENTED_EDGE('',*,*,#9881,.T.);
#9881 = EDGE_CURVE('',#9874,#9865,#9882,.T.);
#9882 = LINE('',#9883,#9884);
#9883 = CARTESIAN_POINT('',(5.0292E-02,0.240538,9.906E-03));
#9884 = VECTOR('',#9885,1.);
#9885 = DIRECTION('',(0.,0.,-1.));
#9886 = PLANE('',#9887);
#9887 = AXIS2_PLACEMENT_3D('',#9888,#9889,#9890);
#9888 = CARTESIAN_POINT('',(3.798360280519E-02,0.242789536072,
    3.027168236563E-03));
#9889 = DIRECTION('',(0.179940989032,0.983677406707,-1.460257513941E-16)
  );
#9890 = DIRECTION('',(0.983677406707,-0.179940989032,-2.509503097323E-33
    ));
#9891 = ADVANCED_FACE('',(#9892),#9917,.T.);
#9892 = FACE_BOUND('',#9893,.T.);
#9893 = EDGE_LOOP('',(#9894,#9902,#9903,#9911));
#9894 = ORIENTED_EDGE('',*,*,#9895,.T.);
#9895 = EDGE_CURVE('',#9896,#9865,#9898,.T.);
#9896 = VERTEX_POINT('',#9897);
#9897 = CARTESIAN_POINT('',(6.985E-02,0.232156,0.));
#9898 = LINE('',#9899,#9900);
#9899 = CARTESIAN_POINT('',(6.985E-02,0.232156,0.));
#9900 = VECTOR('',#9901,1.);
#9901 = DIRECTION('',(-0.919145030018,0.393919298579,0.));
#9902 = ORIENTED_EDGE('',*,*,#9881,.F.);
#9903 = ORIENTED_EDGE('',*,*,#9904,.T.);
#9904 = EDGE_CURVE('',#9874,#9905,#9907,.T.);
#9905 = VERTEX_POINT('',#9906);
#9906 = CARTESIAN_POINT('',(6.985E-02,0.232156,9.906E-03));
#9907 = LINE('',#9908,#9909);
#9908 = CARTESIAN_POINT('',(5.0292E-02,0.240538,9.906E-03));
#9909 = VECTOR('',#9910,1.);
#9910 = DIRECTION('',(0.919145030018,-0.393919298579,0.));
#9911 = ORIENTED_EDGE('',*,*,#9912,.T.);
#9912 = EDGE_CURVE('',#9905,#9896,#9913,.T.);
#9913 = LINE('',#9914,#9915);
#9914 = CARTESIAN_POINT('',(6.985E-02,0.232156,9.906E-03));
#9915 = VECTOR('',#9916,1.);
#9916 = DIRECTION('',(0.,0.,-1.));
#9917 = PLANE('',#9918);
#9918 = AXIS2_PLACEMENT_3D('',#9919,#9920,#9921);
#9919 = CARTESIAN_POINT('',(5.829862049945E-02,0.237106591215,
    3.024708552336E-03));
#9920 = DIRECTION('',(0.393919298579,0.919145030018,2.205350156368E-16)
  );
#9921 = DIRECTION('',(0.919145030018,-0.393919298579,-9.042338567319E-33
    ));
#9922 = ADVANCED_FACE('',(#9923),#9948,.T.);
#9923 = FACE_BOUND('',#9924,.T.);
#9924 = EDGE_LOOP('',(#9925,#9933,#9934,#9942));
#9925 = ORIENTED_EDGE('',*,*,#9926,.T.);
#9926 = EDGE_CURVE('',#9927,#9896,#9929,.T.);
#9927 = VERTEX_POINT('',#9928);
#9928 = CARTESIAN_POINT('',(8.5598E-02,0.220218,0.));
#9929 = LINE('',#9930,#9931);
#9930 = CARTESIAN_POINT('',(8.5598E-02,0.220218,0.));
#9931 = VECTOR('',#9932,1.);
#9932 = DIRECTION('',(-0.796904634527,0.604105126174,0.));
#9933 = ORIENTED_EDGE('',*,*,#9912,.F.);
#9934 = ORIENTED_EDGE('',*,*,#9935,.T.);
#9935 = EDGE_CURVE('',#9905,#9936,#9938,.T.);
#9936 = VERTEX_POINT('',#9937);
#9937 = CARTESIAN_POINT('',(8.5598E-02,0.220218,9.906E-03));
#9938 = LINE('',#9939,#9940);
#9939 = CARTESIAN_POINT('',(6.985E-02,0.232156,9.906E-03));
#9940 = VECTOR('',#9941,1.);
#9941 = DIRECTION('',(0.796904634527,-0.604105126174,0.));
#9942 = ORIENTED_EDGE('',*,*,#9943,.T.);
#9943 = EDGE_CURVE('',#9936,#9927,#9944,.T.);
#9944 = LINE('',#9945,#9946);
#9945 = CARTESIAN_POINT('',(8.5598E-02,0.220218,9.906E-03));
#9946 = VECTOR('',#9947,1.);
#9947 = DIRECTION('',(0.,0.,-1.));
#9948 = PLANE('',#9949);
#9949 = AXIS2_PLACEMENT_3D('',#9950,#9951,#9952);
#9950 = CARTESIAN_POINT('',(7.621741920794E-02,0.227329085439,
    3.062459116198E-03));
#9951 = DIRECTION('',(0.604105126174,0.796904634527,-2.026186644464E-16)
  );
#9952 = DIRECTION('',(0.796904634527,-0.604105126174,1.482779520735E-32)
  );
#9953 = ADVANCED_FACE('',(#9954),#9979,.T.);
#9954 = FACE_BOUND('',#9955,.T.);
#9955 = EDGE_LOOP('',(#9956,#9964,#9965,#9973));
#9956 = ORIENTED_EDGE('',*,*,#9957,.T.);
#9957 = EDGE_CURVE('',#9958,#9927,#9960,.T.);
#9958 = VERTEX_POINT('',#9959);
#9959 = CARTESIAN_POINT('',(9.2964E-02,0.212344,0.));
#9960 = LINE('',#9961,#9962);
#9961 = CARTESIAN_POINT('',(9.2964E-02,0.212344,0.));
#9962 = VECTOR('',#9963,1.);
#9963 = DIRECTION('',(-0.683157128776,0.730271413519,0.));
#9964 = ORIENTED_EDGE('',*,*,#9943,.F.);
#9965 = ORIENTED_EDGE('',*,*,#9966,.T.);
#9966 = EDGE_CURVE('',#9936,#9967,#9969,.T.);
#9967 = VERTEX_POINT('',#9968);
#9968 = CARTESIAN_POINT('',(9.2964E-02,0.212344,9.906E-03));
#9969 = LINE('',#9970,#9971);
#9970 = CARTESIAN_POINT('',(8.5598E-02,0.220218,9.906E-03));
#9971 = VECTOR('',#9972,1.);
#9972 = DIRECTION('',(0.683157128776,-0.730271413519,0.));
#9973 = ORIENTED_EDGE('',*,*,#9974,.T.);
#9974 = EDGE_CURVE('',#9967,#9958,#9975,.T.);
#9975 = LINE('',#9976,#9977);
#9976 = CARTESIAN_POINT('',(9.2964E-02,0.212344,9.906E-03));
#9977 = VECTOR('',#9978,1.);
#9978 = DIRECTION('',(0.,0.,-1.));
#9979 = PLANE('',#9980);
#9980 = AXIS2_PLACEMENT_3D('',#9981,#9982,#9983);
#9981 = CARTESIAN_POINT('',(8.824834931553E-02,0.217384867973,
    3.441414098346E-03));
#9982 = DIRECTION('',(0.730271413519,0.683157128776,0.));
#9983 = DIRECTION('',(-0.683157128776,0.730271413519,0.));
#9984 = ADVANCED_FACE('',(#9985),#10010,.T.);
#9985 = FACE_BOUND('',#9986,.T.);
#9986 = EDGE_LOOP('',(#9987,#9995,#9996,#10004));
#9987 = ORIENTED_EDGE('',*,*,#9988,.T.);
#9988 = EDGE_CURVE('',#9989,#9958,#9991,.T.);
#9989 = VERTEX_POINT('',#9990);
#9990 = CARTESIAN_POINT('',(0.105918,0.192532,0.));
#9991 = LINE('',#9992,#9993);
#9992 = CARTESIAN_POINT('',(0.105918,0.192532,0.));
#9993 = VECTOR('',#9994,1.);
#9994 = DIRECTION('',(-0.547249362983,0.836969613974,0.));
#9995 = ORIENTED_EDGE('',*,*,#9974,.F.);
#9996 = ORIENTED_EDGE('',*,*,#9997,.T.);
#9997 = EDGE_CURVE('',#9967,#9998,#10000,.T.);
#9998 = VERTEX_POINT('',#9999);
#9999 = CARTESIAN_POINT('',(0.105918,0.192532,9.906E-03));
#10000 = LINE('',#10001,#10002);
#10001 = CARTESIAN_POINT('',(9.2964E-02,0.212344,9.906E-03));
#10002 = VECTOR('',#10003,1.);
#10003 = DIRECTION('',(0.547249362983,-0.836969613974,0.));
#10004 = ORIENTED_EDGE('',*,*,#10005,.T.);
#10005 = EDGE_CURVE('',#9998,#9989,#10006,.T.);
#10006 = LINE('',#10007,#10008);
#10007 = CARTESIAN_POINT('',(0.105918,0.192532,9.906E-03));
#10008 = VECTOR('',#10009,1.);
#10009 = DIRECTION('',(0.,0.,-1.));
#10010 = PLANE('',#10011);
#10011 = AXIS2_PLACEMENT_3D('',#10012,#10013,#10014);
#10012 = CARTESIAN_POINT('',(9.835788079348E-02,0.204094535257,
    2.973794029593E-03));
#10013 = DIRECTION('',(0.836969613974,0.547249362983,-1.952624131041E-16
    ));
#10014 = DIRECTION('',(-0.547249362983,0.836969613974,
    -6.706244082498E-33));
#10015 = ADVANCED_FACE('',(#10016),#10032,.T.);
#10016 = FACE_BOUND('',#10017,.T.);
#10017 = EDGE_LOOP('',(#10018,#10024,#10025,#10031));
#10018 = ORIENTED_EDGE('',*,*,#10019,.T.);
#10019 = EDGE_CURVE('',#9803,#9989,#10020,.T.);
#10020 = LINE('',#10021,#10022);
#10021 = CARTESIAN_POINT('',(0.114046,0.169164,0.));
#10022 = VECTOR('',#10023,1.);
#10023 = DIRECTION('',(-0.328520624941,0.944496796706,0.));
#10024 = ORIENTED_EDGE('',*,*,#10005,.F.);
#10025 = ORIENTED_EDGE('',*,*,#10026,.T.);
#10026 = EDGE_CURVE('',#9998,#9794,#10027,.T.);
#10027 = LINE('',#10028,#10029);
#10028 = CARTESIAN_POINT('',(0.105918,0.192532,9.906E-03));
#10029 = VECTOR('',#10030,1.);
#10030 = DIRECTION('',(0.328520624941,-0.944496796706,0.));
#10031 = ORIENTED_EDGE('',*,*,#9810,.T.);
#10032 = PLANE('',#10033);
#10033 = AXIS2_PLACEMENT_3D('',#10034,#10035,#10036);
#10034 = CARTESIAN_POINT('',(0.109325239948,0.18273618515,
    2.953855951931E-03));
#10035 = DIRECTION('',(0.944496796706,0.328520624941,1.568151548031E-16)
  );
#10036 = DIRECTION('',(-0.328520624941,0.944496796706,
    -2.548702661682E-33));
#10037 = ADVANCED_FACE('',(#10038),#10063,.T.);
#10038 = FACE_BOUND('',#10039,.T.);
#10039 = EDGE_LOOP('',(#10040,#10048,#10049,#10057));
#10040 = ORIENTED_EDGE('',*,*,#10041,.T.);
#10041 = EDGE_CURVE('',#10042,#9694,#10044,.T.);
#10042 = VERTEX_POINT('',#10043);
#10043 = CARTESIAN_POINT('',(-8.0772E-02,0.162814,0.));
#10044 = LINE('',#10045,#10046);
#10045 = CARTESIAN_POINT('',(-8.0772E-02,0.162814,0.));
#10046 = VECTOR('',#10047,1.);
#10047 = DIRECTION('',(-8.219515491822E-02,-0.996616253383,0.));
#10048 = ORIENTED_EDGE('',*,*,#9691,.F.);
#10049 = ORIENTED_EDGE('',*,*,#10050,.T.);
#10050 = EDGE_CURVE('',#9692,#10051,#10053,.T.);
#10051 = VERTEX_POINT('',#10052);
#10052 = CARTESIAN_POINT('',(-8.0772E-02,0.162814,9.906E-03));
#10053 = LINE('',#10054,#10055);
#10054 = CARTESIAN_POINT('',(-8.2804E-02,0.138176,9.906E-03));
#10055 = VECTOR('',#10056,1.);
#10056 = DIRECTION('',(8.219515491822E-02,0.996616253383,0.));
#10057 = ORIENTED_EDGE('',*,*,#10058,.T.);
#10058 = EDGE_CURVE('',#10051,#10042,#10059,.T.);
#10059 = LINE('',#10060,#10061);
#10060 = CARTESIAN_POINT('',(-8.0772E-02,0.162814,9.906E-03));
#10061 = VECTOR('',#10062,1.);
#10062 = DIRECTION('',(0.,0.,-1.));
#10063 = PLANE('',#10064);
#10064 = AXIS2_PLACEMENT_3D('',#10065,#10066,#10067);
#10065 = CARTESIAN_POINT('',(-8.195229112983E-02,0.148502970051,
    2.954206640483E-03));
#10066 = DIRECTION('',(-0.996616253383,8.219515491822E-02,-0.));
#10067 = DIRECTION('',(-8.219515491822E-02,-0.996616253383,0.));
#10068 = ADVANCED_FACE('',(#10069),#10094,.T.);
#10069 = FACE_BOUND('',#10070,.T.);
#10070 = EDGE_LOOP('',(#10071,#10079,#10080,#10088));
#10071 = ORIENTED_EDGE('',*,*,#10072,.T.);
#10072 = EDGE_CURVE('',#10073,#10042,#10075,.T.);
#10073 = VERTEX_POINT('',#10074);
#10074 = CARTESIAN_POINT('',(-7.3914E-02,0.185928,0.));
#10075 = LINE('',#10076,#10077);
#10076 = CARTESIAN_POINT('',(-7.3914E-02,0.185928,0.));
#10077 = VECTOR('',#10078,1.);
#10078 = DIRECTION('',(-0.284447007172,-0.958691764912,0.));
#10079 = ORIENTED_EDGE('',*,*,#10058,.F.);
#10080 = ORIENTED_EDGE('',*,*,#10081,.T.);
#10081 = EDGE_CURVE('',#10051,#10082,#10084,.T.);
#10082 = VERTEX_POINT('',#10083);
#10083 = CARTESIAN_POINT('',(-7.3914E-02,0.185928,9.906E-03));
#10084 = LINE('',#10085,#10086);
#10085 = CARTESIAN_POINT('',(-8.0772E-02,0.162814,9.906E-03));
#10086 = VECTOR('',#10087,1.);
#10087 = DIRECTION('',(0.284447007172,0.958691764912,0.));
#10088 = ORIENTED_EDGE('',*,*,#10089,.T.);
#10089 = EDGE_CURVE('',#10082,#10073,#10090,.T.);
#10090 = LINE('',#10091,#10092);
#10091 = CARTESIAN_POINT('',(-7.3914E-02,0.185928,9.906E-03));
#10092 = VECTOR('',#10093,1.);
#10093 = DIRECTION('',(0.,0.,-1.));
#10094 = PLANE('',#10095);
#10095 = AXIS2_PLACEMENT_3D('',#10096,#10097,#10098);
#10096 = CARTESIAN_POINT('',(-7.790835913554E-02,0.172465530321,
    2.965427196332E-03));
#10097 = DIRECTION('',(-0.958691764912,0.284447007172,-0.));
#10098 = DIRECTION('',(-0.284447007172,-0.958691764912,0.));
#10099 = ADVANCED_FACE('',(#10100),#10125,.T.);
#10100 = FACE_BOUND('',#10101,.T.);
#10101 = EDGE_LOOP('',(#10102,#10110,#10111,#10119));
#10102 = ORIENTED_EDGE('',*,*,#10103,.T.);
#10103 = EDGE_CURVE('',#10104,#10073,#10106,.T.);
#10104 = VERTEX_POINT('',#10105);
#10105 = CARTESIAN_POINT('',(-6.1722E-02,0.206756,0.));
#10106 = LINE('',#10107,#10108);
#10107 = CARTESIAN_POINT('',(-6.1722E-02,0.206756,0.));
#10108 = VECTOR('',#10109,1.);
#10109 = DIRECTION('',(-0.505179201569,-0.863014469347,0.));
#10110 = ORIENTED_EDGE('',*,*,#10089,.F.);
#10111 = ORIENTED_EDGE('',*,*,#10112,.T.);
#10112 = EDGE_CURVE('',#10082,#10113,#10115,.T.);
#10113 = VERTEX_POINT('',#10114);
#10114 = CARTESIAN_POINT('',(-6.1722E-02,0.206756,9.906E-03));
#10115 = LINE('',#10116,#10117);
#10116 = CARTESIAN_POINT('',(-7.3914E-02,0.185928,9.906E-03));
#10117 = VECTOR('',#10118,1.);
#10118 = DIRECTION('',(0.505179201569,0.863014469347,0.));
#10119 = ORIENTED_EDGE('',*,*,#10120,.T.);
#10120 = EDGE_CURVE('',#10113,#10104,#10121,.T.);
#10121 = LINE('',#10122,#10123);
#10122 = CARTESIAN_POINT('',(-6.1722E-02,0.206756,9.906E-03));
#10123 = VECTOR('',#10124,1.);
#10124 = DIRECTION('',(0.,0.,-1.));
#10125 = PLANE('',#10126);
#10126 = AXIS2_PLACEMENT_3D('',#10127,#10128,#10129);
#10127 = CARTESIAN_POINT('',(-6.882230833574E-02,0.194626306593,
    2.964976081715E-03));
#10128 = DIRECTION('',(-0.863014469347,0.505179201569,
    -1.945199615359E-16));
#10129 = DIRECTION('',(-0.505179201569,-0.863014469347,
    3.706797163637E-33));
#10130 = ADVANCED_FACE('',(#10131),#10156,.T.);
#10131 = FACE_BOUND('',#10132,.T.);
#10132 = EDGE_LOOP('',(#10133,#10141,#10142,#10150));
#10133 = ORIENTED_EDGE('',*,*,#10134,.T.);
#10134 = EDGE_CURVE('',#10135,#10104,#10137,.T.);
#10135 = VERTEX_POINT('',#10136);
#10136 = CARTESIAN_POINT('',(-4.5974E-02,0.223266,0.));
#10137 = LINE('',#10138,#10139);
#10138 = CARTESIAN_POINT('',(-4.5974E-02,0.223266,0.));
#10139 = VECTOR('',#10140,1.);
#10140 = DIRECTION('',(-0.690210929016,-0.723608232033,0.));
#10141 = ORIENTED_EDGE('',*,*,#10120,.F.);
#10142 = ORIENTED_EDGE('',*,*,#10143,.T.);
#10143 = EDGE_CURVE('',#10113,#10144,#10146,.T.);
#10144 = VERTEX_POINT('',#10145);
#10145 = CARTESIAN_POINT('',(-4.5974E-02,0.223266,9.906E-03));
#10146 = LINE('',#10147,#10148);
#10147 = CARTESIAN_POINT('',(-6.1722E-02,0.206756,9.906E-03));
#10148 = VECTOR('',#10149,1.);
#10149 = DIRECTION('',(0.690210929016,0.723608232033,0.));
#10150 = ORIENTED_EDGE('',*,*,#10151,.T.);
#10151 = EDGE_CURVE('',#10144,#10135,#10152,.T.);
#10152 = LINE('',#10153,#10154);
#10153 = CARTESIAN_POINT('',(-4.5974E-02,0.223266,9.906E-03));
#10154 = VECTOR('',#10155,1.);
#10155 = DIRECTION('',(0.,0.,-1.));
#10156 = PLANE('',#10157);
#10157 = AXIS2_PLACEMENT_3D('',#10158,#10159,#10160);
#10158 = CARTESIAN_POINT('',(-5.520225649573E-02,0.213591214964,
    2.990909226296E-03));
#10159 = DIRECTION('',(-0.723608232033,0.690210929016,
    -1.400796877362E-16));
#10160 = DIRECTION('',(-0.690210929016,-0.723608232033,
    -6.946627499342E-34));
#10161 = ADVANCED_FACE('',(#10162),#10187,.T.);
#10162 = FACE_BOUND('',#10163,.T.);
#10163 = EDGE_LOOP('',(#10164,#10172,#10173,#10181));
#10164 = ORIENTED_EDGE('',*,*,#10165,.T.);
#10165 = EDGE_CURVE('',#10166,#10135,#10168,.T.);
#10166 = VERTEX_POINT('',#10167);
#10167 = CARTESIAN_POINT('',(-2.794E-02,0.234696,0.));
#10168 = LINE('',#10169,#10170);
#10169 = CARTESIAN_POINT('',(-2.794E-02,0.234696,0.));
#10170 = VECTOR('',#10171,1.);
#10171 = DIRECTION('',(-0.844639781229,-0.53533507261,0.));
#10172 = ORIENTED_EDGE('',*,*,#10151,.F.);
#10173 = ORIENTED_EDGE('',*,*,#10174,.T.);
#10174 = EDGE_CURVE('',#10144,#10175,#10177,.T.);
#10175 = VERTEX_POINT('',#10176);
#10176 = CARTESIAN_POINT('',(-2.794E-02,0.234696,9.906E-03));
#10177 = LINE('',#10178,#10179);
#10178 = CARTESIAN_POINT('',(-4.5974E-02,0.223266,9.906E-03));
#10179 = VECTOR('',#10180,1.);
#10180 = DIRECTION('',(0.844639781229,0.53533507261,0.));
#10181 = ORIENTED_EDGE('',*,*,#10182,.T.);
#10182 = EDGE_CURVE('',#10175,#10166,#10183,.T.);
#10183 = LINE('',#10184,#10185);
#10184 = CARTESIAN_POINT('',(-2.794E-02,0.234696,9.906E-03));
#10185 = VECTOR('',#10186,1.);
#10186 = DIRECTION('',(0.,0.,-1.));
#10187 = PLANE('',#10188);
#10188 = AXIS2_PLACEMENT_3D('',#10189,#10190,#10191);
#10189 = CARTESIAN_POINT('',(-3.858714055403E-02,0.227947812325,
    3.023016840014E-03));
#10190 = DIRECTION('',(-0.53533507261,0.844639781229,0.));
#10191 = DIRECTION('',(0.844639781229,0.53533507261,0.));
#10192 = ADVANCED_FACE('',(#10193),#10218,.T.);
#10193 = FACE_BOUND('',#10194,.T.);
#10194 = EDGE_LOOP('',(#10195,#10203,#10204,#10212));
#10195 = ORIENTED_EDGE('',*,*,#10196,.T.);
#10196 = EDGE_CURVE('',#10197,#10166,#10199,.T.);
#10197 = VERTEX_POINT('',#10198);
#10198 = CARTESIAN_POINT('',(-7.112E-03,0.242062,0.));
#10199 = LINE('',#10200,#10201);
#10200 = CARTESIAN_POINT('',(-7.112E-03,0.242062,0.));
#10201 = VECTOR('',#10202,1.);
#10202 = DIRECTION('',(-0.942777884126,-0.333421446825,0.));
#10203 = ORIENTED_EDGE('',*,*,#10182,.F.);
#10204 = ORIENTED_EDGE('',*,*,#10205,.T.);
#10205 = EDGE_CURVE('',#10175,#10206,#10208,.T.);
#10206 = VERTEX_POINT('',#10207);
#10207 = CARTESIAN_POINT('',(-7.112E-03,0.242062,9.906E-03));
#10208 = LINE('',#10209,#10210);
#10209 = CARTESIAN_POINT('',(-2.794E-02,0.234696,9.906E-03));
#10210 = VECTOR('',#10211,1.);
#10211 = DIRECTION('',(0.942777884126,0.333421446825,0.));
#10212 = ORIENTED_EDGE('',*,*,#10213,.T.);
#10213 = EDGE_CURVE('',#10206,#10197,#10214,.T.);
#10214 = LINE('',#10215,#10216);
#10215 = CARTESIAN_POINT('',(-7.112E-03,0.242062,9.906E-03));
#10216 = VECTOR('',#10217,1.);
#10217 = DIRECTION('',(0.,0.,-1.));
#10218 = PLANE('',#10219);
#10219 = AXIS2_PLACEMENT_3D('',#10220,#10221,#10222);
#10220 = CARTESIAN_POINT('',(-1.936129394834E-02,0.237729932628,
    3.006312472382E-03));
#10221 = DIRECTION('',(-0.333421446825,0.942777884126,
    -1.294033666664E-16));
#10222 = DIRECTION('',(0.942777884126,0.333421446825,6.455756768784E-33)
  );
#10223 = ADVANCED_FACE('',(#10224),#10240,.T.);
#10224 = FACE_BOUND('',#10225,.T.);
#10225 = EDGE_LOOP('',(#10226,#10232,#10233,#10239));
#10226 = ORIENTED_EDGE('',*,*,#10227,.T.);
#10227 = EDGE_CURVE('',#9827,#10197,#10228,.T.);
#10228 = LINE('',#10229,#10230);
#10229 = CARTESIAN_POINT('',(1.9558E-02,0.244856,0.));
#10230 = VECTOR('',#10231,1.);
#10231 = DIRECTION('',(-0.99455723192,-0.104191710011,0.));
#10232 = ORIENTED_EDGE('',*,*,#10213,.F.);
#10233 = ORIENTED_EDGE('',*,*,#10234,.T.);
#10234 = EDGE_CURVE('',#10206,#9835,#10235,.T.);
#10235 = LINE('',#10236,#10237);
#10236 = CARTESIAN_POINT('',(-7.112E-03,0.242062,9.906E-03));
#10237 = VECTOR('',#10238,1.);
#10238 = DIRECTION('',(0.99455723192,0.104191710011,0.));
#10239 = ORIENTED_EDGE('',*,*,#9834,.F.);
#10240 = PLANE('',#10241);
#10241 = AXIS2_PLACEMENT_3D('',#10242,#10243,#10244);
#10242 = CARTESIAN_POINT('',(4.200363976361E-03,0.243247104798,
    2.919294991658E-03));
#10243 = DIRECTION('',(-0.104191710011,0.99455723192,0.));
#10244 = DIRECTION('',(0.99455723192,0.104191710011,0.));
#10245 = ADVANCED_FACE('',(#10246,#10266),#10404,.T.);
#10246 = FACE_BOUND('',#10247,.T.);
#10247 = EDGE_LOOP('',(#10248,#10249,#10250,#10251,#10252,#10253,#10254,
    #10255,#10256,#10257,#10258,#10259,#10260,#10261,#10262,#10263,
    #10264,#10265));
#10248 = ORIENTED_EDGE('',*,*,#10234,.F.);
#10249 = ORIENTED_EDGE('',*,*,#10205,.F.);
#10250 = ORIENTED_EDGE('',*,*,#10174,.F.);
#10251 = ORIENTED_EDGE('',*,*,#10143,.F.);
#10252 = ORIENTED_EDGE('',*,*,#10112,.F.);
#10253 = ORIENTED_EDGE('',*,*,#10081,.F.);
#10254 = ORIENTED_EDGE('',*,*,#10050,.F.);
#10255 = ORIENTED_EDGE('',*,*,#9717,.F.);
#10256 = ORIENTED_EDGE('',*,*,#9748,.F.);
#10257 = ORIENTED_EDGE('',*,*,#9779,.F.);
#10258 = ORIENTED_EDGE('',*,*,#9793,.F.);
#10259 = ORIENTED_EDGE('',*,*,#10026,.F.);
#10260 = ORIENTED_EDGE('',*,*,#9997,.F.);
#10261 = ORIENTED_EDGE('',*,*,#9966,.F.);
#10262 = ORIENTED_EDGE('',*,*,#9935,.F.);
#10263 = ORIENTED_EDGE('',*,*,#9904,.F.);
#10264 = ORIENTED_EDGE('',*,*,#9873,.F.);
#10265 = ORIENTED_EDGE('',*,*,#9842,.F.);
#10266 = FACE_BOUND('',#10267,.T.);
#10267 = EDGE_LOOP('',(#10268,#10278,#10286,#10294,#10302,#10310,#10318,
    #10326,#10334,#10342,#10350,#10358,#10366,#10374,#10382,#10390,
    #10398));
#10268 = ORIENTED_EDGE('',*,*,#10269,.T.);
#10269 = EDGE_CURVE('',#10270,#10272,#10274,.T.);
#10270 = VERTEX_POINT('',#10271);
#10271 = CARTESIAN_POINT('',(-5.08E-03,0.215392,9.906E-03));
#10272 = VERTEX_POINT('',#10273);
#10273 = CARTESIAN_POINT('',(1.905E-02,0.217932,9.906E-03));
#10274 = LINE('',#10275,#10276);
#10275 = CARTESIAN_POINT('',(-5.08E-03,0.215392,9.906E-03));
#10276 = VECTOR('',#10277,1.);
#10277 = DIRECTION('',(0.994505452921,0.104684784518,0.));
#10278 = ORIENTED_EDGE('',*,*,#10279,.T.);
#10279 = EDGE_CURVE('',#10272,#10280,#10282,.T.);
#10280 = VERTEX_POINT('',#10281);
#10281 = CARTESIAN_POINT('',(3.8862E-02,0.216154,9.906E-03));
#10282 = LINE('',#10283,#10284);
#10283 = CARTESIAN_POINT('',(1.905E-02,0.217932,9.906E-03));
#10284 = VECTOR('',#10285,1.);
#10285 = DIRECTION('',(0.995997206497,-8.938436468563E-02,0.));
#10286 = ORIENTED_EDGE('',*,*,#10287,.T.);
#10287 = EDGE_CURVE('',#10280,#10288,#10290,.T.);
#10288 = VERTEX_POINT('',#10289);
#10289 = CARTESIAN_POINT('',(5.4864E-02,0.211582,9.906E-03));
#10290 = LINE('',#10291,#10292);
#10291 = CARTESIAN_POINT('',(3.8862E-02,0.216154,9.906E-03));
#10292 = VECTOR('',#10293,1.);
#10293 = DIRECTION('',(0.961523947641,-0.274721127897,0.));
#10294 = ORIENTED_EDGE('',*,*,#10295,.T.);
#10295 = EDGE_CURVE('',#10288,#10296,#10298,.T.);
#10296 = VERTEX_POINT('',#10297);
#10297 = CARTESIAN_POINT('',(6.7056E-02,0.204724,9.906E-03));
#10298 = LINE('',#10299,#10300);
#10299 = CARTESIAN_POINT('',(5.4864E-02,0.211582,9.906E-03));
#10300 = VECTOR('',#10301,1.);
#10301 = DIRECTION('',(0.871575537125,-0.490261239633,0.));
#10302 = ORIENTED_EDGE('',*,*,#10303,.T.);
#10303 = EDGE_CURVE('',#10296,#10304,#10306,.T.);
#10304 = VERTEX_POINT('',#10305);
#10305 = CARTESIAN_POINT('',(7.747E-02,0.195072,9.906E-03));
#10306 = LINE('',#10307,#10308);
#10307 = CARTESIAN_POINT('',(6.7056E-02,0.204724,9.906E-03));
#10308 = VECTOR('',#10309,1.);
#10309 = DIRECTION('',(0.73343029662,-0.67976466516,0.));
#10310 = ORIENTED_EDGE('',*,*,#10311,.T.);
#10311 = EDGE_CURVE('',#10304,#10312,#10314,.T.);
#10312 = VERTEX_POINT('',#10313);
#10313 = CARTESIAN_POINT('',(8.6868E-02,0.18034,9.906E-03));
#10314 = LINE('',#10315,#10316);
#10315 = CARTESIAN_POINT('',(7.747E-02,0.195072,9.906E-03));
#10316 = VECTOR('',#10317,1.);
#10317 = DIRECTION('',(0.53781569476,-0.843062440434,0.));
#10318 = ORIENTED_EDGE('',*,*,#10319,.T.);
#10319 = EDGE_CURVE('',#10312,#10320,#10322,.T.);
#10320 = VERTEX_POINT('',#10321);
#10321 = CARTESIAN_POINT('',(9.271E-02,0.16383,9.906E-03));
#10322 = LINE('',#10323,#10324);
#10323 = CARTESIAN_POINT('',(8.6868E-02,0.18034,9.906E-03));
#10324 = VECTOR('',#10325,1.);
#10325 = DIRECTION('',(0.333578650439,-0.942722272979,0.));
#10326 = ORIENTED_EDGE('',*,*,#10327,.T.);
#10327 = EDGE_CURVE('',#10320,#10328,#10330,.T.);
#10328 = VERTEX_POINT('',#10329);
#10329 = CARTESIAN_POINT('',(9.525E-02,0.140208,9.906E-03));
#10330 = LINE('',#10331,#10332);
#10331 = CARTESIAN_POINT('',(9.271E-02,0.16383,9.906E-03));
#10332 = VECTOR('',#10333,1.);
#10333 = DIRECTION('',(0.106910606117,-0.994268636888,0.));
#10334 = ORIENTED_EDGE('',*,*,#10335,.T.);
#10335 = EDGE_CURVE('',#10328,#10336,#10338,.T.);
#10336 = VERTEX_POINT('',#10337);
#10337 = CARTESIAN_POINT('',(9.525E-02,0.11049,9.906E-03));
#10338 = LINE('',#10339,#10340);
#10339 = CARTESIAN_POINT('',(9.525E-02,0.140208,9.906E-03));
#10340 = VECTOR('',#10341,1.);
#10341 = DIRECTION('',(0.,-1.,0.));
#10342 = ORIENTED_EDGE('',*,*,#10343,.T.);
#10343 = EDGE_CURVE('',#10336,#10344,#10346,.T.);
#10344 = VERTEX_POINT('',#10345);
#10345 = CARTESIAN_POINT('',(-6.096E-02,0.11049,9.906E-03));
#10346 = LINE('',#10347,#10348);
#10347 = CARTESIAN_POINT('',(9.525E-02,0.11049,9.906E-03));
#10348 = VECTOR('',#10349,1.);
#10349 = DIRECTION('',(-1.,0.,0.));
#10350 = ORIENTED_EDGE('',*,*,#10351,.T.);
#10351 = EDGE_CURVE('',#10344,#10352,#10354,.T.);
#10352 = VERTEX_POINT('',#10353);
#10353 = CARTESIAN_POINT('',(-6.096E-02,0.138938,9.906E-03));
#10354 = LINE('',#10355,#10356);
#10355 = CARTESIAN_POINT('',(-6.096E-02,0.11049,9.906E-03));
#10356 = VECTOR('',#10357,1.);
#10357 = DIRECTION('',(0.,1.,0.));
#10358 = ORIENTED_EDGE('',*,*,#10359,.T.);
#10359 = EDGE_CURVE('',#10352,#10360,#10362,.T.);
#10360 = VERTEX_POINT('',#10361);
#10361 = CARTESIAN_POINT('',(-5.8928E-02,0.16002,9.906E-03));
#10362 = LINE('',#10363,#10364);
#10363 = CARTESIAN_POINT('',(-6.096E-02,0.138938,9.906E-03));
#10364 = VECTOR('',#10365,1.);
#10365 = DIRECTION('',(9.594091858563E-02,0.995387030326,0.));
#10366 = ORIENTED_EDGE('',*,*,#10367,.T.);
#10367 = EDGE_CURVE('',#10360,#10368,#10370,.T.);
#10368 = VERTEX_POINT('',#10369);
#10369 = CARTESIAN_POINT('',(-5.3594E-02,0.177038,9.906E-03));
#10370 = LINE('',#10371,#10372);
#10371 = CARTESIAN_POINT('',(-5.8928E-02,0.16002,9.906E-03));
#10372 = VECTOR('',#10373,1.);
#10373 = DIRECTION('',(0.299085828245,0.954226213926,0.));
#10374 = ORIENTED_EDGE('',*,*,#10375,.T.);
#10375 = EDGE_CURVE('',#10368,#10376,#10378,.T.);
#10376 = VERTEX_POINT('',#10377);
#10377 = CARTESIAN_POINT('',(-4.572E-02,0.1905,9.906E-03));
#10378 = LINE('',#10379,#10380);
#10379 = CARTESIAN_POINT('',(-5.3594E-02,0.177038,9.906E-03));
#10380 = VECTOR('',#10381,1.);
#10381 = DIRECTION('',(0.504883315038,0.863187603129,0.));
#10382 = ORIENTED_EDGE('',*,*,#10383,.T.);
#10383 = EDGE_CURVE('',#10376,#10384,#10386,.T.);
#10384 = VERTEX_POINT('',#10385);
#10385 = CARTESIAN_POINT('',(-3.4798E-02,0.201676,9.906E-03));
#10386 = LINE('',#10387,#10388);
#10387 = CARTESIAN_POINT('',(-4.572E-02,0.1905,9.906E-03));
#10388 = VECTOR('',#10389,1.);
#10389 = DIRECTION('',(0.698932947801,0.715187202401,0.));
#10390 = ORIENTED_EDGE('',*,*,#10391,.T.);
#10391 = EDGE_CURVE('',#10384,#10392,#10394,.T.);
#10392 = VERTEX_POINT('',#10393);
#10393 = CARTESIAN_POINT('',(-2.0828E-02,0.210058,9.906E-03));
#10394 = LINE('',#10395,#10396);
#10395 = CARTESIAN_POINT('',(-3.4798E-02,0.201676,9.906E-03));
#10396 = VECTOR('',#10397,1.);
#10397 = DIRECTION('',(0.857492925713,0.514495755428,0.));
#10398 = ORIENTED_EDGE('',*,*,#10399,.T.);
#10399 = EDGE_CURVE('',#10392,#10270,#10400,.T.);
#10400 = LINE('',#10401,#10402);
#10401 = CARTESIAN_POINT('',(-2.0828E-02,0.210058,9.906E-03));
#10402 = VECTOR('',#10403,1.);
#10403 = DIRECTION('',(0.947144575628,0.32080703368,0.));
#10404 = PLANE('',#10405);
#10405 = AXIS2_PLACEMENT_3D('',#10406,#10407,#10408);
#10406 = CARTESIAN_POINT('',(1.006486769495E-02,0.234459006138,9.906E-03
    ));
#10407 = DIRECTION('',(0.,0.,1.));
#10408 = DIRECTION('',(1.,0.,-0.));
#10409 = ADVANCED_FACE('',(#10410),#10435,.T.);
#10410 = FACE_BOUND('',#10411,.T.);
#10411 = EDGE_LOOP('',(#10412,#10420,#10428,#10434));
#10412 = ORIENTED_EDGE('',*,*,#10413,.T.);
#10413 = EDGE_CURVE('',#10328,#10414,#10416,.T.);
#10414 = VERTEX_POINT('',#10415);
#10415 = CARTESIAN_POINT('',(9.525E-02,0.140208,0.));
#10416 = LINE('',#10417,#10418);
#10417 = CARTESIAN_POINT('',(9.525E-02,0.140208,9.906E-03));
#10418 = VECTOR('',#10419,1.);
#10419 = DIRECTION('',(0.,0.,-1.));
#10420 = ORIENTED_EDGE('',*,*,#10421,.T.);
#10421 = EDGE_CURVE('',#10414,#10422,#10424,.T.);
#10422 = VERTEX_POINT('',#10423);
#10423 = CARTESIAN_POINT('',(9.525E-02,0.11049,0.));
#10424 = LINE('',#10425,#10426);
#10425 = CARTESIAN_POINT('',(9.525E-02,0.140208,0.));
#10426 = VECTOR('',#10427,1.);
#10427 = DIRECTION('',(0.,-1.,0.));
#10428 = ORIENTED_EDGE('',*,*,#10429,.T.);
#10429 = EDGE_CURVE('',#10422,#10336,#10430,.T.);
#10430 = LINE('',#10431,#10432);
#10431 = CARTESIAN_POINT('',(9.525E-02,0.11049,0.));
#10432 = VECTOR('',#10433,1.);
#10433 = DIRECTION('',(0.,0.,1.));
#10434 = ORIENTED_EDGE('',*,*,#10335,.F.);
#10435 = PLANE('',#10436);
#10436 = AXIS2_PLACEMENT_3D('',#10437,#10438,#10439);
#10437 = CARTESIAN_POINT('',(9.525E-02,0.127423619375,7.027619374593E-03
    ));
#10438 = DIRECTION('',(-1.,-0.,-0.));
#10439 = DIRECTION('',(0.,0.,-1.));
#10440 = ADVANCED_FACE('',(#10441),#10459,.T.);
#10441 = FACE_BOUND('',#10442,.T.);
#10442 = EDGE_LOOP('',(#10443,#10451,#10452,#10453));
#10443 = ORIENTED_EDGE('',*,*,#10444,.T.);
#10444 = EDGE_CURVE('',#10445,#10414,#10447,.T.);
#10445 = VERTEX_POINT('',#10446);
#10446 = CARTESIAN_POINT('',(9.271E-02,0.16383,0.));
#10447 = LINE('',#10448,#10449);
#10448 = CARTESIAN_POINT('',(9.271E-02,0.16383,0.));
#10449 = VECTOR('',#10450,1.);
#10450 = DIRECTION('',(0.106910606117,-0.994268636888,0.));
#10451 = ORIENTED_EDGE('',*,*,#10413,.F.);
#10452 = ORIENTED_EDGE('',*,*,#10327,.F.);
#10453 = ORIENTED_EDGE('',*,*,#10454,.T.);
#10454 = EDGE_CURVE('',#10320,#10445,#10455,.T.);
#10455 = LINE('',#10456,#10457);
#10456 = CARTESIAN_POINT('',(9.271E-02,0.16383,9.906E-03));
#10457 = VECTOR('',#10458,1.);
#10458 = DIRECTION('',(0.,0.,-1.));
#10459 = PLANE('',#10460);
#10460 = AXIS2_PLACEMENT_3D('',#10461,#10462,#10463);
#10461 = CARTESIAN_POINT('',(9.419177789733E-02,0.150049465555,
    2.972112368532E-03));
#10462 = DIRECTION('',(-0.994268636888,-0.106910606117,
    1.136626108146E-16));
#10463 = DIRECTION('',(0.106910606117,-0.994268636888,
    -5.405913295915E-34));
#10464 = ADVANCED_FACE('',(#10465),#10483,.T.);
#10465 = FACE_BOUND('',#10466,.T.);
#10466 = EDGE_LOOP('',(#10467,#10475,#10476,#10477));
#10467 = ORIENTED_EDGE('',*,*,#10468,.T.);
#10468 = EDGE_CURVE('',#10469,#10445,#10471,.T.);
#10469 = VERTEX_POINT('',#10470);
#10470 = CARTESIAN_POINT('',(8.6868E-02,0.18034,0.));
#10471 = LINE('',#10472,#10473);
#10472 = CARTESIAN_POINT('',(8.6868E-02,0.18034,0.));
#10473 = VECTOR('',#10474,1.);
#10474 = DIRECTION('',(0.333578650439,-0.942722272979,0.));
#10475 = ORIENTED_EDGE('',*,*,#10454,.F.);
#10476 = ORIENTED_EDGE('',*,*,#10319,.F.);
#10477 = ORIENTED_EDGE('',*,*,#10478,.T.);
#10478 = EDGE_CURVE('',#10312,#10469,#10479,.T.);
#10479 = LINE('',#10480,#10481);
#10480 = CARTESIAN_POINT('',(8.6868E-02,0.18034,9.906E-03));
#10481 = VECTOR('',#10482,1.);
#10482 = DIRECTION('',(0.,0.,-1.));
#10483 = PLANE('',#10484);
#10484 = AXIS2_PLACEMENT_3D('',#10485,#10486,#10487);
#10485 = CARTESIAN_POINT('',(9.039765821466E-02,0.170364878959,
    3.128368196199E-03));
#10486 = DIRECTION('',(-0.942722272979,-0.333578650439,-0.));
#10487 = DIRECTION('',(0.333578650439,-0.942722272979,0.));
#10488 = ADVANCED_FACE('',(#10489),#10507,.T.);
#10489 = FACE_BOUND('',#10490,.T.);
#10490 = EDGE_LOOP('',(#10491,#10499,#10500,#10501));
#10491 = ORIENTED_EDGE('',*,*,#10492,.T.);
#10492 = EDGE_CURVE('',#10493,#10469,#10495,.T.);
#10493 = VERTEX_POINT('',#10494);
#10494 = CARTESIAN_POINT('',(7.747E-02,0.195072,0.));
#10495 = LINE('',#10496,#10497);
#10496 = CARTESIAN_POINT('',(7.747E-02,0.195072,0.));
#10497 = VECTOR('',#10498,1.);
#10498 = DIRECTION('',(0.53781569476,-0.843062440434,0.));
#10499 = ORIENTED_EDGE('',*,*,#10478,.F.);
#10500 = ORIENTED_EDGE('',*,*,#10311,.F.);
#10501 = ORIENTED_EDGE('',*,*,#10502,.T.);
#10502 = EDGE_CURVE('',#10304,#10493,#10503,.T.);
#10503 = LINE('',#10504,#10505);
#10504 = CARTESIAN_POINT('',(7.747E-02,0.195072,9.906E-03));
#10505 = VECTOR('',#10506,1.);
#10506 = DIRECTION('',(0.,0.,-1.));
#10507 = PLANE('',#10508);
#10508 = AXIS2_PLACEMENT_3D('',#10509,#10510,#10511);
#10509 = CARTESIAN_POINT('',(8.314963968024E-02,0.186168781042,
    3.129625022665E-03));
#10510 = DIRECTION('',(-0.843062440434,-0.53781569476,-0.));
#10511 = DIRECTION('',(0.53781569476,-0.843062440434,0.));
#10512 = ADVANCED_FACE('',(#10513),#10531,.T.);
#10513 = FACE_BOUND('',#10514,.T.);
#10514 = EDGE_LOOP('',(#10515,#10523,#10524,#10525));
#10515 = ORIENTED_EDGE('',*,*,#10516,.T.);
#10516 = EDGE_CURVE('',#10517,#10493,#10519,.T.);
#10517 = VERTEX_POINT('',#10518);
#10518 = CARTESIAN_POINT('',(6.7056E-02,0.204724,0.));
#10519 = LINE('',#10520,#10521);
#10520 = CARTESIAN_POINT('',(6.7056E-02,0.204724,0.));
#10521 = VECTOR('',#10522,1.);
#10522 = DIRECTION('',(0.73343029662,-0.67976466516,0.));
#10523 = ORIENTED_EDGE('',*,*,#10502,.F.);
#10524 = ORIENTED_EDGE('',*,*,#10303,.F.);
#10525 = ORIENTED_EDGE('',*,*,#10526,.T.);
#10526 = EDGE_CURVE('',#10296,#10517,#10527,.T.);
#10527 = LINE('',#10528,#10529);
#10528 = CARTESIAN_POINT('',(6.7056E-02,0.204724,9.906E-03));
#10529 = VECTOR('',#10530,1.);
#10530 = DIRECTION('',(0.,0.,-1.));
#10531 = PLANE('',#10532);
#10532 = AXIS2_PLACEMENT_3D('',#10533,#10534,#10535);
#10533 = CARTESIAN_POINT('',(7.350836320947E-02,0.198743760928,
    3.255001955459E-03));
#10534 = DIRECTION('',(-0.67976466516,-0.73343029662,1.531726126062E-16)
  );
#10535 = DIRECTION('',(-0.73343029662,0.67976466516,7.095742315825E-33)
  );
#10536 = ADVANCED_FACE('',(#10537),#10555,.T.);
#10537 = FACE_BOUND('',#10538,.T.);
#10538 = EDGE_LOOP('',(#10539,#10547,#10548,#10549));
#10539 = ORIENTED_EDGE('',*,*,#10540,.T.);
#10540 = EDGE_CURVE('',#10541,#10517,#10543,.T.);
#10541 = VERTEX_POINT('',#10542);
#10542 = CARTESIAN_POINT('',(5.4864E-02,0.211582,0.));
#10543 = LINE('',#10544,#10545);
#10544 = CARTESIAN_POINT('',(5.4864E-02,0.211582,0.));
#10545 = VECTOR('',#10546,1.);
#10546 = DIRECTION('',(0.871575537125,-0.490261239633,0.));
#10547 = ORIENTED_EDGE('',*,*,#10526,.F.);
#10548 = ORIENTED_EDGE('',*,*,#10295,.F.);
#10549 = ORIENTED_EDGE('',*,*,#10550,.T.);
#10550 = EDGE_CURVE('',#10288,#10541,#10551,.T.);
#10551 = LINE('',#10552,#10553);
#10552 = CARTESIAN_POINT('',(5.4864E-02,0.211582,9.906E-03));
#10553 = VECTOR('',#10554,1.);
#10554 = DIRECTION('',(0.,0.,-1.));
#10555 = PLANE('',#10556);
#10556 = AXIS2_PLACEMENT_3D('',#10557,#10558,#10559);
#10557 = CARTESIAN_POINT('',(6.243158870304E-02,0.207325231355,
    3.26457640347E-03));
#10558 = DIRECTION('',(-0.490261239633,-0.871575537125,
    -1.718814079005E-16));
#10559 = DIRECTION('',(-0.871575537125,0.490261239633,-1.72206088637E-33
    ));
#10560 = ADVANCED_FACE('',(#10561),#10579,.T.);
#10561 = FACE_BOUND('',#10562,.T.);
#10562 = EDGE_LOOP('',(#10563,#10571,#10572,#10573));
#10563 = ORIENTED_EDGE('',*,*,#10564,.T.);
#10564 = EDGE_CURVE('',#10565,#10541,#10567,.T.);
#10565 = VERTEX_POINT('',#10566);
#10566 = CARTESIAN_POINT('',(3.8862E-02,0.216154,0.));
#10567 = LINE('',#10568,#10569);
#10568 = CARTESIAN_POINT('',(3.8862E-02,0.216154,0.));
#10569 = VECTOR('',#10570,1.);
#10570 = DIRECTION('',(0.961523947641,-0.274721127897,0.));
#10571 = ORIENTED_EDGE('',*,*,#10550,.F.);
#10572 = ORIENTED_EDGE('',*,*,#10287,.F.);
#10573 = ORIENTED_EDGE('',*,*,#10574,.T.);
#10574 = EDGE_CURVE('',#10280,#10565,#10575,.T.);
#10575 = LINE('',#10576,#10577);
#10576 = CARTESIAN_POINT('',(3.8862E-02,0.216154,9.906E-03));
#10577 = VECTOR('',#10578,1.);
#10578 = DIRECTION('',(0.,0.,-1.));
#10579 = PLANE('',#10580);
#10580 = AXIS2_PLACEMENT_3D('',#10581,#10582,#10583);
#10581 = CARTESIAN_POINT('',(4.858916031568E-02,0.213374811338,
    3.157766173616E-03));
#10582 = DIRECTION('',(-0.274721127897,-0.961523947641,-0.));
#10583 = DIRECTION('',(-0.961523947641,0.274721127897,0.));
#10584 = ADVANCED_FACE('',(#10585),#10603,.T.);
#10585 = FACE_BOUND('',#10586,.T.);
#10586 = EDGE_LOOP('',(#10587,#10595,#10596,#10597));
#10587 = ORIENTED_EDGE('',*,*,#10588,.T.);
#10588 = EDGE_CURVE('',#10589,#10565,#10591,.T.);
#10589 = VERTEX_POINT('',#10590);
#10590 = CARTESIAN_POINT('',(1.905E-02,0.217932,0.));
#10591 = LINE('',#10592,#10593);
#10592 = CARTESIAN_POINT('',(1.905E-02,0.217932,0.));
#10593 = VECTOR('',#10594,1.);
#10594 = DIRECTION('',(0.995997206497,-8.938436468563E-02,0.));
#10595 = ORIENTED_EDGE('',*,*,#10574,.F.);
#10596 = ORIENTED_EDGE('',*,*,#10279,.F.);
#10597 = ORIENTED_EDGE('',*,*,#10598,.T.);
#10598 = EDGE_CURVE('',#10272,#10589,#10599,.T.);
#10599 = LINE('',#10600,#10601);
#10600 = CARTESIAN_POINT('',(1.905E-02,0.217932,9.906E-03));
#10601 = VECTOR('',#10602,1.);
#10602 = DIRECTION('',(0.,0.,-1.));
#10603 = PLANE('',#10604);
#10604 = AXIS2_PLACEMENT_3D('',#10605,#10606,#10607);
#10605 = CARTESIAN_POINT('',(3.084239082362E-02,0.216873708516,
    3.059027997555E-03));
#10606 = DIRECTION('',(-8.938436468563E-02,-0.995997206497,-0.));
#10607 = DIRECTION('',(-0.995997206497,8.938436468563E-02,0.));
#10608 = ADVANCED_FACE('',(#10609),#10627,.T.);
#10609 = FACE_BOUND('',#10610,.T.);
#10610 = EDGE_LOOP('',(#10611,#10619,#10620,#10621));
#10611 = ORIENTED_EDGE('',*,*,#10612,.T.);
#10612 = EDGE_CURVE('',#10613,#10589,#10615,.T.);
#10613 = VERTEX_POINT('',#10614);
#10614 = CARTESIAN_POINT('',(-5.08E-03,0.215392,0.));
#10615 = LINE('',#10616,#10617);
#10616 = CARTESIAN_POINT('',(-5.08E-03,0.215392,0.));
#10617 = VECTOR('',#10618,1.);
#10618 = DIRECTION('',(0.994505452921,0.104684784518,0.));
#10619 = ORIENTED_EDGE('',*,*,#10598,.F.);
#10620 = ORIENTED_EDGE('',*,*,#10269,.F.);
#10621 = ORIENTED_EDGE('',*,*,#10622,.T.);
#10622 = EDGE_CURVE('',#10270,#10613,#10623,.T.);
#10623 = LINE('',#10624,#10625);
#10624 = CARTESIAN_POINT('',(-5.08E-03,0.215392,9.906E-03));
#10625 = VECTOR('',#10626,1.);
#10626 = DIRECTION('',(0.,0.,-1.));
#10627 = PLANE('',#10628);
#10628 = AXIS2_PLACEMENT_3D('',#10629,#10630,#10631);
#10629 = CARTESIAN_POINT('',(8.96449703918E-03,0.216870368109,
    2.962566429862E-03));
#10630 = DIRECTION('',(0.104684784518,-0.994505452921,-0.));
#10631 = DIRECTION('',(-0.994505452921,-0.104684784518,0.));
#10632 = ADVANCED_FACE('',(#10633),#10651,.T.);
#10633 = FACE_BOUND('',#10634,.T.);
#10634 = EDGE_LOOP('',(#10635,#10643,#10644,#10645));
#10635 = ORIENTED_EDGE('',*,*,#10636,.T.);
#10636 = EDGE_CURVE('',#10637,#10613,#10639,.T.);
#10637 = VERTEX_POINT('',#10638);
#10638 = CARTESIAN_POINT('',(-2.0828E-02,0.210058,0.));
#10639 = LINE('',#10640,#10641);
#10640 = CARTESIAN_POINT('',(-2.0828E-02,0.210058,0.));
#10641 = VECTOR('',#10642,1.);
#10642 = DIRECTION('',(0.947144575628,0.32080703368,0.));
#10643 = ORIENTED_EDGE('',*,*,#10622,.F.);
#10644 = ORIENTED_EDGE('',*,*,#10399,.F.);
#10645 = ORIENTED_EDGE('',*,*,#10646,.T.);
#10646 = EDGE_CURVE('',#10392,#10637,#10647,.T.);
#10647 = LINE('',#10648,#10649);
#10648 = CARTESIAN_POINT('',(-2.0828E-02,0.210058,9.906E-03));
#10649 = VECTOR('',#10650,1.);
#10650 = DIRECTION('',(0.,0.,-1.));
#10651 = PLANE('',#10652);
#10652 = AXIS2_PLACEMENT_3D('',#10653,#10654,#10655);
#10653 = CARTESIAN_POINT('',(-1.125417127009E-02,0.213300748441,
    3.158312289534E-03));
#10654 = DIRECTION('',(0.32080703368,-0.947144575628,-1.379718563517E-16
    ));
#10655 = DIRECTION('',(-0.947144575628,-0.32080703368,9.190853120367E-35
    ));
#10656 = ADVANCED_FACE('',(#10657),#10675,.T.);
#10657 = FACE_BOUND('',#10658,.T.);
#10658 = EDGE_LOOP('',(#10659,#10667,#10668,#10669));
#10659 = ORIENTED_EDGE('',*,*,#10660,.T.);
#10660 = EDGE_CURVE('',#10661,#10637,#10663,.T.);
#10661 = VERTEX_POINT('',#10662);
#10662 = CARTESIAN_POINT('',(-3.4798E-02,0.201676,0.));
#10663 = LINE('',#10664,#10665);
#10664 = CARTESIAN_POINT('',(-3.4798E-02,0.201676,0.));
#10665 = VECTOR('',#10666,1.);
#10666 = DIRECTION('',(0.857492925713,0.514495755428,0.));
#10667 = ORIENTED_EDGE('',*,*,#10646,.F.);
#10668 = ORIENTED_EDGE('',*,*,#10391,.F.);
#10669 = ORIENTED_EDGE('',*,*,#10670,.T.);
#10670 = EDGE_CURVE('',#10384,#10661,#10671,.T.);
#10671 = LINE('',#10672,#10673);
#10672 = CARTESIAN_POINT('',(-3.4798E-02,0.201676,9.906E-03));
#10673 = VECTOR('',#10674,1.);
#10674 = DIRECTION('',(0.,0.,-1.));
#10675 = PLANE('',#10676);
#10676 = AXIS2_PLACEMENT_3D('',#10677,#10678,#10679);
#10677 = CARTESIAN_POINT('',(-2.628435726964E-02,0.206784185638,
    3.170311554973E-03));
#10678 = DIRECTION('',(0.514495755428,-0.857492925713,-0.));
#10679 = DIRECTION('',(-0.857492925713,-0.514495755428,0.));
#10680 = ADVANCED_FACE('',(#10681),#10699,.T.);
#10681 = FACE_BOUND('',#10682,.T.);
#10682 = EDGE_LOOP('',(#10683,#10691,#10692,#10693));
#10683 = ORIENTED_EDGE('',*,*,#10684,.T.);
#10684 = EDGE_CURVE('',#10685,#10661,#10687,.T.);
#10685 = VERTEX_POINT('',#10686);
#10686 = CARTESIAN_POINT('',(-4.572E-02,0.1905,0.));
#10687 = LINE('',#10688,#10689);
#10688 = CARTESIAN_POINT('',(-4.572E-02,0.1905,0.));
#10689 = VECTOR('',#10690,1.);
#10690 = DIRECTION('',(0.698932947801,0.715187202401,0.));
#10691 = ORIENTED_EDGE('',*,*,#10670,.F.);
#10692 = ORIENTED_EDGE('',*,*,#10383,.F.);
#10693 = ORIENTED_EDGE('',*,*,#10694,.T.);
#10694 = EDGE_CURVE('',#10376,#10685,#10695,.T.);
#10695 = LINE('',#10696,#10697);
#10696 = CARTESIAN_POINT('',(-4.572E-02,0.1905,9.906E-03));
#10697 = VECTOR('',#10698,1.);
#10698 = DIRECTION('',(0.,0.,-1.));
#10699 = PLANE('',#10700);
#10700 = AXIS2_PLACEMENT_3D('',#10701,#10702,#10703);
#10701 = CARTESIAN_POINT('',(-3.903049695081E-02,0.197345072888,
    3.195316300795E-03));
#10702 = DIRECTION('',(0.715187202401,-0.698932947801,0.));
#10703 = DIRECTION('',(0.698932947801,0.715187202401,0.));
#10704 = ADVANCED_FACE('',(#10705),#10723,.T.);
#10705 = FACE_BOUND('',#10706,.T.);
#10706 = EDGE_LOOP('',(#10707,#10715,#10716,#10717));
#10707 = ORIENTED_EDGE('',*,*,#10708,.T.);
#10708 = EDGE_CURVE('',#10709,#10685,#10711,.T.);
#10709 = VERTEX_POINT('',#10710);
#10710 = CARTESIAN_POINT('',(-5.3594E-02,0.177038,0.));
#10711 = LINE('',#10712,#10713);
#10712 = CARTESIAN_POINT('',(-5.3594E-02,0.177038,0.));
#10713 = VECTOR('',#10714,1.);
#10714 = DIRECTION('',(0.504883315038,0.863187603129,0.));
#10715 = ORIENTED_EDGE('',*,*,#10694,.F.);
#10716 = ORIENTED_EDGE('',*,*,#10375,.F.);
#10717 = ORIENTED_EDGE('',*,*,#10718,.T.);
#10718 = EDGE_CURVE('',#10368,#10709,#10719,.T.);
#10719 = LINE('',#10720,#10721);
#10720 = CARTESIAN_POINT('',(-5.3594E-02,0.177038,9.906E-03));
#10721 = VECTOR('',#10722,1.);
#10722 = DIRECTION('',(0.,0.,-1.));
#10723 = PLANE('',#10724);
#10724 = AXIS2_PLACEMENT_3D('',#10725,#10726,#10727);
#10725 = CARTESIAN_POINT('',(-4.877018374121E-02,0.185285169733,
    3.196522349871E-03));
#10726 = DIRECTION('',(0.863187603129,-0.504883315038,
    -1.382192160858E-16));
#10727 = DIRECTION('',(0.504883315038,0.863187603129,-6.563463641895E-33
    ));
#10728 = ADVANCED_FACE('',(#10729),#10747,.T.);
#10729 = FACE_BOUND('',#10730,.T.);
#10730 = EDGE_LOOP('',(#10731,#10739,#10740,#10741));
#10731 = ORIENTED_EDGE('',*,*,#10732,.T.);
#10732 = EDGE_CURVE('',#10733,#10709,#10735,.T.);
#10733 = VERTEX_POINT('',#10734);
#10734 = CARTESIAN_POINT('',(-5.8928E-02,0.16002,0.));
#10735 = LINE('',#10736,#10737);
#10736 = CARTESIAN_POINT('',(-5.8928E-02,0.16002,0.));
#10737 = VECTOR('',#10738,1.);
#10738 = DIRECTION('',(0.299085828245,0.954226213926,0.));
#10739 = ORIENTED_EDGE('',*,*,#10718,.F.);
#10740 = ORIENTED_EDGE('',*,*,#10367,.F.);
#10741 = ORIENTED_EDGE('',*,*,#10742,.T.);
#10742 = EDGE_CURVE('',#10360,#10733,#10743,.T.);
#10743 = LINE('',#10744,#10745);
#10744 = CARTESIAN_POINT('',(-5.8928E-02,0.16002,9.906E-03));
#10745 = VECTOR('',#10746,1.);
#10746 = DIRECTION('',(0.,0.,-1.));
#10747 = PLANE('',#10748);
#10748 = AXIS2_PLACEMENT_3D('',#10749,#10750,#10751);
#10749 = CARTESIAN_POINT('',(-5.571221162567E-02,0.170279896242,
    3.118114082635E-03));
#10750 = DIRECTION('',(0.954226213926,-0.299085828245,0.));
#10751 = DIRECTION('',(0.299085828245,0.954226213926,0.));
#10752 = ADVANCED_FACE('',(#10753),#10771,.T.);
#10753 = FACE_BOUND('',#10754,.T.);
#10754 = EDGE_LOOP('',(#10755,#10763,#10764,#10765));
#10755 = ORIENTED_EDGE('',*,*,#10756,.T.);
#10756 = EDGE_CURVE('',#10757,#10733,#10759,.T.);
#10757 = VERTEX_POINT('',#10758);
#10758 = CARTESIAN_POINT('',(-6.096E-02,0.138938,0.));
#10759 = LINE('',#10760,#10761);
#10760 = CARTESIAN_POINT('',(-6.096E-02,0.138938,0.));
#10761 = VECTOR('',#10762,1.);
#10762 = DIRECTION('',(9.594091858563E-02,0.995387030326,0.));
#10763 = ORIENTED_EDGE('',*,*,#10742,.F.);
#10764 = ORIENTED_EDGE('',*,*,#10359,.F.);
#10765 = ORIENTED_EDGE('',*,*,#10766,.T.);
#10766 = EDGE_CURVE('',#10352,#10757,#10767,.T.);
#10767 = LINE('',#10768,#10769);
#10768 = CARTESIAN_POINT('',(-6.096E-02,0.138938,9.906E-03));
#10769 = VECTOR('',#10770,1.);
#10770 = DIRECTION('',(0.,0.,-1.));
#10771 = PLANE('',#10772);
#10772 = AXIS2_PLACEMENT_3D('',#10773,#10774,#10775);
#10773 = CARTESIAN_POINT('',(-5.975922016421E-02,0.151396090796,
    3.027024738241E-03));
#10774 = DIRECTION('',(0.995387030326,-9.594091858563E-02,0.));
#10775 = DIRECTION('',(9.594091858563E-02,0.995387030326,0.));
#10776 = ADVANCED_FACE('',(#10777),#10795,.T.);
#10777 = FACE_BOUND('',#10778,.T.);
#10778 = EDGE_LOOP('',(#10779,#10787,#10793,#10794));
#10779 = ORIENTED_EDGE('',*,*,#10780,.T.);
#10780 = EDGE_CURVE('',#10344,#10781,#10783,.T.);
#10781 = VERTEX_POINT('',#10782);
#10782 = CARTESIAN_POINT('',(-6.096E-02,0.11049,0.));
#10783 = LINE('',#10784,#10785);
#10784 = CARTESIAN_POINT('',(-6.096E-02,0.11049,9.906E-03));
#10785 = VECTOR('',#10786,1.);
#10786 = DIRECTION('',(0.,0.,-1.));
#10787 = ORIENTED_EDGE('',*,*,#10788,.T.);
#10788 = EDGE_CURVE('',#10781,#10757,#10789,.T.);
#10789 = LINE('',#10790,#10791);
#10790 = CARTESIAN_POINT('',(-6.096E-02,0.11049,0.));
#10791 = VECTOR('',#10792,1.);
#10792 = DIRECTION('',(0.,1.,0.));
#10793 = ORIENTED_EDGE('',*,*,#10766,.F.);
#10794 = ORIENTED_EDGE('',*,*,#10351,.F.);
#10795 = PLANE('',#10796);
#10796 = AXIS2_PLACEMENT_3D('',#10797,#10798,#10799);
#10797 = CARTESIAN_POINT('',(-6.096E-02,0.122656342997,
    7.010657002699E-03));
#10798 = DIRECTION('',(1.,0.,0.));
#10799 = DIRECTION('',(-0.,0.,1.));
#10800 = ADVANCED_FACE('',(#10801),#10812,.T.);
#10801 = FACE_BOUND('',#10802,.T.);
#10802 = EDGE_LOOP('',(#10803,#10804,#10810,#10811));
#10803 = ORIENTED_EDGE('',*,*,#10429,.F.);
#10804 = ORIENTED_EDGE('',*,*,#10805,.T.);
#10805 = EDGE_CURVE('',#10422,#10781,#10806,.T.);
#10806 = LINE('',#10807,#10808);
#10807 = CARTESIAN_POINT('',(9.525E-02,0.11049,0.));
#10808 = VECTOR('',#10809,1.);
#10809 = DIRECTION('',(-1.,0.,0.));
#10810 = ORIENTED_EDGE('',*,*,#10780,.F.);
#10811 = ORIENTED_EDGE('',*,*,#10343,.F.);
#10812 = PLANE('',#10813);
#10813 = AXIS2_PLACEMENT_3D('',#10814,#10815,#10816);
#10814 = CARTESIAN_POINT('',(1.954305561451E-02,0.11049,
    7.351055614514E-03));
#10815 = DIRECTION('',(0.,1.,0.));
#10816 = DIRECTION('',(0.,-0.,1.));
#10817 = ADVANCED_FACE('',(#10818),#10837,.T.);
#10818 = FACE_BOUND('',#10819,.T.);
#10819 = EDGE_LOOP('',(#10820,#10821,#10822,#10823,#10824,#10825,#10826,
    #10827,#10828,#10829,#10830,#10831,#10832,#10833,#10834,#10835,
    #10836));
#10820 = ORIENTED_EDGE('',*,*,#10612,.F.);
#10821 = ORIENTED_EDGE('',*,*,#10636,.F.);
#10822 = ORIENTED_EDGE('',*,*,#10660,.F.);
#10823 = ORIENTED_EDGE('',*,*,#10684,.F.);
#10824 = ORIENTED_EDGE('',*,*,#10708,.F.);
#10825 = ORIENTED_EDGE('',*,*,#10732,.F.);
#10826 = ORIENTED_EDGE('',*,*,#10756,.F.);
#10827 = ORIENTED_EDGE('',*,*,#10788,.F.);
#10828 = ORIENTED_EDGE('',*,*,#10805,.F.);
#10829 = ORIENTED_EDGE('',*,*,#10421,.F.);
#10830 = ORIENTED_EDGE('',*,*,#10444,.F.);
#10831 = ORIENTED_EDGE('',*,*,#10468,.F.);
#10832 = ORIENTED_EDGE('',*,*,#10492,.F.);
#10833 = ORIENTED_EDGE('',*,*,#10516,.F.);
#10834 = ORIENTED_EDGE('',*,*,#10540,.F.);
#10835 = ORIENTED_EDGE('',*,*,#10564,.F.);
#10836 = ORIENTED_EDGE('',*,*,#10588,.F.);
#10837 = PLANE('',#10838);
#10838 = AXIS2_PLACEMENT_3D('',#10839,#10840,#10841);
#10839 = CARTESIAN_POINT('',(-1.006162491203E-03,0.214529648481,0.));
#10840 = DIRECTION('',(0.,0.,1.));
#10841 = DIRECTION('',(1.,0.,-0.));
#10842 = ADVANCED_FACE('',(#10843),#10863,.T.);
#10843 = FACE_BOUND('',#10844,.T.);
#10844 = EDGE_LOOP('',(#10845,#10846,#10847,#10848,#10849,#10850,#10851,
    #10852,#10853,#10854,#10855,#10856,#10857,#10858,#10859,#10860,
    #10861,#10862));
#10845 = ORIENTED_EDGE('',*,*,#10072,.F.);
#10846 = ORIENTED_EDGE('',*,*,#10103,.F.);
#10847 = ORIENTED_EDGE('',*,*,#10134,.F.);
#10848 = ORIENTED_EDGE('',*,*,#10165,.F.);
#10849 = ORIENTED_EDGE('',*,*,#10196,.F.);
#10850 = ORIENTED_EDGE('',*,*,#10227,.F.);
#10851 = ORIENTED_EDGE('',*,*,#9824,.F.);
#10852 = ORIENTED_EDGE('',*,*,#9864,.F.);
#10853 = ORIENTED_EDGE('',*,*,#9895,.F.);
#10854 = ORIENTED_EDGE('',*,*,#9926,.F.);
#10855 = ORIENTED_EDGE('',*,*,#9957,.F.);
#10856 = ORIENTED_EDGE('',*,*,#9988,.F.);
#10857 = ORIENTED_EDGE('',*,*,#10019,.F.);
#10858 = ORIENTED_EDGE('',*,*,#9802,.F.);
#10859 = ORIENTED_EDGE('',*,*,#9763,.F.);
#10860 = ORIENTED_EDGE('',*,*,#9732,.F.);
#10861 = ORIENTED_EDGE('',*,*,#9701,.F.);
#10862 = ORIENTED_EDGE('',*,*,#10041,.F.);
#10863 = PLANE('',#10864);
#10864 = AXIS2_PLACEMENT_3D('',#10865,#10866,#10867);
#10865 = CARTESIAN_POINT('',(-7.1914986998E-02,0.185074541766,0.));
#10866 = DIRECTION('',(-0.,-0.,-1.));
#10867 = DIRECTION('',(-1.,0.,0.));
#10868 = MANIFOLD_SOLID_BREP('',#10869);
#10869 = CLOSED_SHELL('',(#10870,#10910,#10941,#10972,#11003,#11034,
    #11065,#11096,#11127,#11158,#11189,#11220,#11242,#11262));
#10870 = ADVANCED_FACE('',(#10871),#10905,.T.);
#10871 = FACE_BOUND('',#10872,.T.);
#10872 = EDGE_LOOP('',(#10873,#10883,#10891,#10899));
#10873 = ORIENTED_EDGE('',*,*,#10874,.T.);
#10874 = EDGE_CURVE('',#10875,#10877,#10879,.T.);
#10875 = VERTEX_POINT('',#10876);
#10876 = CARTESIAN_POINT('',(-6.096E-02,4.4704E-02,9.906E-03));
#10877 = VERTEX_POINT('',#10878);
#10878 = CARTESIAN_POINT('',(-6.096E-02,4.4704E-02,0.));
#10879 = LINE('',#10880,#10881);
#10880 = CARTESIAN_POINT('',(-6.096E-02,4.4704E-02,9.906E-03));
#10881 = VECTOR('',#10882,1.);
#10882 = DIRECTION('',(0.,0.,-1.));
#10883 = ORIENTED_EDGE('',*,*,#10884,.T.);
#10884 = EDGE_CURVE('',#10877,#10885,#10887,.T.);
#10885 = VERTEX_POINT('',#10886);
#10886 = CARTESIAN_POINT('',(-8.2804E-02,4.4704E-02,0.));
#10887 = LINE('',#10888,#10889);
#10888 = CARTESIAN_POINT('',(-6.096E-02,4.4704E-02,0.));
#10889 = VECTOR('',#10890,1.);
#10890 = DIRECTION('',(-1.,0.,0.));
#10891 = ORIENTED_EDGE('',*,*,#10892,.T.);
#10892 = EDGE_CURVE('',#10885,#10893,#10895,.T.);
#10893 = VERTEX_POINT('',#10894);
#10894 = CARTESIAN_POINT('',(-8.2804E-02,4.4704E-02,9.906E-03));
#10895 = LINE('',#10896,#10897);
#10896 = CARTESIAN_POINT('',(-8.2804E-02,4.4704E-02,0.));
#10897 = VECTOR('',#10898,1.);
#10898 = DIRECTION('',(0.,0.,1.));
#10899 = ORIENTED_EDGE('',*,*,#10900,.T.);
#10900 = EDGE_CURVE('',#10893,#10875,#10901,.T.);
#10901 = LINE('',#10902,#10903);
#10902 = CARTESIAN_POINT('',(-8.2804E-02,4.4704E-02,9.906E-03));
#10903 = VECTOR('',#10904,1.);
#10904 = DIRECTION('',(1.,0.,0.));
#10905 = PLANE('',#10906);
#10906 = AXIS2_PLACEMENT_3D('',#10907,#10908,#10909);
#10907 = CARTESIAN_POINT('',(-6.994079662792E-02,4.4704E-02,
    6.89420337208E-03));
#10908 = DIRECTION('',(0.,1.,0.));
#10909 = DIRECTION('',(0.,-0.,1.));
#10910 = ADVANCED_FACE('',(#10911),#10936,.T.);
#10911 = FACE_BOUND('',#10912,.T.);
#10912 = EDGE_LOOP('',(#10913,#10914,#10922,#10930));
#10913 = ORIENTED_EDGE('',*,*,#10892,.F.);
#10914 = ORIENTED_EDGE('',*,*,#10915,.T.);
#10915 = EDGE_CURVE('',#10885,#10916,#10918,.T.);
#10916 = VERTEX_POINT('',#10917);
#10917 = CARTESIAN_POINT('',(-8.2804E-02,-6.2484E-02,0.));
#10918 = LINE('',#10919,#10920);
#10919 = CARTESIAN_POINT('',(-8.2804E-02,4.4704E-02,0.));
#10920 = VECTOR('',#10921,1.);
#10921 = DIRECTION('',(0.,-1.,0.));
#10922 = ORIENTED_EDGE('',*,*,#10923,.T.);
#10923 = EDGE_CURVE('',#10916,#10924,#10926,.T.);
#10924 = VERTEX_POINT('',#10925);
#10925 = CARTESIAN_POINT('',(-8.2804E-02,-6.2484E-02,9.906E-03));
#10926 = LINE('',#10927,#10928);
#10927 = CARTESIAN_POINT('',(-8.2804E-02,-6.2484E-02,0.));
#10928 = VECTOR('',#10929,1.);
#10929 = DIRECTION('',(0.,0.,1.));
#10930 = ORIENTED_EDGE('',*,*,#10931,.T.);
#10931 = EDGE_CURVE('',#10924,#10893,#10932,.T.);
#10932 = LINE('',#10933,#10934);
#10933 = CARTESIAN_POINT('',(-8.2804E-02,-6.2484E-02,9.906E-03));
#10934 = VECTOR('',#10935,1.);
#10935 = DIRECTION('',(0.,1.,0.));
#10936 = PLANE('',#10937);
#10937 = AXIS2_PLACEMENT_3D('',#10938,#10939,#10940);
#10938 = CARTESIAN_POINT('',(-8.2804E-02,-6.527692118708E-03,
    7.315307881292E-03));
#10939 = DIRECTION('',(-1.,-0.,-0.));
#10940 = DIRECTION('',(0.,0.,-1.));
#10941 = ADVANCED_FACE('',(#10942),#10967,.T.);
#10942 = FACE_BOUND('',#10943,.T.);
#10943 = EDGE_LOOP('',(#10944,#10945,#10953,#10961));
#10944 = ORIENTED_EDGE('',*,*,#10923,.F.);
#10945 = ORIENTED_EDGE('',*,*,#10946,.T.);
#10946 = EDGE_CURVE('',#10916,#10947,#10949,.T.);
#10947 = VERTEX_POINT('',#10948);
#10948 = CARTESIAN_POINT('',(0.117094,-6.2484E-02,0.));
#10949 = LINE('',#10950,#10951);
#10950 = CARTESIAN_POINT('',(-8.2804E-02,-6.2484E-02,0.));
#10951 = VECTOR('',#10952,1.);
#10952 = DIRECTION('',(1.,0.,0.));
#10953 = ORIENTED_EDGE('',*,*,#10954,.T.);
#10954 = EDGE_CURVE('',#10947,#10955,#10957,.T.);
#10955 = VERTEX_POINT('',#10956);
#10956 = CARTESIAN_POINT('',(0.117094,-6.2484E-02,9.906E-03));
#10957 = LINE('',#10958,#10959);
#10958 = CARTESIAN_POINT('',(0.117094,-6.2484E-02,0.));
#10959 = VECTOR('',#10960,1.);
#10960 = DIRECTION('',(0.,0.,1.));
#10961 = ORIENTED_EDGE('',*,*,#10962,.T.);
#10962 = EDGE_CURVE('',#10955,#10924,#10963,.T.);
#10963 = LINE('',#10964,#10965);
#10964 = CARTESIAN_POINT('',(0.117094,-6.2484E-02,9.906E-03));
#10965 = VECTOR('',#10966,1.);
#10966 = DIRECTION('',(-1.,0.,0.));
#10967 = PLANE('',#10968);
#10968 = AXIS2_PLACEMENT_3D('',#10969,#10970,#10971);
#10969 = CARTESIAN_POINT('',(1.472982419127E-02,-6.2484E-02,
    7.368175808727E-03));
#10970 = DIRECTION('',(-0.,-1.,-0.));
#10971 = DIRECTION('',(0.,0.,-1.));
#10972 = ADVANCED_FACE('',(#10973),#10998,.T.);
#10973 = FACE_BOUND('',#10974,.T.);
#10974 = EDGE_LOOP('',(#10975,#10976,#10984,#10992));
#10975 = ORIENTED_EDGE('',*,*,#10954,.F.);
#10976 = ORIENTED_EDGE('',*,*,#10977,.T.);
#10977 = EDGE_CURVE('',#10947,#10978,#10980,.T.);
#10978 = VERTEX_POINT('',#10979);
#10979 = CARTESIAN_POINT('',(0.117094,3.9878E-02,0.));
#10980 = LINE('',#10981,#10982);
#10981 = CARTESIAN_POINT('',(0.117094,-6.2484E-02,0.));
#10982 = VECTOR('',#10983,1.);
#10983 = DIRECTION('',(0.,1.,0.));
#10984 = ORIENTED_EDGE('',*,*,#10985,.T.);
#10985 = EDGE_CURVE('',#10978,#10986,#10988,.T.);
#10986 = VERTEX_POINT('',#10987);
#10987 = CARTESIAN_POINT('',(0.117094,3.9878E-02,9.906E-03));
#10988 = LINE('',#10989,#10990);
#10989 = CARTESIAN_POINT('',(0.117094,3.9878E-02,0.));
#10990 = VECTOR('',#10991,1.);
#10991 = DIRECTION('',(0.,0.,1.));
#10992 = ORIENTED_EDGE('',*,*,#10993,.T.);
#10993 = EDGE_CURVE('',#10986,#10955,#10994,.T.);
#10994 = LINE('',#10995,#10996);
#10995 = CARTESIAN_POINT('',(0.117094,3.9878E-02,9.906E-03));
#10996 = VECTOR('',#10997,1.);
#10997 = DIRECTION('',(0.,-1.,0.));
#10998 = PLANE('',#10999);
#10999 = AXIS2_PLACEMENT_3D('',#11000,#11001,#11002);
#11000 = CARTESIAN_POINT('',(0.117094,-1.365994860954E-02,
    7.309948609542E-03));
#11001 = DIRECTION('',(1.,0.,0.));
#11002 = DIRECTION('',(-0.,0.,1.));
#11003 = ADVANCED_FACE('',(#11004),#11029,.T.);
#11004 = FACE_BOUND('',#11005,.T.);
#11005 = EDGE_LOOP('',(#11006,#11007,#11015,#11023));
#11006 = ORIENTED_EDGE('',*,*,#10985,.F.);
#11007 = ORIENTED_EDGE('',*,*,#11008,.T.);
#11008 = EDGE_CURVE('',#10978,#11009,#11011,.T.);
#11009 = VERTEX_POINT('',#11010);
#11010 = CARTESIAN_POINT('',(9.525E-02,3.9878E-02,0.));
#11011 = LINE('',#11012,#11013);
#11012 = CARTESIAN_POINT('',(0.117094,3.9878E-02,0.));
#11013 = VECTOR('',#11014,1.);
#11014 = DIRECTION('',(-1.,0.,0.));
#11015 = ORIENTED_EDGE('',*,*,#11016,.T.);
#11016 = EDGE_CURVE('',#11009,#11017,#11019,.T.);
#11017 = VERTEX_POINT('',#11018);
#11018 = CARTESIAN_POINT('',(9.525E-02,3.9878E-02,9.906E-03));
#11019 = LINE('',#11020,#11021);
#11020 = CARTESIAN_POINT('',(9.525E-02,3.9878E-02,0.));
#11021 = VECTOR('',#11022,1.);
#11022 = DIRECTION('',(0.,0.,1.));
#11023 = ORIENTED_EDGE('',*,*,#11024,.T.);
#11024 = EDGE_CURVE('',#11017,#10986,#11025,.T.);
#11025 = LINE('',#11026,#11027);
#11026 = CARTESIAN_POINT('',(9.525E-02,3.9878E-02,9.906E-03));
#11027 = VECTOR('',#11028,1.);
#11028 = DIRECTION('',(1.,0.,0.));
#11029 = PLANE('',#11030);
#11030 = AXIS2_PLACEMENT_3D('',#11031,#11032,#11033);
#11031 = CARTESIAN_POINT('',(0.108113203372,3.9878E-02,6.89420337208E-03
    ));
#11032 = DIRECTION('',(0.,1.,0.));
#11033 = DIRECTION('',(0.,-0.,1.));
#11034 = ADVANCED_FACE('',(#11035),#11060,.T.);
#11035 = FACE_BOUND('',#11036,.T.);
#11036 = EDGE_LOOP('',(#11037,#11038,#11046,#11054));
#11037 = ORIENTED_EDGE('',*,*,#11016,.F.);
#11038 = ORIENTED_EDGE('',*,*,#11039,.T.);
#11039 = EDGE_CURVE('',#11009,#11040,#11042,.T.);
#11040 = VERTEX_POINT('',#11041);
#11041 = CARTESIAN_POINT('',(9.525E-02,-3.5814E-02,0.));
#11042 = LINE('',#11043,#11044);
#11043 = CARTESIAN_POINT('',(9.525E-02,3.9878E-02,0.));
#11044 = VECTOR('',#11045,1.);
#11045 = DIRECTION('',(0.,-1.,0.));
#11046 = ORIENTED_EDGE('',*,*,#11047,.T.);
#11047 = EDGE_CURVE('',#11040,#11048,#11050,.T.);
#11048 = VERTEX_POINT('',#11049);
#11049 = CARTESIAN_POINT('',(9.525E-02,-3.5814E-02,9.906E-03));
#11050 = LINE('',#11051,#11052);
#11051 = CARTESIAN_POINT('',(9.525E-02,-3.5814E-02,0.));
#11052 = VECTOR('',#11053,1.);
#11053 = DIRECTION('',(0.,0.,1.));
#11054 = ORIENTED_EDGE('',*,*,#11055,.T.);
#11055 = EDGE_CURVE('',#11048,#11017,#11056,.T.);
#11056 = LINE('',#11057,#11058);
#11057 = CARTESIAN_POINT('',(9.525E-02,-3.5814E-02,9.906E-03));
#11058 = VECTOR('',#11059,1.);
#11059 = DIRECTION('',(0.,1.,0.));
#11060 = PLANE('',#11061);
#11061 = AXIS2_PLACEMENT_3D('',#11062,#11063,#11064);
#11062 = CARTESIAN_POINT('',(9.525E-02,4.347135162521E-03,
    7.268135162521E-03));
#11063 = DIRECTION('',(-1.,-0.,-0.));
#11064 = DIRECTION('',(0.,0.,-1.));
#11065 = ADVANCED_FACE('',(#11066),#11091,.T.);
#11066 = FACE_BOUND('',#11067,.T.);
#11067 = EDGE_LOOP('',(#11068,#11069,#11077,#11085));
#11068 = ORIENTED_EDGE('',*,*,#11047,.F.);
#11069 = ORIENTED_EDGE('',*,*,#11070,.T.);
#11070 = EDGE_CURVE('',#11040,#11071,#11073,.T.);
#11071 = VERTEX_POINT('',#11072);
#11072 = CARTESIAN_POINT('',(2.921E-02,-3.5814E-02,0.));
#11073 = LINE('',#11074,#11075);
#11074 = CARTESIAN_POINT('',(9.525E-02,-3.5814E-02,0.));
#11075 = VECTOR('',#11076,1.);
#11076 = DIRECTION('',(-1.,0.,0.));
#11077 = ORIENTED_EDGE('',*,*,#11078,.T.);
#11078 = EDGE_CURVE('',#11071,#11079,#11081,.T.);
#11079 = VERTEX_POINT('',#11080);
#11080 = CARTESIAN_POINT('',(2.921E-02,-3.5814E-02,9.906E-03));
#11081 = LINE('',#11082,#11083);
#11082 = CARTESIAN_POINT('',(2.921E-02,-3.5814E-02,0.));
#11083 = VECTOR('',#11084,1.);
#11084 = DIRECTION('',(0.,0.,1.));
#11085 = ORIENTED_EDGE('',*,*,#11086,.T.);
#11086 = EDGE_CURVE('',#11079,#11048,#11087,.T.);
#11087 = LINE('',#11088,#11089);
#11088 = CARTESIAN_POINT('',(2.921E-02,-3.5814E-02,9.906E-03));
#11089 = VECTOR('',#11090,1.);
#11090 = DIRECTION('',(1.,0.,0.));
#11091 = PLANE('',#11092);
#11092 = AXIS2_PLACEMENT_3D('',#11093,#11094,#11095);
#11093 = CARTESIAN_POINT('',(6.452179568246E-02,-3.5814E-02,
    7.244795682463E-03));
#11094 = DIRECTION('',(0.,1.,0.));
#11095 = DIRECTION('',(0.,-0.,1.));
#11096 = ADVANCED_FACE('',(#11097),#11122,.T.);
#11097 = FACE_BOUND('',#11098,.T.);
#11098 = EDGE_LOOP('',(#11099,#11100,#11108,#11116));
#11099 = ORIENTED_EDGE('',*,*,#11078,.F.);
#11100 = ORIENTED_EDGE('',*,*,#11101,.T.);
#11101 = EDGE_CURVE('',#11071,#11102,#11104,.T.);
#11102 = VERTEX_POINT('',#11103);
#11103 = CARTESIAN_POINT('',(2.921E-02,3.5052E-02,0.));
#11104 = LINE('',#11105,#11106);
#11105 = CARTESIAN_POINT('',(2.921E-02,-3.5814E-02,0.));
#11106 = VECTOR('',#11107,1.);
#11107 = DIRECTION('',(0.,1.,0.));
#11108 = ORIENTED_EDGE('',*,*,#11109,.T.);
#11109 = EDGE_CURVE('',#11102,#11110,#11112,.T.);
#11110 = VERTEX_POINT('',#11111);
#11111 = CARTESIAN_POINT('',(2.921E-02,3.5052E-02,9.906E-03));
#11112 = LINE('',#11113,#11114);
#11113 = CARTESIAN_POINT('',(2.921E-02,3.5052E-02,0.));
#11114 = VECTOR('',#11115,1.);
#11115 = DIRECTION('',(0.,0.,1.));
#11116 = ORIENTED_EDGE('',*,*,#11117,.T.);
#11117 = EDGE_CURVE('',#11110,#11079,#11118,.T.);
#11118 = LINE('',#11119,#11120);
#11119 = CARTESIAN_POINT('',(2.921E-02,3.5052E-02,9.906E-03));
#11120 = VECTOR('',#11121,1.);
#11121 = DIRECTION('',(0.,-1.,0.));
#11122 = PLANE('',#11123);
#11123 = AXIS2_PLACEMENT_3D('',#11124,#11125,#11126);
#11124 = CARTESIAN_POINT('',(2.921E-02,-2.685248660122E-03,
    7.257248660122E-03));
#11125 = DIRECTION('',(1.,0.,0.));
#11126 = DIRECTION('',(-0.,0.,1.));
#11127 = ADVANCED_FACE('',(#11128),#11153,.T.);
#11128 = FACE_BOUND('',#11129,.T.);
#11129 = EDGE_LOOP('',(#11130,#11131,#11139,#11147));
#11130 = ORIENTED_EDGE('',*,*,#11109,.F.);
#11131 = ORIENTED_EDGE('',*,*,#11132,.T.);
#11132 = EDGE_CURVE('',#11102,#11133,#11135,.T.);
#11133 = VERTEX_POINT('',#11134);
#11134 = CARTESIAN_POINT('',(7.366E-03,3.5052E-02,0.));
#11135 = LINE('',#11136,#11137);
#11136 = CARTESIAN_POINT('',(2.921E-02,3.5052E-02,0.));
#11137 = VECTOR('',#11138,1.);
#11138 = DIRECTION('',(-1.,0.,0.));
#11139 = ORIENTED_EDGE('',*,*,#11140,.T.);
#11140 = EDGE_CURVE('',#11133,#11141,#11143,.T.);
#11141 = VERTEX_POINT('',#11142);
#11142 = CARTESIAN_POINT('',(7.366E-03,3.5052E-02,9.906E-03));
#11143 = LINE('',#11144,#11145);
#11144 = CARTESIAN_POINT('',(7.366E-03,3.5052E-02,0.));
#11145 = VECTOR('',#11146,1.);
#11146 = DIRECTION('',(0.,0.,1.));
#11147 = ORIENTED_EDGE('',*,*,#11148,.T.);
#11148 = EDGE_CURVE('',#11141,#11110,#11149,.T.);
#11149 = LINE('',#11150,#11151);
#11150 = CARTESIAN_POINT('',(7.366E-03,3.5052E-02,9.906E-03));
#11151 = VECTOR('',#11152,1.);
#11152 = DIRECTION('',(1.,0.,0.));
#11153 = PLANE('',#11154);
#11154 = AXIS2_PLACEMENT_3D('',#11155,#11156,#11157);
#11155 = CARTESIAN_POINT('',(2.022920337208E-02,3.5052E-02,
    6.89420337208E-03));
#11156 = DIRECTION('',(0.,1.,0.));
#11157 = DIRECTION('',(0.,-0.,1.));
#11158 = ADVANCED_FACE('',(#11159),#11184,.T.);
#11159 = FACE_BOUND('',#11160,.T.);
#11160 = EDGE_LOOP('',(#11161,#11162,#11170,#11178));
#11161 = ORIENTED_EDGE('',*,*,#11140,.F.);
#11162 = ORIENTED_EDGE('',*,*,#11163,.T.);
#11163 = EDGE_CURVE('',#11133,#11164,#11166,.T.);
#11164 = VERTEX_POINT('',#11165);
#11165 = CARTESIAN_POINT('',(7.366E-03,-3.5814E-02,0.));
#11166 = LINE('',#11167,#11168);
#11167 = CARTESIAN_POINT('',(7.366E-03,3.5052E-02,0.));
#11168 = VECTOR('',#11169,1.);
#11169 = DIRECTION('',(0.,-1.,0.));
#11170 = ORIENTED_EDGE('',*,*,#11171,.T.);
#11171 = EDGE_CURVE('',#11164,#11172,#11174,.T.);
#11172 = VERTEX_POINT('',#11173);
#11173 = CARTESIAN_POINT('',(7.366E-03,-3.5814E-02,9.906E-03));
#11174 = LINE('',#11175,#11176);
#11175 = CARTESIAN_POINT('',(7.366E-03,-3.5814E-02,0.));
#11176 = VECTOR('',#11177,1.);
#11177 = DIRECTION('',(0.,0.,1.));
#11178 = ORIENTED_EDGE('',*,*,#11179,.T.);
#11179 = EDGE_CURVE('',#11172,#11141,#11180,.T.);
#11180 = LINE('',#11181,#11182);
#11181 = CARTESIAN_POINT('',(7.366E-03,-3.5814E-02,9.906E-03));
#11182 = VECTOR('',#11183,1.);
#11183 = DIRECTION('',(0.,1.,0.));
#11184 = PLANE('',#11185);
#11185 = AXIS2_PLACEMENT_3D('',#11186,#11187,#11188);
#11186 = CARTESIAN_POINT('',(7.366E-03,1.923248660122E-03,
    7.257248660122E-03));
#11187 = DIRECTION('',(-1.,-0.,-0.));
#11188 = DIRECTION('',(0.,0.,-1.));
#11189 = ADVANCED_FACE('',(#11190),#11215,.T.);
#11190 = FACE_BOUND('',#11191,.T.);
#11191 = EDGE_LOOP('',(#11192,#11193,#11201,#11209));
#11192 = ORIENTED_EDGE('',*,*,#11171,.F.);
#11193 = ORIENTED_EDGE('',*,*,#11194,.T.);
#11194 = EDGE_CURVE('',#11164,#11195,#11197,.T.);
#11195 = VERTEX_POINT('',#11196);
#11196 = CARTESIAN_POINT('',(-6.096E-02,-3.5814E-02,0.));
#11197 = LINE('',#11198,#11199);
#11198 = CARTESIAN_POINT('',(7.366E-03,-3.5814E-02,0.));
#11199 = VECTOR('',#11200,1.);
#11200 = DIRECTION('',(-1.,0.,0.));
#11201 = ORIENTED_EDGE('',*,*,#11202,.T.);
#11202 = EDGE_CURVE('',#11195,#11203,#11205,.T.);
#11203 = VERTEX_POINT('',#11204);
#11204 = CARTESIAN_POINT('',(-6.096E-02,-3.5814E-02,9.906E-03));
#11205 = LINE('',#11206,#11207);
#11206 = CARTESIAN_POINT('',(-6.096E-02,-3.5814E-02,0.));
#11207 = VECTOR('',#11208,1.);
#11208 = DIRECTION('',(0.,0.,1.));
#11209 = ORIENTED_EDGE('',*,*,#11210,.T.);
#11210 = EDGE_CURVE('',#11203,#11172,#11211,.T.);
#11211 = LINE('',#11212,#11213);
#11212 = CARTESIAN_POINT('',(-6.096E-02,-3.5814E-02,9.906E-03));
#11213 = VECTOR('',#11214,1.);
#11214 = DIRECTION('',(1.,0.,0.));
#11215 = PLANE('',#11216);
#11216 = AXIS2_PLACEMENT_3D('',#11217,#11218,#11219);
#11217 = CARTESIAN_POINT('',(-2.449908964345E-02,-3.5814E-02,
    7.250910356548E-03));
#11218 = DIRECTION('',(0.,1.,0.));
#11219 = DIRECTION('',(0.,-0.,1.));
#11220 = ADVANCED_FACE('',(#11221),#11237,.T.);
#11221 = FACE_BOUND('',#11222,.T.);
#11222 = EDGE_LOOP('',(#11223,#11224,#11230,#11231));
#11223 = ORIENTED_EDGE('',*,*,#11202,.F.);
#11224 = ORIENTED_EDGE('',*,*,#11225,.T.);
#11225 = EDGE_CURVE('',#11195,#10877,#11226,.T.);
#11226 = LINE('',#11227,#11228);
#11227 = CARTESIAN_POINT('',(-6.096E-02,-3.5814E-02,0.));
#11228 = VECTOR('',#11229,1.);
#11229 = DIRECTION('',(0.,1.,0.));
#11230 = ORIENTED_EDGE('',*,*,#10874,.F.);
#11231 = ORIENTED_EDGE('',*,*,#11232,.T.);
#11232 = EDGE_CURVE('',#10875,#11203,#11233,.T.);
#11233 = LINE('',#11234,#11235);
#11234 = CARTESIAN_POINT('',(-6.096E-02,4.4704E-02,9.906E-03));
#11235 = VECTOR('',#11236,1.);
#11236 = DIRECTION('',(0.,-1.,0.));
#11237 = PLANE('',#11238);
#11238 = AXIS2_PLACEMENT_3D('',#11239,#11240,#11241);
#11239 = CARTESIAN_POINT('',(-6.096E-02,2.12026777349E-03,
    7.27773222651E-03));
#11240 = DIRECTION('',(1.,0.,0.));
#11241 = DIRECTION('',(-0.,0.,1.));
#11242 = ADVANCED_FACE('',(#11243),#11257,.T.);
#11243 = FACE_BOUND('',#11244,.T.);
#11244 = EDGE_LOOP('',(#11245,#11246,#11247,#11248,#11249,#11250,#11251,
    #11252,#11253,#11254,#11255,#11256));
#11245 = ORIENTED_EDGE('',*,*,#10900,.F.);
#11246 = ORIENTED_EDGE('',*,*,#10931,.F.);
#11247 = ORIENTED_EDGE('',*,*,#10962,.F.);
#11248 = ORIENTED_EDGE('',*,*,#10993,.F.);
#11249 = ORIENTED_EDGE('',*,*,#11024,.F.);
#11250 = ORIENTED_EDGE('',*,*,#11055,.F.);
#11251 = ORIENTED_EDGE('',*,*,#11086,.F.);
#11252 = ORIENTED_EDGE('',*,*,#11117,.F.);
#11253 = ORIENTED_EDGE('',*,*,#11148,.F.);
#11254 = ORIENTED_EDGE('',*,*,#11179,.F.);
#11255 = ORIENTED_EDGE('',*,*,#11210,.F.);
#11256 = ORIENTED_EDGE('',*,*,#11232,.F.);
#11257 = PLANE('',#11258);
#11258 = AXIS2_PLACEMENT_3D('',#11259,#11260,#11261);
#11259 = CARTESIAN_POINT('',(-7.679220795018E-02,-3.979792049816E-03,
    9.906E-03));
#11260 = DIRECTION('',(0.,0.,1.));
#11261 = DIRECTION('',(1.,0.,-0.));
#11262 = ADVANCED_FACE('',(#11263),#11277,.T.);
#11263 = FACE_BOUND('',#11264,.T.);
#11264 = EDGE_LOOP('',(#11265,#11266,#11267,#11268,#11269,#11270,#11271,
    #11272,#11273,#11274,#11275,#11276));
#11265 = ORIENTED_EDGE('',*,*,#11008,.F.);
#11266 = ORIENTED_EDGE('',*,*,#10977,.F.);
#11267 = ORIENTED_EDGE('',*,*,#10946,.F.);
#11268 = ORIENTED_EDGE('',*,*,#10915,.F.);
#11269 = ORIENTED_EDGE('',*,*,#10884,.F.);
#11270 = ORIENTED_EDGE('',*,*,#11225,.F.);
#11271 = ORIENTED_EDGE('',*,*,#11194,.F.);
#11272 = ORIENTED_EDGE('',*,*,#11163,.F.);
#11273 = ORIENTED_EDGE('',*,*,#11132,.F.);
#11274 = ORIENTED_EDGE('',*,*,#11101,.F.);
#11275 = ORIENTED_EDGE('',*,*,#11070,.F.);
#11276 = ORIENTED_EDGE('',*,*,#11039,.F.);
#11277 = PLANE('',#11278);
#11278 = AXIS2_PLACEMENT_3D('',#11279,#11280,#11281);
#11279 = CARTESIAN_POINT('',(0.111056799573,-6.418200427261E-03,0.));
#11280 = DIRECTION('',(-0.,-0.,-1.));
#11281 = DIRECTION('',(-1.,0.,0.));
#11282 = MANIFOLD_SOLID_BREP('',#11283);
#11283 = CLOSED_SHELL('',(#11284,#11324,#11355,#11395,#11418,#11439,
    #11455,#11478,#11518,#11549,#11580,#11611,#11642,#11673,#11694,
    #11710,#11741,#11781,#11812,#11843,#11874,#11905,#11927,#11958,
    #11989,#12020,#12051,#12082,#12113,#12153,#12184,#12215,#12246,
    #12277,#12299,#12330,#12370,#12401,#12432,#12463,#12494,#12516,
    #12547,#12578,#12600,#12648));
#11284 = ADVANCED_FACE('',(#11285),#11319,.T.);
#11285 = FACE_BOUND('',#11286,.T.);
#11286 = EDGE_LOOP('',(#11287,#11297,#11305,#11313));
#11287 = ORIENTED_EDGE('',*,*,#11288,.T.);
#11288 = EDGE_CURVE('',#11289,#11291,#11293,.T.);
#11289 = VERTEX_POINT('',#11290);
#11290 = CARTESIAN_POINT('',(-5.0546E-02,-0.1016,9.906E-03));
#11291 = VERTEX_POINT('',#11292);
#11292 = CARTESIAN_POINT('',(-5.0546E-02,-0.1016,0.));
#11293 = LINE('',#11294,#11295);
#11294 = CARTESIAN_POINT('',(-5.0546E-02,-0.1016,9.906E-03));
#11295 = VECTOR('',#11296,1.);
#11296 = DIRECTION('',(0.,0.,-1.));
#11297 = ORIENTED_EDGE('',*,*,#11298,.T.);
#11298 = EDGE_CURVE('',#11291,#11299,#11301,.T.);
#11299 = VERTEX_POINT('',#11300);
#11300 = CARTESIAN_POINT('',(-7.239E-02,-0.1016,0.));
#11301 = LINE('',#11302,#11303);
#11302 = CARTESIAN_POINT('',(-5.0546E-02,-0.1016,0.));
#11303 = VECTOR('',#11304,1.);
#11304 = DIRECTION('',(-1.,0.,0.));
#11305 = ORIENTED_EDGE('',*,*,#11306,.T.);
#11306 = EDGE_CURVE('',#11299,#11307,#11309,.T.);
#11307 = VERTEX_POINT('',#11308);
#11308 = CARTESIAN_POINT('',(-7.239E-02,-0.1016,9.906E-03));
#11309 = LINE('',#11310,#11311);
#11310 = CARTESIAN_POINT('',(-7.239E-02,-0.1016,0.));
#11311 = VECTOR('',#11312,1.);
#11312 = DIRECTION('',(0.,0.,1.));
#11313 = ORIENTED_EDGE('',*,*,#11314,.T.);
#11314 = EDGE_CURVE('',#11307,#11289,#11315,.T.);
#11315 = LINE('',#11316,#11317);
#11316 = CARTESIAN_POINT('',(-7.239E-02,-0.1016,9.906E-03));
#11317 = VECTOR('',#11318,1.);
#11318 = DIRECTION('',(1.,0.,0.));
#11319 = PLANE('',#11320);
#11320 = AXIS2_PLACEMENT_3D('',#11321,#11322,#11323);
#11321 = CARTESIAN_POINT('',(-5.952679662792E-02,-0.1016,
    6.89420337208E-03));
#11322 = DIRECTION('',(0.,1.,0.));
#11323 = DIRECTION('',(0.,-0.,1.));
#11324 = ADVANCED_FACE('',(#11325),#11350,.T.);
#11325 = FACE_BOUND('',#11326,.T.);
#11326 = EDGE_LOOP('',(#11327,#11335,#11336,#11344));
#11327 = ORIENTED_EDGE('',*,*,#11328,.T.);
#11328 = EDGE_CURVE('',#11329,#11307,#11331,.T.);
#11329 = VERTEX_POINT('',#11330);
#11330 = CARTESIAN_POINT('',(-8.128E-02,-0.122936,9.906E-03));
#11331 = LINE('',#11332,#11333);
#11332 = CARTESIAN_POINT('',(-8.128E-02,-0.122936,9.906E-03));
#11333 = VECTOR('',#11334,1.);
#11334 = DIRECTION('',(0.384615384615,0.923076923077,0.));
#11335 = ORIENTED_EDGE('',*,*,#11306,.F.);
#11336 = ORIENTED_EDGE('',*,*,#11337,.T.);
#11337 = EDGE_CURVE('',#11299,#11338,#11340,.T.);
#11338 = VERTEX_POINT('',#11339);
#11339 = CARTESIAN_POINT('',(-8.128E-02,-0.122936,0.));
#11340 = LINE('',#11341,#11342);
#11341 = CARTESIAN_POINT('',(-7.239E-02,-0.1016,0.));
#11342 = VECTOR('',#11343,1.);
#11343 = DIRECTION('',(-0.384615384615,-0.923076923077,0.));
#11344 = ORIENTED_EDGE('',*,*,#11345,.F.);
#11345 = EDGE_CURVE('',#11329,#11338,#11346,.T.);
#11346 = LINE('',#11347,#11348);
#11347 = CARTESIAN_POINT('',(-8.128E-02,-0.122936,9.906E-03));
#11348 = VECTOR('',#11349,1.);
#11349 = DIRECTION('',(0.,0.,-1.));
#11350 = PLANE('',#11351);
#11351 = AXIS2_PLACEMENT_3D('',#11352,#11353,#11354);
#11352 = CARTESIAN_POINT('',(-7.607800796111E-02,-0.110451219107,
    6.921179301109E-03));
#11353 = DIRECTION('',(-0.923076923077,0.384615384615,-0.));
#11354 = DIRECTION('',(-0.384615384615,-0.923076923077,0.));
#11355 = ADVANCED_FACE('',(#11356),#11390,.T.);
#11356 = FACE_BOUND('',#11357,.T.);
#11357 = EDGE_LOOP('',(#11358,#11368,#11376,#11384));
#11358 = ORIENTED_EDGE('',*,*,#11359,.T.);
#11359 = EDGE_CURVE('',#11360,#11362,#11364,.T.);
#11360 = VERTEX_POINT('',#11361);
#11361 = CARTESIAN_POINT('',(-8.5344E-02,-0.15113,0.));
#11362 = VERTEX_POINT('',#11363);
#11363 = CARTESIAN_POINT('',(-8.5344E-02,-0.156718,0.));
#11364 = LINE('',#11365,#11366);
#11365 = CARTESIAN_POINT('',(-8.5344E-02,-0.15113,0.));
#11366 = VECTOR('',#11367,1.);
#11367 = DIRECTION('',(0.,-1.,0.));
#11368 = ORIENTED_EDGE('',*,*,#11369,.T.);
#11369 = EDGE_CURVE('',#11362,#11370,#11372,.T.);
#11370 = VERTEX_POINT('',#11371);
#11371 = CARTESIAN_POINT('',(-8.5344E-02,-0.156718,9.906E-03));
#11372 = LINE('',#11373,#11374);
#11373 = CARTESIAN_POINT('',(-8.5344E-02,-0.156718,0.));
#11374 = VECTOR('',#11375,1.);
#11375 = DIRECTION('',(0.,0.,1.));
#11376 = ORIENTED_EDGE('',*,*,#11377,.T.);
#11377 = EDGE_CURVE('',#11370,#11378,#11380,.T.);
#11378 = VERTEX_POINT('',#11379);
#11379 = CARTESIAN_POINT('',(-8.5344E-02,-0.15113,9.906E-03));
#11380 = LINE('',#11381,#11382);
#11381 = CARTESIAN_POINT('',(-8.5344E-02,-0.156718,9.906E-03));
#11382 = VECTOR('',#11383,1.);
#11383 = DIRECTION('',(0.,1.,0.));
#11384 = ORIENTED_EDGE('',*,*,#11385,.T.);
#11385 = EDGE_CURVE('',#11378,#11360,#11386,.T.);
#11386 = LINE('',#11387,#11388);
#11387 = CARTESIAN_POINT('',(-8.5344E-02,-0.15113,9.906E-03));
#11388 = VECTOR('',#11389,1.);
#11389 = DIRECTION('',(0.,0.,-1.));
#11390 = PLANE('',#11391);
#11391 = AXIS2_PLACEMENT_3D('',#11392,#11393,#11394);
#11392 = CARTESIAN_POINT('',(-8.5344E-02,-0.154954146126,
    3.922853873509E-03));
#11393 = DIRECTION('',(-1.,-0.,-0.));
#11394 = DIRECTION('',(0.,0.,-1.));
#11395 = ADVANCED_FACE('',(#11396),#11413,.T.);
#11396 = FACE_BOUND('',#11397,.T.);
#11397 = EDGE_LOOP('',(#11398,#11406,#11412));
#11398 = ORIENTED_EDGE('',*,*,#11399,.T.);
#11399 = EDGE_CURVE('',#11378,#11400,#11402,.T.);
#11400 = VERTEX_POINT('',#11401);
#11401 = CARTESIAN_POINT('',(-8.4074E-02,-0.143002,0.));
#11402 = LINE('',#11403,#11404);
#11403 = CARTESIAN_POINT('',(-8.5344E-02,-0.15113,9.906E-03));
#11404 = VECTOR('',#11405,1.);
#11405 = DIRECTION('',(9.862873039406E-02,0.631223874522,-0.769304097074
    ));
#11406 = ORIENTED_EDGE('',*,*,#11407,.T.);
#11407 = EDGE_CURVE('',#11400,#11360,#11408,.T.);
#11408 = LINE('',#11409,#11410);
#11409 = CARTESIAN_POINT('',(-8.4074E-02,-0.143002,0.));
#11410 = VECTOR('',#11411,1.);
#11411 = DIRECTION('',(-0.154376880274,-0.988012033751,0.));
#11412 = ORIENTED_EDGE('',*,*,#11385,.F.);
#11413 = PLANE('',#11414);
#11414 = AXIS2_PLACEMENT_3D('',#11415,#11416,#11417);
#11415 = CARTESIAN_POINT('',(-8.491185307023E-02,-0.148364259649,
    3.638988019263E-03));
#11416 = DIRECTION('',(-0.988012033751,0.154376880274,-0.));
#11417 = DIRECTION('',(-0.154376880274,-0.988012033751,0.));
#11418 = ADVANCED_FACE('',(#11419),#11434,.T.);
#11419 = FACE_BOUND('',#11420,.T.);
#11420 = EDGE_LOOP('',(#11421,#11427,#11433));
#11421 = ORIENTED_EDGE('',*,*,#11422,.T.);
#11422 = EDGE_CURVE('',#11378,#11329,#11423,.T.);
#11423 = LINE('',#11424,#11425);
#11424 = CARTESIAN_POINT('',(-8.5344E-02,-0.15113,9.906E-03));
#11425 = VECTOR('',#11426,1.);
#11426 = DIRECTION('',(0.142669602817,0.989770369546,0.));
#11427 = ORIENTED_EDGE('',*,*,#11428,.T.);
#11428 = EDGE_CURVE('',#11329,#11400,#11429,.T.);
#11429 = LINE('',#11430,#11431);
#11430 = CARTESIAN_POINT('',(-8.128E-02,-0.122936,9.906E-03));
#11431 = VECTOR('',#11432,1.);
#11432 = DIRECTION('',(-0.123893043534,-0.889777312656,-0.439257154349)
  );
#11433 = ORIENTED_EDGE('',*,*,#11399,.F.);
#11434 = PLANE('',#11435);
#11435 = AXIS2_PLACEMENT_3D('',#11436,#11437,#11438);
#11436 = CARTESIAN_POINT('',(-8.33693935978E-02,-0.137620362576,
    7.16047994602E-03));
#11437 = DIRECTION('',(-0.989722539191,0.142662708352,
    -9.830923812708E-03));
#11438 = DIRECTION('',(-0.142669602817,-0.989770369546,2.03501019775E-20
    ));
#11439 = ADVANCED_FACE('',(#11440),#11450,.T.);
#11440 = FACE_BOUND('',#11441,.T.);
#11441 = EDGE_LOOP('',(#11442,#11443,#11449));
#11442 = ORIENTED_EDGE('',*,*,#11345,.T.);
#11443 = ORIENTED_EDGE('',*,*,#11444,.T.);
#11444 = EDGE_CURVE('',#11338,#11400,#11445,.T.);
#11445 = LINE('',#11446,#11447);
#11446 = CARTESIAN_POINT('',(-8.128E-02,-0.122936,0.));
#11447 = VECTOR('',#11448,1.);
#11448 = DIRECTION('',(-0.137910029946,-0.990444760519,0.));
#11449 = ORIENTED_EDGE('',*,*,#11428,.F.);
#11450 = PLANE('',#11451);
#11451 = AXIS2_PLACEMENT_3D('',#11452,#11453,#11454);
#11452 = CARTESIAN_POINT('',(-8.241449256431E-02,-0.131083719326,
    3.049531225529E-03));
#11453 = DIRECTION('',(-0.990444760519,0.137910029946,-0.));
#11454 = DIRECTION('',(-0.137910029946,-0.990444760519,0.));
#11455 = ADVANCED_FACE('',(#11456),#11473,.T.);
#11456 = FACE_BOUND('',#11457,.T.);
#11457 = EDGE_LOOP('',(#11458,#11459,#11467));
#11458 = ORIENTED_EDGE('',*,*,#11369,.F.);
#11459 = ORIENTED_EDGE('',*,*,#11460,.T.);
#11460 = EDGE_CURVE('',#11362,#11461,#11463,.T.);
#11461 = VERTEX_POINT('',#11462);
#11462 = CARTESIAN_POINT('',(-8.4074E-02,-0.168402,0.));
#11463 = LINE('',#11464,#11465);
#11464 = CARTESIAN_POINT('',(-8.5344E-02,-0.156718,0.));
#11465 = VECTOR('',#11466,1.);
#11466 = DIRECTION('',(0.108059180768,-0.994144463069,0.));
#11467 = ORIENTED_EDGE('',*,*,#11468,.F.);
#11468 = EDGE_CURVE('',#11370,#11461,#11469,.T.);
#11469 = LINE('',#11470,#11471);
#11470 = CARTESIAN_POINT('',(-8.5344E-02,-0.156718,9.906E-03));
#11471 = VECTOR('',#11472,1.);
#11472 = DIRECTION('',(8.262487859316E-02,-0.760148883057,
    -0.644474053027));
#11473 = PLANE('',#11474);
#11474 = AXIS2_PLACEMENT_3D('',#11475,#11476,#11477);
#11475 = CARTESIAN_POINT('',(-8.487887297501E-02,-0.16099716863,
    3.380963512164E-03));
#11476 = DIRECTION('',(-0.994144463069,-0.108059180768,-0.));
#11477 = DIRECTION('',(0.108059180768,-0.994144463069,0.));
#11478 = ADVANCED_FACE('',(#11479),#11513,.T.);
#11479 = FACE_BOUND('',#11480,.T.);
#11480 = EDGE_LOOP('',(#11481,#11491,#11499,#11507));
#11481 = ORIENTED_EDGE('',*,*,#11482,.T.);
#11482 = EDGE_CURVE('',#11483,#11485,#11487,.T.);
#11483 = VERTEX_POINT('',#11484);
#11484 = CARTESIAN_POINT('',(-9.398E-03,-0.248412,0.));
#11485 = VERTEX_POINT('',#11486);
#11486 = CARTESIAN_POINT('',(1.3462E-02,-0.250444,0.));
#11487 = LINE('',#11488,#11489);
#11488 = CARTESIAN_POINT('',(-9.398E-03,-0.248412,0.));
#11489 = VECTOR('',#11490,1.);
#11490 = DIRECTION('',(0.996072640693,-8.853979028379E-02,0.));
#11491 = ORIENTED_EDGE('',*,*,#11492,.T.);
#11492 = EDGE_CURVE('',#11485,#11493,#11495,.T.);
#11493 = VERTEX_POINT('',#11494);
#11494 = CARTESIAN_POINT('',(1.3462E-02,-0.250444,9.906E-03));
#11495 = LINE('',#11496,#11497);
#11496 = CARTESIAN_POINT('',(1.3462E-02,-0.250444,0.));
#11497 = VECTOR('',#11498,1.);
#11498 = DIRECTION('',(0.,0.,1.));
#11499 = ORIENTED_EDGE('',*,*,#11500,.T.);
#11500 = EDGE_CURVE('',#11493,#11501,#11503,.T.);
#11501 = VERTEX_POINT('',#11502);
#11502 = CARTESIAN_POINT('',(-9.398E-03,-0.248412,9.906E-03));
#11503 = LINE('',#11504,#11505);
#11504 = CARTESIAN_POINT('',(1.3462E-02,-0.250444,9.906E-03));
#11505 = VECTOR('',#11506,1.);
#11506 = DIRECTION('',(-0.996072640693,8.853979028379E-02,0.));
#11507 = ORIENTED_EDGE('',*,*,#11508,.T.);
#11508 = EDGE_CURVE('',#11501,#11483,#11509,.T.);
#11509 = LINE('',#11510,#11511);
#11510 = CARTESIAN_POINT('',(-9.398E-03,-0.248412,9.906E-03));
#11511 = VECTOR('',#11512,1.);
#11512 = DIRECTION('',(0.,0.,-1.));
#11513 = PLANE('',#11514);
#11514 = AXIS2_PLACEMENT_3D('',#11515,#11516,#11517);
#11515 = CARTESIAN_POINT('',(3.989129451219E-03,-0.249601967062,
    2.988153892132E-03));
#11516 = DIRECTION('',(-8.853979028379E-02,-0.996072640693,-0.));
#11517 = DIRECTION('',(-0.996072640693,8.853979028379E-02,0.));
#11518 = ADVANCED_FACE('',(#11519),#11544,.T.);
#11519 = FACE_BOUND('',#11520,.T.);
#11520 = EDGE_LOOP('',(#11521,#11529,#11530,#11538));
#11521 = ORIENTED_EDGE('',*,*,#11522,.T.);
#11522 = EDGE_CURVE('',#11523,#11483,#11525,.T.);
#11523 = VERTEX_POINT('',#11524);
#11524 = CARTESIAN_POINT('',(-3.048E-02,-0.24257,0.));
#11525 = LINE('',#11526,#11527);
#11526 = CARTESIAN_POINT('',(-3.048E-02,-0.24257,0.));
#11527 = VECTOR('',#11528,1.);
#11528 = DIRECTION('',(0.963684065253,-0.267044981937,0.));
#11529 = ORIENTED_EDGE('',*,*,#11508,.F.);
#11530 = ORIENTED_EDGE('',*,*,#11531,.T.);
#11531 = EDGE_CURVE('',#11501,#11532,#11534,.T.);
#11532 = VERTEX_POINT('',#11533);
#11533 = CARTESIAN_POINT('',(-3.048E-02,-0.24257,9.906E-03));
#11534 = LINE('',#11535,#11536);
#11535 = CARTESIAN_POINT('',(-9.398E-03,-0.248412,9.906E-03));
#11536 = VECTOR('',#11537,1.);
#11537 = DIRECTION('',(-0.963684065253,0.267044981937,0.));
#11538 = ORIENTED_EDGE('',*,*,#11539,.T.);
#11539 = EDGE_CURVE('',#11532,#11523,#11540,.T.);
#11540 = LINE('',#11541,#11542);
#11541 = CARTESIAN_POINT('',(-3.048E-02,-0.24257,9.906E-03));
#11542 = VECTOR('',#11543,1.);
#11543 = DIRECTION('',(0.,0.,-1.));
#11544 = PLANE('',#11545);
#11545 = AXIS2_PLACEMENT_3D('',#11546,#11547,#11548);
#11546 = CARTESIAN_POINT('',(-1.806759592603E-02,-0.246009581852,
    3.011073033014E-03));
#11547 = DIRECTION('',(-0.267044981937,-0.963684065253,-0.));
#11548 = DIRECTION('',(-0.963684065253,0.267044981937,0.));
#11549 = ADVANCED_FACE('',(#11550),#11575,.T.);
#11550 = FACE_BOUND('',#11551,.T.);
#11551 = EDGE_LOOP('',(#11552,#11560,#11561,#11569));
#11552 = ORIENTED_EDGE('',*,*,#11553,.T.);
#11553 = EDGE_CURVE('',#11554,#11523,#11556,.T.);
#11554 = VERTEX_POINT('',#11555);
#11555 = CARTESIAN_POINT('',(-4.953E-02,-0.231902,0.));
#11556 = LINE('',#11557,#11558);
#11557 = CARTESIAN_POINT('',(-4.953E-02,-0.231902,0.));
#11558 = VECTOR('',#11559,1.);
#11559 = DIRECTION('',(0.87250601595,-0.488603368932,0.));
#11560 = ORIENTED_EDGE('',*,*,#11539,.F.);
#11561 = ORIENTED_EDGE('',*,*,#11562,.T.);
#11562 = EDGE_CURVE('',#11532,#11563,#11565,.T.);
#11563 = VERTEX_POINT('',#11564);
#11564 = CARTESIAN_POINT('',(-4.953E-02,-0.231902,9.906E-03));
#11565 = LINE('',#11566,#11567);
#11566 = CARTESIAN_POINT('',(-3.048E-02,-0.24257,9.906E-03));
#11567 = VECTOR('',#11568,1.);
#11568 = DIRECTION('',(-0.87250601595,0.488603368932,0.));
#11569 = ORIENTED_EDGE('',*,*,#11570,.T.);
#11570 = EDGE_CURVE('',#11563,#11554,#11571,.T.);
#11571 = LINE('',#11572,#11573);
#11572 = CARTESIAN_POINT('',(-4.953E-02,-0.231902,9.906E-03));
#11573 = VECTOR('',#11574,1.);
#11574 = DIRECTION('',(0.,0.,-1.));
#11575 = PLANE('',#11576);
#11576 = AXIS2_PLACEMENT_3D('',#11577,#11578,#11579);
#11577 = CARTESIAN_POINT('',(-3.831148980072E-02,-0.238184365712,
    3.012027481391E-03));
#11578 = DIRECTION('',(-0.488603368932,-0.87250601595,-0.));
#11579 = DIRECTION('',(-0.87250601595,0.488603368932,0.));
#11580 = ADVANCED_FACE('',(#11581),#11606,.T.);
#11581 = FACE_BOUND('',#11582,.T.);
#11582 = EDGE_LOOP('',(#11583,#11591,#11592,#11600));
#11583 = ORIENTED_EDGE('',*,*,#11584,.T.);
#11584 = EDGE_CURVE('',#11585,#11554,#11587,.T.);
#11585 = VERTEX_POINT('',#11586);
#11586 = CARTESIAN_POINT('',(-6.5532E-02,-0.21717,0.));
#11587 = LINE('',#11588,#11589);
#11588 = CARTESIAN_POINT('',(-6.5532E-02,-0.21717,0.));
#11589 = VECTOR('',#11590,1.);
#11590 = DIRECTION('',(0.735698222837,-0.677309474993,0.));
#11591 = ORIENTED_EDGE('',*,*,#11570,.F.);
#11592 = ORIENTED_EDGE('',*,*,#11593,.T.);
#11593 = EDGE_CURVE('',#11563,#11594,#11596,.T.);
#11594 = VERTEX_POINT('',#11595);
#11595 = CARTESIAN_POINT('',(-6.5532E-02,-0.21717,9.906E-03));
#11596 = LINE('',#11597,#11598);
#11597 = CARTESIAN_POINT('',(-4.953E-02,-0.231902,9.906E-03));
#11598 = VECTOR('',#11599,1.);
#11599 = DIRECTION('',(-0.735698222837,0.677309474993,0.));
#11600 = ORIENTED_EDGE('',*,*,#11601,.T.);
#11601 = EDGE_CURVE('',#11594,#11585,#11602,.T.);
#11602 = LINE('',#11603,#11604);
#11603 = CARTESIAN_POINT('',(-6.5532E-02,-0.21717,9.906E-03));
#11604 = VECTOR('',#11605,1.);
#11605 = DIRECTION('',(0.,0.,-1.));
#11606 = PLANE('',#11607);
#11607 = AXIS2_PLACEMENT_3D('',#11608,#11609,#11610);
#11608 = CARTESIAN_POINT('',(-5.610439665628E-02,-0.225849380856,
    3.013885157212E-03));
#11609 = DIRECTION('',(-0.677309474993,-0.735698222837,
    2.021693056677E-16));
#11610 = DIRECTION('',(-0.735698222837,0.677309474993,1.259911592326E-32
    ));
#11611 = ADVANCED_FACE('',(#11612),#11637,.T.);
#11612 = FACE_BOUND('',#11613,.T.);
#11613 = EDGE_LOOP('',(#11614,#11622,#11623,#11631));
#11614 = ORIENTED_EDGE('',*,*,#11615,.T.);
#11615 = EDGE_CURVE('',#11616,#11585,#11618,.T.);
#11616 = VERTEX_POINT('',#11617);
#11617 = CARTESIAN_POINT('',(-7.5946E-02,-0.20066,0.));
#11618 = LINE('',#11619,#11620);
#11619 = CARTESIAN_POINT('',(-7.5946E-02,-0.20066,0.));
#11620 = VECTOR('',#11621,1.);
#11621 = DIRECTION('',(0.533503331074,-0.845797963897,0.));
#11622 = ORIENTED_EDGE('',*,*,#11601,.F.);
#11623 = ORIENTED_EDGE('',*,*,#11624,.T.);
#11624 = EDGE_CURVE('',#11594,#11625,#11627,.T.);
#11625 = VERTEX_POINT('',#11626);
#11626 = CARTESIAN_POINT('',(-7.5946E-02,-0.20066,9.906E-03));
#11627 = LINE('',#11628,#11629);
#11628 = CARTESIAN_POINT('',(-6.5532E-02,-0.21717,9.906E-03));
#11629 = VECTOR('',#11630,1.);
#11630 = DIRECTION('',(-0.533503331074,0.845797963897,0.));
#11631 = ORIENTED_EDGE('',*,*,#11632,.T.);
#11632 = EDGE_CURVE('',#11625,#11616,#11633,.T.);
#11633 = LINE('',#11634,#11635);
#11634 = CARTESIAN_POINT('',(-7.5946E-02,-0.20066,9.906E-03));
#11635 = VECTOR('',#11636,1.);
#11636 = DIRECTION('',(0.,0.,-1.));
#11637 = PLANE('',#11638);
#11638 = AXIS2_PLACEMENT_3D('',#11639,#11640,#11641);
#11639 = CARTESIAN_POINT('',(-6.973384012845E-02,-0.210508546138,
    3.068925781515E-03));
#11640 = DIRECTION('',(-0.845797963897,-0.533503331074,-0.));
#11641 = DIRECTION('',(0.533503331074,-0.845797963897,0.));
#11642 = ADVANCED_FACE('',(#11643),#11668,.T.);
#11643 = FACE_BOUND('',#11644,.T.);
#11644 = EDGE_LOOP('',(#11645,#11653,#11654,#11662));
#11645 = ORIENTED_EDGE('',*,*,#11646,.T.);
#11646 = EDGE_CURVE('',#11647,#11616,#11649,.T.);
#11647 = VERTEX_POINT('',#11648);
#11648 = CARTESIAN_POINT('',(-8.2804E-02,-0.181356,0.));
#11649 = LINE('',#11650,#11651);
#11650 = CARTESIAN_POINT('',(-8.2804E-02,-0.181356,0.));
#11651 = VECTOR('',#11652,1.);
#11652 = DIRECTION('',(0.334765052353,-0.942301628845,0.));
#11653 = ORIENTED_EDGE('',*,*,#11632,.F.);
#11654 = ORIENTED_EDGE('',*,*,#11655,.T.);
#11655 = EDGE_CURVE('',#11625,#11656,#11658,.T.);
#11656 = VERTEX_POINT('',#11657);
#11657 = CARTESIAN_POINT('',(-8.2804E-02,-0.181356,9.906E-03));
#11658 = LINE('',#11659,#11660);
#11659 = CARTESIAN_POINT('',(-7.5946E-02,-0.20066,9.906E-03));
#11660 = VECTOR('',#11661,1.);
#11661 = DIRECTION('',(-0.334765052353,0.942301628845,0.));
#11662 = ORIENTED_EDGE('',*,*,#11663,.T.);
#11663 = EDGE_CURVE('',#11656,#11647,#11664,.T.);
#11664 = LINE('',#11665,#11666);
#11665 = CARTESIAN_POINT('',(-8.2804E-02,-0.181356,9.906E-03));
#11666 = VECTOR('',#11667,1.);
#11667 = DIRECTION('',(0.,0.,-1.));
#11668 = PLANE('',#11669);
#11669 = AXIS2_PLACEMENT_3D('',#11670,#11671,#11672);
#11670 = CARTESIAN_POINT('',(-7.873587734271E-02,-0.192807011924,
    3.043832203661E-03));
#11671 = DIRECTION('',(-0.942301628845,-0.334765052353,-0.));
#11672 = DIRECTION('',(0.334765052353,-0.942301628845,0.));
#11673 = ADVANCED_FACE('',(#11674),#11689,.T.);
#11674 = FACE_BOUND('',#11675,.T.);
#11675 = EDGE_LOOP('',(#11676,#11682,#11688));
#11676 = ORIENTED_EDGE('',*,*,#11677,.T.);
#11677 = EDGE_CURVE('',#11656,#11370,#11678,.T.);
#11678 = LINE('',#11679,#11680);
#11679 = CARTESIAN_POINT('',(-8.2804E-02,-0.181356,9.906E-03));
#11680 = VECTOR('',#11681,1.);
#11681 = DIRECTION('',(-0.102549270738,0.994727926154,0.));
#11682 = ORIENTED_EDGE('',*,*,#11683,.T.);
#11683 = EDGE_CURVE('',#11370,#11647,#11684,.T.);
#11684 = LINE('',#11685,#11686);
#11685 = CARTESIAN_POINT('',(-8.5344E-02,-0.156718,9.906E-03));
#11686 = VECTOR('',#11687,1.);
#11687 = DIRECTION('',(9.521650664091E-02,-0.923600114417,-0.3713443759)
  );
#11688 = ORIENTED_EDGE('',*,*,#11663,.F.);
#11689 = PLANE('',#11690);
#11690 = AXIS2_PLACEMENT_3D('',#11691,#11692,#11693);
#11691 = CARTESIAN_POINT('',(-8.386893902082E-02,-0.171026091498,
    6.952633714683E-03));
#11692 = DIRECTION('',(-0.994727926154,-0.102549270738,-0.));
#11693 = DIRECTION('',(0.102549270738,-0.994727926154,0.));
#11694 = ADVANCED_FACE('',(#11695),#11705,.T.);
#11695 = FACE_BOUND('',#11696,.T.);
#11696 = EDGE_LOOP('',(#11697,#11698,#11704));
#11697 = ORIENTED_EDGE('',*,*,#11468,.T.);
#11698 = ORIENTED_EDGE('',*,*,#11699,.T.);
#11699 = EDGE_CURVE('',#11461,#11647,#11700,.T.);
#11700 = LINE('',#11701,#11702);
#11701 = CARTESIAN_POINT('',(-8.4074E-02,-0.168402,0.));
#11702 = VECTOR('',#11703,1.);
#11703 = DIRECTION('',(9.757142403137E-02,-0.99522852512,0.));
#11704 = ORIENTED_EDGE('',*,*,#11683,.F.);
#11705 = PLANE('',#11706);
#11706 = AXIS2_PLACEMENT_3D('',#11707,#11708,#11709);
#11707 = CARTESIAN_POINT('',(-8.410115353007E-02,-0.168609928597,
    3.782177909463E-03));
#11708 = DIRECTION('',(-0.995150668071,-9.756379098739E-02,
    -1.250817833172E-02));
#11709 = DIRECTION('',(9.757142403137E-02,-0.99522852512,
    9.170040255466E-21));
#11710 = ADVANCED_FACE('',(#11711),#11736,.T.);
#11711 = FACE_BOUND('',#11712,.T.);
#11712 = EDGE_LOOP('',(#11713,#11721,#11722,#11730));
#11713 = ORIENTED_EDGE('',*,*,#11714,.T.);
#11714 = EDGE_CURVE('',#11715,#11493,#11717,.T.);
#11715 = VERTEX_POINT('',#11716);
#11716 = CARTESIAN_POINT('',(4.1656E-02,-0.247396,9.906E-03));
#11717 = LINE('',#11718,#11719);
#11718 = CARTESIAN_POINT('',(4.1656E-02,-0.247396,9.906E-03));
#11719 = VECTOR('',#11720,1.);
#11720 = DIRECTION('',(-0.994207047566,-0.10748184298,0.));
#11721 = ORIENTED_EDGE('',*,*,#11492,.F.);
#11722 = ORIENTED_EDGE('',*,*,#11723,.T.);
#11723 = EDGE_CURVE('',#11485,#11724,#11726,.T.);
#11724 = VERTEX_POINT('',#11725);
#11725 = CARTESIAN_POINT('',(4.1656E-02,-0.247396,0.));
#11726 = LINE('',#11727,#11728);
#11727 = CARTESIAN_POINT('',(1.3462E-02,-0.250444,0.));
#11728 = VECTOR('',#11729,1.);
#11729 = DIRECTION('',(0.994207047566,0.10748184298,0.));
#11730 = ORIENTED_EDGE('',*,*,#11731,.F.);
#11731 = EDGE_CURVE('',#11715,#11724,#11732,.T.);
#11732 = LINE('',#11733,#11734);
#11733 = CARTESIAN_POINT('',(4.1656E-02,-0.247396,9.906E-03));
#11734 = VECTOR('',#11735,1.);
#11735 = DIRECTION('',(0.,0.,-1.));
#11736 = PLANE('',#11737);
#11737 = AXIS2_PLACEMENT_3D('',#11738,#11739,#11740);
#11738 = CARTESIAN_POINT('',(2.551450679647E-02,-0.249141026292,
    7.009405864892E-03));
#11739 = DIRECTION('',(0.10748184298,-0.994207047566,-0.));
#11740 = DIRECTION('',(-0.994207047566,-0.10748184298,0.));
#11741 = ADVANCED_FACE('',(#11742),#11776,.T.);
#11742 = FACE_BOUND('',#11743,.T.);
#11743 = EDGE_LOOP('',(#11744,#11754,#11762,#11770));
#11744 = ORIENTED_EDGE('',*,*,#11745,.T.);
#11745 = EDGE_CURVE('',#11746,#11748,#11750,.T.);
#11746 = VERTEX_POINT('',#11747);
#11747 = CARTESIAN_POINT('',(0.117602,-0.17018,0.));
#11748 = VERTEX_POINT('',#11749);
#11749 = CARTESIAN_POINT('',(0.119634,-0.14859,0.));
#11750 = LINE('',#11751,#11752);
#11751 = CARTESIAN_POINT('',(0.117602,-0.17018,0.));
#11752 = VECTOR('',#11753,1.);
#11753 = DIRECTION('',(9.370354293205E-02,0.995600143653,0.));
#11754 = ORIENTED_EDGE('',*,*,#11755,.T.);
#11755 = EDGE_CURVE('',#11748,#11756,#11758,.T.);
#11756 = VERTEX_POINT('',#11757);
#11757 = CARTESIAN_POINT('',(0.119634,-0.14859,9.906E-03));
#11758 = LINE('',#11759,#11760);
#11759 = CARTESIAN_POINT('',(0.119634,-0.14859,0.));
#11760 = VECTOR('',#11761,1.);
#11761 = DIRECTION('',(0.,0.,1.));
#11762 = ORIENTED_EDGE('',*,*,#11763,.T.);
#11763 = EDGE_CURVE('',#11756,#11764,#11766,.T.);
#11764 = VERTEX_POINT('',#11765);
#11765 = CARTESIAN_POINT('',(0.117602,-0.17018,9.906E-03));
#11766 = LINE('',#11767,#11768);
#11767 = CARTESIAN_POINT('',(0.119634,-0.14859,9.906E-03));
#11768 = VECTOR('',#11769,1.);
#11769 = DIRECTION('',(-9.370354293205E-02,-0.995600143653,0.));
#11770 = ORIENTED_EDGE('',*,*,#11771,.T.);
#11771 = EDGE_CURVE('',#11764,#11746,#11772,.T.);
#11772 = LINE('',#11773,#11774);
#11773 = CARTESIAN_POINT('',(0.117602,-0.17018,9.906E-03));
#11774 = VECTOR('',#11775,1.);
#11775 = DIRECTION('',(0.,0.,-1.));
#11776 = PLANE('',#11777);
#11777 = AXIS2_PLACEMENT_3D('',#11778,#11779,#11780);
#11778 = CARTESIAN_POINT('',(0.118799563879,-0.157455883785,
    3.015358440194E-03));
#11779 = DIRECTION('',(0.995600143653,-9.370354293205E-02,0.));
#11780 = DIRECTION('',(9.370354293205E-02,0.995600143653,0.));
#11781 = ADVANCED_FACE('',(#11782),#11807,.T.);
#11782 = FACE_BOUND('',#11783,.T.);
#11783 = EDGE_LOOP('',(#11784,#11792,#11793,#11801));
#11784 = ORIENTED_EDGE('',*,*,#11785,.T.);
#11785 = EDGE_CURVE('',#11786,#11746,#11788,.T.);
#11786 = VERTEX_POINT('',#11787);
#11787 = CARTESIAN_POINT('',(0.110998,-0.192024,0.));
#11788 = LINE('',#11789,#11790);
#11789 = CARTESIAN_POINT('',(0.110998,-0.192024,0.));
#11790 = VECTOR('',#11791,1.);
#11791 = DIRECTION('',(0.289389501276,0.957211427299,0.));
#11792 = ORIENTED_EDGE('',*,*,#11771,.F.);
#11793 = ORIENTED_EDGE('',*,*,#11794,.T.);
#11794 = EDGE_CURVE('',#11764,#11795,#11797,.T.);
#11795 = VERTEX_POINT('',#11796);
#11796 = CARTESIAN_POINT('',(0.110998,-0.192024,9.906E-03));
#11797 = LINE('',#11798,#11799);
#11798 = CARTESIAN_POINT('',(0.117602,-0.17018,9.906E-03));
#11799 = VECTOR('',#11800,1.);
#11800 = DIRECTION('',(-0.289389501276,-0.957211427299,0.));
#11801 = ORIENTED_EDGE('',*,*,#11802,.T.);
#11802 = EDGE_CURVE('',#11795,#11786,#11803,.T.);
#11803 = LINE('',#11804,#11805);
#11804 = CARTESIAN_POINT('',(0.110998,-0.192024,9.906E-03));
#11805 = VECTOR('',#11806,1.);
#11806 = DIRECTION('',(0.,0.,-1.));
#11807 = PLANE('',#11808);
#11808 = AXIS2_PLACEMENT_3D('',#11809,#11810,#11811);
#11809 = CARTESIAN_POINT('',(0.114867833848,-0.179223780348,
    2.990821532372E-03));
#11810 = DIRECTION('',(0.957211427299,-0.289389501276,0.));
#11811 = DIRECTION('',(0.289389501276,0.957211427299,0.));
#11812 = ADVANCED_FACE('',(#11813),#11838,.T.);
#11813 = FACE_BOUND('',#11814,.T.);
#11814 = EDGE_LOOP('',(#11815,#11823,#11824,#11832));
#11815 = ORIENTED_EDGE('',*,*,#11816,.T.);
#11816 = EDGE_CURVE('',#11817,#11786,#11819,.T.);
#11817 = VERTEX_POINT('',#11818);
#11818 = CARTESIAN_POINT('',(0.100076,-0.21082,0.));
#11819 = LINE('',#11820,#11821);
#11820 = CARTESIAN_POINT('',(0.100076,-0.21082,0.));
#11821 = VECTOR('',#11822,1.);
#11822 = DIRECTION('',(0.50241736454,0.864625231999,0.));
#11823 = ORIENTED_EDGE('',*,*,#11802,.F.);
#11824 = ORIENTED_EDGE('',*,*,#11825,.T.);
#11825 = EDGE_CURVE('',#11795,#11826,#11828,.T.);
#11826 = VERTEX_POINT('',#11827);
#11827 = CARTESIAN_POINT('',(0.100076,-0.21082,9.906E-03));
#11828 = LINE('',#11829,#11830);
#11829 = CARTESIAN_POINT('',(0.110998,-0.192024,9.906E-03));
#11830 = VECTOR('',#11831,1.);
#11831 = DIRECTION('',(-0.50241736454,-0.864625231999,0.));
#11832 = ORIENTED_EDGE('',*,*,#11833,.T.);
#11833 = EDGE_CURVE('',#11826,#11817,#11834,.T.);
#11834 = LINE('',#11835,#11836);
#11835 = CARTESIAN_POINT('',(0.100076,-0.21082,9.906E-03));
#11836 = VECTOR('',#11837,1.);
#11837 = DIRECTION('',(0.,0.,-1.));
#11838 = PLANE('',#11839);
#11839 = AXIS2_PLACEMENT_3D('',#11840,#11841,#11842);
#11840 = CARTESIAN_POINT('',(0.106511110839,-0.199745623207,
    3.014152125424E-03));
#11841 = DIRECTION('',(0.864625231999,-0.50241736454,0.));
#11842 = DIRECTION('',(0.50241736454,0.864625231999,0.));
#11843 = ADVANCED_FACE('',(#11844),#11869,.T.);
#11844 = FACE_BOUND('',#11845,.T.);
#11845 = EDGE_LOOP('',(#11846,#11854,#11855,#11863));
#11846 = ORIENTED_EDGE('',*,*,#11847,.T.);
#11847 = EDGE_CURVE('',#11848,#11817,#11850,.T.);
#11848 = VERTEX_POINT('',#11849);
#11849 = CARTESIAN_POINT('',(8.3312E-02,-0.228092,0.));
#11850 = LINE('',#11851,#11852);
#11851 = CARTESIAN_POINT('',(8.3312E-02,-0.228092,0.));
#11852 = VECTOR('',#11853,1.);
#11853 = DIRECTION('',(0.696475377169,0.717580691628,0.));
#11854 = ORIENTED_EDGE('',*,*,#11833,.F.);
#11855 = ORIENTED_EDGE('',*,*,#11856,.T.);
#11856 = EDGE_CURVE('',#11826,#11857,#11859,.T.);
#11857 = VERTEX_POINT('',#11858);
#11858 = CARTESIAN_POINT('',(8.3312E-02,-0.228092,9.906E-03));
#11859 = LINE('',#11860,#11861);
#11860 = CARTESIAN_POINT('',(0.100076,-0.21082,9.906E-03));
#11861 = VECTOR('',#11862,1.);
#11862 = DIRECTION('',(-0.696475377169,-0.717580691628,0.));
#11863 = ORIENTED_EDGE('',*,*,#11864,.T.);
#11864 = EDGE_CURVE('',#11857,#11848,#11865,.T.);
#11865 = LINE('',#11866,#11867);
#11866 = CARTESIAN_POINT('',(8.3312E-02,-0.228092,9.906E-03));
#11867 = VECTOR('',#11868,1.);
#11868 = DIRECTION('',(0.,0.,-1.));
#11869 = PLANE('',#11870);
#11870 = AXIS2_PLACEMENT_3D('',#11871,#11872,#11873);
#11871 = CARTESIAN_POINT('',(9.307776992379E-02,-0.218030297654,
    2.966181845116E-03));
#11872 = DIRECTION('',(0.717580691628,-0.696475377169,4.269360208047E-16
    ));
#11873 = DIRECTION('',(0.696475377169,0.717580691628,1.960989100748E-32)
  );
#11874 = ADVANCED_FACE('',(#11875),#11900,.T.);
#11875 = FACE_BOUND('',#11876,.T.);
#11876 = EDGE_LOOP('',(#11877,#11885,#11886,#11894));
#11877 = ORIENTED_EDGE('',*,*,#11878,.T.);
#11878 = EDGE_CURVE('',#11879,#11848,#11881,.T.);
#11879 = VERTEX_POINT('',#11880);
#11880 = CARTESIAN_POINT('',(6.4516E-02,-0.239776,0.));
#11881 = LINE('',#11882,#11883);
#11882 = CARTESIAN_POINT('',(6.4516E-02,-0.239776,0.));
#11883 = VECTOR('',#11884,1.);
#11884 = DIRECTION('',(0.849285325289,0.527934121126,0.));
#11885 = ORIENTED_EDGE('',*,*,#11864,.F.);
#11886 = ORIENTED_EDGE('',*,*,#11887,.T.);
#11887 = EDGE_CURVE('',#11857,#11888,#11890,.T.);
#11888 = VERTEX_POINT('',#11889);
#11889 = CARTESIAN_POINT('',(6.4516E-02,-0.239776,9.906E-03));
#11890 = LINE('',#11891,#11892);
#11891 = CARTESIAN_POINT('',(8.3312E-02,-0.228092,9.906E-03));
#11892 = VECTOR('',#11893,1.);
#11893 = DIRECTION('',(-0.849285325289,-0.527934121126,0.));
#11894 = ORIENTED_EDGE('',*,*,#11895,.T.);
#11895 = EDGE_CURVE('',#11888,#11879,#11896,.T.);
#11896 = LINE('',#11897,#11898);
#11897 = CARTESIAN_POINT('',(6.4516E-02,-0.239776,9.906E-03));
#11898 = VECTOR('',#11899,1.);
#11899 = DIRECTION('',(0.,0.,-1.));
#11900 = PLANE('',#11901);
#11901 = AXIS2_PLACEMENT_3D('',#11902,#11903,#11904);
#11902 = CARTESIAN_POINT('',(7.556802404783E-02,-0.232905822889,
    3.005451869139E-03));
#11903 = DIRECTION('',(0.527934121126,-0.849285325289,
    -2.288920229706E-16));
#11904 = DIRECTION('',(-0.849285325289,-0.527934121126,
    -1.181891894804E-32));
#11905 = ADVANCED_FACE('',(#11906),#11922,.T.);
#11906 = FACE_BOUND('',#11907,.T.);
#11907 = EDGE_LOOP('',(#11908,#11914,#11915,#11921));
#11908 = ORIENTED_EDGE('',*,*,#11909,.T.);
#11909 = EDGE_CURVE('',#11724,#11879,#11910,.T.);
#11910 = LINE('',#11911,#11912);
#11911 = CARTESIAN_POINT('',(4.1656E-02,-0.247396,0.));
#11912 = VECTOR('',#11913,1.);
#11913 = DIRECTION('',(0.948683298051,0.316227766017,0.));
#11914 = ORIENTED_EDGE('',*,*,#11895,.F.);
#11915 = ORIENTED_EDGE('',*,*,#11916,.T.);
#11916 = EDGE_CURVE('',#11888,#11715,#11917,.T.);
#11917 = LINE('',#11918,#11919);
#11918 = CARTESIAN_POINT('',(6.4516E-02,-0.239776,9.906E-03));
#11919 = VECTOR('',#11920,1.);
#11920 = DIRECTION('',(-0.948683298051,-0.316227766017,0.));
#11921 = ORIENTED_EDGE('',*,*,#11731,.T.);
#11922 = PLANE('',#11923);
#11923 = AXIS2_PLACEMENT_3D('',#11924,#11925,#11926);
#11924 = CARTESIAN_POINT('',(5.497133885024E-02,-0.242957553717,
    2.965678357342E-03));
#11925 = DIRECTION('',(0.316227766017,-0.948683298051,-0.));
#11926 = DIRECTION('',(-0.948683298051,-0.316227766017,0.));
#11927 = ADVANCED_FACE('',(#11928),#11953,.T.);
#11928 = FACE_BOUND('',#11929,.T.);
#11929 = EDGE_LOOP('',(#11930,#11938,#11939,#11947));
#11930 = ORIENTED_EDGE('',*,*,#11931,.T.);
#11931 = EDGE_CURVE('',#11932,#11756,#11934,.T.);
#11932 = VERTEX_POINT('',#11933);
#11933 = CARTESIAN_POINT('',(0.117856,-0.124714,9.906E-03));
#11934 = LINE('',#11935,#11936);
#11935 = CARTESIAN_POINT('',(0.117856,-0.124714,9.906E-03));
#11936 = VECTOR('',#11937,1.);
#11937 = DIRECTION('',(7.426245871461E-02,-0.99723873131,0.));
#11938 = ORIENTED_EDGE('',*,*,#11755,.F.);
#11939 = ORIENTED_EDGE('',*,*,#11940,.T.);
#11940 = EDGE_CURVE('',#11748,#11941,#11943,.T.);
#11941 = VERTEX_POINT('',#11942);
#11942 = CARTESIAN_POINT('',(0.117856,-0.124714,0.));
#11943 = LINE('',#11944,#11945);
#11944 = CARTESIAN_POINT('',(0.119634,-0.14859,0.));
#11945 = VECTOR('',#11946,1.);
#11946 = DIRECTION('',(-7.426245871461E-02,0.99723873131,0.));
#11947 = ORIENTED_EDGE('',*,*,#11948,.F.);
#11948 = EDGE_CURVE('',#11932,#11941,#11949,.T.);
#11949 = LINE('',#11950,#11951);
#11950 = CARTESIAN_POINT('',(0.117856,-0.124714,9.906E-03));
#11951 = VECTOR('',#11952,1.);
#11952 = DIRECTION('',(0.,0.,-1.));
#11953 = PLANE('',#11954);
#11954 = AXIS2_PLACEMENT_3D('',#11955,#11956,#11957);
#11955 = CARTESIAN_POINT('',(0.118892366804,-0.138630925655,
    6.937405130987E-03));
#11956 = DIRECTION('',(0.99723873131,7.426245871461E-02,0.));
#11957 = DIRECTION('',(-7.426245871461E-02,0.99723873131,0.));
#11958 = ADVANCED_FACE('',(#11959),#11984,.T.);
#11959 = FACE_BOUND('',#11960,.T.);
#11960 = EDGE_LOOP('',(#11961,#11969,#11977,#11983));
#11961 = ORIENTED_EDGE('',*,*,#11962,.T.);
#11962 = EDGE_CURVE('',#11941,#11963,#11965,.T.);
#11963 = VERTEX_POINT('',#11964);
#11964 = CARTESIAN_POINT('',(0.11176,-0.1016,0.));
#11965 = LINE('',#11966,#11967);
#11966 = CARTESIAN_POINT('',(0.117856,-0.124714,0.));
#11967 = VECTOR('',#11968,1.);
#11968 = DIRECTION('',(-0.255016287693,0.966936757503,0.));
#11969 = ORIENTED_EDGE('',*,*,#11970,.T.);
#11970 = EDGE_CURVE('',#11963,#11971,#11973,.T.);
#11971 = VERTEX_POINT('',#11972);
#11972 = CARTESIAN_POINT('',(0.11176,-0.1016,9.906E-03));
#11973 = LINE('',#11974,#11975);
#11974 = CARTESIAN_POINT('',(0.11176,-0.1016,0.));
#11975 = VECTOR('',#11976,1.);
#11976 = DIRECTION('',(0.,0.,1.));
#11977 = ORIENTED_EDGE('',*,*,#11978,.T.);
#11978 = EDGE_CURVE('',#11971,#11932,#11979,.T.);
#11979 = LINE('',#11980,#11981);
#11980 = CARTESIAN_POINT('',(0.11176,-0.1016,9.906E-03));
#11981 = VECTOR('',#11982,1.);
#11982 = DIRECTION('',(0.255016287693,-0.966936757503,0.));
#11983 = ORIENTED_EDGE('',*,*,#11948,.T.);
#11984 = PLANE('',#11985);
#11985 = AXIS2_PLACEMENT_3D('',#11986,#11987,#11988);
#11986 = CARTESIAN_POINT('',(0.114302127486,-0.111238900051,
    2.969312924473E-03));
#11987 = DIRECTION('',(0.966936757503,0.255016287693,-1.977130142366E-16
    ));
#11988 = DIRECTION('',(-0.255016287693,0.966936757503,3.248006878598E-33
    ));
#11989 = ADVANCED_FACE('',(#11990),#12015,.T.);
#11990 = FACE_BOUND('',#11991,.T.);
#11991 = EDGE_LOOP('',(#11992,#11993,#12001,#12009));
#11992 = ORIENTED_EDGE('',*,*,#11970,.F.);
#11993 = ORIENTED_EDGE('',*,*,#11994,.T.);
#11994 = EDGE_CURVE('',#11963,#11995,#11997,.T.);
#11995 = VERTEX_POINT('',#11996);
#11996 = CARTESIAN_POINT('',(8.4836E-02,-0.1016,0.));
#11997 = LINE('',#11998,#11999);
#11998 = CARTESIAN_POINT('',(0.11176,-0.1016,0.));
#11999 = VECTOR('',#12000,1.);
#12000 = DIRECTION('',(-1.,0.,0.));
#12001 = ORIENTED_EDGE('',*,*,#12002,.T.);
#12002 = EDGE_CURVE('',#11995,#12003,#12005,.T.);
#12003 = VERTEX_POINT('',#12004);
#12004 = CARTESIAN_POINT('',(8.4836E-02,-0.1016,9.906E-03));
#12005 = LINE('',#12006,#12007);
#12006 = CARTESIAN_POINT('',(8.4836E-02,-0.1016,0.));
#12007 = VECTOR('',#12008,1.);
#12008 = DIRECTION('',(0.,0.,1.));
#12009 = ORIENTED_EDGE('',*,*,#12010,.T.);
#12010 = EDGE_CURVE('',#12003,#11971,#12011,.T.);
#12011 = LINE('',#12012,#12013);
#12012 = CARTESIAN_POINT('',(8.4836E-02,-0.1016,9.906E-03));
#12013 = VECTOR('',#12014,1.);
#12014 = DIRECTION('',(1.,0.,0.));
#12015 = PLANE('',#12016);
#12016 = AXIS2_PLACEMENT_3D('',#12017,#12018,#12019);
#12017 = CARTESIAN_POINT('',(0.100333372474,-0.1016,6.988372473945E-03)
  );
#12018 = DIRECTION('',(0.,1.,0.));
#12019 = DIRECTION('',(0.,-0.,1.));
#12020 = ADVANCED_FACE('',(#12021),#12046,.T.);
#12021 = FACE_BOUND('',#12022,.T.);
#12022 = EDGE_LOOP('',(#12023,#12031,#12032,#12040));
#12023 = ORIENTED_EDGE('',*,*,#12024,.T.);
#12024 = EDGE_CURVE('',#12025,#12003,#12027,.T.);
#12025 = VERTEX_POINT('',#12026);
#12026 = CARTESIAN_POINT('',(9.4488E-02,-0.124206,9.906E-03));
#12027 = LINE('',#12028,#12029);
#12028 = CARTESIAN_POINT('',(9.4488E-02,-0.124206,9.906E-03));
#12029 = VECTOR('',#12030,1.);
#12030 = DIRECTION('',(-0.392671793249,0.919678673661,0.));
#12031 = ORIENTED_EDGE('',*,*,#12002,.F.);
#12032 = ORIENTED_EDGE('',*,*,#12033,.T.);
#12033 = EDGE_CURVE('',#11995,#12034,#12036,.T.);
#12034 = VERTEX_POINT('',#12035);
#12035 = CARTESIAN_POINT('',(9.4488E-02,-0.124206,0.));
#12036 = LINE('',#12037,#12038);
#12037 = CARTESIAN_POINT('',(8.4836E-02,-0.1016,0.));
#12038 = VECTOR('',#12039,1.);
#12039 = DIRECTION('',(0.392671793249,-0.919678673661,0.));
#12040 = ORIENTED_EDGE('',*,*,#12041,.F.);
#12041 = EDGE_CURVE('',#12025,#12034,#12042,.T.);
#12042 = LINE('',#12043,#12044);
#12043 = CARTESIAN_POINT('',(9.4488E-02,-0.124206,9.906E-03));
#12044 = VECTOR('',#12045,1.);
#12045 = DIRECTION('',(0.,0.,-1.));
#12046 = PLANE('',#12047);
#12047 = AXIS2_PLACEMENT_3D('',#12048,#12049,#12050);
#12048 = CARTESIAN_POINT('',(8.887813076495E-02,-0.111067095739,
    6.949245333962E-03));
#12049 = DIRECTION('',(-0.919678673661,-0.392671793249,-0.));
#12050 = DIRECTION('',(0.392671793249,-0.919678673661,0.));
#12051 = ADVANCED_FACE('',(#12052),#12077,.T.);
#12052 = FACE_BOUND('',#12053,.T.);
#12053 = EDGE_LOOP('',(#12054,#12062,#12070,#12076));
#12054 = ORIENTED_EDGE('',*,*,#12055,.T.);
#12055 = EDGE_CURVE('',#12034,#12056,#12058,.T.);
#12056 = VERTEX_POINT('',#12057);
#12057 = CARTESIAN_POINT('',(9.7536E-02,-0.148336,0.));
#12058 = LINE('',#12059,#12060);
#12059 = CARTESIAN_POINT('',(9.4488E-02,-0.124206,0.));
#12060 = VECTOR('',#12061,1.);
#12061 = DIRECTION('',(0.125319963489,-0.992116377625,0.));
#12062 = ORIENTED_EDGE('',*,*,#12063,.T.);
#12063 = EDGE_CURVE('',#12056,#12064,#12066,.T.);
#12064 = VERTEX_POINT('',#12065);
#12065 = CARTESIAN_POINT('',(9.7536E-02,-0.148336,9.906E-03));
#12066 = LINE('',#12067,#12068);
#12067 = CARTESIAN_POINT('',(9.7536E-02,-0.148336,0.));
#12068 = VECTOR('',#12069,1.);
#12069 = DIRECTION('',(0.,0.,1.));
#12070 = ORIENTED_EDGE('',*,*,#12071,.T.);
#12071 = EDGE_CURVE('',#12064,#12025,#12072,.T.);
#12072 = LINE('',#12073,#12074);
#12073 = CARTESIAN_POINT('',(9.7536E-02,-0.148336,9.906E-03));
#12074 = VECTOR('',#12075,1.);
#12075 = DIRECTION('',(-0.125319963489,0.992116377625,0.));
#12076 = ORIENTED_EDGE('',*,*,#12041,.T.);
#12077 = PLANE('',#12078);
#12078 = AXIS2_PLACEMENT_3D('',#12079,#12080,#12081);
#12079 = CARTESIAN_POINT('',(9.626157657346E-02,-0.13824681454,
    2.961485108786E-03));
#12080 = DIRECTION('',(-0.992116377625,-0.125319963489,-0.));
#12081 = DIRECTION('',(0.125319963489,-0.992116377625,0.));
#12082 = ADVANCED_FACE('',(#12083),#12108,.T.);
#12083 = FACE_BOUND('',#12084,.T.);
#12084 = EDGE_LOOP('',(#12085,#12093,#12094,#12102));
#12085 = ORIENTED_EDGE('',*,*,#12086,.T.);
#12086 = EDGE_CURVE('',#12087,#12064,#12089,.T.);
#12087 = VERTEX_POINT('',#12088);
#12088 = CARTESIAN_POINT('',(9.5504E-02,-0.168148,9.906E-03));
#12089 = LINE('',#12090,#12091);
#12090 = CARTESIAN_POINT('',(9.5504E-02,-0.168148,9.906E-03));
#12091 = VECTOR('',#12092,1.);
#12092 = DIRECTION('',(0.102028865499,0.994781438611,0.));
#12093 = ORIENTED_EDGE('',*,*,#12063,.F.);
#12094 = ORIENTED_EDGE('',*,*,#12095,.T.);
#12095 = EDGE_CURVE('',#12056,#12096,#12098,.T.);
#12096 = VERTEX_POINT('',#12097);
#12097 = CARTESIAN_POINT('',(9.5504E-02,-0.168148,0.));
#12098 = LINE('',#12099,#12100);
#12099 = CARTESIAN_POINT('',(9.7536E-02,-0.148336,0.));
#12100 = VECTOR('',#12101,1.);
#12101 = DIRECTION('',(-0.102028865499,-0.994781438611,0.));
#12102 = ORIENTED_EDGE('',*,*,#12103,.F.);
#12103 = EDGE_CURVE('',#12087,#12096,#12104,.T.);
#12104 = LINE('',#12105,#12106);
#12105 = CARTESIAN_POINT('',(9.5504E-02,-0.168148,9.906E-03));
#12106 = VECTOR('',#12107,1.);
#12107 = DIRECTION('',(0.,0.,-1.));
#12108 = PLANE('',#12109);
#12109 = AXIS2_PLACEMENT_3D('',#12110,#12111,#12112);
#12110 = CARTESIAN_POINT('',(9.671330476858E-02,-0.156357278506,
    6.847608625045E-03));
#12111 = DIRECTION('',(-0.994781438611,0.102028865499,-0.));
#12112 = DIRECTION('',(-0.102028865499,-0.994781438611,0.));
#12113 = ADVANCED_FACE('',(#12114),#12148,.T.);
#12114 = FACE_BOUND('',#12115,.T.);
#12115 = EDGE_LOOP('',(#12116,#12126,#12134,#12142));
#12116 = ORIENTED_EDGE('',*,*,#12117,.T.);
#12117 = EDGE_CURVE('',#12118,#12120,#12122,.T.);
#12118 = VERTEX_POINT('',#12119);
#12119 = CARTESIAN_POINT('',(2.9972E-02,-0.222758,0.));
#12120 = VERTEX_POINT('',#12121);
#12121 = CARTESIAN_POINT('',(1.4986E-02,-0.22352,0.));
#12122 = LINE('',#12123,#12124);
#12123 = CARTESIAN_POINT('',(2.9972E-02,-0.222758,0.));
#12124 = VECTOR('',#12125,1.);
#12125 = DIRECTION('',(-0.998709769372,-5.078185267991E-02,0.));
#12126 = ORIENTED_EDGE('',*,*,#12127,.T.);
#12127 = EDGE_CURVE('',#12120,#12128,#12130,.T.);
#12128 = VERTEX_POINT('',#12129);
#12129 = CARTESIAN_POINT('',(1.4986E-02,-0.22352,9.906E-03));
#12130 = LINE('',#12131,#12132);
#12131 = CARTESIAN_POINT('',(1.4986E-02,-0.22352,0.));
#12132 = VECTOR('',#12133,1.);
#12133 = DIRECTION('',(0.,0.,1.));
#12134 = ORIENTED_EDGE('',*,*,#12135,.T.);
#12135 = EDGE_CURVE('',#12128,#12136,#12138,.T.);
#12136 = VERTEX_POINT('',#12137);
#12137 = CARTESIAN_POINT('',(2.9972E-02,-0.222758,9.906E-03));
#12138 = LINE('',#12139,#12140);
#12139 = CARTESIAN_POINT('',(1.4986E-02,-0.22352,9.906E-03));
#12140 = VECTOR('',#12141,1.);
#12141 = DIRECTION('',(0.998709769372,5.078185267991E-02,0.));
#12142 = ORIENTED_EDGE('',*,*,#12143,.T.);
#12143 = EDGE_CURVE('',#12136,#12118,#12144,.T.);
#12144 = LINE('',#12145,#12146);
#12145 = CARTESIAN_POINT('',(2.9972E-02,-0.222758,9.906E-03));
#12146 = VECTOR('',#12147,1.);
#12147 = DIRECTION('',(0.,0.,-1.));
#12148 = PLANE('',#12149);
#12149 = AXIS2_PLACEMENT_3D('',#12150,#12151,#12152);
#12150 = CARTESIAN_POINT('',(2.074846007413E-02,-0.223226993556,
    3.220224393971E-03));
#12151 = DIRECTION('',(-5.078185267991E-02,0.998709769372,0.));
#12152 = DIRECTION('',(0.998709769372,5.078185267991E-02,0.));
#12153 = ADVANCED_FACE('',(#12154),#12179,.T.);
#12154 = FACE_BOUND('',#12155,.T.);
#12155 = EDGE_LOOP('',(#12156,#12164,#12165,#12173));
#12156 = ORIENTED_EDGE('',*,*,#12157,.T.);
#12157 = EDGE_CURVE('',#12158,#12118,#12160,.T.);
#12158 = VERTEX_POINT('',#12159);
#12159 = CARTESIAN_POINT('',(5.1562E-02,-0.217424,0.));
#12160 = LINE('',#12161,#12162);
#12161 = CARTESIAN_POINT('',(5.1562E-02,-0.217424,0.));
#12162 = VECTOR('',#12163,1.);
#12163 = DIRECTION('',(-0.970810619299,-0.239847329474,0.));
#12164 = ORIENTED_EDGE('',*,*,#12143,.F.);
#12165 = ORIENTED_EDGE('',*,*,#12166,.T.);
#12166 = EDGE_CURVE('',#12136,#12167,#12169,.T.);
#12167 = VERTEX_POINT('',#12168);
#12168 = CARTESIAN_POINT('',(5.1562E-02,-0.217424,9.906E-03));
#12169 = LINE('',#12170,#12171);
#12170 = CARTESIAN_POINT('',(2.9972E-02,-0.222758,9.906E-03));
#12171 = VECTOR('',#12172,1.);
#12172 = DIRECTION('',(0.970810619299,0.239847329474,0.));
#12173 = ORIENTED_EDGE('',*,*,#12174,.T.);
#12174 = EDGE_CURVE('',#12167,#12158,#12175,.T.);
#12175 = LINE('',#12176,#12177);
#12176 = CARTESIAN_POINT('',(5.1562E-02,-0.217424,9.906E-03));
#12177 = VECTOR('',#12178,1.);
#12178 = DIRECTION('',(0.,0.,-1.));
#12179 = PLANE('',#12180);
#12180 = AXIS2_PLACEMENT_3D('',#12181,#12182,#12183);
#12181 = CARTESIAN_POINT('',(3.88740305139E-02,-0.220558674814,
    3.003114565633E-03));
#12182 = DIRECTION('',(-0.239847329474,0.970810619299,0.));
#12183 = DIRECTION('',(0.970810619299,0.239847329474,0.));
#12184 = ADVANCED_FACE('',(#12185),#12210,.T.);
#12185 = FACE_BOUND('',#12186,.T.);
#12186 = EDGE_LOOP('',(#12187,#12195,#12196,#12204));
#12187 = ORIENTED_EDGE('',*,*,#12188,.T.);
#12188 = EDGE_CURVE('',#12189,#12158,#12191,.T.);
#12189 = VERTEX_POINT('',#12190);
#12190 = CARTESIAN_POINT('',(6.7056E-02,-0.209296,0.));
#12191 = LINE('',#12192,#12193);
#12192 = CARTESIAN_POINT('',(6.7056E-02,-0.209296,0.));
#12193 = VECTOR('',#12194,1.);
#12194 = DIRECTION('',(-0.885547225338,-0.464549364112,0.));
#12195 = ORIENTED_EDGE('',*,*,#12174,.F.);
#12196 = ORIENTED_EDGE('',*,*,#12197,.T.);
#12197 = EDGE_CURVE('',#12167,#12198,#12200,.T.);
#12198 = VERTEX_POINT('',#12199);
#12199 = CARTESIAN_POINT('',(6.7056E-02,-0.209296,9.906E-03));
#12200 = LINE('',#12201,#12202);
#12201 = CARTESIAN_POINT('',(5.1562E-02,-0.217424,9.906E-03));
#12202 = VECTOR('',#12203,1.);
#12203 = DIRECTION('',(0.885547225338,0.464549364112,0.));
#12204 = ORIENTED_EDGE('',*,*,#12205,.T.);
#12205 = EDGE_CURVE('',#12198,#12189,#12206,.T.);
#12206 = LINE('',#12207,#12208);
#12207 = CARTESIAN_POINT('',(6.7056E-02,-0.209296,9.906E-03));
#12208 = VECTOR('',#12209,1.);
#12209 = DIRECTION('',(0.,0.,-1.));
#12210 = PLANE('',#12211);
#12211 = AXIS2_PLACEMENT_3D('',#12212,#12213,#12214);
#12212 = CARTESIAN_POINT('',(5.769367856754E-02,-0.214207381735,
    3.128905941279E-03));
#12213 = DIRECTION('',(-0.464549364112,0.885547225338,
    -1.973164314262E-16));
#12214 = DIRECTION('',(0.885547225338,0.464549364112,-4.893957911328E-33
    ));
#12215 = ADVANCED_FACE('',(#12216),#12241,.T.);
#12216 = FACE_BOUND('',#12217,.T.);
#12217 = EDGE_LOOP('',(#12218,#12226,#12227,#12235));
#12218 = ORIENTED_EDGE('',*,*,#12219,.T.);
#12219 = EDGE_CURVE('',#12220,#12189,#12222,.T.);
#12220 = VERTEX_POINT('',#12221);
#12221 = CARTESIAN_POINT('',(8.0518E-02,-0.197104,0.));
#12222 = LINE('',#12223,#12224);
#12223 = CARTESIAN_POINT('',(8.0518E-02,-0.197104,0.));
#12224 = VECTOR('',#12225,1.);
#12225 = DIRECTION('',(-0.741204373525,-0.671279432626,0.));
#12226 = ORIENTED_EDGE('',*,*,#12205,.F.);
#12227 = ORIENTED_EDGE('',*,*,#12228,.T.);
#12228 = EDGE_CURVE('',#12198,#12229,#12231,.T.);
#12229 = VERTEX_POINT('',#12230);
#12230 = CARTESIAN_POINT('',(8.0518E-02,-0.197104,9.906E-03));
#12231 = LINE('',#12232,#12233);
#12232 = CARTESIAN_POINT('',(6.7056E-02,-0.209296,9.906E-03));
#12233 = VECTOR('',#12234,1.);
#12234 = DIRECTION('',(0.741204373525,0.671279432626,0.));
#12235 = ORIENTED_EDGE('',*,*,#12236,.T.);
#12236 = EDGE_CURVE('',#12229,#12220,#12237,.T.);
#12237 = LINE('',#12238,#12239);
#12238 = CARTESIAN_POINT('',(8.0518E-02,-0.197104,9.906E-03));
#12239 = VECTOR('',#12240,1.);
#12240 = DIRECTION('',(0.,0.,-1.));
#12241 = PLANE('',#12242);
#12242 = AXIS2_PLACEMENT_3D('',#12243,#12244,#12245);
#12243 = CARTESIAN_POINT('',(7.241944236386E-02,-0.204438542765,
    3.107952014607E-03));
#12244 = DIRECTION('',(-0.671279432626,0.741204373525,0.));
#12245 = DIRECTION('',(0.741204373525,0.671279432626,0.));
#12246 = ADVANCED_FACE('',(#12247),#12272,.T.);
#12247 = FACE_BOUND('',#12248,.T.);
#12248 = EDGE_LOOP('',(#12249,#12257,#12258,#12266));
#12249 = ORIENTED_EDGE('',*,*,#12250,.T.);
#12250 = EDGE_CURVE('',#12251,#12220,#12253,.T.);
#12251 = VERTEX_POINT('',#12252);
#12252 = CARTESIAN_POINT('',(8.9916E-02,-0.18288,0.));
#12253 = LINE('',#12254,#12255);
#12254 = CARTESIAN_POINT('',(8.9916E-02,-0.18288,0.));
#12255 = VECTOR('',#12256,1.);
#12256 = DIRECTION('',(-0.551257265437,-0.834335320661,0.));
#12257 = ORIENTED_EDGE('',*,*,#12236,.F.);
#12258 = ORIENTED_EDGE('',*,*,#12259,.T.);
#12259 = EDGE_CURVE('',#12229,#12260,#12262,.T.);
#12260 = VERTEX_POINT('',#12261);
#12261 = CARTESIAN_POINT('',(8.9916E-02,-0.18288,9.906E-03));
#12262 = LINE('',#12263,#12264);
#12263 = CARTESIAN_POINT('',(8.0518E-02,-0.197104,9.906E-03));
#12264 = VECTOR('',#12265,1.);
#12265 = DIRECTION('',(0.551257265437,0.834335320661,0.));
#12266 = ORIENTED_EDGE('',*,*,#12267,.T.);
#12267 = EDGE_CURVE('',#12260,#12251,#12268,.T.);
#12268 = LINE('',#12269,#12270);
#12269 = CARTESIAN_POINT('',(8.9916E-02,-0.18288,9.906E-03));
#12270 = VECTOR('',#12271,1.);
#12271 = DIRECTION('',(0.,0.,-1.));
#12272 = PLANE('',#12273);
#12273 = AXIS2_PLACEMENT_3D('',#12274,#12275,#12276);
#12274 = CARTESIAN_POINT('',(8.421964283273E-02,-0.19150151355,
    3.143759143133E-03));
#12275 = DIRECTION('',(-0.834335320661,0.551257265437,-0.));
#12276 = DIRECTION('',(-0.551257265437,-0.834335320661,0.));
#12277 = ADVANCED_FACE('',(#12278),#12294,.T.);
#12278 = FACE_BOUND('',#12279,.T.);
#12279 = EDGE_LOOP('',(#12280,#12286,#12287,#12293));
#12280 = ORIENTED_EDGE('',*,*,#12281,.T.);
#12281 = EDGE_CURVE('',#12096,#12251,#12282,.T.);
#12282 = LINE('',#12283,#12284);
#12283 = CARTESIAN_POINT('',(9.5504E-02,-0.168148,0.));
#12284 = VECTOR('',#12285,1.);
#12285 = DIRECTION('',(-0.354654234121,-0.934997526318,0.));
#12286 = ORIENTED_EDGE('',*,*,#12267,.F.);
#12287 = ORIENTED_EDGE('',*,*,#12288,.T.);
#12288 = EDGE_CURVE('',#12260,#12087,#12289,.T.);
#12289 = LINE('',#12290,#12291);
#12290 = CARTESIAN_POINT('',(8.9916E-02,-0.18288,9.906E-03));
#12291 = VECTOR('',#12292,1.);
#12292 = DIRECTION('',(0.354654234121,0.934997526318,0.));
#12293 = ORIENTED_EDGE('',*,*,#12103,.T.);
#12294 = PLANE('',#12295);
#12295 = AXIS2_PLACEMENT_3D('',#12296,#12297,#12298);
#12296 = CARTESIAN_POINT('',(9.208485696856E-02,-0.177162104356,
    3.190316881343E-03));
#12297 = DIRECTION('',(-0.934997526318,0.354654234121,1.198624791821E-16
    ));
#12298 = DIRECTION('',(-0.354654234121,-0.934997526318,
    3.689571445355E-33));
#12299 = ADVANCED_FACE('',(#12300),#12325,.T.);
#12300 = FACE_BOUND('',#12301,.T.);
#12301 = EDGE_LOOP('',(#12302,#12310,#12311,#12319));
#12302 = ORIENTED_EDGE('',*,*,#12303,.T.);
#12303 = EDGE_CURVE('',#12304,#12128,#12306,.T.);
#12304 = VERTEX_POINT('',#12305);
#12305 = CARTESIAN_POINT('',(-6.604E-03,-0.221488,9.906E-03));
#12306 = LINE('',#12307,#12308);
#12307 = CARTESIAN_POINT('',(-6.604E-03,-0.221488,9.906E-03));
#12308 = VECTOR('',#12309,1.);
#12309 = DIRECTION('',(0.995600143653,-9.370354293205E-02,0.));
#12310 = ORIENTED_EDGE('',*,*,#12127,.F.);
#12311 = ORIENTED_EDGE('',*,*,#12312,.T.);
#12312 = EDGE_CURVE('',#12120,#12313,#12315,.T.);
#12313 = VERTEX_POINT('',#12314);
#12314 = CARTESIAN_POINT('',(-6.604E-03,-0.221488,0.));
#12315 = LINE('',#12316,#12317);
#12316 = CARTESIAN_POINT('',(1.4986E-02,-0.22352,0.));
#12317 = VECTOR('',#12318,1.);
#12318 = DIRECTION('',(-0.995600143653,9.370354293205E-02,0.));
#12319 = ORIENTED_EDGE('',*,*,#12320,.F.);
#12320 = EDGE_CURVE('',#12304,#12313,#12321,.T.);
#12321 = LINE('',#12322,#12323);
#12322 = CARTESIAN_POINT('',(-6.604E-03,-0.221488,9.906E-03));
#12323 = VECTOR('',#12324,1.);
#12324 = DIRECTION('',(0.,0.,-1.));
#12325 = PLANE('',#12326);
#12326 = AXIS2_PLACEMENT_3D('',#12327,#12328,#12329);
#12327 = CARTESIAN_POINT('',(6.120116215291E-03,-0.222685563879,
    6.890641559806E-03));
#12328 = DIRECTION('',(9.370354293205E-02,0.995600143653,0.));
#12329 = DIRECTION('',(0.995600143653,-9.370354293205E-02,0.));
#12330 = ADVANCED_FACE('',(#12331),#12365,.T.);
#12331 = FACE_BOUND('',#12332,.T.);
#12332 = EDGE_LOOP('',(#12333,#12343,#12351,#12359));
#12333 = ORIENTED_EDGE('',*,*,#12334,.T.);
#12334 = EDGE_CURVE('',#12335,#12337,#12339,.T.);
#12335 = VERTEX_POINT('',#12336);
#12336 = CARTESIAN_POINT('',(-6.1214E-02,-0.17145,0.));
#12337 = VERTEX_POINT('',#12338);
#12338 = CARTESIAN_POINT('',(-6.3246E-02,-0.152908,0.));
#12339 = LINE('',#12340,#12341);
#12340 = CARTESIAN_POINT('',(-6.1214E-02,-0.17145,0.));
#12341 = VECTOR('',#12342,1.);
#12342 = DIRECTION('',(-0.108936840899,0.994048673202,0.));
#12343 = ORIENTED_EDGE('',*,*,#12344,.T.);
#12344 = EDGE_CURVE('',#12337,#12345,#12347,.T.);
#12345 = VERTEX_POINT('',#12346);
#12346 = CARTESIAN_POINT('',(-6.3246E-02,-0.152908,9.906E-03));
#12347 = LINE('',#12348,#12349);
#12348 = CARTESIAN_POINT('',(-6.3246E-02,-0.152908,0.));
#12349 = VECTOR('',#12350,1.);
#12350 = DIRECTION('',(0.,0.,1.));
#12351 = ORIENTED_EDGE('',*,*,#12352,.T.);
#12352 = EDGE_CURVE('',#12345,#12353,#12355,.T.);
#12353 = VERTEX_POINT('',#12354);
#12354 = CARTESIAN_POINT('',(-6.1214E-02,-0.17145,9.906E-03));
#12355 = LINE('',#12356,#12357);
#12356 = CARTESIAN_POINT('',(-6.3246E-02,-0.152908,9.906E-03));
#12357 = VECTOR('',#12358,1.);
#12358 = DIRECTION('',(0.108936840899,-0.994048673202,0.));
#12359 = ORIENTED_EDGE('',*,*,#12360,.T.);
#12360 = EDGE_CURVE('',#12353,#12335,#12361,.T.);
#12361 = LINE('',#12362,#12363);
#12362 = CARTESIAN_POINT('',(-6.1214E-02,-0.17145,9.906E-03));
#12363 = VECTOR('',#12364,1.);
#12364 = DIRECTION('',(0.,0.,-1.));
#12365 = PLANE('',#12366);
#12366 = AXIS2_PLACEMENT_3D('',#12367,#12368,#12369);
#12367 = CARTESIAN_POINT('',(-6.24325896194E-02,-0.160330369723,
    3.093302052716E-03));
#12368 = DIRECTION('',(0.994048673202,0.108936840899,0.));
#12369 = DIRECTION('',(-0.108936840899,0.994048673202,0.));
#12370 = ADVANCED_FACE('',(#12371),#12396,.T.);
#12371 = FACE_BOUND('',#12372,.T.);
#12372 = EDGE_LOOP('',(#12373,#12381,#12382,#12390));
#12373 = ORIENTED_EDGE('',*,*,#12374,.T.);
#12374 = EDGE_CURVE('',#12375,#12335,#12377,.T.);
#12375 = VERTEX_POINT('',#12376);
#12376 = CARTESIAN_POINT('',(-5.588E-02,-0.186182,0.));
#12377 = LINE('',#12378,#12379);
#12378 = CARTESIAN_POINT('',(-5.588E-02,-0.186182,0.));
#12379 = VECTOR('',#12380,1.);
#12380 = DIRECTION('',(-0.340441083605,0.940265849956,0.));
#12381 = ORIENTED_EDGE('',*,*,#12360,.F.);
#12382 = ORIENTED_EDGE('',*,*,#12383,.T.);
#12383 = EDGE_CURVE('',#12353,#12384,#12386,.T.);
#12384 = VERTEX_POINT('',#12385);
#12385 = CARTESIAN_POINT('',(-5.588E-02,-0.186182,9.906E-03));
#12386 = LINE('',#12387,#12388);
#12387 = CARTESIAN_POINT('',(-6.1214E-02,-0.17145,9.906E-03));
#12388 = VECTOR('',#12389,1.);
#12389 = DIRECTION('',(0.340441083605,-0.940265849956,0.));
#12390 = ORIENTED_EDGE('',*,*,#12391,.T.);
#12391 = EDGE_CURVE('',#12384,#12375,#12392,.T.);
#12392 = LINE('',#12393,#12394);
#12393 = CARTESIAN_POINT('',(-5.588E-02,-0.186182,9.906E-03));
#12394 = VECTOR('',#12395,1.);
#12395 = DIRECTION('',(0.,0.,-1.));
#12396 = PLANE('',#12397);
#12397 = AXIS2_PLACEMENT_3D('',#12398,#12399,#12400);
#12398 = CARTESIAN_POINT('',(-5.914593196869E-02,-0.177161806944,
    3.193717711416E-03));
#12399 = DIRECTION('',(0.940265849956,0.340441083605,0.));
#12400 = DIRECTION('',(-0.340441083605,0.940265849956,0.));
#12401 = ADVANCED_FACE('',(#12402),#12427,.T.);
#12402 = FACE_BOUND('',#12403,.T.);
#12403 = EDGE_LOOP('',(#12404,#12412,#12413,#12421));
#12404 = ORIENTED_EDGE('',*,*,#12405,.T.);
#12405 = EDGE_CURVE('',#12406,#12375,#12408,.T.);
#12406 = VERTEX_POINT('',#12407);
#12407 = CARTESIAN_POINT('',(-4.7498E-02,-0.198374,0.));
#12408 = LINE('',#12409,#12410);
#12409 = CARTESIAN_POINT('',(-4.7498E-02,-0.198374,0.));
#12410 = VECTOR('',#12411,1.);
#12411 = DIRECTION('',(-0.566528822887,0.824041924199,0.));
#12412 = ORIENTED_EDGE('',*,*,#12391,.F.);
#12413 = ORIENTED_EDGE('',*,*,#12414,.T.);
#12414 = EDGE_CURVE('',#12384,#12415,#12417,.T.);
#12415 = VERTEX_POINT('',#12416);
#12416 = CARTESIAN_POINT('',(-4.7498E-02,-0.198374,9.906E-03));
#12417 = LINE('',#12418,#12419);
#12418 = CARTESIAN_POINT('',(-5.588E-02,-0.186182,9.906E-03));
#12419 = VECTOR('',#12420,1.);
#12420 = DIRECTION('',(0.566528822887,-0.824041924199,0.));
#12421 = ORIENTED_EDGE('',*,*,#12422,.T.);
#12422 = EDGE_CURVE('',#12415,#12406,#12423,.T.);
#12423 = LINE('',#12424,#12425);
#12424 = CARTESIAN_POINT('',(-4.7498E-02,-0.198374,9.906E-03));
#12425 = VECTOR('',#12426,1.);
#12426 = DIRECTION('',(0.,0.,-1.));
#12427 = PLANE('',#12428);
#12428 = AXIS2_PLACEMENT_3D('',#12429,#12430,#12431);
#12429 = CARTESIAN_POINT('',(-5.266569312007E-02,-0.190857355462,
    3.229004537434E-03));
#12430 = DIRECTION('',(0.824041924199,0.566528822887,0.));
#12431 = DIRECTION('',(-0.566528822887,0.824041924199,0.));
#12432 = ADVANCED_FACE('',(#12433),#12458,.T.);
#12433 = FACE_BOUND('',#12434,.T.);
#12434 = EDGE_LOOP('',(#12435,#12443,#12444,#12452));
#12435 = ORIENTED_EDGE('',*,*,#12436,.T.);
#12436 = EDGE_CURVE('',#12437,#12406,#12439,.T.);
#12437 = VERTEX_POINT('',#12438);
#12438 = CARTESIAN_POINT('',(-3.7846E-02,-0.207772,0.));
#12439 = LINE('',#12440,#12441);
#12440 = CARTESIAN_POINT('',(-3.7846E-02,-0.207772,0.));
#12441 = VECTOR('',#12442,1.);
#12442 = DIRECTION('',(-0.716471188105,0.697616683155,0.));
#12443 = ORIENTED_EDGE('',*,*,#12422,.F.);
#12444 = ORIENTED_EDGE('',*,*,#12445,.T.);
#12445 = EDGE_CURVE('',#12415,#12446,#12448,.T.);
#12446 = VERTEX_POINT('',#12447);
#12447 = CARTESIAN_POINT('',(-3.7846E-02,-0.207772,9.906E-03));
#12448 = LINE('',#12449,#12450);
#12449 = CARTESIAN_POINT('',(-4.7498E-02,-0.198374,9.906E-03));
#12450 = VECTOR('',#12451,1.);
#12451 = DIRECTION('',(0.716471188105,-0.697616683155,0.));
#12452 = ORIENTED_EDGE('',*,*,#12453,.T.);
#12453 = EDGE_CURVE('',#12446,#12437,#12454,.T.);
#12454 = LINE('',#12455,#12456);
#12455 = CARTESIAN_POINT('',(-3.7846E-02,-0.207772,9.906E-03));
#12456 = VECTOR('',#12457,1.);
#12457 = DIRECTION('',(0.,0.,-1.));
#12458 = PLANE('',#12459);
#12459 = AXIS2_PLACEMENT_3D('',#12460,#12461,#12462);
#12460 = CARTESIAN_POINT('',(-4.386420239971E-02,-0.201912171348,
    3.289007896052E-03));
#12461 = DIRECTION('',(0.697616683155,0.716471188105,1.648771580506E-16)
  );
#12462 = DIRECTION('',(0.716471188105,-0.697616683155,
    -4.099761467045E-33));
#12463 = ADVANCED_FACE('',(#12464),#12489,.T.);
#12464 = FACE_BOUND('',#12465,.T.);
#12465 = EDGE_LOOP('',(#12466,#12474,#12475,#12483));
#12466 = ORIENTED_EDGE('',*,*,#12467,.T.);
#12467 = EDGE_CURVE('',#12468,#12437,#12470,.T.);
#12468 = VERTEX_POINT('',#12469);
#12469 = CARTESIAN_POINT('',(-2.3876E-02,-0.216154,0.));
#12470 = LINE('',#12471,#12472);
#12471 = CARTESIAN_POINT('',(-2.3876E-02,-0.216154,0.));
#12472 = VECTOR('',#12473,1.);
#12473 = DIRECTION('',(-0.857492925713,0.514495755428,0.));
#12474 = ORIENTED_EDGE('',*,*,#12453,.F.);
#12475 = ORIENTED_EDGE('',*,*,#12476,.T.);
#12476 = EDGE_CURVE('',#12446,#12477,#12479,.T.);
#12477 = VERTEX_POINT('',#12478);
#12478 = CARTESIAN_POINT('',(-2.3876E-02,-0.216154,9.906E-03));
#12479 = LINE('',#12480,#12481);
#12480 = CARTESIAN_POINT('',(-3.7846E-02,-0.207772,9.906E-03));
#12481 = VECTOR('',#12482,1.);
#12482 = DIRECTION('',(0.857492925713,-0.514495755428,0.));
#12483 = ORIENTED_EDGE('',*,*,#12484,.T.);
#12484 = EDGE_CURVE('',#12477,#12468,#12485,.T.);
#12485 = LINE('',#12486,#12487);
#12486 = CARTESIAN_POINT('',(-2.3876E-02,-0.216154,9.906E-03));
#12487 = VECTOR('',#12488,1.);
#12488 = DIRECTION('',(0.,0.,-1.));
#12489 = PLANE('',#12490);
#12490 = AXIS2_PLACEMENT_3D('',#12491,#12492,#12493);
#12491 = CARTESIAN_POINT('',(-3.238964273036E-02,-0.211045814362,
    3.170311554973E-03));
#12492 = DIRECTION('',(0.514495755428,0.857492925713,0.));
#12493 = DIRECTION('',(0.857492925713,-0.514495755428,0.));
#12494 = ADVANCED_FACE('',(#12495),#12511,.T.);
#12495 = FACE_BOUND('',#12496,.T.);
#12496 = EDGE_LOOP('',(#12497,#12503,#12504,#12510));
#12497 = ORIENTED_EDGE('',*,*,#12498,.T.);
#12498 = EDGE_CURVE('',#12313,#12468,#12499,.T.);
#12499 = LINE('',#12500,#12501);
#12500 = CARTESIAN_POINT('',(-6.604E-03,-0.221488,0.));
#12501 = VECTOR('',#12502,1.);
#12502 = DIRECTION('',(-0.955474691182,0.295073066394,0.));
#12503 = ORIENTED_EDGE('',*,*,#12484,.F.);
#12504 = ORIENTED_EDGE('',*,*,#12505,.T.);
#12505 = EDGE_CURVE('',#12477,#12304,#12506,.T.);
#12506 = LINE('',#12507,#12508);
#12507 = CARTESIAN_POINT('',(-2.3876E-02,-0.216154,9.906E-03));
#12508 = VECTOR('',#12509,1.);
#12509 = DIRECTION('',(0.955474691182,-0.295073066394,0.));
#12510 = ORIENTED_EDGE('',*,*,#12320,.T.);
#12511 = PLANE('',#12512);
#12512 = AXIS2_PLACEMENT_3D('',#12513,#12514,#12515);
#12513 = CARTESIAN_POINT('',(-1.700039483873E-02,-0.218277348653,
    3.11057041502E-03));
#12514 = DIRECTION('',(0.295073066394,0.955474691182,0.));
#12515 = DIRECTION('',(0.955474691182,-0.295073066394,0.));
#12516 = ADVANCED_FACE('',(#12517),#12542,.T.);
#12517 = FACE_BOUND('',#12518,.T.);
#12518 = EDGE_LOOP('',(#12519,#12527,#12528,#12536));
#12519 = ORIENTED_EDGE('',*,*,#12520,.T.);
#12520 = EDGE_CURVE('',#12521,#11291,#12523,.T.);
#12521 = VERTEX_POINT('',#12522);
#12522 = CARTESIAN_POINT('',(-5.2578E-02,-0.105156,0.));
#12523 = LINE('',#12524,#12525);
#12524 = CARTESIAN_POINT('',(-5.2578E-02,-0.105156,0.));
#12525 = VECTOR('',#12526,1.);
#12526 = DIRECTION('',(0.496138938357,0.868243142124,0.));
#12527 = ORIENTED_EDGE('',*,*,#11288,.F.);
#12528 = ORIENTED_EDGE('',*,*,#12529,.T.);
#12529 = EDGE_CURVE('',#11289,#12530,#12532,.T.);
#12530 = VERTEX_POINT('',#12531);
#12531 = CARTESIAN_POINT('',(-5.2578E-02,-0.105156,9.906E-03));
#12532 = LINE('',#12533,#12534);
#12533 = CARTESIAN_POINT('',(-5.0546E-02,-0.1016,9.906E-03));
#12534 = VECTOR('',#12535,1.);
#12535 = DIRECTION('',(-0.496138938357,-0.868243142124,0.));
#12536 = ORIENTED_EDGE('',*,*,#12537,.T.);
#12537 = EDGE_CURVE('',#12530,#12521,#12538,.T.);
#12538 = LINE('',#12539,#12540);
#12539 = CARTESIAN_POINT('',(-5.2578E-02,-0.105156,9.906E-03));
#12540 = VECTOR('',#12541,1.);
#12541 = DIRECTION('',(0.,0.,-1.));
#12542 = PLANE('',#12543);
#12543 = AXIS2_PLACEMENT_3D('',#12544,#12545,#12546);
#12544 = CARTESIAN_POINT('',(-5.115487515571E-02,-0.102665531523,
    4.132413642409E-03));
#12545 = DIRECTION('',(0.868243142124,-0.496138938357,0.));
#12546 = DIRECTION('',(0.496138938357,0.868243142124,0.));
#12547 = ADVANCED_FACE('',(#12548),#12573,.T.);
#12548 = FACE_BOUND('',#12549,.T.);
#12549 = EDGE_LOOP('',(#12550,#12558,#12559,#12567));
#12550 = ORIENTED_EDGE('',*,*,#12551,.T.);
#12551 = EDGE_CURVE('',#12552,#12521,#12554,.T.);
#12552 = VERTEX_POINT('',#12553);
#12553 = CARTESIAN_POINT('',(-6.0452E-02,-0.126492,0.));
#12554 = LINE('',#12555,#12556);
#12555 = CARTESIAN_POINT('',(-6.0452E-02,-0.126492,0.));
#12556 = VECTOR('',#12557,1.);
#12557 = DIRECTION('',(0.346222869932,0.93815229272,0.));
#12558 = ORIENTED_EDGE('',*,*,#12537,.F.);
#12559 = ORIENTED_EDGE('',*,*,#12560,.T.);
#12560 = EDGE_CURVE('',#12530,#12561,#12563,.T.);
#12561 = VERTEX_POINT('',#12562);
#12562 = CARTESIAN_POINT('',(-6.0452E-02,-0.126492,9.906E-03));
#12563 = LINE('',#12564,#12565);
#12564 = CARTESIAN_POINT('',(-5.2578E-02,-0.105156,9.906E-03));
#12565 = VECTOR('',#12566,1.);
#12566 = DIRECTION('',(-0.346222869932,-0.93815229272,0.));
#12567 = ORIENTED_EDGE('',*,*,#12568,.T.);
#12568 = EDGE_CURVE('',#12561,#12552,#12569,.T.);
#12569 = LINE('',#12570,#12571);
#12570 = CARTESIAN_POINT('',(-6.0452E-02,-0.126492,9.906E-03));
#12571 = VECTOR('',#12572,1.);
#12572 = DIRECTION('',(0.,0.,-1.));
#12573 = PLANE('',#12574);
#12574 = AXIS2_PLACEMENT_3D('',#12575,#12576,#12577);
#12575 = CARTESIAN_POINT('',(-5.583620805591E-02,-0.113984692797,
    2.992436435208E-03));
#12576 = DIRECTION('',(0.93815229272,-0.346222869932,0.));
#12577 = DIRECTION('',(0.346222869932,0.93815229272,0.));
#12578 = ADVANCED_FACE('',(#12579),#12595,.T.);
#12579 = FACE_BOUND('',#12580,.T.);
#12580 = EDGE_LOOP('',(#12581,#12587,#12588,#12594));
#12581 = ORIENTED_EDGE('',*,*,#12582,.T.);
#12582 = EDGE_CURVE('',#12337,#12552,#12583,.T.);
#12583 = LINE('',#12584,#12585);
#12584 = CARTESIAN_POINT('',(-6.3246E-02,-0.152908,0.));
#12585 = VECTOR('',#12586,1.);
#12586 = DIRECTION('',(0.105182521821,0.994452933579,0.));
#12587 = ORIENTED_EDGE('',*,*,#12568,.F.);
#12588 = ORIENTED_EDGE('',*,*,#12589,.T.);
#12589 = EDGE_CURVE('',#12561,#12345,#12590,.T.);
#12590 = LINE('',#12591,#12592);
#12591 = CARTESIAN_POINT('',(-6.0452E-02,-0.126492,9.906E-03));
#12592 = VECTOR('',#12593,1.);
#12593 = DIRECTION('',(-0.105182521821,-0.994452933579,0.));
#12594 = ORIENTED_EDGE('',*,*,#12344,.F.);
#12595 = PLANE('',#12596);
#12596 = AXIS2_PLACEMENT_3D('',#12597,#12598,#12599);
#12597 = CARTESIAN_POINT('',(-6.163550487612E-02,-0.137681500647,
    2.92324144142E-03));
#12598 = DIRECTION('',(0.994452933579,-0.105182521821,0.));
#12599 = DIRECTION('',(0.105182521821,0.994452933579,0.));
#12600 = ADVANCED_FACE('',(#12601),#12643,.T.);
#12601 = FACE_BOUND('',#12602,.T.);
#12602 = EDGE_LOOP('',(#12603,#12604,#12605,#12606,#12607,#12608,#12609,
    #12610,#12611,#12612,#12613,#12614,#12615,#12616,#12617,#12618,
    #12619,#12620,#12621,#12622,#12623,#12624,#12625,#12626,#12627,
    #12628,#12629,#12630,#12631,#12632,#12633,#12634,#12635,#12636,
    #12637,#12638,#12639,#12640,#12641,#12642));
#12603 = ORIENTED_EDGE('',*,*,#12352,.F.);
#12604 = ORIENTED_EDGE('',*,*,#12589,.F.);
#12605 = ORIENTED_EDGE('',*,*,#12560,.F.);
#12606 = ORIENTED_EDGE('',*,*,#12529,.F.);
#12607 = ORIENTED_EDGE('',*,*,#11314,.F.);
#12608 = ORIENTED_EDGE('',*,*,#11328,.F.);
#12609 = ORIENTED_EDGE('',*,*,#11422,.F.);
#12610 = ORIENTED_EDGE('',*,*,#11377,.F.);
#12611 = ORIENTED_EDGE('',*,*,#11677,.F.);
#12612 = ORIENTED_EDGE('',*,*,#11655,.F.);
#12613 = ORIENTED_EDGE('',*,*,#11624,.F.);
#12614 = ORIENTED_EDGE('',*,*,#11593,.F.);
#12615 = ORIENTED_EDGE('',*,*,#11562,.F.);
#12616 = ORIENTED_EDGE('',*,*,#11531,.F.);
#12617 = ORIENTED_EDGE('',*,*,#11500,.F.);
#12618 = ORIENTED_EDGE('',*,*,#11714,.F.);
#12619 = ORIENTED_EDGE('',*,*,#11916,.F.);
#12620 = ORIENTED_EDGE('',*,*,#11887,.F.);
#12621 = ORIENTED_EDGE('',*,*,#11856,.F.);
#12622 = ORIENTED_EDGE('',*,*,#11825,.F.);
#12623 = ORIENTED_EDGE('',*,*,#11794,.F.);
#12624 = ORIENTED_EDGE('',*,*,#11763,.F.);
#12625 = ORIENTED_EDGE('',*,*,#11931,.F.);
#12626 = ORIENTED_EDGE('',*,*,#11978,.F.);
#12627 = ORIENTED_EDGE('',*,*,#12010,.F.);
#12628 = ORIENTED_EDGE('',*,*,#12024,.F.);
#12629 = ORIENTED_EDGE('',*,*,#12071,.F.);
#12630 = ORIENTED_EDGE('',*,*,#12086,.F.);
#12631 = ORIENTED_EDGE('',*,*,#12288,.F.);
#12632 = ORIENTED_EDGE('',*,*,#12259,.F.);
#12633 = ORIENTED_EDGE('',*,*,#12228,.F.);
#12634 = ORIENTED_EDGE('',*,*,#12197,.F.);
#12635 = ORIENTED_EDGE('',*,*,#12166,.F.);
#12636 = ORIENTED_EDGE('',*,*,#12135,.F.);
#12637 = ORIENTED_EDGE('',*,*,#12303,.F.);
#12638 = ORIENTED_EDGE('',*,*,#12505,.F.);
#12639 = ORIENTED_EDGE('',*,*,#12476,.F.);
#12640 = ORIENTED_EDGE('',*,*,#12445,.F.);
#12641 = ORIENTED_EDGE('',*,*,#12414,.F.);
#12642 = ORIENTED_EDGE('',*,*,#12383,.F.);
#12643 = PLANE('',#12644);
#12644 = AXIS2_PLACEMENT_3D('',#12645,#12646,#12647);
#12645 = CARTESIAN_POINT('',(-7.063563170385E-02,-0.16057380992,
    9.906E-03));
#12646 = DIRECTION('',(0.,0.,1.));
#12647 = DIRECTION('',(1.,0.,-0.));
#12648 = ADVANCED_FACE('',(#12649),#12693,.T.);
#12649 = FACE_BOUND('',#12650,.T.);
#12650 = EDGE_LOOP('',(#12651,#12652,#12653,#12654,#12655,#12656,#12657,
    #12658,#12659,#12660,#12661,#12662,#12663,#12664,#12665,#12666,
    #12667,#12668,#12669,#12670,#12671,#12672,#12673,#12674,#12675,
    #12676,#12677,#12678,#12679,#12680,#12681,#12682,#12683,#12684,
    #12685,#12686,#12687,#12688,#12689,#12690,#12691,#12692));
#12651 = ORIENTED_EDGE('',*,*,#11615,.F.);
#12652 = ORIENTED_EDGE('',*,*,#11646,.F.);
#12653 = ORIENTED_EDGE('',*,*,#11699,.F.);
#12654 = ORIENTED_EDGE('',*,*,#11460,.F.);
#12655 = ORIENTED_EDGE('',*,*,#11359,.F.);
#12656 = ORIENTED_EDGE('',*,*,#11407,.F.);
#12657 = ORIENTED_EDGE('',*,*,#11444,.F.);
#12658 = ORIENTED_EDGE('',*,*,#11337,.F.);
#12659 = ORIENTED_EDGE('',*,*,#11298,.F.);
#12660 = ORIENTED_EDGE('',*,*,#12520,.F.);
#12661 = ORIENTED_EDGE('',*,*,#12551,.F.);
#12662 = ORIENTED_EDGE('',*,*,#12582,.F.);
#12663 = ORIENTED_EDGE('',*,*,#12334,.F.);
#12664 = ORIENTED_EDGE('',*,*,#12374,.F.);
#12665 = ORIENTED_EDGE('',*,*,#12405,.F.);
#12666 = ORIENTED_EDGE('',*,*,#12436,.F.);
#12667 = ORIENTED_EDGE('',*,*,#12467,.F.);
#12668 = ORIENTED_EDGE('',*,*,#12498,.F.);
#12669 = ORIENTED_EDGE('',*,*,#12312,.F.);
#12670 = ORIENTED_EDGE('',*,*,#12117,.F.);
#12671 = ORIENTED_EDGE('',*,*,#12157,.F.);
#12672 = ORIENTED_EDGE('',*,*,#12188,.F.);
#12673 = ORIENTED_EDGE('',*,*,#12219,.F.);
#12674 = ORIENTED_EDGE('',*,*,#12250,.F.);
#12675 = ORIENTED_EDGE('',*,*,#12281,.F.);
#12676 = ORIENTED_EDGE('',*,*,#12095,.F.);
#12677 = ORIENTED_EDGE('',*,*,#12055,.F.);
#12678 = ORIENTED_EDGE('',*,*,#12033,.F.);
#12679 = ORIENTED_EDGE('',*,*,#11994,.F.);
#12680 = ORIENTED_EDGE('',*,*,#11962,.F.);
#12681 = ORIENTED_EDGE('',*,*,#11940,.F.);
#12682 = ORIENTED_EDGE('',*,*,#11745,.F.);
#12683 = ORIENTED_EDGE('',*,*,#11785,.F.);
#12684 = ORIENTED_EDGE('',*,*,#11816,.F.);
#12685 = ORIENTED_EDGE('',*,*,#11847,.F.);
#12686 = ORIENTED_EDGE('',*,*,#11878,.F.);
#12687 = ORIENTED_EDGE('',*,*,#11909,.F.);
#12688 = ORIENTED_EDGE('',*,*,#11723,.F.);
#12689 = ORIENTED_EDGE('',*,*,#11482,.F.);
#12690 = ORIENTED_EDGE('',*,*,#11522,.F.);
#12691 = ORIENTED_EDGE('',*,*,#11553,.F.);
#12692 = ORIENTED_EDGE('',*,*,#11584,.F.);
#12693 = PLANE('',#12694);
#12694 = AXIS2_PLACEMENT_3D('',#12695,#12696,#12697);
#12695 = CARTESIAN_POINT('',(-7.466615442314E-02,-0.199504894656,0.));
#12696 = DIRECTION('',(-0.,-0.,-1.));
#12697 = DIRECTION('',(-1.,0.,0.));
#12698 = MANIFOLD_SOLID_BREP('',#12699);
#12699 = CLOSED_SHELL('',(#12700,#12740,#12771,#12802,#12833,#12864,
    #12886,#12900));
#12700 = ADVANCED_FACE('',(#12701),#12735,.T.);
#12701 = FACE_BOUND('',#12702,.T.);
#12702 = EDGE_LOOP('',(#12703,#12713,#12721,#12729));
#12703 = ORIENTED_EDGE('',*,*,#12704,.T.);
#12704 = EDGE_CURVE('',#12705,#12707,#12709,.T.);
#12705 = VERTEX_POINT('',#12706);
#12706 = CARTESIAN_POINT('',(-6.096E-02,-0.267462,9.906E-03));
#12707 = VERTEX_POINT('',#12708);
#12708 = CARTESIAN_POINT('',(-6.096E-02,-0.267462,0.));
#12709 = LINE('',#12710,#12711);
#12710 = CARTESIAN_POINT('',(-6.096E-02,-0.267462,9.906E-03));
#12711 = VECTOR('',#12712,1.);
#12712 = DIRECTION('',(0.,0.,-1.));
#12713 = ORIENTED_EDGE('',*,*,#12714,.T.);
#12714 = EDGE_CURVE('',#12707,#12715,#12717,.T.);
#12715 = VERTEX_POINT('',#12716);
#12716 = CARTESIAN_POINT('',(-8.2804E-02,-0.267462,0.));
#12717 = LINE('',#12718,#12719);
#12718 = CARTESIAN_POINT('',(-6.096E-02,-0.267462,0.));
#12719 = VECTOR('',#12720,1.);
#12720 = DIRECTION('',(-1.,0.,0.));
#12721 = ORIENTED_EDGE('',*,*,#12722,.T.);
#12722 = EDGE_CURVE('',#12715,#12723,#12725,.T.);
#12723 = VERTEX_POINT('',#12724);
#12724 = CARTESIAN_POINT('',(-8.2804E-02,-0.267462,9.906E-03));
#12725 = LINE('',#12726,#12727);
#12726 = CARTESIAN_POINT('',(-8.2804E-02,-0.267462,0.));
#12727 = VECTOR('',#12728,1.);
#12728 = DIRECTION('',(0.,0.,1.));
#12729 = ORIENTED_EDGE('',*,*,#12730,.T.);
#12730 = EDGE_CURVE('',#12723,#12705,#12731,.T.);
#12731 = LINE('',#12732,#12733);
#12732 = CARTESIAN_POINT('',(-8.2804E-02,-0.267462,9.906E-03));
#12733 = VECTOR('',#12734,1.);
#12734 = DIRECTION('',(1.,0.,0.));
#12735 = PLANE('',#12736);
#12736 = AXIS2_PLACEMENT_3D('',#12737,#12738,#12739);
#12737 = CARTESIAN_POINT('',(-6.994079662792E-02,-0.267462,
    6.89420337208E-03));
#12738 = DIRECTION('',(0.,1.,0.));
#12739 = DIRECTION('',(0.,-0.,1.));
#12740 = ADVANCED_FACE('',(#12741),#12766,.T.);
#12741 = FACE_BOUND('',#12742,.T.);
#12742 = EDGE_LOOP('',(#12743,#12744,#12752,#12760));
#12743 = ORIENTED_EDGE('',*,*,#12722,.F.);
#12744 = ORIENTED_EDGE('',*,*,#12745,.T.);
#12745 = EDGE_CURVE('',#12715,#12746,#12748,.T.);
#12746 = VERTEX_POINT('',#12747);
#12747 = CARTESIAN_POINT('',(-8.2804E-02,-0.369824,0.));
#12748 = LINE('',#12749,#12750);
#12749 = CARTESIAN_POINT('',(-8.2804E-02,-0.267462,0.));
#12750 = VECTOR('',#12751,1.);
#12751 = DIRECTION('',(0.,-1.,0.));
#12752 = ORIENTED_EDGE('',*,*,#12753,.T.);
#12753 = EDGE_CURVE('',#12746,#12754,#12756,.T.);
#12754 = VERTEX_POINT('',#12755);
#12755 = CARTESIAN_POINT('',(-8.2804E-02,-0.369824,9.906E-03));
#12756 = LINE('',#12757,#12758);
#12757 = CARTESIAN_POINT('',(-8.2804E-02,-0.369824,0.));
#12758 = VECTOR('',#12759,1.);
#12759 = DIRECTION('',(0.,0.,1.));
#12760 = ORIENTED_EDGE('',*,*,#12761,.T.);
#12761 = EDGE_CURVE('',#12754,#12723,#12762,.T.);
#12762 = LINE('',#12763,#12764);
#12763 = CARTESIAN_POINT('',(-8.2804E-02,-0.369824,9.906E-03));
#12764 = VECTOR('',#12765,1.);
#12765 = DIRECTION('',(0.,1.,0.));
#12766 = PLANE('',#12767);
#12767 = AXIS2_PLACEMENT_3D('',#12768,#12769,#12770);
#12768 = CARTESIAN_POINT('',(-8.2804E-02,-0.31628605139,
    7.309948609542E-03));
#12769 = DIRECTION('',(-1.,-0.,-0.));
#12770 = DIRECTION('',(0.,0.,-1.));
#12771 = ADVANCED_FACE('',(#12772),#12797,.T.);
#12772 = FACE_BOUND('',#12773,.T.);
#12773 = EDGE_LOOP('',(#12774,#12775,#12783,#12791));
#12774 = ORIENTED_EDGE('',*,*,#12753,.F.);
#12775 = ORIENTED_EDGE('',*,*,#12776,.T.);
#12776 = EDGE_CURVE('',#12746,#12777,#12779,.T.);
#12777 = VERTEX_POINT('',#12778);
#12778 = CARTESIAN_POINT('',(0.117094,-0.369824,0.));
#12779 = LINE('',#12780,#12781);
#12780 = CARTESIAN_POINT('',(-8.2804E-02,-0.369824,0.));
#12781 = VECTOR('',#12782,1.);
#12782 = DIRECTION('',(1.,0.,0.));
#12783 = ORIENTED_EDGE('',*,*,#12784,.T.);
#12784 = EDGE_CURVE('',#12777,#12785,#12787,.T.);
#12785 = VERTEX_POINT('',#12786);
#12786 = CARTESIAN_POINT('',(0.117094,-0.369824,9.906E-03));
#12787 = LINE('',#12788,#12789);
#12788 = CARTESIAN_POINT('',(0.117094,-0.369824,0.));
#12789 = VECTOR('',#12790,1.);
#12790 = DIRECTION('',(0.,0.,1.));
#12791 = ORIENTED_EDGE('',*,*,#12792,.T.);
#12792 = EDGE_CURVE('',#12785,#12754,#12793,.T.);
#12793 = LINE('',#12794,#12795);
#12794 = CARTESIAN_POINT('',(0.117094,-0.369824,9.906E-03));
#12795 = VECTOR('',#12796,1.);
#12796 = DIRECTION('',(-1.,0.,0.));
#12797 = PLANE('',#12798);
#12798 = AXIS2_PLACEMENT_3D('',#12799,#12800,#12801);
#12799 = CARTESIAN_POINT('',(1.472982419127E-02,-0.369824,
    7.368175808727E-03));
#12800 = DIRECTION('',(-0.,-1.,-0.));
#12801 = DIRECTION('',(0.,0.,-1.));
#12802 = ADVANCED_FACE('',(#12803),#12828,.T.);
#12803 = FACE_BOUND('',#12804,.T.);
#12804 = EDGE_LOOP('',(#12805,#12806,#12814,#12822));
#12805 = ORIENTED_EDGE('',*,*,#12784,.F.);
#12806 = ORIENTED_EDGE('',*,*,#12807,.T.);
#12807 = EDGE_CURVE('',#12777,#12808,#12810,.T.);
#12808 = VERTEX_POINT('',#12809);
#12809 = CARTESIAN_POINT('',(0.117094,-0.343154,0.));
#12810 = LINE('',#12811,#12812);
#12811 = CARTESIAN_POINT('',(0.117094,-0.369824,0.));
#12812 = VECTOR('',#12813,1.);
#12813 = DIRECTION('',(0.,1.,0.));
#12814 = ORIENTED_EDGE('',*,*,#12815,.T.);
#12815 = EDGE_CURVE('',#12808,#12816,#12818,.T.);
#12816 = VERTEX_POINT('',#12817);
#12817 = CARTESIAN_POINT('',(0.117094,-0.343154,9.906E-03));
#12818 = LINE('',#12819,#12820);
#12819 = CARTESIAN_POINT('',(0.117094,-0.343154,0.));
#12820 = VECTOR('',#12821,1.);
#12821 = DIRECTION('',(0.,0.,1.));
#12822 = ORIENTED_EDGE('',*,*,#12823,.T.);
#12823 = EDGE_CURVE('',#12816,#12785,#12824,.T.);
#12824 = LINE('',#12825,#12826);
#12825 = CARTESIAN_POINT('',(0.117094,-0.343154,9.906E-03));
#12826 = VECTOR('',#12827,1.);
#12827 = DIRECTION('',(0.,-1.,0.));
#12828 = PLANE('',#12829);
#12829 = AXIS2_PLACEMENT_3D('',#12830,#12831,#12832);
#12830 = CARTESIAN_POINT('',(0.117094,-0.358520433058,6.984433058312E-03
    ));
#12831 = DIRECTION('',(1.,0.,0.));
#12832 = DIRECTION('',(-0.,0.,1.));
#12833 = ADVANCED_FACE('',(#12834),#12859,.T.);
#12834 = FACE_BOUND('',#12835,.T.);
#12835 = EDGE_LOOP('',(#12836,#12837,#12845,#12853));
#12836 = ORIENTED_EDGE('',*,*,#12815,.F.);
#12837 = ORIENTED_EDGE('',*,*,#12838,.T.);
#12838 = EDGE_CURVE('',#12808,#12839,#12841,.T.);
#12839 = VERTEX_POINT('',#12840);
#12840 = CARTESIAN_POINT('',(-6.096E-02,-0.343154,0.));
#12841 = LINE('',#12842,#12843);
#12842 = CARTESIAN_POINT('',(0.117094,-0.343154,0.));
#12843 = VECTOR('',#12844,1.);
#12844 = DIRECTION('',(-1.,0.,0.));
#12845 = ORIENTED_EDGE('',*,*,#12846,.T.);
#12846 = EDGE_CURVE('',#12839,#12847,#12849,.T.);
#12847 = VERTEX_POINT('',#12848);
#12848 = CARTESIAN_POINT('',(-6.096E-02,-0.343154,9.906E-03));
#12849 = LINE('',#12850,#12851);
#12850 = CARTESIAN_POINT('',(-6.096E-02,-0.343154,0.));
#12851 = VECTOR('',#12852,1.);
#12852 = DIRECTION('',(0.,0.,1.));
#12853 = ORIENTED_EDGE('',*,*,#12854,.T.);
#12854 = EDGE_CURVE('',#12847,#12816,#12855,.T.);
#12855 = LINE('',#12856,#12857);
#12856 = CARTESIAN_POINT('',(-6.096E-02,-0.343154,9.906E-03));
#12857 = VECTOR('',#12858,1.);
#12858 = DIRECTION('',(1.,0.,0.));
#12859 = PLANE('',#12860);
#12860 = AXIS2_PLACEMENT_3D('',#12861,#12862,#12863);
#12861 = CARTESIAN_POINT('',(3.047466342485E-02,-0.343154,
    7.36066342485E-03));
#12862 = DIRECTION('',(0.,1.,0.));
#12863 = DIRECTION('',(0.,-0.,1.));
#12864 = ADVANCED_FACE('',(#12865),#12881,.T.);
#12865 = FACE_BOUND('',#12866,.T.);
#12866 = EDGE_LOOP('',(#12867,#12868,#12874,#12875));
#12867 = ORIENTED_EDGE('',*,*,#12846,.F.);
#12868 = ORIENTED_EDGE('',*,*,#12869,.T.);
#12869 = EDGE_CURVE('',#12839,#12707,#12870,.T.);
#12870 = LINE('',#12871,#12872);
#12871 = CARTESIAN_POINT('',(-6.096E-02,-0.343154,0.));
#12872 = VECTOR('',#12873,1.);
#12873 = DIRECTION('',(0.,1.,0.));
#12874 = ORIENTED_EDGE('',*,*,#12704,.F.);
#12875 = ORIENTED_EDGE('',*,*,#12876,.T.);
#12876 = EDGE_CURVE('',#12705,#12847,#12877,.T.);
#12877 = LINE('',#12878,#12879);
#12878 = CARTESIAN_POINT('',(-6.096E-02,-0.267462,9.906E-03));
#12879 = VECTOR('',#12880,1.);
#12880 = DIRECTION('',(0.,-1.,0.));
#12881 = PLANE('',#12882);
#12882 = AXIS2_PLACEMENT_3D('',#12883,#12884,#12885);
#12883 = CARTESIAN_POINT('',(-6.096E-02,-0.307623135163,
    7.268135162521E-03));
#12884 = DIRECTION('',(1.,0.,0.));
#12885 = DIRECTION('',(-0.,0.,1.));
#12886 = ADVANCED_FACE('',(#12887),#12895,.T.);
#12887 = FACE_BOUND('',#12888,.T.);
#12888 = EDGE_LOOP('',(#12889,#12890,#12891,#12892,#12893,#12894));
#12889 = ORIENTED_EDGE('',*,*,#12854,.F.);
#12890 = ORIENTED_EDGE('',*,*,#12876,.F.);
#12891 = ORIENTED_EDGE('',*,*,#12730,.F.);
#12892 = ORIENTED_EDGE('',*,*,#12761,.F.);
#12893 = ORIENTED_EDGE('',*,*,#12792,.F.);
#12894 = ORIENTED_EDGE('',*,*,#12823,.F.);
#12895 = PLANE('',#12896);
#12896 = AXIS2_PLACEMENT_3D('',#12897,#12898,#12899);
#12897 = CARTESIAN_POINT('',(3.423792070103E-02,-0.350318079299,
    9.906E-03));
#12898 = DIRECTION('',(0.,0.,1.));
#12899 = DIRECTION('',(1.,0.,-0.));
#12900 = ADVANCED_FACE('',(#12901),#12909,.T.);
#12901 = FACE_BOUND('',#12902,.T.);
#12902 = EDGE_LOOP('',(#12903,#12904,#12905,#12906,#12907,#12908));
#12903 = ORIENTED_EDGE('',*,*,#12838,.F.);
#12904 = ORIENTED_EDGE('',*,*,#12807,.F.);
#12905 = ORIENTED_EDGE('',*,*,#12776,.F.);
#12906 = ORIENTED_EDGE('',*,*,#12745,.F.);
#12907 = ORIENTED_EDGE('',*,*,#12714,.F.);
#12908 = ORIENTED_EDGE('',*,*,#12869,.F.);
#12909 = PLANE('',#12910);
#12910 = AXIS2_PLACEMENT_3D('',#12911,#12912,#12913);
#12911 = CARTESIAN_POINT('',(3.423792070103E-02,-0.350318079299,0.));
#12912 = DIRECTION('',(-0.,-0.,-1.));
#12913 = DIRECTION('',(-1.,0.,0.));
#12914 = MANIFOLD_SOLID_BREP('',#12915);
#12915 = CLOSED_SHELL('',(#12916,#12956));
#12916 = ADVANCED_FACE('',(#12917),#12951,.F.);
#12917 = FACE_BOUND('',#12918,.F.);
#12918 = EDGE_LOOP('',(#12919,#12929,#12937,#12945));
#12919 = ORIENTED_EDGE('',*,*,#12920,.T.);
#12920 = EDGE_CURVE('',#12921,#12923,#12925,.T.);
#12921 = VERTEX_POINT('',#12922);
#12922 = CARTESIAN_POINT('',(-4.826E-03,0.314452,0.));
#12923 = VERTEX_POINT('',#12924);
#12924 = CARTESIAN_POINT('',(-4.826E-03,0.381508,0.));
#12925 = LINE('',#12926,#12927);
#12926 = CARTESIAN_POINT('',(-4.826E-03,0.314452,0.));
#12927 = VECTOR('',#12928,1.);
#12928 = DIRECTION('',(0.,1.,0.));
#12929 = ORIENTED_EDGE('',*,*,#12930,.T.);
#12930 = EDGE_CURVE('',#12923,#12931,#12933,.T.);
#12931 = VERTEX_POINT('',#12932);
#12932 = CARTESIAN_POINT('',(7.874E-02,0.351282,0.));
#12933 = LINE('',#12934,#12935);
#12934 = CARTESIAN_POINT('',(-4.826E-03,0.381508,0.));
#12935 = VECTOR('',#12936,1.);
#12936 = DIRECTION('',(0.940376225751,-0.340136081654,0.));
#12937 = ORIENTED_EDGE('',*,*,#12938,.T.);
#12938 = EDGE_CURVE('',#12931,#12939,#12941,.T.);
#12939 = VERTEX_POINT('',#12940);
#12940 = CARTESIAN_POINT('',(7.874E-02,0.344424,0.));
#12941 = LINE('',#12942,#12943);
#12942 = CARTESIAN_POINT('',(7.874E-02,0.351282,0.));
#12943 = VECTOR('',#12944,1.);
#12944 = DIRECTION('',(0.,-1.,0.));
#12945 = ORIENTED_EDGE('',*,*,#12946,.T.);
#12946 = EDGE_CURVE('',#12939,#12921,#12947,.T.);
#12947 = LINE('',#12948,#12949);
#12948 = CARTESIAN_POINT('',(7.874E-02,0.344424,0.));
#12949 = VECTOR('',#12950,1.);
#12950 = DIRECTION('',(-0.941287948334,-0.337604796059,0.));
#12951 = PLANE('',#12952);
#12952 = AXIS2_PLACEMENT_3D('',#12953,#12954,#12955);
#12953 = CARTESIAN_POINT('',(2.562556734398E-02,0.346863617415,0.));
#12954 = DIRECTION('',(-0.,-0.,-1.));
#12955 = DIRECTION('',(-1.,0.,0.));
#12956 = ADVANCED_FACE('',(#12957),#12963,.T.);
#12957 = FACE_BOUND('',#12958,.T.);
#12958 = EDGE_LOOP('',(#12959,#12960,#12961,#12962));
#12959 = ORIENTED_EDGE('',*,*,#12930,.T.);
#12960 = ORIENTED_EDGE('',*,*,#12938,.T.);
#12961 = ORIENTED_EDGE('',*,*,#12946,.T.);
#12962 = ORIENTED_EDGE('',*,*,#12920,.T.);
#12963 = PLANE('',#12964);
#12964 = AXIS2_PLACEMENT_3D('',#12965,#12966,#12967);
#12965 = CARTESIAN_POINT('',(3.848813548474E-02,0.364040400897,0.));
#12966 = DIRECTION('',(-0.,-0.,-1.));
#12967 = DIRECTION('',(-1.,0.,0.));
#12968 = MANIFOLD_SOLID_BREP('',#12969);
#12969 = CLOSED_SHELL('',(#12970,#13026));
#12970 = ADVANCED_FACE('',(#12971),#13021,.F.);
#12971 = FACE_BOUND('',#12972,.F.);
#12972 = EDGE_LOOP('',(#12973,#12983,#12991,#12999,#13007,#13015));
#12973 = ORIENTED_EDGE('',*,*,#12974,.T.);
#12974 = EDGE_CURVE('',#12975,#12977,#12979,.T.);
#12975 = VERTEX_POINT('',#12976);
#12976 = CARTESIAN_POINT('',(7.874E-02,0.344424,0.));
#12977 = VERTEX_POINT('',#12978);
#12978 = CARTESIAN_POINT('',(7.874E-02,0.351282,0.));
#12979 = LINE('',#12980,#12981);
#12980 = CARTESIAN_POINT('',(7.874E-02,0.344424,0.));
#12981 = VECTOR('',#12982,1.);
#12982 = DIRECTION('',(0.,1.,0.));
#12983 = ORIENTED_EDGE('',*,*,#12984,.F.);
#12984 = EDGE_CURVE('',#12985,#12977,#12987,.T.);
#12985 = VERTEX_POINT('',#12986);
#12986 = CARTESIAN_POINT('',(8.5598E-02,0.349504,0.));
#12987 = LINE('',#12988,#12989);
#12988 = CARTESIAN_POINT('',(8.5598E-02,0.349504,0.));
#12989 = VECTOR('',#12990,1.);
#12990 = DIRECTION('',(-0.967996898166,0.250962158784,0.));
#12991 = ORIENTED_EDGE('',*,*,#12992,.F.);
#12992 = EDGE_CURVE('',#12993,#12985,#12995,.T.);
#12993 = VERTEX_POINT('',#12994);
#12994 = CARTESIAN_POINT('',(9.271E-02,0.348234,0.));
#12995 = LINE('',#12996,#12997);
#12996 = CARTESIAN_POINT('',(9.271E-02,0.348234,0.));
#12997 = VECTOR('',#12998,1.);
#12998 = DIRECTION('',(-0.984427575508,0.175790638484,0.));
#12999 = ORIENTED_EDGE('',*,*,#13000,.F.);
#13000 = EDGE_CURVE('',#13001,#12993,#13003,.T.);
#13001 = VERTEX_POINT('',#13002);
#13002 = CARTESIAN_POINT('',(9.271E-02,0.347472,0.));
#13003 = LINE('',#13004,#13005);
#13004 = CARTESIAN_POINT('',(9.271E-02,0.347472,0.));
#13005 = VECTOR('',#13006,1.);
#13006 = DIRECTION('',(0.,1.,0.));
#13007 = ORIENTED_EDGE('',*,*,#13008,.F.);
#13008 = EDGE_CURVE('',#13009,#13001,#13011,.T.);
#13009 = VERTEX_POINT('',#13010);
#13010 = CARTESIAN_POINT('',(8.5598E-02,0.346202,0.));
#13011 = LINE('',#13012,#13013);
#13012 = CARTESIAN_POINT('',(8.5598E-02,0.346202,0.));
#13013 = VECTOR('',#13014,1.);
#13014 = DIRECTION('',(0.984427575508,0.175790638484,0.));
#13015 = ORIENTED_EDGE('',*,*,#13016,.T.);
#13016 = EDGE_CURVE('',#13009,#12975,#13017,.T.);
#13017 = LINE('',#13018,#13019);
#13018 = CARTESIAN_POINT('',(8.5598E-02,0.346202,0.));
#13019 = VECTOR('',#13020,1.);
#13020 = DIRECTION('',(-0.967996898166,-0.250962158784,0.));
#13021 = PLANE('',#13022);
#13022 = AXIS2_PLACEMENT_3D('',#13023,#13024,#13025);
#13023 = CARTESIAN_POINT('',(8.112278457043E-02,0.347389954436,0.));
#13024 = DIRECTION('',(-0.,-0.,-1.));
#13025 = DIRECTION('',(-1.,0.,0.));
#13026 = ADVANCED_FACE('',(#13027),#13035,.T.);
#13027 = FACE_BOUND('',#13028,.T.);
#13028 = EDGE_LOOP('',(#13029,#13030,#13031,#13032,#13033,#13034));
#13029 = ORIENTED_EDGE('',*,*,#13000,.F.);
#13030 = ORIENTED_EDGE('',*,*,#13008,.F.);
#13031 = ORIENTED_EDGE('',*,*,#13016,.T.);
#13032 = ORIENTED_EDGE('',*,*,#12974,.T.);
#13033 = ORIENTED_EDGE('',*,*,#12984,.F.);
#13034 = ORIENTED_EDGE('',*,*,#12992,.F.);
#13035 = PLANE('',#13036);
#13036 = AXIS2_PLACEMENT_3D('',#13037,#13038,#13039);
#13037 = CARTESIAN_POINT('',(8.933014609135E-02,0.347070522155,0.));
#13038 = DIRECTION('',(-0.,-0.,-1.));
#13039 = DIRECTION('',(-1.,0.,0.));
#13040 = MANIFOLD_SOLID_BREP('',#13041);
#13041 = CLOSED_SHELL('',(#13042,#13186));
#13042 = ADVANCED_FACE('',(#13043),#13181,.F.);
#13043 = FACE_BOUND('',#13044,.F.);
#13044 = EDGE_LOOP('',(#13045,#13055,#13063,#13071,#13079,#13087,#13095,
    #13103,#13111,#13119,#13127,#13135,#13143,#13151,#13159,#13167,
    #13175));
#13045 = ORIENTED_EDGE('',*,*,#13046,.T.);
#13046 = EDGE_CURVE('',#13047,#13049,#13051,.T.);
#13047 = VERTEX_POINT('',#13048);
#13048 = CARTESIAN_POINT('',(9.525E-02,0.140208,0.));
#13049 = VERTEX_POINT('',#13050);
#13050 = CARTESIAN_POINT('',(9.525E-02,0.11049,0.));
#13051 = LINE('',#13052,#13053);
#13052 = CARTESIAN_POINT('',(9.525E-02,0.140208,0.));
#13053 = VECTOR('',#13054,1.);
#13054 = DIRECTION('',(0.,-1.,0.));
#13055 = ORIENTED_EDGE('',*,*,#13056,.T.);
#13056 = EDGE_CURVE('',#13049,#13057,#13059,.T.);
#13057 = VERTEX_POINT('',#13058);
#13058 = CARTESIAN_POINT('',(-6.096E-02,0.11049,0.));
#13059 = LINE('',#13060,#13061);
#13060 = CARTESIAN_POINT('',(9.525E-02,0.11049,0.));
#13061 = VECTOR('',#13062,1.);
#13062 = DIRECTION('',(-1.,0.,0.));
#13063 = ORIENTED_EDGE('',*,*,#13064,.T.);
#13064 = EDGE_CURVE('',#13057,#13065,#13067,.T.);
#13065 = VERTEX_POINT('',#13066);
#13066 = CARTESIAN_POINT('',(-6.096E-02,0.138938,0.));
#13067 = LINE('',#13068,#13069);
#13068 = CARTESIAN_POINT('',(-6.096E-02,0.11049,0.));
#13069 = VECTOR('',#13070,1.);
#13070 = DIRECTION('',(0.,1.,0.));
#13071 = ORIENTED_EDGE('',*,*,#13072,.T.);
#13072 = EDGE_CURVE('',#13065,#13073,#13075,.T.);
#13073 = VERTEX_POINT('',#13074);
#13074 = CARTESIAN_POINT('',(-5.8928E-02,0.16002,0.));
#13075 = LINE('',#13076,#13077);
#13076 = CARTESIAN_POINT('',(-6.096E-02,0.138938,0.));
#13077 = VECTOR('',#13078,1.);
#13078 = DIRECTION('',(9.594091858563E-02,0.995387030326,0.));
#13079 = ORIENTED_EDGE('',*,*,#13080,.T.);
#13080 = EDGE_CURVE('',#13073,#13081,#13083,.T.);
#13081 = VERTEX_POINT('',#13082);
#13082 = CARTESIAN_POINT('',(-5.3594E-02,0.177038,0.));
#13083 = LINE('',#13084,#13085);
#13084 = CARTESIAN_POINT('',(-5.8928E-02,0.16002,0.));
#13085 = VECTOR('',#13086,1.);
#13086 = DIRECTION('',(0.299085828245,0.954226213926,0.));
#13087 = ORIENTED_EDGE('',*,*,#13088,.F.);
#13088 = EDGE_CURVE('',#13089,#13081,#13091,.T.);
#13089 = VERTEX_POINT('',#13090);
#13090 = CARTESIAN_POINT('',(-4.572E-02,0.1905,0.));
#13091 = LINE('',#13092,#13093);
#13092 = CARTESIAN_POINT('',(-4.572E-02,0.1905,0.));
#13093 = VECTOR('',#13094,1.);
#13094 = DIRECTION('',(-0.504883315038,-0.863187603129,0.));
#13095 = ORIENTED_EDGE('',*,*,#13096,.F.);
#13096 = EDGE_CURVE('',#13097,#13089,#13099,.T.);
#13097 = VERTEX_POINT('',#13098);
#13098 = CARTESIAN_POINT('',(-3.4798E-02,0.201676,0.));
#13099 = LINE('',#13100,#13101);
#13100 = CARTESIAN_POINT('',(-3.4798E-02,0.201676,0.));
#13101 = VECTOR('',#13102,1.);
#13102 = DIRECTION('',(-0.698932947801,-0.715187202401,0.));
#13103 = ORIENTED_EDGE('',*,*,#13104,.F.);
#13104 = EDGE_CURVE('',#13105,#13097,#13107,.T.);
#13105 = VERTEX_POINT('',#13106);
#13106 = CARTESIAN_POINT('',(-2.0828E-02,0.210058,0.));
#13107 = LINE('',#13108,#13109);
#13108 = CARTESIAN_POINT('',(-2.0828E-02,0.210058,0.));
#13109 = VECTOR('',#13110,1.);
#13110 = DIRECTION('',(-0.857492925713,-0.514495755428,0.));
#13111 = ORIENTED_EDGE('',*,*,#13112,.F.);
#13112 = EDGE_CURVE('',#13113,#13105,#13115,.T.);
#13113 = VERTEX_POINT('',#13114);
#13114 = CARTESIAN_POINT('',(-5.08E-03,0.215392,0.));
#13115 = LINE('',#13116,#13117);
#13116 = CARTESIAN_POINT('',(-5.08E-03,0.215392,0.));
#13117 = VECTOR('',#13118,1.);
#13118 = DIRECTION('',(-0.947144575628,-0.32080703368,0.));
#13119 = ORIENTED_EDGE('',*,*,#13120,.F.);
#13120 = EDGE_CURVE('',#13121,#13113,#13123,.T.);
#13121 = VERTEX_POINT('',#13122);
#13122 = CARTESIAN_POINT('',(1.905E-02,0.217932,0.));
#13123 = LINE('',#13124,#13125);
#13124 = CARTESIAN_POINT('',(1.905E-02,0.217932,0.));
#13125 = VECTOR('',#13126,1.);
#13126 = DIRECTION('',(-0.994505452921,-0.104684784518,0.));
#13127 = ORIENTED_EDGE('',*,*,#13128,.F.);
#13128 = EDGE_CURVE('',#13129,#13121,#13131,.T.);
#13129 = VERTEX_POINT('',#13130);
#13130 = CARTESIAN_POINT('',(3.8862E-02,0.216154,0.));
#13131 = LINE('',#13132,#13133);
#13132 = CARTESIAN_POINT('',(3.8862E-02,0.216154,0.));
#13133 = VECTOR('',#13134,1.);
#13134 = DIRECTION('',(-0.995997206497,8.938436468563E-02,0.));
#13135 = ORIENTED_EDGE('',*,*,#13136,.F.);
#13136 = EDGE_CURVE('',#13137,#13129,#13139,.T.);
#13137 = VERTEX_POINT('',#13138);
#13138 = CARTESIAN_POINT('',(5.4864E-02,0.211582,0.));
#13139 = LINE('',#13140,#13141);
#13140 = CARTESIAN_POINT('',(5.4864E-02,0.211582,0.));
#13141 = VECTOR('',#13142,1.);
#13142 = DIRECTION('',(-0.961523947641,0.274721127897,0.));
#13143 = ORIENTED_EDGE('',*,*,#13144,.F.);
#13144 = EDGE_CURVE('',#13145,#13137,#13147,.T.);
#13145 = VERTEX_POINT('',#13146);
#13146 = CARTESIAN_POINT('',(6.7056E-02,0.204724,0.));
#13147 = LINE('',#13148,#13149);
#13148 = CARTESIAN_POINT('',(6.7056E-02,0.204724,0.));
#13149 = VECTOR('',#13150,1.);
#13150 = DIRECTION('',(-0.871575537125,0.490261239633,0.));
#13151 = ORIENTED_EDGE('',*,*,#13152,.F.);
#13152 = EDGE_CURVE('',#13153,#13145,#13155,.T.);
#13153 = VERTEX_POINT('',#13154);
#13154 = CARTESIAN_POINT('',(7.747E-02,0.195072,0.));
#13155 = LINE('',#13156,#13157);
#13156 = CARTESIAN_POINT('',(7.747E-02,0.195072,0.));
#13157 = VECTOR('',#13158,1.);
#13158 = DIRECTION('',(-0.73343029662,0.67976466516,0.));
#13159 = ORIENTED_EDGE('',*,*,#13160,.F.);
#13160 = EDGE_CURVE('',#13161,#13153,#13163,.T.);
#13161 = VERTEX_POINT('',#13162);
#13162 = CARTESIAN_POINT('',(8.6868E-02,0.18034,0.));
#13163 = LINE('',#13164,#13165);
#13164 = CARTESIAN_POINT('',(8.6868E-02,0.18034,0.));
#13165 = VECTOR('',#13166,1.);
#13166 = DIRECTION('',(-0.53781569476,0.843062440434,0.));
#13167 = ORIENTED_EDGE('',*,*,#13168,.F.);
#13168 = EDGE_CURVE('',#13169,#13161,#13171,.T.);
#13169 = VERTEX_POINT('',#13170);
#13170 = CARTESIAN_POINT('',(9.271E-02,0.16383,0.));
#13171 = LINE('',#13172,#13173);
#13172 = CARTESIAN_POINT('',(9.271E-02,0.16383,0.));
#13173 = VECTOR('',#13174,1.);
#13174 = DIRECTION('',(-0.333578650439,0.942722272979,0.));
#13175 = ORIENTED_EDGE('',*,*,#13176,.F.);
#13176 = EDGE_CURVE('',#13047,#13169,#13177,.T.);
#13177 = LINE('',#13178,#13179);
#13178 = CARTESIAN_POINT('',(9.525E-02,0.140208,0.));
#13179 = VECTOR('',#13180,1.);
#13180 = DIRECTION('',(-0.106910606117,0.994268636888,0.));
#13181 = PLANE('',#13182);
#13182 = AXIS2_PLACEMENT_3D('',#13183,#13184,#13185);
#13183 = CARTESIAN_POINT('',(2.387407273043E-02,0.11861992727,0.));
#13184 = DIRECTION('',(-0.,-0.,-1.));
#13185 = DIRECTION('',(-1.,0.,0.));
#13186 = ADVANCED_FACE('',(#13187),#13206,.F.);
#13187 = FACE_BOUND('',#13188,.F.);
#13188 = EDGE_LOOP('',(#13189,#13190,#13191,#13192,#13193,#13194,#13195,
    #13196,#13197,#13198,#13199,#13200,#13201,#13202,#13203,#13204,
    #13205));
#13189 = ORIENTED_EDGE('',*,*,#13072,.F.);
#13190 = ORIENTED_EDGE('',*,*,#13064,.F.);
#13191 = ORIENTED_EDGE('',*,*,#13056,.F.);
#13192 = ORIENTED_EDGE('',*,*,#13046,.F.);
#13193 = ORIENTED_EDGE('',*,*,#13176,.T.);
#13194 = ORIENTED_EDGE('',*,*,#13168,.T.);
#13195 = ORIENTED_EDGE('',*,*,#13160,.T.);
#13196 = ORIENTED_EDGE('',*,*,#13152,.T.);
#13197 = ORIENTED_EDGE('',*,*,#13144,.T.);
#13198 = ORIENTED_EDGE('',*,*,#13136,.T.);
#13199 = ORIENTED_EDGE('',*,*,#13128,.T.);
#13200 = ORIENTED_EDGE('',*,*,#13120,.T.);
#13201 = ORIENTED_EDGE('',*,*,#13112,.T.);
#13202 = ORIENTED_EDGE('',*,*,#13104,.T.);
#13203 = ORIENTED_EDGE('',*,*,#13096,.T.);
#13204 = ORIENTED_EDGE('',*,*,#13088,.T.);
#13205 = ORIENTED_EDGE('',*,*,#13080,.F.);
#13206 = PLANE('',#13207);
#13207 = AXIS2_PLACEMENT_3D('',#13208,#13209,#13210);
#13208 = CARTESIAN_POINT('',(-6.023536444324E-02,0.135269009198,0.));
#13209 = DIRECTION('',(0.,0.,1.));
#13210 = DIRECTION('',(1.,0.,-0.));
#13211 = ( GEOMETRIC_REPRESENTATION_CONTEXT(3) 
GLOBAL_UNCERTAINTY_ASSIGNED_CONTEXT((#13215)) 
GLOBAL_UNIT_ASSIGNED_CONTEXT((#13212,#13213,#13214)) 
REPRESENTATION_CONTEXT('Context #1',
  '3D Context with UNIT and UNCERTAINTY') );
#13212 = ( LENGTH_UNIT() NAMED_UNIT(*) SI_UNIT(.MILLI.,.METRE.) );
#13213 = ( NAMED_UNIT(*) PLANE_ANGLE_UNIT() SI_UNIT($,.RADIAN.) );
#13214 = ( NAMED_UNIT(*) SI_UNIT($,.STERADIAN.) SOLID_ANGLE_UNIT() );
#13215 = UNCERTAINTY_MEASURE_WITH_UNIT(LENGTH_MEASURE(1.E-07),#13212,
  'distance_accuracy_value','confusion accuracy');
#13216 = PRODUCT_RELATED_PRODUCT_CATEGORY('part',$,(#7));
#13217 = MECHANICAL_DESIGN_GEOMETRIC_PRESENTATION_REPRESENTATION('',(
    #13218,#13228,#13238,#13248,#13257,#13266,#13275,#13284,#13293,
    #13302,#13311,#13320,#13329,#13338,#13347,#13356,#13365,#13374,
    #13383,#13392,#13401,#13410,#13419,#13428,#13437),#13211);
#13218 = STYLED_ITEM('color',(#13219),#15);
#13219 = PRESENTATION_STYLE_ASSIGNMENT((#13220,#13226));
#13220 = SURFACE_STYLE_USAGE(.BOTH.,#13221);
#13221 = SURFACE_SIDE_STYLE('',(#13222));
#13222 = SURFACE_STYLE_FILL_AREA(#13223);
#13223 = FILL_AREA_STYLE('',(#13224));
#13224 = FILL_AREA_STYLE_COLOUR('',#13225);
#13225 = COLOUR_RGB ( 'white', 1.0000000000, 1.0000000000, 1.0000000000 ) ;
#13226 = CURVE_STYLE('',#13227,POSITIVE_LENGTH_MEASURE(0.1),#13225);
#13227 = DRAUGHTING_PRE_DEFINED_CURVE_FONT('continuous');
#13228 = STYLED_ITEM('color',(#13229),#78);
#13229 = PRESENTATION_STYLE_ASSIGNMENT((#13230,#13236));
#13230 = SURFACE_STYLE_USAGE(.BOTH.,#13231);
#13231 = SURFACE_SIDE_STYLE('',(#13232));
#13232 = SURFACE_STYLE_FILL_AREA(#13233);
#13233 = FILL_AREA_STYLE('',(#13234));
#13234 = FILL_AREA_STYLE_COLOUR('',#13235);
#13235 = COLOUR_RGB('',0.250980388104,0.250980388104,0.250980388104);
#13236 = CURVE_STYLE('',#13237,POSITIVE_LENGTH_MEASURE(0.1),#13235);
#13237 = DRAUGHTING_PRE_DEFINED_CURVE_FONT('continuous');
#13238 = STYLED_ITEM('color',(#13239),#1228);
#13239 = PRESENTATION_STYLE_ASSIGNMENT((#13240,#13246));
#13240 = SURFACE_STYLE_USAGE(.BOTH.,#13241);
#13241 = SURFACE_SIDE_STYLE('',(#13242));
#13242 = SURFACE_STYLE_FILL_AREA(#13243);
#13243 = FILL_AREA_STYLE('',(#13244));
#13244 = FILL_AREA_STYLE_COLOUR('',#13245);
#13245 = COLOUR_RGB('',0.666666664908,0.666666664908,0.666666664908);
#13246 = CURVE_STYLE('',#13247,POSITIVE_LENGTH_MEASURE(0.1),#13245);
#13247 = DRAUGHTING_PRE_DEFINED_CURVE_FONT('continuous');
#13248 = STYLED_ITEM('color',(#13249),#3986);
#13249 = PRESENTATION_STYLE_ASSIGNMENT((#13250,#13255));
#13250 = SURFACE_STYLE_USAGE(.BOTH.,#13251);
#13251 = SURFACE_SIDE_STYLE('',(#13252));
#13252 = SURFACE_STYLE_FILL_AREA(#13253);
#13253 = FILL_AREA_STYLE('',(#13254));
#13254 = FILL_AREA_STYLE_COLOUR('',#13245);
#13255 = CURVE_STYLE('',#13256,POSITIVE_LENGTH_MEASURE(0.1),#13245);
#13256 = DRAUGHTING_PRE_DEFINED_CURVE_FONT('continuous');
#13257 = STYLED_ITEM('color',(#13258),#4631);
#13258 = PRESENTATION_STYLE_ASSIGNMENT((#13259,#13264));
#13259 = SURFACE_STYLE_USAGE(.BOTH.,#13260);
#13260 = SURFACE_SIDE_STYLE('',(#13261));
#13261 = SURFACE_STYLE_FILL_AREA(#13262);
#13262 = FILL_AREA_STYLE('',(#13263));
#13263 = FILL_AREA_STYLE_COLOUR('',#13245);
#13264 = CURVE_STYLE('',#13265,POSITIVE_LENGTH_MEASURE(0.1),#13245);
#13265 = DRAUGHTING_PRE_DEFINED_CURVE_FONT('continuous');
#13266 = STYLED_ITEM('color',(#13267),#4979);
#13267 = PRESENTATION_STYLE_ASSIGNMENT((#13268,#13273));
#13268 = SURFACE_STYLE_USAGE(.BOTH.,#13269);
#13269 = SURFACE_SIDE_STYLE('',(#13270));
#13270 = SURFACE_STYLE_FILL_AREA(#13271);
#13271 = FILL_AREA_STYLE('',(#13272));
#13272 = FILL_AREA_STYLE_COLOUR('',#13245);
#13273 = CURVE_STYLE('',#13274,POSITIVE_LENGTH_MEASURE(0.1),#13245);
#13274 = DRAUGHTING_PRE_DEFINED_CURVE_FONT('continuous');
#13275 = STYLED_ITEM('color',(#13276),#6129);
#13276 = PRESENTATION_STYLE_ASSIGNMENT((#13277,#13282));
#13277 = SURFACE_STYLE_USAGE(.BOTH.,#13278);
#13278 = SURFACE_SIDE_STYLE('',(#13279));
#13279 = SURFACE_STYLE_FILL_AREA(#13280);
#13280 = FILL_AREA_STYLE('',(#13281));
#13281 = FILL_AREA_STYLE_COLOUR('',#13245);
#13282 = CURVE_STYLE('',#13283,POSITIVE_LENGTH_MEASURE(0.1),#13245);
#13283 = DRAUGHTING_PRE_DEFINED_CURVE_FONT('continuous');
#13284 = STYLED_ITEM('color',(#13285),#7044);
#13285 = PRESENTATION_STYLE_ASSIGNMENT((#13286,#13291));
#13286 = SURFACE_STYLE_USAGE(.BOTH.,#13287);
#13287 = SURFACE_SIDE_STYLE('',(#13288));
#13288 = SURFACE_STYLE_FILL_AREA(#13289);
#13289 = FILL_AREA_STYLE('',(#13290));
#13290 = FILL_AREA_STYLE_COLOUR('',#13235);
#13291 = CURVE_STYLE('',#13292,POSITIVE_LENGTH_MEASURE(0.1),#13235);
#13292 = DRAUGHTING_PRE_DEFINED_CURVE_FONT('continuous');
#13293 = STYLED_ITEM('color',(#13294),#7323);
#13294 = PRESENTATION_STYLE_ASSIGNMENT((#13295,#13300));
#13295 = SURFACE_STYLE_USAGE(.BOTH.,#13296);
#13296 = SURFACE_SIDE_STYLE('',(#13297));
#13297 = SURFACE_STYLE_FILL_AREA(#13298);
#13298 = FILL_AREA_STYLE('',(#13299));
#13299 = FILL_AREA_STYLE_COLOUR('',#13235);
#13300 = CURVE_STYLE('',#13301,POSITIVE_LENGTH_MEASURE(0.1),#13235);
#13301 = DRAUGHTING_PRE_DEFINED_CURVE_FONT('continuous');
#13302 = STYLED_ITEM('color',(#13303),#7440);
#13303 = PRESENTATION_STYLE_ASSIGNMENT((#13304,#13309));
#13304 = SURFACE_STYLE_USAGE(.BOTH.,#13305);
#13305 = SURFACE_SIDE_STYLE('',(#13306));
#13306 = SURFACE_STYLE_FILL_AREA(#13307);
#13307 = FILL_AREA_STYLE('',(#13308));
#13308 = FILL_AREA_STYLE_COLOUR('',#13235);
#13309 = CURVE_STYLE('',#13310,POSITIVE_LENGTH_MEASURE(0.1),#13235);
#13310 = DRAUGHTING_PRE_DEFINED_CURVE_FONT('continuous');
#13311 = STYLED_ITEM('color',(#13312),#7530);
#13312 = PRESENTATION_STYLE_ASSIGNMENT((#13313,#13318));
#13313 = SURFACE_STYLE_USAGE(.BOTH.,#13314);
#13314 = SURFACE_SIDE_STYLE('',(#13315));
#13315 = SURFACE_STYLE_FILL_AREA(#13316);
#13316 = FILL_AREA_STYLE('',(#13317));
#13317 = FILL_AREA_STYLE_COLOUR('',#13225);
#13318 = CURVE_STYLE('',#13319,POSITIVE_LENGTH_MEASURE(0.1),#13225);
#13319 = DRAUGHTING_PRE_DEFINED_CURVE_FONT('continuous');
#13320 = STYLED_ITEM('color',(#13321),#7776);
#13321 = PRESENTATION_STYLE_ASSIGNMENT((#13322,#13327));
#13322 = SURFACE_STYLE_USAGE(.BOTH.,#13323);
#13323 = SURFACE_SIDE_STYLE('',(#13324));
#13324 = SURFACE_STYLE_FILL_AREA(#13325);
#13325 = FILL_AREA_STYLE('',(#13326));
#13326 = FILL_AREA_STYLE_COLOUR('',#13225);
#13327 = CURVE_STYLE('',#13328,POSITIVE_LENGTH_MEASURE(0.1),#13225);
#13328 = DRAUGHTING_PRE_DEFINED_CURVE_FONT('continuous');
#13329 = STYLED_ITEM('color',(#13330),#7992);
#13330 = PRESENTATION_STYLE_ASSIGNMENT((#13331,#13336));
#13331 = SURFACE_STYLE_USAGE(.BOTH.,#13332);
#13332 = SURFACE_SIDE_STYLE('',(#13333));
#13333 = SURFACE_STYLE_FILL_AREA(#13334);
#13334 = FILL_AREA_STYLE('',(#13335));
#13335 = FILL_AREA_STYLE_COLOUR('',#13225);
#13336 = CURVE_STYLE('',#13337,POSITIVE_LENGTH_MEASURE(0.1),#13225);
#13337 = DRAUGHTING_PRE_DEFINED_CURVE_FONT('continuous');
#13338 = STYLED_ITEM('color',(#13339),#8208);
#13339 = PRESENTATION_STYLE_ASSIGNMENT((#13340,#13345));
#13340 = SURFACE_STYLE_USAGE(.BOTH.,#13341);
#13341 = SURFACE_SIDE_STYLE('',(#13342));
#13342 = SURFACE_STYLE_FILL_AREA(#13343);
#13343 = FILL_AREA_STYLE('',(#13344));
#13344 = FILL_AREA_STYLE_COLOUR('',#13225);
#13345 = CURVE_STYLE('',#13346,POSITIVE_LENGTH_MEASURE(0.1),#13225);
#13346 = DRAUGHTING_PRE_DEFINED_CURVE_FONT('continuous');
#13347 = STYLED_ITEM('color',(#13348),#8454);
#13348 = PRESENTATION_STYLE_ASSIGNMENT((#13349,#13354));
#13349 = SURFACE_STYLE_USAGE(.BOTH.,#13350);
#13350 = SURFACE_SIDE_STYLE('',(#13351));
#13351 = SURFACE_STYLE_FILL_AREA(#13352);
#13352 = FILL_AREA_STYLE('',(#13353));
#13353 = FILL_AREA_STYLE_COLOUR('',#13225);
#13354 = CURVE_STYLE('',#13355,POSITIVE_LENGTH_MEASURE(0.1),#13225);
#13355 = DRAUGHTING_PRE_DEFINED_CURVE_FONT('continuous');
#13356 = STYLED_ITEM('color',(#13357),#8700);
#13357 = PRESENTATION_STYLE_ASSIGNMENT((#13358,#13363));
#13358 = SURFACE_STYLE_USAGE(.BOTH.,#13359);
#13359 = SURFACE_SIDE_STYLE('',(#13360));
#13360 = SURFACE_STYLE_FILL_AREA(#13361);
#13361 = FILL_AREA_STYLE('',(#13362));
#13362 = FILL_AREA_STYLE_COLOUR('',#13225);
#13363 = CURVE_STYLE('',#13364,POSITIVE_LENGTH_MEASURE(0.1),#13225);
#13364 = DRAUGHTING_PRE_DEFINED_CURVE_FONT('continuous');
#13365 = STYLED_ITEM('color',(#13366),#8946);
#13366 = PRESENTATION_STYLE_ASSIGNMENT((#13367,#13372));
#13367 = SURFACE_STYLE_USAGE(.BOTH.,#13368);
#13368 = SURFACE_SIDE_STYLE('',(#13369));
#13369 = SURFACE_STYLE_FILL_AREA(#13370);
#13370 = FILL_AREA_STYLE('',(#13371));
#13371 = FILL_AREA_STYLE_COLOUR('',#13225);
#13372 = CURVE_STYLE('',#13373,POSITIVE_LENGTH_MEASURE(0.1),#13225);
#13373 = DRAUGHTING_PRE_DEFINED_CURVE_FONT('continuous');
#13374 = STYLED_ITEM('color',(#13375),#9129);
#13375 = PRESENTATION_STYLE_ASSIGNMENT((#13376,#13381));
#13376 = SURFACE_STYLE_USAGE(.BOTH.,#13377);
#13377 = SURFACE_SIDE_STYLE('',(#13378));
#13378 = SURFACE_STYLE_FILL_AREA(#13379);
#13379 = FILL_AREA_STYLE('',(#13380));
#13380 = FILL_AREA_STYLE_COLOUR('',#13235);
#13381 = CURVE_STYLE('',#13382,POSITIVE_LENGTH_MEASURE(0.1),#13235);
#13382 = DRAUGHTING_PRE_DEFINED_CURVE_FONT('continuous');
#13383 = STYLED_ITEM('color',(#13384),#9685);
#13384 = PRESENTATION_STYLE_ASSIGNMENT((#13385,#13390));
#13385 = SURFACE_STYLE_USAGE(.BOTH.,#13386);
#13386 = SURFACE_SIDE_STYLE('',(#13387));
#13387 = SURFACE_STYLE_FILL_AREA(#13388);
#13388 = FILL_AREA_STYLE('',(#13389));
#13389 = FILL_AREA_STYLE_COLOUR('',#13235);
#13390 = CURVE_STYLE('',#13391,POSITIVE_LENGTH_MEASURE(0.1),#13235);
#13391 = DRAUGHTING_PRE_DEFINED_CURVE_FONT('continuous');
#13392 = STYLED_ITEM('color',(#13393),#10868);
#13393 = PRESENTATION_STYLE_ASSIGNMENT((#13394,#13399));
#13394 = SURFACE_STYLE_USAGE(.BOTH.,#13395);
#13395 = SURFACE_SIDE_STYLE('',(#13396));
#13396 = SURFACE_STYLE_FILL_AREA(#13397);
#13397 = FILL_AREA_STYLE('',(#13398));
#13398 = FILL_AREA_STYLE_COLOUR('',#13235);
#13399 = CURVE_STYLE('',#13400,POSITIVE_LENGTH_MEASURE(0.1),#13235);
#13400 = DRAUGHTING_PRE_DEFINED_CURVE_FONT('continuous');
#13401 = STYLED_ITEM('color',(#13402),#11282);
#13402 = PRESENTATION_STYLE_ASSIGNMENT((#13403,#13408));
#13403 = SURFACE_STYLE_USAGE(.BOTH.,#13404);
#13404 = SURFACE_SIDE_STYLE('',(#13405));
#13405 = SURFACE_STYLE_FILL_AREA(#13406);
#13406 = FILL_AREA_STYLE('',(#13407));
#13407 = FILL_AREA_STYLE_COLOUR('',#13235);
#13408 = CURVE_STYLE('',#13409,POSITIVE_LENGTH_MEASURE(0.1),#13235);
#13409 = DRAUGHTING_PRE_DEFINED_CURVE_FONT('continuous');
#13410 = STYLED_ITEM('color',(#13411),#12698);
#13411 = PRESENTATION_STYLE_ASSIGNMENT((#13412,#13417));
#13412 = SURFACE_STYLE_USAGE(.BOTH.,#13413);
#13413 = SURFACE_SIDE_STYLE('',(#13414));
#13414 = SURFACE_STYLE_FILL_AREA(#13415);
#13415 = FILL_AREA_STYLE('',(#13416));
#13416 = FILL_AREA_STYLE_COLOUR('',#13235);
#13417 = CURVE_STYLE('',#13418,POSITIVE_LENGTH_MEASURE(0.1),#13235);
#13418 = DRAUGHTING_PRE_DEFINED_CURVE_FONT('continuous');
#13419 = STYLED_ITEM('color',(#13420),#12914);
#13420 = PRESENTATION_STYLE_ASSIGNMENT((#13421,#13426));
#13421 = SURFACE_STYLE_USAGE(.BOTH.,#13422);
#13422 = SURFACE_SIDE_STYLE('',(#13423));
#13423 = SURFACE_STYLE_FILL_AREA(#13424);
#13424 = FILL_AREA_STYLE('',(#13425));
#13425 = FILL_AREA_STYLE_COLOUR('',#13225);
#13426 = CURVE_STYLE('',#13427,POSITIVE_LENGTH_MEASURE(0.1),#13225);
#13427 = DRAUGHTING_PRE_DEFINED_CURVE_FONT('continuous');
#13428 = STYLED_ITEM('color',(#13429),#12968);
#13429 = PRESENTATION_STYLE_ASSIGNMENT((#13430,#13435));
#13430 = SURFACE_STYLE_USAGE(.BOTH.,#13431);
#13431 = SURFACE_SIDE_STYLE('',(#13432));
#13432 = SURFACE_STYLE_FILL_AREA(#13433);
#13433 = FILL_AREA_STYLE('',(#13434));
#13434 = FILL_AREA_STYLE_COLOUR('',#13225);
#13435 = CURVE_STYLE('',#13436,POSITIVE_LENGTH_MEASURE(0.1),#13225);
#13436 = DRAUGHTING_PRE_DEFINED_CURVE_FONT('continuous');
#13437 = STYLED_ITEM('color',(#13438),#13040);
#13438 = PRESENTATION_STYLE_ASSIGNMENT((#13439,#13444));
#13439 = SURFACE_STYLE_USAGE(.BOTH.,#13440);
#13440 = SURFACE_SIDE_STYLE('',(#13441));
#13441 = SURFACE_STYLE_FILL_AREA(#13442);
#13442 = FILL_AREA_STYLE('',(#13443));
#13443 = FILL_AREA_STYLE_COLOUR('',#13225);
#13444 = CURVE_STYLE('',#13445,POSITIVE_LENGTH_MEASURE(0.1),#13225);
#13445 = DRAUGHTING_PRE_DEFINED_CURVE_FONT('continuous');
ENDSEC;
END-ISO-10303-21;
